poss,sh,sot,fk,pk,pkatt,team points,team last_3_games,crdr,og,2crdy,opponent points,opponent last_3_games,B365T,B365D,B365O,wins,losses,draws,venue_code,target
-0.48337549903600247,-0.431958439700027,-0.8812209080826127,0.8391905905670761,-0.33778318405790814,-0.37952508199787327,-1.3428019323919909,-1.53850835778766,-0.23189613379288193,-0.22507379266406463,-0.15112947814982725,-1.3428019323919909,-1.53850835778766,-0.5810409434752711,-0.43833500471815257,0.1501934560251783,1.2445996356213933,-0.33252272405468025,1.4150529010481239,-1.0,1
-7.820344588833574e-05,1.2487360979785667,1.210155901422205,-0.682581078947164,-0.33778318405790814,-0.37952508199787327,-1.1714688892995473,-0.3579792230561304,-0.23189613379288193,4.1906596634118705,-0.15112947814982725,-1.285690918027843,-1.1449986462104833,-0.6806132872370344,0.11979662047105363,0.6324969961212193,1.2445996356213933,-0.06966899744200132,0.13541770519248952,1.0,1
0.5637686414092448,0.3150169103793479,0.7918805395212415,-0.682581078947164,-0.33778318405790814,-0.37952508199787327,-1.0001358462071037,0.822549911675399,-0.23189613379288193,-0.22507379266406463,-0.15112947814982725,-1.1714688892995473,-0.3579792230561304,-0.7210645518902509,0.4409134459223777,1.3326150381961177,0.7188921823960354,-0.8582301772800381,-0.2911273600927219,-1.0,1
1.6914623311195112,1.8089676105380978,1.6284312633231686,0.8391905905670761,-0.33778318405790814,-0.37952508199787327,-0.8288028031146603,2.0030790464069286,-0.23189613379288193,-0.22507379266406463,-0.15112947814982725,-1.0572468605712517,0.4290402000982225,-0.752180909315802,1.205477316044578,1.643778612451628,0.7188921823960354,-0.8582301772800381,0.13541770519248952,1.0,1
0.7248677399392829,1.8089676105380978,1.6284312633231686,0.8391905905670761,-0.33778318405790814,-0.37952508199787327,-0.6574697600222167,2.0030790464069286,-0.23189613379288193,-0.22507379266406463,-0.15112947814982725,-1.1714688892995473,-0.3579792230561304,-0.7055063731774752,0.24977247839182762,0.7102878896850969,2.03316081545943,0.1931847291706776,-0.7176724253779333,1.0,1
0.8054172892043019,0.6885045854190354,-0.4629455461816491,0.8391905905670761,-0.33778318405790814,-0.37952508199787327,-0.48613671692977306,2.0030790464069286,-0.23189613379288193,-0.22507379266406463,-0.15112947814982725,-0.8288028031146603,2.0030790464069286,-0.3165519053580873,-0.5147913917303727,-0.3787846202091894,0.7188921823960354,1.5074533622340722,1.8415979663333353,-1.0,-1
1.047065936999359,0.1282730728595042,1.210155901422205,-0.682581078947164,-0.33778318405790814,-0.37952508199787327,-0.3148036738373295,0.822549911675399,-0.23189613379288193,-0.22507379266406463,-0.15112947814982725,-0.6574697600222167,1.2160596232525756,-0.5965991221880467,-0.2854222306937127,0.1501934560251783,-0.858230177280038,-0.8582301772800381,-1.1442174906631448,-1.0,1
1.127615486264378,1.8089676105380978,2.046706625224132,0.8391905905670761,-0.33778318405790814,-0.37952508199787327,-0.14347063074488592,0.822549911675399,-0.23189613379288193,-0.22507379266406463,-0.15112947814982725,-0.37191468820147733,0.822549911675399,-0.5188082286241692,-0.3236504241998226,-0.12985376080478117,0.9817459090087143,1.2445996356213933,1.8415979663333353,1.0,1
-0.5639250483010215,-0.431958439700027,0.7918805395212415,-0.682581078947164,2.610663253057731,2.288808259011065,0.027862412347557656,2.0030790464069286,-0.23189613379288193,-0.22507379266406463,-0.15112947814982725,-0.6003587456580688,0.4290402000982225,-0.3787846202091894,-0.43833500471815257,-0.3414449912985281,0.1931847291706776,1.7703070888467514,2.2681430316185467,1.0,1
0.24157044434916872,-0.6187022772198708,-0.044670184280685594,0.8391905905670761,-0.33778318405790814,-0.37952508199787327,0.19919545544000122,2.0030790464069286,-0.23189613379288193,-0.22507379266406463,-0.15112947814982725,-0.7716917887505124,-0.7514889346333069,-0.6743900157519244,0.02040331735516768,0.7102878896850969,-0.3325227240546802,-1.1210839038927172,-0.7176724253779333,-1.0,1
0.7248677399392829,-0.05847076466033954,-0.4629455461816491,-0.682581078947164,-0.33778318405790814,-0.37952508199787327,0.3705284985324448,0.822549911675399,-0.23189613379288193,-0.22507379266406463,-0.15112947814982725,-0.7145807743863645,0.035530488521046066,-0.668166744266814,-0.13250945666927252,0.7102878896850969,1.5074533622340722,-0.06966899744200132,1.4150529010481239,-1.0,0
1.530363232589473,2.1824552855777855,2.046706625224132,0.8391905905670761,-0.33778318405790814,-0.37952508199787327,0.42763951289659263,0.035530488521046066,-0.23189613379288193,-0.22507379266406463,-0.15112947814982725,-0.8288028031146603,0.035530488521046066,-0.7832972667413529,2.1611821536973284,2.5772693352181593,-1.121083903892717,-1.1210839038927172,-1.1442174906631448,1.0,1
0.40266954287920675,0.3150169103793479,-0.8812209080826127,-0.682581078947164,-0.33778318405790814,-0.37952508199787327,0.5989725559890362,0.035530488521046066,-0.23189613379288193,-0.22507379266406463,-0.15112947814982725,-0.14347063074488592,-0.7514889346333069,-0.3165519053580873,-0.5912477787425927,-0.363226441496414,0.7188921823960354,1.7703070888467514,1.4150529010481239,-1.0,1
0.9665163877343399,0.3150169103793479,-0.4629455461816491,-0.682581078947164,-0.33778318405790814,-0.37952508199787327,0.7703055990814798,1.2160596232525756,-0.23189613379288193,-0.22507379266406463,-0.15112947814982725,-0.7716917887505124,-1.1449986462104833,-0.6743900157519244,0.02040331735516768,0.7102878896850969,0.4560384557833565,-0.33252272405468025,0.13541770519248952,-1.0,1
1.288714584794416,0.6885045854190354,0.37360517762027795,0.8391905905670761,-0.33778318405790814,-0.37952508199787327,0.9416386421739233,2.0030790464069286,-0.23189613379288193,-0.22507379266406463,-0.15112947814982725,-0.5432477312939209,-1.53850835778766,-0.6899481944646998,0.11979662047105363,0.8658696768128521,3.347429448522824,-0.5953764506673592,0.13541770519248952,1.0,1
-1.4499700902162307,0.3150169103793479,1.210155901422205,-0.682581078947164,-0.33778318405790814,-0.37952508199787327,1.112971685266367,2.0030790464069286,-0.23189613379288193,-0.22507379266406463,-0.15112947814982725,0.19919545544000122,0.822549911675399,-0.5032500499113935,-0.5147913917303727,-0.0987374033792301,-0.3325227240546802,-0.06966899744200132,0.13541770519248952,-1.0,1
1.288714584794416,0.8752484229388792,-0.044670184280685594,-0.682581078947164,-0.33778318405790814,-0.37952508199787327,1.2843047283588105,2.0030790464069286,-0.23189613379288193,-0.22507379266406463,-0.15112947814982725,0.5989725559890362,1.2160596232525756,-0.5965991221880467,-0.2854222306937127,0.1906447206783946,3.347429448522824,-0.33252272405468025,-0.2911273600927219,1.0,0
-0.08062775271090736,0.3150169103793479,0.37360517762027795,2.3609622600813163,-0.33778318405790814,-0.37952508199787327,1.3414157427229585,1.2160596232525756,-0.23189613379288193,-0.22507379266406463,-0.15112947814982725,0.5418615416248884,0.035530488521046066,-0.47213369248584247,-0.43833500471815257,-0.19208647565588316,1.2445996356213933,1.2445996356213933,1.8415979663333353,-1.0,1
0.5637686414092448,2.369199123097629,0.37360517762027795,-0.682581078947164,-0.33778318405790814,-0.37952508199787327,1.512748785815402,1.2160596232525756,-0.23189613379288193,-0.22507379266406463,-0.15112947814982725,0.9416386421739233,2.0030790464069286,-0.5965991221880467,-0.2854222306937127,0.1501934560251783,0.7188921823960354,1.7703070888467514,1.8415979663333353,1.0,1
1.6109127818544922,0.5017607478991917,-0.8812209080826127,-0.682581078947164,-0.33778318405790814,-0.37952508199787327,1.6840818289078456,1.2160596232525756,-0.23189613379288193,-0.22507379266406463,-0.15112947814982725,-0.48613671692977306,-1.53850835778766,-0.7210645518902509,0.24977247839182762,1.4881968253238729,2.2960145420721085,0.45603845578335656,0.9885078357629123,-1.0,-1
1.530363232589473,1.9957114480579417,1.210155901422205,-0.682581078947164,-0.33778318405790814,-0.37952508199787327,1.6840818289078456,0.822549911675399,-0.23189613379288193,-0.22507379266406463,-0.15112947814982725,0.713194584717332,1.2160596232525756,-0.7086180089200305,0.4409134459223777,1.0214514639406074,-0.5953764506673591,-0.8582301772800381,-1.1442174906631448,1.0,0
1.047065936999359,-0.6187022772198708,-1.7177716318845397,-0.682581078947164,2.610663253057731,2.288808259011065,0.3705284985324448,2.0030790464069286,-0.23189613379288193,-0.22507379266406463,-0.15112947814982725,0.14208444107585336,0.822549911675399,-0.25431919050698526,-0.5147913917303727,-0.42545915634751597,-0.06966899744200131,2.5588682686847877,1.4150529010481239,1.0,-1
1.369264134059435,1.4354799354984105,0.37360517762027795,-0.682581078947164,-0.33778318405790814,-0.37952508199787327,1.7411928432719934,0.035530488521046066,-0.23189613379288193,-0.22507379266406463,-0.15112947814982725,0.25630646980414906,-0.3579792230561304,-0.6899481944646998,-0.43833500471815257,0.24354252830183137,2.2960145420721085,0.1931847291706776,-0.7176724253779333,-1.0,1
1.208165035529397,-0.431958439700027,-0.8812209080826127,0.8391905905670761,-0.33778318405790814,-0.37952508199787327,1.912525886364437,0.035530488521046066,-0.23189613379288193,-0.22507379266406463,-0.15112947814982725,0.027862412347557656,0.822549911675399,-0.6277154796135976,-0.13250945666927252,0.32133342186570896,1.5074533622340722,-0.06966899744200132,0.13541770519248952,-1.0,1
1.8525614296495492,0.5017607478991917,0.37360517762027795,-0.682581078947164,-0.33778318405790814,-0.37952508199787327,-0.48613671692977306,0.822549911675399,-0.23189613379288193,-0.22507379266406463,-0.15112947814982725,-1.1143578749353995,-0.3579792230561304,-0.7335110948604712,0.4409134459223777,1.9549421867071386,2.2960145420721085,0.7188921823960355,0.9885078357629123,1.0,1
2.3358587252396634,3.4896621482166914,2.046706625224132,2.3609622600813163,-0.33778318405790814,-0.37952508199787327,2.0838589294568806,1.2160596232525756,-0.23189613379288193,-0.22507379266406463,-0.15112947814982725,-0.14347063074488592,0.035530488521046066,-0.7770739952562428,2.1611821536973284,2.5772693352181593,0.9817459090087143,-0.8582301772800381,-0.2911273600927219,1.0,1
0.40266954287920675,0.5017607478991917,1.210155901422205,0.8391905905670761,-0.33778318405790814,-0.37952508199787327,2.255191972549324,2.0030790464069286,-0.23189613379288193,-0.22507379266406463,-0.15112947814982725,0.8845276278097756,0.035530488521046066,-0.668166744266814,-0.13250945666927252,0.7102878896850969,0.9817459090087143,-0.8582301772800381,0.13541770519248952,-1.0,1
2.013660528179587,0.1282730728595042,-1.2994962699835761,0.8391905905670761,2.610663253057731,2.288808259011065,-1.3428019323919909,-1.53850835778766,-0.23189613379288193,-0.22507379266406463,-0.15112947814982725,-1.3428019323919909,-1.53850835778766,-0.7335110948604712,0.6320544134529278,1.3326150381961177,3.0845757219101455,-0.5953764506673592,0.5619627704777009,-1.0,1
1.369264134059435,1.2487360979785667,1.210155901422205,-0.682581078947164,-0.33778318405790814,-0.37952508199787327,-1.1714688892995473,-0.3579792230561304,-0.23189613379288193,-0.22507379266406463,-0.15112947814982725,-1.1714688892995473,-0.3579792230561304,-0.8268601671371244,6.748565374430531,7.867050097561835,1.5074533622340722,-1.1210839038927172,-1.1442174906631448,1.0,1
1.530363232589473,1.622223773018254,2.4649819871250958,0.8391905905670761,-0.33778318405790814,-0.37952508199787327,-1.0001358462071037,0.822549911675399,-0.23189613379288193,-0.22507379266406463,-0.15112947814982725,-1.1143578749353995,0.035530488521046066,-0.7335110948604712,0.6320544134529278,1.1770332510683625,3.873136901748182,-0.8582301772800381,-0.2911273600927219,-1.0,0
1.9331109789145682,1.0619922604587229,0.37360517762027795,-0.682581078947164,-0.33778318405790814,-0.37952508199787327,-0.9430248318429559,1.2160596232525756,-0.23189613379288193,4.1906596634118705,-0.15112947814982725,-1.1143578749353995,0.035530488521046066,-0.7895205382264632,2.5434640887584283,2.8884329094736696,2.03316081545943,-0.33252272405468025,0.13541770519248952,1.0,1
1.9331109789145682,0.8752484229388792,2.046706625224132,-0.682581078947164,-0.33778318405790814,-0.37952508199787327,-0.7716917887505124,1.2160596232525756,-0.23189613379288193,-0.22507379266406463,-0.15112947814982725,-1.1143578749353995,0.035530488521046066,-0.8268601671371244,6.748565374430531,7.867050097561835,-1.121083903892717,-1.1210839038927172,-1.1442174906631448,1.0,1
1.6914623311195112,0.1282730728595042,-0.044670184280685594,0.8391905905670761,-0.33778318405790814,-0.37952508199787327,-0.6003587456580688,1.2160596232525756,-0.23189613379288193,-0.22507379266406463,-0.15112947814982725,-1.1714688892995473,-1.53850835778766,-0.7428460020881366,1.014336348514028,1.3326150381961177,2.8217219952974664,-0.5953764506673592,-0.7176724253779333,-1.0,0
0.7248677399392829,0.6885045854190354,1.210155901422205,-0.682581078947164,-0.33778318405790814,-0.37952508199787327,-0.37191468820147733,1.2160596232525756,-0.23189613379288193,-0.22507379266406463,-0.15112947814982725,-1.0001358462071037,0.035530488521046066,-0.7428460020881366,0.6320544134529278,1.7993603995793832,0.9817459090087143,-0.33252272405468025,-0.7176724253779333,-1.0,1
0.24157044434916872,1.8089676105380978,2.046706625224132,0.8391905905670761,-0.33778318405790814,-0.37952508199787327,-0.20058164510903378,1.2160596232525756,-0.23189613379288193,-0.22507379266406463,-0.15112947814982725,-0.5432477312939209,0.4290402000982225,-0.7428460020881366,1.205477316044578,1.1770332510683625,2.03316081545943,0.9817459090087144,0.5619627704777009,1.0,1
1.208165035529397,1.622223773018254,1.6284312633231686,-0.682581078947164,-0.33778318405790814,-0.37952508199787327,-0.029248602016590203,2.0030790464069286,-0.23189613379288193,-0.22507379266406463,-0.15112947814982725,-0.9430248318429559,-1.53850835778766,-0.8113019884243488,4.4548737640639295,4.133087206495711,2.2960145420721085,-0.33252272405468025,0.5619627704777009,1.0,1
1.047065936999359,0.6885045854190354,0.7918805395212415,-0.682581078947164,-0.33778318405790814,-0.37952508199787327,0.14208444107585336,2.0030790464069286,-0.23189613379288193,-0.22507379266406463,-0.15112947814982725,-0.6003587456580688,0.035530488521046066,-0.5654827647624957,-0.13250945666927252,-0.03650468852812796,0.9817459090087143,0.9817459090087144,2.2681430316185467,-1.0,-1
-0.16117730197592636,-0.6187022772198708,-0.4629455461816491,-0.682581078947164,2.610663253057731,2.288808259011065,0.31341748416829696,0.822549911675399,-0.23189613379288193,-0.22507379266406463,-0.15112947814982725,-0.3148036738373295,-1.1449986462104833,-0.7832972667413529,2.1611821536973284,2.8884329094736696,1.2445996356213933,-0.8582301772800381,-1.1442174906631448,1.0,1
1.127615486264378,0.5017607478991917,0.37360517762027795,0.8391905905670761,-0.33778318405790814,-0.37952508199787327,0.4847505272607405,0.822549911675399,-0.23189613379288193,-0.22507379266406463,-0.15112947814982725,-0.7145807743863645,1.2160596232525756,-0.7677390880285774,1.7789002186362282,1.9549421867071386,1.7703070888467511,-0.06966899744200132,-0.7176724253779333,-1.0,1
1.6109127818544922,0.5017607478991917,-0.044670184280685594,0.8391905905670761,2.610663253057731,2.288808259011065,0.6560835703531841,2.0030790464069286,3.886259345632435,-0.22507379266406463,-0.15112947814982725,-0.08635961638073807,1.2160596232525756,-0.8113019884243488,4.072591829002829,4.755414355006732,1.5074533622340722,-1.1210839038927172,-0.2911273600927219,1.0,1
1.9331109789145682,3.116174473177004,0.7918805395212415,-0.682581078947164,-0.33778318405790814,-0.37952508199787327,0.8274166134456277,2.0030790464069286,-0.23189613379288193,-0.22507379266406463,-0.15112947814982725,-0.25769265947318165,-0.7514889346333069,-0.8019670811966837,2.9257460238195288,4.133087206495711,-0.5953764506673591,-1.1210839038927172,-1.1442174906631448,1.0,-1
1.530363232589473,2.5559429606174726,2.046706625224132,-0.682581078947164,-0.33778318405790814,-0.37952508199787327,0.8274166134456277,0.822549911675399,-0.23189613379288193,-0.22507379266406463,-0.15112947814982725,-0.4290257025656252,0.822549911675399,-0.755292545058357,1.396618283575128,1.7993603995793832,-0.5953764506673591,-0.8582301772800381,-0.7176724253779333,-1.0,1
1.9331109789145682,0.6885045854190354,-0.4629455461816491,-0.682581078947164,-0.33778318405790814,-0.37952508199787327,0.9987496565380712,0.822549911675399,-0.23189613379288193,-0.22507379266406463,-0.15112947814982725,-0.5432477312939209,-1.53850835778766,-0.8050787169392387,3.690309893941729,4.755414355006732,2.5588682686847877,0.1931847291706776,0.9885078357629123,1.0,0
0.1610208950841497,-0.05847076466033954,-0.4629455461816491,-0.682581078947164,-0.33778318405790814,-0.37952508199787327,1.0558606709022191,0.035530488521046066,-0.23189613379288193,-0.22507379266406463,-0.15112947814982725,0.08497342671170552,0.035530488521046066,-0.637050386841263,-0.13250945666927252,0.39912431542958654,2.03316081545943,1.2445996356213933,0.13541770519248952,-1.0,1
1.6109127818544922,-1.3656776272992457,-1.2994962699835761,-0.682581078947164,-0.33778318405790814,-0.37952508199787327,1.2271937139946627,1.2160596232525756,-0.23189613379288193,-0.22507379266406463,-0.15112947814982725,0.7703055990814798,2.0030790464069286,-0.5810409434752711,-0.43833500471815257,0.1501934560251783,2.2960145420721085,0.9817459090087144,0.5619627704777009,-1.0,-1
0.6443181906742638,0.6885045854190354,0.7918805395212415,0.8391905905670761,-0.33778318405790814,-0.37952508199787327,-0.5432477312939209,1.2160596232525756,-0.23189613379288193,-0.22507379266406463,-0.15112947814982725,-0.5432477312939209,1.2160596232525756,-0.7335110948604712,0.6320544134529278,1.4881968253238729,2.2960145420721085,0.9817459090087144,0.13541770519248952,1.0,1
0.40266954287920675,-0.05847076466033954,0.37360517762027795,-0.682581078947164,2.610663253057731,2.288808259011065,1.2271937139946627,0.035530488521046066,-0.23189613379288193,-0.22507379266406463,-0.15112947814982725,-0.37191468820147733,0.035530488521046066,-0.7832972667413529,2.9257460238195288,2.266105760962649,1.2445996356213933,-0.33252272405468025,-0.7176724253779333,1.0,1
1.127615486264378,0.5017607478991917,0.37360517762027795,0.8391905905670761,-0.33778318405790814,-0.37952508199787327,1.3985267570871063,0.822549911675399,-0.23189613379288193,-0.22507379266406463,-0.15112947814982725,0.713194584717332,0.822549911675399,-0.6183805723859325,0.02040331735516768,0.1906447206783946,2.5588682686847877,0.9817459090087144,0.13541770519248952,-1.0,-1
1.369264134059435,0.6885045854190354,1.210155901422205,0.8391905905670761,2.610663253057731,2.288808259011065,1.3985267570871063,-0.3579792230561304,-0.23189613379288193,-0.22507379266406463,-0.15112947814982725,0.25630646980414906,0.822549911675399,-0.7677390880285774,1.7789002186362282,2.266105760962649,2.8217219952974664,-0.5953764506673592,-0.2911273600927219,1.0,1
-1.0472223438911357,-0.6187022772198708,0.37360517762027795,-0.682581078947164,-0.33778318405790814,-0.37952508199787327,0.14208444107585336,0.822549911675399,-0.23189613379288193,-0.22507379266406463,-0.15112947814982725,0.3705284985324448,2.0030790464069286,-0.42545915634751597,-0.5147913917303727,-0.25431919050698526,2.5588682686847877,-0.06966899744200132,1.4150529010481239,-1.0,1
1.8525614296495492,1.9957114480579417,0.7918805395212415,2.3609622600813163,-0.33778318405790814,-0.37952508199787327,1.5698598001795498,0.822549911675399,-0.23189613379288193,-0.22507379266406463,-0.15112947814982725,0.027862412347557656,0.035530488521046066,-0.752180909315802,1.014336348514028,1.4881968253238729,-0.858230177280038,-1.1210839038927172,-1.1442174906631448,-1.0,0
1.288714584794416,1.4354799354984105,0.37360517762027795,0.8391905905670761,-0.33778318405790814,-0.37952508199787327,1.6269708145436976,0.035530488521046066,-0.23189613379288193,-0.22507379266406463,-0.15112947814982725,-0.14347063074488592,0.035530488521046066,-0.755292545058357,1.205477316044578,1.9549421867071386,1.7703070888467511,-1.1210839038927172,-1.1442174906631448,-1.0,1
0.48321909214422576,-0.2452146021801833,-0.4629455461816491,2.3609622600813163,-0.33778318405790814,-0.37952508199787327,1.7983038576361412,1.2160596232525756,-0.23189613379288193,-0.22507379266406463,-0.15112947814982725,0.9987496565380712,-0.7514889346333069,-0.7055063731774752,0.24977247839182762,1.0214514639406074,3.873136901748182,-0.8582301772800381,0.13541770519248952,1.0,1
1.369264134059435,0.1282730728595042,-0.4629455461816491,0.8391905905670761,2.610663253057731,2.288808259011065,1.9696369007285848,1.2160596232525756,-0.23189613379288193,-0.22507379266406463,-0.15112947814982725,0.19919545544000122,-0.7514889346333069,-0.7335110948604712,0.4409134459223777,1.643778612451628,2.2960145420721085,-0.33252272405468025,0.13541770519248952,-1.0,1
0.9665163877343399,0.8752484229388792,0.37360517762027795,-0.682581078947164,-0.33778318405790814,-0.37952508199787327,-1.3428019323919909,-1.53850835778766,-0.23189613379288193,-0.22507379266406463,-0.15112947814982725,-1.3428019323919909,-1.53850835778766,-0.6588318370391487,0.02040331735516768,0.4769152089934642,0.7188921823960354,-0.33252272405468025,-1.1442174906631448,1.0,-1
1.288714584794416,0.5017607478991917,-0.044670184280685594,-0.682581078947164,-0.33778318405790814,-0.37952508199787327,-1.3428019323919909,-1.53850835778766,-0.23189613379288193,-0.22507379266406463,-0.15112947814982725,-1.285690918027843,-1.1449986462104833,-0.5343664073369446,-0.5147913917303727,0.010169847610198573,-0.5953764506673591,-1.1210839038927172,-1.1442174906631448,-1.0,-1
-1.6110691887462687,0.1282730728595042,0.37360517762027795,2.3609622600813163,-0.33778318405790814,-0.37952508199787327,-1.3428019323919909,-1.53850835778766,-0.23189613379288193,-0.22507379266406463,-0.15112947814982725,-1.2285799036636953,-0.7514889346333069,0.4769152089934642,0.11979662047105363,-0.6588318370391487,1.2445996356213933,0.9817459090087144,1.8415979663333353,1.0,1
0.08047134581913068,-0.2452146021801833,-0.044670184280685594,0.8391905905670761,-0.33778318405790814,-0.37952508199787327,-1.1714688892995473,-0.3579792230561304,-0.23189613379288193,-0.22507379266406463,-0.15112947814982725,-1.1143578749353995,0.035530488521046066,-0.5965991221880467,-0.13250945666927252,0.1501934560251783,1.2445996356213933,-0.5953764506673592,2.694688096903758,-1.0,1
-0.2417268512409454,-0.6187022772198708,-0.8812209080826127,-0.682581078947164,-0.33778318405790814,-0.37952508199787327,-1.0001358462071037,0.822549911675399,-0.23189613379288193,-0.22507379266406463,-0.15112947814982725,-1.285690918027843,-1.53850835778766,-0.5188082286241692,-0.3236504241998226,-0.0987374033792301,0.9817459090087143,-0.33252272405468025,0.9885078357629123,-1.0,1
-0.8055736960960785,-0.431958439700027,0.7918805395212415,-0.682581078947164,-0.33778318405790814,-0.37952508199787327,-0.8288028031146603,2.0030790464069286,-0.23189613379288193,-0.22507379266406463,-0.15112947814982725,-0.48613671692977306,2.0030790464069286,-0.3787846202091894,-0.5147913917303727,-0.3165519053580873,1.5074533622340722,0.7188921823960355,1.8415979663333353,1.0,1
-0.2417268512409454,-0.2452146021801833,1.210155901422205,-0.682581078947164,2.610663253057731,2.288808259011065,-0.5432477312939209,0.4290402000982225,-0.23189613379288193,-0.22507379266406463,-0.15112947814982725,-0.20058164510903378,1.2160596232525756,1.1770332510683625,1.205477316044578,-0.7428460020881366,0.9817459090087143,2.0331608154594303,0.5619627704777009,-1.0,-1
0.8054172892043019,-0.05847076466033954,-0.044670184280685594,-0.682581078947164,-0.33778318405790814,-0.37952508199787327,-0.5432477312939209,-0.7514889346333069,-0.23189613379288193,-0.22507379266406463,-0.15112947814982725,-0.7716917887505124,0.822549911675399,-0.5188082286241692,-0.5147913917303727,-0.03650468852812796,1.5074533622340722,0.45603845578335656,2.2681430316185467,-1.0,1
1.047065936999359,0.5017607478991917,-0.8812209080826127,0.8391905905670761,-0.33778318405790814,-0.37952508199787327,-0.37191468820147733,0.035530488521046066,-0.23189613379288193,-0.22507379266406463,-0.15112947814982725,-0.5432477312939209,1.2160596232525756,-0.5499245860497202,-0.2854222306937127,-0.06762104595367903,2.2960145420721085,-0.06966899744200132,0.9885078357629123,1.0,0
0.1610208950841497,2.92943063565716,2.4649819871250958,0.8391905905670761,-0.33778318405790814,-0.37952508199787327,-0.3148036738373295,0.035530488521046066,-0.23189613379288193,-0.22507379266406463,-0.15112947814982725,-0.029248602016590203,0.822549911675399,-0.3943427989219649,-0.5147913917303727,-0.3009937266453118,2.03316081545943,0.7188921823960355,0.9885078357629123,1.0,1
0.1610208950841497,0.1282730728595042,0.7918805395212415,0.8391905905670761,-0.33778318405790814,-0.37952508199787327,-0.14347063074488592,1.2160596232525756,-0.23189613379288193,-0.22507379266406463,-0.15112947814982725,-0.20058164510903378,1.2160596232525756,-0.06762104595367903,-0.5147913917303727,-0.5188082286241692,0.7188921823960354,0.45603845578335656,3.547778227474181,-1.0,0
0.24157044434916872,0.6885045854190354,-0.4629455461816491,-0.682581078947164,-0.33778318405790814,-0.37952508199787327,-0.08635961638073807,0.4290402000982225,-0.23189613379288193,-0.22507379266406463,-0.15112947814982725,-0.5432477312939209,0.035530488521046066,-0.640162022583818,-0.13250945666927252,0.33689160057848444,2.2960145420721085,-0.33252272405468025,1.4150529010481239,1.0,1
0.6443181906742638,-0.8054461147397145,-0.4629455461816491,0.8391905905670761,-0.33778318405790814,-0.37952508199787327,0.08497342671170552,1.2160596232525756,-0.23189613379288193,-0.22507379266406463,-0.15112947814982725,-0.6574697600222167,-0.3579792230561304,-0.5032500499113935,-0.2854222306937127,-0.12985376080478117,2.2960145420721085,-0.8582301772800381,0.5619627704777009,-1.0,-1
-0.2417268512409454,0.3150169103793479,2.046706625224132,-0.682581078947164,-0.33778318405790814,-0.37952508199787327,0.08497342671170552,0.035530488521046066,-0.23189613379288193,-0.22507379266406463,-0.15112947814982725,-0.08635961638073807,0.035530488521046066,-0.5654827647624957,-0.2854222306937127,0.025728026322974037,1.2445996356213933,-1.1210839038927172,0.13541770519248952,-1.0,1
1.208165035529397,0.8752484229388792,1.6284312633231686,-0.682581078947164,-0.33778318405790814,-0.37952508199787327,0.25630646980414906,0.822549911675399,-0.23189613379288193,-0.22507379266406463,-0.15112947814982725,-0.6003587456580688,0.035530488521046066,-0.755292545058357,1.014336348514028,2.266105760962649,-1.121083903892717,-1.1210839038927172,-1.1442174906631448,1.0,1
0.32211999361418775,0.6885045854190354,0.7918805395212415,0.8391905905670761,-0.33778318405790814,-0.37952508199787327,0.42763951289659263,0.822549911675399,-0.23189613379288193,-0.22507379266406463,-0.15112947814982725,-0.6003587456580688,-0.3579792230561304,-0.5623711290199406,-0.43833500471815257,0.08796074117407617,0.4560384557833565,-0.33252272405468025,0.13541770519248952,-1.0,1
0.6443181906742638,1.0619922604587229,0.7918805395212415,2.3609622600813163,-0.33778318405790814,-0.37952508199787327,0.5989725559890362,2.0030790464069286,-0.23189613379288193,-0.22507379266406463,-0.15112947814982725,-0.4290257025656252,-0.3579792230561304,-0.755292545058357,1.014336348514028,2.266105760962649,0.7188921823960354,-0.5953764506673592,-0.7176724253779333,1.0,1
-1.6110691887462687,-0.8054461147397145,-0.4629455461816491,-0.682581078947164,-0.33778318405790814,-0.37952508199787327,0.7703055990814798,2.0030790464069286,-0.23189613379288193,-0.22507379266406463,-0.15112947814982725,1.2271937139946627,1.2160596232525756,0.1501934560251783,-0.43833500471815257,-0.5810409434752711,0.9817459090087143,2.296014542072109,0.5619627704777009,1.0,1
0.8054172892043019,0.5017607478991917,-0.044670184280685594,0.8391905905670761,-0.33778318405790814,-0.37952508199787327,-0.6574697600222167,2.0030790464069286,-0.23189613379288193,-0.22507379266406463,-0.15112947814982725,-1.0001358462071037,-0.7514889346333069,-0.5965991221880467,-0.43833500471815257,0.24354252830183137,2.03316081545943,-0.33252272405468025,0.13541770519248952,-1.0,0
-0.5639250483010215,-1.1789337897794019,-0.044670184280685594,-0.682581078947164,-0.33778318405790814,-0.37952508199787327,0.9416386421739233,2.0030790464069286,-0.23189613379288193,-0.22507379266406463,-0.15112947814982725,1.512748785815402,1.2160596232525756,0.1501934560251783,-0.2854222306937127,-0.5965991221880467,1.7703070888467511,0.7188921823960355,1.8415979663333353,-1.0,-1
0.1610208950841497,0.1282730728595042,-0.044670184280685594,-0.682581078947164,2.610663253057731,2.288808259011065,0.9416386421739233,0.822549911675399,3.886259345632435,-0.22507379266406463,-0.15112947814982725,0.027862412347557656,-1.1449986462104833,-0.7210645518902509,0.4409134459223777,1.3326150381961177,2.03316081545943,-0.33252272405468025,0.5619627704777009,1.0,1
1.288714584794416,2.1824552855777855,0.7918805395212415,-0.682581078947164,-0.33778318405790814,-0.37952508199787327,-0.6003587456580688,1.2160596232525756,-0.23189613379288193,4.1906596634118705,-0.15112947814982725,-0.885913817478808,-1.1449986462104833,-0.7055063731774752,0.6320544134529278,0.7102878896850969,-0.3325227240546802,-1.1210839038927172,-0.7176724253779333,1.0,0
1.288714584794416,-0.2452146021801833,0.37360517762027795,-0.682581078947164,-0.33778318405790814,-0.37952508199787327,1.112971685266367,0.822549911675399,-0.23189613379288193,-0.22507379266406463,-0.15112947814982725,-0.25769265947318165,-1.1449986462104833,-0.5623711290199406,-0.2854222306937127,0.010169847610198573,-0.3325227240546802,-1.1210839038927172,-0.2911273600927219,-1.0,1
0.5637686414092448,2.5559429606174726,1.6284312633231686,0.8391905905670761,-0.33778318405790814,-0.37952508199787327,1.2843047283588105,0.822549911675399,-0.23189613379288193,-0.22507379266406463,-0.15112947814982725,0.027862412347557656,1.2160596232525756,-0.6526085655540386,0.11979662047105363,0.4769152089934642,1.2445996356213933,-0.33252272405468025,0.9885078357629123,1.0,1
-0.7250241468310595,-0.8054461147397145,-0.044670184280685594,-0.682581078947164,-0.33778318405790814,-0.37952508199787327,1.455637771451254,2.0030790464069286,-0.23189613379288193,-0.22507379266406463,-0.15112947814982725,0.8845276278097756,1.2160596232525756,-0.2605424619920955,-0.43833500471815257,-0.4161242491198507,1.5074533622340722,0.9817459090087144,1.8415979663333353,-1.0,-1
-0.2417268512409454,-0.431958439700027,-0.044670184280685594,-0.682581078947164,-0.33778318405790814,-0.37952508199787327,1.455637771451254,0.822549911675399,3.886259345632435,-0.22507379266406463,-0.15112947814982725,-0.14347063074488592,0.822549911675399,-0.7335110948604712,0.6320544134529278,1.643778612451628,1.5074533622340722,-0.5953764506673592,2.694688096903758,1.0,0
0.6443181906742638,1.0619922604587229,1.6284312633231686,-0.682581078947164,-0.33778318405790814,-0.37952508199787327,-1.3428019323919909,-1.53850835778766,-0.23189613379288193,-0.22507379266406463,-0.15112947814982725,-1.3428019323919909,-1.53850835778766,-0.7428460020881366,1.014336348514028,1.4881968253238729,2.2960145420721085,-0.06966899744200132,0.13541770519248952,1.0,1
-1.0472223438911357,-0.431958439700027,0.37360517762027795,-0.682581078947164,-0.33778318405790814,-0.37952508199787327,-1.1714688892995473,-0.3579792230561304,-0.23189613379288193,-0.22507379266406463,-0.15112947814982725,-1.1714688892995473,-0.3579792230561304,-0.16097011823033208,-0.5912477787425927,-0.456575513773067,-0.06966899744200131,2.0331608154594303,2.2681430316185467,-1.0,0
-7.820344588833574e-05,-0.2452146021801833,-0.044670184280685594,-0.682581078947164,-0.33778318405790814,-0.37952508199787327,-1.1143578749353995,0.035530488521046066,-0.23189613379288193,-0.22507379266406463,-0.15112947814982725,-1.285690918027843,-1.1449986462104833,-0.7210645518902509,0.4409134459223777,1.1770332510683625,0.4560384557833565,-0.33252272405468025,0.13541770519248952,1.0,1
-0.40282594977098346,0.8752484229388792,0.37360517762027795,-0.682581078947164,-0.33778318405790814,2.288808259011065,-0.9430248318429559,1.2160596232525756,-0.23189613379288193,-0.22507379266406463,-0.15112947814982725,-1.1143578749353995,0.035530488521046066,-0.7086180089200305,0.3262288654040474,1.0214514639406074,-1.121083903892717,-1.1210839038927172,-1.1442174906631448,-1.0,1
0.8859668384693209,-0.05847076466033954,-0.4629455461816491,-0.682581078947164,-0.33778318405790814,-0.37952508199787327,-0.7716917887505124,1.2160596232525756,-0.23189613379288193,-0.22507379266406463,-0.15112947814982725,-1.1714688892995473,-0.3579792230561304,-0.5499245860497202,-0.2854222306937127,-0.03650468852812796,1.5074533622340722,0.9817459090087144,0.5619627704777009,-1.0,0
0.1610208950841497,1.9957114480579417,2.4649819871250958,0.8391905905670761,-0.33778318405790814,-0.37952508199787327,-0.7145807743863645,1.2160596232525756,-0.23189613379288193,-0.22507379266406463,-0.15112947814982725,-0.885913817478808,0.822549911675399,-0.6899481944646998,0.24977247839182762,0.8658696768128521,1.5074533622340722,-0.8582301772800381,-0.7176724253779333,1.0,1
-0.48337549903600247,0.6885045854190354,2.883257349026059,-0.682581078947164,-0.33778318405790814,-0.37952508199787327,-0.5432477312939209,0.035530488521046066,-0.23189613379288193,-0.22507379266406463,-0.15112947814982725,-1.285690918027843,-1.53850835778766,-0.7055063731774752,0.24977247839182762,1.0214514639406074,1.5074533622340722,-0.06966899744200132,-0.2911273600927219,1.0,1
-1.1277718931561547,-1.1789337897794019,-0.8812209080826127,-0.682581078947164,2.610663253057731,2.288808259011065,-0.37191468820147733,0.822549911675399,3.886259345632435,-0.22507379266406463,-0.15112947814982725,-0.14347063074488592,0.822549911675399,-0.12985376080478117,-0.3236504241998226,-0.5188082286241692,1.2445996356213933,0.9817459090087144,1.8415979663333353,-1.0,-1
-0.7250241468310595,-0.8054461147397145,-0.4629455461816491,0.8391905905670761,-0.33778318405790814,-0.37952508199787327,-0.37191468820147733,-0.3579792230561304,-0.23189613379288193,-0.22507379266406463,-0.15112947814982725,-0.37191468820147733,1.2160596232525756,-0.3787846202091894,-0.5912477787425927,-0.28543554793253634,0.4560384557833565,-0.33252272405468025,-0.7176724253779333,-1.0,1
0.9665163877343399,1.4354799354984105,0.7918805395212415,0.8391905905670761,2.610663253057731,2.288808259011065,-0.20058164510903378,0.822549911675399,-0.23189613379288193,-0.22507379266406463,-0.15112947814982725,-0.7716917887505124,0.822549911675399,-0.6899481944646998,0.24977247839182762,0.8658696768128521,1.5074533622340722,-0.06966899744200132,3.1212331621889695,1.0,1
-0.16117730197592636,-0.6187022772198708,-0.8812209080826127,-0.682581078947164,-0.33778318405790814,-0.37952508199787327,-0.029248602016590203,0.822549911675399,-0.23189613379288193,-0.22507379266406463,-0.15112947814982725,-0.3148036738373295,0.035530488521046066,-0.3009937266453118,-0.5147913917303727,-0.3943427989219649,0.7188921823960354,2.0331608154594303,0.9885078357629123,-1.0,-1
0.24157044434916872,0.8752484229388792,-0.044670184280685594,-0.682581078947164,-0.33778318405790814,-0.37952508199787327,-0.029248602016590203,0.822549911675399,-0.23189613379288193,-0.22507379266406463,-0.15112947814982725,-0.3148036738373295,1.2160596232525756,-0.5188082286241692,-0.5147913917303727,-0.06762104595367903,2.03316081545943,0.45603845578335656,0.5619627704777009,1.0,-1
1.530363232589473,1.9957114480579417,1.210155901422205,0.8391905905670761,-0.33778318405790814,-0.37952508199787327,-0.029248602016590203,-0.3579792230561304,-0.23189613379288193,-0.22507379266406463,-0.15112947814982725,-0.6003587456580688,-1.1449986462104833,-0.6277154796135976,-0.2854222306937127,0.39912431542958654,0.7188921823960354,-0.8582301772800381,-0.2911273600927219,-1.0,1
-0.2417268512409454,0.3150169103793479,0.37360517762027795,-0.682581078947164,-0.33778318405790814,-0.37952508199787327,0.14208444107585336,-0.3579792230561304,-0.23189613379288193,-0.22507379266406463,-0.15112947814982725,-0.25769265947318165,-0.3579792230561304,-0.12985376080478117,-0.43833500471815257,-0.5032500499113935,0.1931847291706776,2.0331608154594303,1.8415979663333353,1.0,-1
0.40266954287920675,0.3150169103793479,1.210155901422205,-0.682581078947164,-0.33778318405790814,-0.37952508199787327,0.14208444107585336,-0.3579792230561304,-0.23189613379288193,-0.22507379266406463,-0.15112947814982725,-0.4290257025656252,0.822549911675399,-0.6432736583263733,0.02040331735516768,0.32133342186570896,-0.3325227240546802,-0.8582301772800381,-1.1442174906631448,1.0,1
0.8859668384693209,0.5017607478991917,1.6284312633231686,0.8391905905670761,-0.33778318405790814,-0.37952508199787327,0.31341748416829696,0.822549911675399,-0.23189613379288193,-0.22507379266406463,-0.15112947814982725,-0.08635961638073807,0.4290402000982225,-0.5623711290199406,-0.43833500471815257,0.08796074117407617,-0.858230177280038,-1.1210839038927172,-0.7176724253779333,-1.0,0
0.7248677399392829,-1.1789337897794019,-1.2994962699835761,0.8391905905670761,-0.33778318405790814,-0.37952508199787327,0.3705284985324448,0.035530488521046066,-0.23189613379288193,-0.22507379266406463,-0.15112947814982725,-0.3148036738373295,0.822549911675399,-0.637050386841263,-0.13250945666927252,0.39912431542958654,2.8217219952974664,-0.5953764506673592,-0.7176724253779333,1.0,-1
0.24157044434916872,0.3150169103793479,0.7918805395212415,-0.682581078947164,-0.33778318405790814,-0.37952508199787327,0.3705284985324448,0.035530488521046066,-0.23189613379288193,-0.22507379266406463,-0.15112947814982725,-0.029248602016590203,-0.3579792230561304,-0.48769187119861807,-0.5147913917303727,-0.0987374033792301,2.2960145420721085,-0.5953764506673592,0.13541770519248952,-1.0,1
0.08047134581913068,0.8752484229388792,1.210155901422205,0.8391905905670761,-0.33778318405790814,-0.37952508199787327,0.5418615416248884,0.035530488521046066,-0.23189613379288193,4.1906596634118705,-0.15112947814982725,1.3414157427229585,1.2160596232525756,-0.19208647565588316,-0.43833500471815257,-0.47213369248584247,1.2445996356213933,1.2445996356213933,1.8415979663333353,1.0,-1
-0.6444745975660405,-0.6187022772198708,-0.4629455461816491,-0.682581078947164,-0.33778318405790814,-0.37952508199787327,-0.5432477312939209,1.2160596232525756,-0.23189613379288193,-0.22507379266406463,-0.15112947814982725,-0.5432477312939209,1.2160596232525756,1.4881968253238729,0.6320544134529278,-0.7335110948604712,0.9817459090087143,2.296014542072109,0.13541770519248952,-1.0,-1
-0.3222764005059644,-0.431958439700027,-0.4629455461816491,0.8391905905670761,-0.33778318405790814,-0.37952508199787327,0.5418615416248884,-0.3579792230561304,-0.23189613379288193,-0.22507379266406463,-0.15112947814982725,0.42763951289659263,0.822549911675399,-0.5032500499113935,-0.43833500471815257,-0.12985376080478117,1.7703070888467511,-0.8582301772800381,-0.7176724253779333,-1.0,1
-1.1277718931561547,-0.05847076466033954,-0.4629455461816491,-0.682581078947164,-0.33778318405790814,-0.37952508199787327,0.713194584717332,0.822549911675399,3.886259345632435,-0.22507379266406463,6.616842804212003,1.3985267570871063,0.822549911675399,0.1906447206783946,0.02040331735516768,-0.6183805723859325,0.9817459090087143,2.5588682686847877,0.13541770519248952,1.0,1
0.08047134581913068,-0.2452146021801833,-0.044670184280685594,2.3609622600813163,-0.33778318405790814,-0.37952508199787327,0.8845276278097756,0.822549911675399,-0.23189613379288193,-0.22507379266406463,-0.15112947814982725,-0.14347063074488592,0.035530488521046066,-0.5032500499113935,-0.43833500471815257,-0.0987374033792301,1.7703070888467511,-0.06966899744200132,-0.2911273600927219,-1.0,-1
0.5637686414092448,0.6885045854190354,0.7918805395212415,-0.682581078947164,-0.33778318405790814,-0.37952508199787327,0.8845276278097756,0.822549911675399,-0.23189613379288193,-0.22507379266406463,-0.15112947814982725,-0.20058164510903378,0.4290402000982225,-0.6121573009008222,-0.43833500471815257,0.32133342186570896,1.5074533622340722,0.9817459090087144,0.9885078357629123,1.0,1
-0.7250241468310595,-0.8054461147397145,-0.4629455461816491,-0.682581078947164,-0.33778318405790814,-0.37952508199787327,1.0558606709022191,0.822549911675399,-0.23189613379288193,-0.22507379266406463,-0.15112947814982725,0.42763951289659263,-0.7514889346333069,-0.363226441496414,-0.7059323592609227,-0.25431919050698526,-0.06966899744200131,2.0331608154594303,2.694688096903758,1.0,1
0.32211999361418775,1.622223773018254,0.7918805395212415,2.3609622600813163,-0.33778318405790814,-0.37952508199787327,1.2271937139946627,0.822549911675399,-0.23189613379288193,-0.22507379266406463,-0.15112947814982725,0.027862412347557656,0.035530488521046066,-0.47213369248584247,-0.5912477787425927,-0.12985376080478117,0.7188921823960354,-0.33252272405468025,0.13541770519248952,-1.0,-1
0.40266954287920675,0.3150169103793479,0.7918805395212415,-0.682581078947164,2.610663253057731,2.288808259011065,1.2271937139946627,0.822549911675399,-0.23189613379288193,-0.22507379266406463,-0.15112947814982725,0.14208444107585336,-0.7514889346333069,-0.7086180089200305,0.4409134459223777,1.0214514639406074,-0.858230177280038,-1.1210839038927172,-1.1442174906631448,1.0,1
0.8859668384693209,1.9957114480579417,2.046706625224132,0.8391905905670761,-0.33778318405790814,-0.37952508199787327,-1.3428019323919909,-1.53850835778766,-0.23189613379288193,-0.22507379266406463,-0.15112947814982725,-1.3428019323919909,-1.53850835778766,-0.640162022583818,-0.2854222306937127,0.4769152089934642,-1.121083903892717,-1.1210839038927172,-1.1442174906631448,1.0,1
-0.3222764005059644,-1.5524214648190895,-1.2994962699835761,-0.682581078947164,-0.33778318405790814,-0.37952508199787327,-1.1714688892995473,-0.3579792230561304,-0.23189613379288193,-0.22507379266406463,-0.15112947814982725,-1.1714688892995473,-0.3579792230561304,-0.2232028330814342,-0.7441605527670326,-0.3943427989219649,-0.858230177280038,-0.06966899744200132,0.9885078357629123,-1.0,0
-1.5305196394812497,-0.05847076466033954,0.37360517762027795,0.8391905905670761,-0.33778318405790814,-0.37952508199787327,-1.1143578749353995,0.035530488521046066,-0.23189613379288193,-0.22507379266406463,-0.15112947814982725,-1.0001358462071037,0.822549911675399,1.1770332510683625,0.6320544134529278,-0.7335110948604712,-0.858230177280038,3.8731369017481825,-0.2911273600927219,1.0,0
1.047065936999359,1.622223773018254,0.7918805395212415,0.8391905905670761,-0.33778318405790814,-0.37952508199787327,-1.0572468605712517,0.4290402000982225,-0.23189613379288193,-0.22507379266406463,-0.15112947814982725,-1.285690918027843,-1.1449986462104833,-0.3165519053580873,-0.6677041657548128,-0.3165519053580873,-0.3325227240546802,-0.5953764506673592,1.8415979663333353,-1.0,0
-1.7721682872763067,-1.3656776272992457,-0.8812209080826127,0.8391905905670761,-0.33778318405790814,-0.37952508199787327,-1.0001358462071037,-0.3579792230561304,-0.23189613379288193,-0.22507379266406463,-0.15112947814982725,-1.0572468605712517,0.035530488521046066,1.643778612451628,0.8231953809834779,-0.7428460020881366,-0.06966899744200131,2.0331608154594303,1.4150529010481239,-1.0,-1
0.1610208950841497,1.9957114480579417,0.37360517762027795,0.8391905905670761,-0.33778318405790814,-0.37952508199787327,-1.0001358462071037,-0.7514889346333069,-0.23189613379288193,-0.22507379266406463,-0.15112947814982725,-1.0572468605712517,0.035530488521046066,-0.5343664073369446,-0.5147913917303727,0.010169847610198573,0.7188921823960354,-0.06966899744200132,0.9885078357629123,1.0,0
1.7720118803845302,1.2487360979785667,0.7918805395212415,0.8391905905670761,2.610663253057731,2.288808259011065,-0.9430248318429559,-0.7514889346333069,-0.23189613379288193,-0.22507379266406463,-0.15112947814982725,-0.9430248318429559,0.035530488521046066,-0.7086180089200305,0.17331609137960788,1.1770332510683625,-0.06966899744200131,-0.5953764506673592,-0.2911273600927219,1.0,0
1.369264134059435,1.2487360979785667,2.4649819871250958,-0.682581078947164,-0.33778318405790814,-0.37952508199787327,-0.885913817478808,-0.7514889346333069,-0.23189613379288193,-0.22507379266406463,-0.15112947814982725,-0.5432477312939209,0.822549911675399,-0.4192358848624057,-0.5912477787425927,-0.2232028330814342,0.1931847291706776,-0.06966899744200132,0.13541770519248952,-1.0,1
0.32211999361418775,0.6885045854190354,0.7918805395212415,-0.682581078947164,-0.33778318405790814,-0.37952508199787327,-0.7145807743863645,0.4290402000982225,-0.23189613379288193,-0.22507379266406463,-0.15112947814982725,-0.6003587456580688,0.035530488521046066,-0.5872642149603814,-0.2854222306937127,0.1501934560251783,-0.858230177280038,-1.1210839038927172,-0.7176724253779333,1.0,1
-1.0472223438911357,-0.6187022772198708,-0.8812209080826127,0.8391905905670761,-0.33778318405790814,-0.37952508199787327,-0.5432477312939209,1.2160596232525756,-0.23189613379288193,-0.22507379266406463,-0.15112947814982725,-0.37191468820147733,0.035530488521046066,-0.06762104595367903,-0.2854222306937127,-0.5499245860497202,-0.06966899744200131,2.296014542072109,0.9885078357629123,-1.0,0
-0.08062775271090736,0.6885045854190354,-0.044670184280685594,-0.682581078947164,-0.33778318405790814,-0.37952508199787327,-0.48613671692977306,1.2160596232525756,-0.23189613379288193,-0.22507379266406463,-0.15112947814982725,-0.7716917887505124,-0.3579792230561304,-0.6588318370391487,-0.2854222306937127,0.6324969961212193,0.7188921823960354,2.0331608154594303,0.13541770519248952,1.0,1
-0.2417268512409454,0.1282730728595042,0.37360517762027795,-0.682581078947164,-0.33778318405790814,-0.37952508199787327,-0.3148036738373295,1.2160596232525756,-0.23189613379288193,-0.22507379266406463,-0.15112947814982725,-0.029248602016590203,0.822549911675399,-0.06762104595367903,-0.5147913917303727,-0.5188082286241692,0.4560384557833565,2.0331608154594303,0.5619627704777009,-1.0,1
0.7248677399392829,1.2487360979785667,0.7918805395212415,-0.682581078947164,2.610663253057731,2.288808259011065,-0.14347063074488592,1.2160596232525756,-0.23189613379288193,-0.22507379266406463,-0.15112947814982725,-0.6574697600222167,-0.3579792230561304,-0.5965991221880467,-0.3236504241998226,0.24354252830183137,0.7188921823960354,-0.06966899744200132,1.8415979663333353,1.0,1
-0.40282594977098346,-0.9921899522595582,-0.044670184280685594,-0.682581078947164,-0.33778318405790814,-0.37952508199787327,0.027862412347557656,2.0030790464069286,-0.23189613379288193,-0.22507379266406463,-0.15112947814982725,-0.6574697600222167,0.035530488521046066,-0.5654827647624957,-0.43833500471815257,0.08796074117407617,0.7188921823960354,0.45603845578335656,0.9885078357629123,-1.0,1
-0.08062775271090736,-0.431958439700027,-0.4629455461816491,-0.682581078947164,-0.33778318405790814,-0.37952508199787327,0.19919545544000122,2.0030790464069286,-0.23189613379288193,-0.22507379266406463,-0.15112947814982725,-0.14347063074488592,-1.1449986462104833,-0.42545915634751597,-0.5912477787425927,-0.2232028330814342,0.4560384557833565,2.296014542072109,0.13541770519248952,1.0,1
-0.8055736960960785,-0.2452146021801833,-0.044670184280685594,-0.682581078947164,2.610663253057731,2.288808259011065,0.3705284985324448,2.0030790464069286,-0.23189613379288193,-0.22507379266406463,-0.15112947814982725,-0.37191468820147733,0.822549911675399,-0.47213369248584247,-0.5147913917303727,-0.14541193951755663,0.1931847291706776,1.2445996356213933,-1.1442174906631448,-1.0,1
0.8054172892043019,0.6885045854190354,0.37360517762027795,0.8391905905670761,-0.33778318405790814,-0.37952508199787327,0.5418615416248884,2.0030790464069286,-0.23189613379288193,-0.22507379266406463,-0.15112947814982725,-0.4290257025656252,-0.3579792230561304,-0.7055063731774752,0.24977247839182762,1.0214514639406074,-0.858230177280038,-0.5953764506673592,-0.7176724253779333,1.0,0
-1.2888709916861927,-0.8054461147397145,-1.2994962699835761,-0.682581078947164,-0.33778318405790814,-0.37952508199787327,0.5989725559890362,1.2160596232525756,-0.23189613379288193,-0.22507379266406463,-0.15112947814982725,1.2843047283588105,2.0030790464069286,0.1906447206783946,-0.2854222306937127,-0.5965991221880467,-0.3325227240546802,3.3474294485228246,-0.2911273600927219,-1.0,0
0.9665163877343399,1.4354799354984105,0.37360517762027795,2.3609622600813163,-0.33778318405790814,-0.37952508199787327,0.6560835703531841,0.4290402000982225,-0.23189613379288193,-0.22507379266406463,-0.15112947814982725,0.42763951289659263,2.0030790464069286,-0.6899481944646998,0.11979662047105363,0.8658696768128521,0.4560384557833565,-0.06966899744200132,0.13541770519248952,1.0,1
0.8054172892043019,0.6885045854190354,1.210155901422205,-0.682581078947164,-0.33778318405790814,-0.37952508199787327,0.8274166134456277,0.4290402000982225,-0.23189613379288193,-0.22507379266406463,-0.15112947814982725,-0.029248602016590203,-0.3579792230561304,-0.5810409434752711,-0.5147913917303727,0.21242617087628043,0.7188921823960354,-0.06966899744200132,1.4150529010481239,-1.0,0
0.9665163877343399,-0.8054461147397145,-0.8812209080826127,-0.682581078947164,-0.33778318405790814,-0.37952508199787327,0.8845276278097756,0.4290402000982225,-0.23189613379288193,-0.22507379266406463,-0.15112947814982725,-0.3148036738373295,0.035530488521046066,-0.6588318370391487,-0.2854222306937127,0.7102878896850969,1.5074533622340722,0.45603845578335656,0.5619627704777009,1.0,0
1.288714584794416,0.5017607478991917,1.210155901422205,-0.682581078947164,-0.33778318405790814,-0.37952508199787327,0.9416386421739233,0.4290402000982225,-0.23189613379288193,-0.22507379266406463,-0.15112947814982725,-0.37191468820147733,-1.1449986462104833,-0.6806132872370344,-0.13250945666927252,0.8658696768128521,-0.06966899744200131,-0.5953764506673592,0.13541770519248952,-1.0,0
-0.9666727946261165,0.3150169103793479,-0.044670184280685594,-0.682581078947164,-0.33778318405790814,-0.37952508199787327,0.9987496565380712,-0.3579792230561304,3.886259345632435,-0.22507379266406463,-0.15112947814982725,0.6560835703531841,0.035530488521046066,-0.3787846202091894,-0.5147913917303727,-0.3165519053580873,-0.06966899744200131,2.296014542072109,1.4150529010481239,1.0,-1
-0.48337549903600247,-1.3656776272992457,-0.8812209080826127,0.8391905905670761,-0.33778318405790814,-0.37952508199787327,0.9987496565380712,-0.7514889346333069,-0.23189613379288193,-0.22507379266406463,-0.15112947814982725,1.7983038576361412,1.2160596232525756,1.0214514639406074,0.24977247839182762,-0.7055063731774752,-0.858230177280038,3.8731369017481825,0.13541770519248952,-1.0,-1
-0.5639250483010215,1.2487360979785667,1.6284312633231686,2.3609622600813163,-0.33778318405790814,-0.37952508199787327,0.9987496565380712,-1.1449986462104833,-0.23189613379288193,-0.22507379266406463,-0.15112947814982725,0.19919545544000122,0.035530488521046066,-0.6432736583263733,-0.3236504241998226,0.5547061025573418,-0.3325227240546802,-0.5953764506673592,2.2681430316185467,1.0,1
1.369264134059435,-0.2452146021801833,-0.4629455461816491,-0.682581078947164,-0.33778318405790814,-0.37952508199787327,-1.3428019323919909,-1.53850835778766,-0.23189613379288193,-0.22507379266406463,-0.15112947814982725,-1.3428019323919909,-1.53850835778766,-0.7677390880285774,1.396618283575128,2.266105760962649,0.9817459090087143,-0.33252272405468025,-0.7176724253779333,-1.0,0
1.7720118803845302,2.1824552855777855,-0.044670184280685594,-0.682581078947164,-0.33778318405790814,-0.37952508199787327,-1.285690918027843,-1.1449986462104833,3.886259345632435,-0.22507379266406463,-0.15112947814982725,-1.3428019323919909,-1.53850835778766,-0.7895205382264632,1.9700411861667784,3.821923632240201,2.2960145420721085,-0.06966899744200132,-0.7176724253779333,1.0,0
1.6109127818544922,0.8752484229388792,0.37360517762027795,-0.682581078947164,-0.33778318405790814,-0.37952508199787327,-1.2285799036636953,-0.7514889346333069,-0.23189613379288193,-0.22507379266406463,-0.15112947814982725,-1.3428019323919909,-1.53850835778766,-0.6588318370391487,0.11979662047105363,0.4769152089934642,0.9817459090087143,1.2445996356213933,1.8415979663333353,-1.0,-1
1.530363232589473,1.2487360979785667,3.3015327109270225,-0.682581078947164,-0.33778318405790814,-0.37952508199787327,-1.2285799036636953,-0.7514889346333069,-0.23189613379288193,-0.22507379266406463,-0.15112947814982725,-1.1714688892995473,-0.3579792230561304,-0.8144136241669039,4.4548737640639295,6.933559374795304,0.9817459090087143,-0.8582301772800381,-0.7176724253779333,1.0,1
1.7720118803845302,1.9957114480579417,0.7918805395212415,-0.682581078947164,-0.33778318405790814,-0.37952508199787327,-1.0572468605712517,0.035530488521046066,-0.23189613379288193,-0.22507379266406463,-0.15112947814982725,-1.0001358462071037,-0.3579792230561304,-0.7428460020881366,0.8231953809834779,1.643778612451628,2.03316081545943,-0.06966899744200132,1.4150529010481239,1.0,1
0.8859668384693209,1.9957114480579417,1.6284312633231686,-0.682581078947164,-0.33778318405790814,-0.37952508199787327,-0.885913817478808,0.822549911675399,-0.23189613379288193,-0.22507379266406463,-0.15112947814982725,-1.1714688892995473,-0.3579792230561304,-0.7210645518902509,0.4409134459223777,1.0214514639406074,1.5074533622340722,-0.5953764506673592,3.9743232927593923,-1.0,0
0.32211999361418775,0.5017607478991917,1.210155901422205,0.8391905905670761,-0.33778318405790814,-0.37952508199787327,-0.6574697600222167,1.2160596232525756,-0.23189613379288193,-0.22507379266406463,-0.15112947814982725,-0.4290257025656252,0.822549911675399,-0.7428460020881366,0.8231953809834779,1.4881968253238729,0.7188921823960354,-0.8582301772800381,-0.2911273600927219,1.0,0
0.5637686414092448,-0.8054461147397145,-0.4629455461816491,-0.682581078947164,-0.33778318405790814,-0.37952508199787327,-0.6003587456580688,0.4290402000982225,-0.23189613379288193,-0.22507379266406463,-0.15112947814982725,0.027862412347557656,2.0030790464069286,-0.3414449912985281,-0.43833500471815257,-0.3787846202091894,1.7703070888467511,0.1931847291706776,2.2681430316185467,-1.0,-1
-1.0472223438911357,0.1282730728595042,-0.8812209080826127,-0.682581078947164,-0.33778318405790814,-0.37952508199787327,-0.6003587456580688,0.035530488521046066,-0.23189613379288193,-0.22507379266406463,-0.15112947814982725,0.14208444107585336,2.0030790464069286,-0.03650468852812796,-0.13250945666927252,-0.5654827647624957,0.9817459090087143,0.9817459090087144,2.2681430316185467,1.0,1
0.32211999361418775,1.8089676105380978,1.210155901422205,-0.682581078947164,-0.33778318405790814,-0.37952508199787327,-0.4290257025656252,0.035530488521046066,-0.23189613379288193,-0.22507379266406463,-0.15112947814982725,-0.7145807743863645,1.2160596232525756,-0.7210645518902509,0.6320544134529278,1.0214514639406074,2.5588682686847877,0.1931847291706776,0.13541770519248952,1.0,1
2.013660528179587,0.5017607478991917,1.210155901422205,-0.682581078947164,-0.33778318405790814,-0.37952508199787327,-0.25769265947318165,0.822549911675399,-0.23189613379288193,-0.22507379266406463,-0.15112947814982725,-1.0001358462071037,-0.7514889346333069,-0.7677390880285774,1.396618283575128,2.266105760962649,-1.121083903892717,-1.1210839038927172,-1.1442174906631448,-1.0,-1
1.449813683324454,1.8089676105380978,2.4649819871250958,-0.682581078947164,-0.33778318405790814,-0.37952508199787327,-0.25769265947318165,0.822549911675399,-0.23189613379288193,-0.22507379266406463,-0.15112947814982725,-0.7716917887505124,-1.53850835778766,-0.752180909315802,1.396618283575128,1.643778612451628,-0.3325227240546802,-1.1210839038927172,-0.7176724253779333,1.0,-1
0.24157044434916872,0.1282730728595042,0.7918805395212415,-0.682581078947164,-0.33778318405790814,-0.37952508199787327,-0.25769265947318165,-0.3579792230561304,-0.23189613379288193,-0.22507379266406463,-0.15112947814982725,0.14208444107585336,-0.3579792230561304,-0.5032500499113935,-0.43833500471815257,-0.12985376080478117,2.03316081545943,0.1931847291706776,1.8415979663333353,-1.0,1
0.8054172892043019,0.5017607478991917,1.210155901422205,-0.682581078947164,-0.33778318405790814,-0.37952508199787327,-0.08635961638073807,-0.3579792230561304,-0.23189613379288193,-0.22507379266406463,-0.15112947814982725,-0.6574697600222167,-1.1449986462104833,-0.7677390880285774,1.7789002186362282,2.266105760962649,2.2960145420721085,-0.06966899744200132,0.13541770519248952,1.0,1
0.1610208950841497,0.6885045854190354,2.046706625224132,-0.682581078947164,-0.33778318405790814,-0.37952508199787327,0.08497342671170552,0.822549911675399,-0.23189613379288193,-0.22507379266406463,-0.15112947814982725,-0.3148036738373295,0.822549911675399,-0.6277154796135976,-0.13250945666927252,0.32133342186570896,2.03316081545943,-0.33252272405468025,-0.2911273600927219,-1.0,1
0.5637686414092448,1.622223773018254,0.37360517762027795,0.8391905905670761,-0.33778318405790814,-0.37952508199787327,0.25630646980414906,2.0030790464069286,-0.23189613379288193,-0.22507379266406463,-0.15112947814982725,-0.37191468820147733,0.822549911675399,-0.755292545058357,1.396618283575128,1.7993603995793832,1.5074533622340722,-0.06966899744200132,-0.2911273600927219,1.0,1
1.7720118803845302,0.6885045854190354,0.37360517762027795,-0.682581078947164,-0.33778318405790814,-0.37952508199787327,0.42763951289659263,2.0030790464069286,-0.23189613379288193,4.1906596634118705,-0.15112947814982725,0.14208444107585336,1.2160596232525756,-0.6743900157519244,0.11979662047105363,0.5547061025573418,-0.858230177280038,-1.1210839038927172,-0.7176724253779333,-1.0,-1
-0.8861232453610975,-1.1789337897794019,-0.8812209080826127,-0.682581078947164,-0.33778318405790814,-0.37952508199787327,0.42763951289659263,0.822549911675399,-0.23189613379288193,-0.22507379266406463,-0.15112947814982725,0.3705284985324448,0.822549911675399,-0.5032500499113935,-0.43833500471815257,-0.0987374033792301,0.7188921823960354,-0.8582301772800381,0.13541770519248952,-1.0,-1
-0.16117730197592636,0.5017607478991917,-0.4629455461816491,-0.682581078947164,-0.33778318405790814,-0.37952508199787327,0.42763951289659263,-0.3579792230561304,-0.23189613379288193,-0.22507379266406463,-0.15112947814982725,0.25630646980414906,0.035530488521046066,-0.5810409434752711,-0.3236504241998226,0.08796074117407617,1.5074533622340722,0.1931847291706776,2.694688096903758,1.0,0
0.7248677399392829,1.8089676105380978,-0.8812209080826127,0.8391905905670761,-0.33778318405790814,-0.37952508199787327,0.4847505272607405,-1.1449986462104833,-0.23189613379288193,4.1906596634118705,-0.15112947814982725,-0.37191468820147733,0.035530488521046066,-0.5810409434752711,-0.2854222306937127,0.08796074117407617,1.7703070888467511,-0.8582301772800381,-1.1442174906631448,-1.0,-1
0.7248677399392829,0.5017607478991917,0.7918805395212415,0.8391905905670761,-0.33778318405790814,-0.37952508199787327,0.4847505272607405,-1.1449986462104833,-0.23189613379288193,-0.22507379266406463,-0.15112947814982725,-0.3148036738373295,-0.3579792230561304,-0.6899481944646998,0.11979662047105363,0.8658696768128521,1.5074533622340722,-0.5953764506673592,4.400868358044604,1.0,1
0.9665163877343399,0.1282730728595042,1.210155901422205,0.8391905905670761,-0.33778318405790814,-0.37952508199787327,0.6560835703531841,0.035530488521046066,-0.23189613379288193,-0.22507379266406463,-0.15112947814982725,0.9987496565380712,-0.3579792230561304,-0.3165519053580873,-0.5147913917303727,-0.3787846202091894,2.2960145420721085,-0.06966899744200132,1.4150529010481239,-1.0,1
1.047065936999359,-0.05847076466033954,-0.044670184280685594,0.8391905905670761,-0.33778318405790814,-0.37952508199787327,0.8274166134456277,0.822549911675399,-0.23189613379288193,-0.22507379266406463,-0.15112947814982725,0.14208444107585336,-0.7514889346333069,-0.6183805723859325,-0.2854222306937127,0.32133342186570896,2.2960145420721085,-0.06966899744200132,-0.2911273600927219,-1.0,0
0.5637686414092448,0.5017607478991917,0.7918805395212415,-0.682581078947164,-0.33778318405790814,-0.37952508199787327,-0.8288028031146603,1.2160596232525756,-0.23189613379288193,-0.22507379266406463,-0.15112947814982725,-1.0001358462071037,0.4290402000982225,-0.6899481944646998,0.4409134459223777,0.7102878896850969,1.7703070888467511,-0.5953764506673592,-1.1442174906631448,1.0,1
0.7248677399392829,1.0619922604587229,1.6284312633231686,-0.682581078947164,-0.33778318405790814,-0.37952508199787327,0.8845276278097756,1.2160596232525756,-0.23189613379288193,-0.22507379266406463,-0.15112947814982725,1.455637771451254,2.0030790464069286,-0.4161242491198507,-0.43833500471815257,-0.2605424619920955,0.9817459090087143,1.5074533622340722,1.8415979663333353,1.0,1
1.530363232589473,0.3150169103793479,0.37360517762027795,-0.682581078947164,-0.33778318405790814,2.288808259011065,1.0558606709022191,1.2160596232525756,-0.23189613379288193,-0.22507379266406463,-0.15112947814982725,-0.14347063074488592,-0.3579792230561304,-0.7210645518902509,0.6320544134529278,1.1770332510683625,1.2445996356213933,-0.8582301772800381,-0.7176724253779333,-1.0,-1
-0.9666727946261165,0.5017607478991917,-0.044670184280685594,-0.682581078947164,-0.33778318405790814,-0.37952508199787327,-1.3428019323919909,-1.53850835778766,-0.23189613379288193,4.1906596634118705,-0.15112947814982725,-1.3428019323919909,-1.53850835778766,0.4769152089934642,0.02040331735516768,-0.6588318370391487,-0.3325227240546802,0.7188921823960355,-1.1442174906631448,-1.0,1
0.32211999361418775,0.1282730728595042,0.37360517762027795,-0.682581078947164,-0.33778318405790814,-0.37952508199787327,-1.1714688892995473,-0.3579792230561304,-0.23189613379288193,-0.22507379266406463,-0.15112947814982725,-1.1714688892995473,-0.3579792230561304,-0.3943427989219649,-0.7441605527670326,-0.2232028330814342,-0.06966899744200131,-0.8582301772800381,0.9885078357629123,1.0,0
-7.820344588833574e-05,-0.431958439700027,-1.2994962699835761,-0.682581078947164,2.610663253057731,2.288808259011065,-1.1143578749353995,0.035530488521046066,-0.23189613379288193,-0.22507379266406463,-0.15112947814982725,-1.3428019323919909,-1.53850835778766,-0.19208647565588316,-0.5912477787425927,-0.44101733506029156,-0.06966899744200131,-1.1210839038927172,1.4150529010481239,-1.0,1
-0.48337549903600247,0.1282730728595042,-0.044670184280685594,-0.682581078947164,-0.33778318405790814,-0.37952508199787327,-0.9430248318429559,1.2160596232525756,-0.23189613379288193,-0.22507379266406463,-0.15112947814982725,-0.9430248318429559,1.2160596232525756,-0.5654827647624957,-0.2854222306937127,0.025728026322974037,-0.5953764506673591,-1.1210839038927172,-0.2911273600927219,1.0,1
0.8859668384693209,-1.1789337897794019,-0.8812209080826127,-0.682581078947164,2.610663253057731,2.288808259011065,-0.7716917887505124,1.2160596232525756,-0.23189613379288193,4.1906596634118705,-0.15112947814982725,-1.0572468605712517,0.035530488521046066,-0.44101733506029156,-0.6677041657548128,-0.19208647565588316,-1.121083903892717,-0.8582301772800381,0.13541770519248952,-1.0,-1
0.24157044434916872,1.8089676105380978,2.4649819871250958,2.3609622600813163,2.610663253057731,2.288808259011065,-0.7716917887505124,0.822549911675399,-0.23189613379288193,-0.22507379266406463,-0.15112947814982725,-1.285690918027843,-1.53850835778766,-0.5872642149603814,-0.5147913917303727,0.24354252830183137,-0.858230177280038,0.45603845578335656,0.13541770519248952,1.0,1
-0.3222764005059644,-1.1789337897794019,0.7918805395212415,-0.682581078947164,-0.33778318405790814,-0.37952508199787327,-0.4290257025656252,0.822549911675399,-0.23189613379288193,4.1906596634118705,-0.15112947814982725,-0.6574697600222167,1.2160596232525756,1.4881968253238729,0.8231953809834779,-0.7428460020881366,-0.858230177280038,0.7188921823960355,-0.2911273600927219,-1.0,0
0.7248677399392829,0.3150169103793479,-0.044670184280685594,-0.682581078947164,-0.33778318405790814,-0.37952508199787327,-0.37191468820147733,1.2160596232525756,-0.23189613379288193,-0.22507379266406463,-0.15112947814982725,-0.37191468820147733,-0.3579792230561304,-0.28543554793253634,-0.5912477787425927,-0.3787846202091894,-0.3325227240546802,0.45603845578335656,-0.7176724253779333,1.0,-1
1.7720118803845302,1.622223773018254,1.210155901422205,-0.682581078947164,-0.33778318405790814,-0.37952508199787327,-0.37191468820147733,0.035530488521046066,-0.23189613379288193,-0.22507379266406463,-0.15112947814982725,-0.6003587456580688,-1.1449986462104833,-0.44101733506029156,-0.5912477787425927,-0.19208647565588316,-0.5953764506673591,-1.1210839038927172,-1.1442174906631448,-1.0,-1
1.6109127818544922,1.2487360979785667,1.210155901422205,-0.682581078947164,-0.33778318405790814,-0.37952508199787327,-0.37191468820147733,-1.1449986462104833,-0.23189613379288193,-0.22507379266406463,-0.15112947814982725,-1.0572468605712517,-1.1449986462104833,-0.7210645518902509,0.4409134459223777,1.0214514639406074,-1.121083903892717,-1.1210839038927172,-1.1442174906631448,1.0,0
0.1610208950841497,-0.8054461147397145,-0.8812209080826127,-0.682581078947164,-0.33778318405790814,-0.37952508199787327,-0.3148036738373295,-1.1449986462104833,-0.23189613379288193,-0.22507379266406463,-0.15112947814982725,0.31341748416829696,0.822549911675399,2.8884329094736696,2.1611821536973284,-0.7832972667413529,-0.858230177280038,1.2445996356213933,-1.1442174906631448,-1.0,-1
-0.7250241468310595,1.2487360979785667,1.210155901422205,-0.682581078947164,-0.33778318405790814,-0.37952508199787327,-0.3148036738373295,-1.1449986462104833,-0.23189613379288193,-0.22507379266406463,-0.15112947814982725,-0.14347063074488592,0.4290402000982225,-0.2232028330814342,-0.6677041657548128,-0.4099009776347405,-1.121083903892717,0.45603845578335656,0.5619627704777009,1.0,1
1.6914623311195112,1.2487360979785667,1.6284312633231686,3.8827339295955565,-0.33778318405790814,-0.37952508199787327,-0.14347063074488592,0.035530488521046066,-0.23189613379288193,-0.22507379266406463,-0.15112947814982725,-0.7716917887505124,-1.1449986462104833,-0.456575513773067,-0.6677041657548128,-0.12985376080478117,-0.5953764506673591,-0.5953764506673592,0.5619627704777009,-1.0,1
1.208165035529397,-0.9921899522595582,-0.8812209080826127,-0.682581078947164,-0.33778318405790814,-0.37952508199787327,0.027862412347557656,0.822549911675399,-0.23189613379288193,-0.22507379266406463,-0.15112947814982725,-0.48613671692977306,0.822549911675399,-0.5872642149603814,-0.3236504241998226,0.1501934560251783,-0.858230177280038,-0.33252272405468025,-0.2911273600927219,1.0,-1
1.288714584794416,-0.9921899522595582,-0.044670184280685594,-0.682581078947164,-0.33778318405790814,-0.37952508199787327,0.027862412347557656,0.822549911675399,-0.23189613379288193,-0.22507379266406463,-0.15112947814982725,-0.6574697600222167,-1.53850835778766,-0.48769187119861807,-0.5147913917303727,-0.12985376080478117,-0.858230177280038,-0.33252272405468025,1.4150529010481239,-1.0,1
1.449813683324454,-0.6187022772198708,0.37360517762027795,-0.682581078947164,-0.33778318405790814,-0.37952508199787327,0.19919545544000122,0.822549911675399,-0.23189613379288193,-0.22507379266406463,-0.15112947814982725,1.112971685266367,2.0030790464069286,-0.0987374033792301,-0.5147913917303727,-0.5032500499113935,-0.06966899744200131,-0.33252272405468025,0.13541770519248952,1.0,-1
0.08047134581913068,1.2487360979785667,1.6284312633231686,0.8391905905670761,-0.33778318405790814,-0.37952508199787327,0.19919545544000122,-0.3579792230561304,-0.23189613379288193,-0.22507379266406463,-0.15112947814982725,-0.48613671692977306,-1.1449986462104833,-0.5032500499113935,-0.5147913917303727,-0.06762104595367903,-0.3325227240546802,0.1931847291706776,-0.2911273600927219,-1.0,1
0.8859668384693209,0.6885045854190354,1.6284312633231686,-0.682581078947164,-0.33778318405790814,-0.37952508199787327,0.3705284985324448,0.822549911675399,-0.23189613379288193,-0.22507379266406463,-0.15112947814982725,0.42763951289659263,0.822549911675399,-0.0987374033792301,-0.43833500471815257,-0.5032500499113935,-0.858230177280038,0.7188921823960355,0.13541770519248952,1.0,1
1.047065936999359,0.1282730728595042,-0.044670184280685594,-0.682581078947164,-0.33778318405790814,-0.37952508199787327,0.5418615416248884,0.822549911675399,-0.23189613379288193,-0.22507379266406463,-0.15112947814982725,-0.37191468820147733,-1.53850835778766,-0.5188082286241692,-0.5147913917303727,-0.03650468852812796,-0.5953764506673591,0.45603845578335656,0.13541770519248952,-1.0,0
1.6914623311195112,1.4354799354984105,0.7918805395212415,-0.682581078947164,-0.33778318405790814,-0.37952508199787327,0.5989725559890362,1.2160596232525756,-0.23189613379288193,-0.22507379266406463,-0.15112947814982725,-0.37191468820147733,-1.1449986462104833,-0.7428460020881366,0.8231953809834779,1.4881968253238729,-0.858230177280038,-0.06966899744200132,-0.7176724253779333,1.0,1
1.8525614296495492,0.8752484229388792,1.210155901422205,0.8391905905670761,-0.33778318405790814,-0.37952508199787327,0.7703055990814798,1.2160596232525756,-0.23189613379288193,-0.22507379266406463,-0.15112947814982725,0.027862412347557656,-1.1449986462104833,-0.5343664073369446,-0.5147913917303727,0.025728026322974037,-0.5953764506673591,-0.33252272405468025,0.9885078357629123,-1.0,0
1.208165035529397,1.622223773018254,1.210155901422205,0.8391905905670761,-0.33778318405790814,-0.37952508199787327,0.8274166134456277,0.4290402000982225,-0.23189613379288193,-0.22507379266406463,-0.15112947814982725,0.6560835703531841,0.035530488521046066,-0.6432736583263733,-0.2854222306937127,0.5547061025573418,-1.121083903892717,-0.5953764506673592,0.13541770519248952,1.0,-1
1.208165035529397,1.2487360979785667,1.6284312633231686,-0.682581078947164,2.610663253057731,2.288808259011065,0.8274166134456277,0.035530488521046066,-0.23189613379288193,-0.22507379266406463,-0.15112947814982725,-0.029248602016590203,0.035530488521046066,-0.5965991221880467,-0.43833500471815257,0.24354252830183137,0.1931847291706776,-1.1210839038927172,1.4150529010481239,1.0,1
0.9665163877343399,0.5017607478991917,-0.4629455461816491,-0.682581078947164,-0.33778318405790814,-0.37952508199787327,0.9987496565380712,0.035530488521046066,-0.23189613379288193,-0.22507379266406463,-0.15112947814982725,-0.08635961638073807,-0.3579792230561304,-0.5499245860497202,-0.43833500471815257,0.010169847610198573,-0.3325227240546802,-1.1210839038927172,-0.2911273600927219,-1.0,0
0.5637686414092448,-0.2452146021801833,0.37360517762027795,0.8391905905670761,-0.33778318405790814,-0.37952508199787327,-0.6003587456580688,0.822549911675399,-0.23189613379288193,-0.22507379266406463,-0.15112947814982725,-0.9430248318429559,-0.3579792230561304,-0.7086180089200305,0.02040331735516768,1.3326150381961177,-0.5953764506673591,-0.33252272405468025,1.4150529010481239,1.0,1
-0.48337549903600247,-0.8054461147397145,-0.4629455461816491,-0.682581078947164,-0.33778318405790814,-0.37952508199787327,-1.3428019323919909,-1.53850835778766,-0.23189613379288193,-0.22507379266406463,-0.15112947814982725,-1.3428019323919909,-1.53850835778766,-0.06762104595367903,-0.3236504241998226,-0.5343664073369446,-1.121083903892717,-0.5953764506673592,-1.1442174906631448,-1.0,0
-1.2888709916861927,0.1282730728595042,1.210155901422205,0.8391905905670761,-0.33778318405790814,-0.37952508199787327,-1.285690918027843,-1.1449986462104833,-0.23189613379288193,-0.22507379266406463,-0.15112947814982725,-1.3428019323919909,-1.53850835778766,0.010169847610198573,-0.5147913917303727,-0.5343664073369446,-1.121083903892717,-0.5953764506673592,-1.1442174906631448,1.0,1
0.5637686414092448,0.1282730728595042,0.37360517762027795,-0.682581078947164,-0.33778318405790814,-0.37952508199787327,-1.1143578749353995,0.035530488521046066,-0.23189613379288193,-0.22507379266406463,-0.15112947814982725,-1.2285799036636953,-0.7514889346333069,-0.25431919050698526,-0.5912477787425927,-0.3943427989219649,-1.121083903892717,-1.1210839038927172,-1.1442174906631448,-1.0,-1
0.6443181906742638,1.4354799354984105,0.37360517762027795,-0.682581078947164,-0.33778318405790814,-0.37952508199787327,-1.1143578749353995,0.035530488521046066,-0.23189613379288193,-0.22507379266406463,-0.15112947814982725,-1.285690918027843,-1.1449986462104833,-0.5343664073369446,-0.5147913917303727,0.010169847610198573,-0.5953764506673591,-1.1210839038927172,-1.1442174906631448,1.0,0
0.08047134581913068,-0.6187022772198708,-0.4629455461816491,-0.682581078947164,-0.33778318405790814,-0.37952508199787327,-1.0572468605712517,0.035530488521046066,-0.23189613379288193,-0.22507379266406463,-0.15112947814982725,-1.1143578749353995,0.035530488521046066,-0.03650468852812796,-0.5912477787425927,-0.5188082286241692,-1.121083903892717,-1.1210839038927172,-0.2911273600927219,-1.0,0
-1.4499700902162307,0.1282730728595042,1.210155901422205,2.3609622600813163,2.610663253057731,2.288808259011065,-1.0001358462071037,-0.7514889346333069,-0.23189613379288193,-0.22507379266406463,-0.15112947814982725,-0.885913817478808,0.035530488521046066,-0.5032500499113935,-0.5147913917303727,-0.0987374033792301,-1.121083903892717,-0.8582301772800381,-0.7176724253779333,1.0,1
-1.0472223438911357,-1.3656776272992457,-0.8812209080826127,0.8391905905670761,-0.33778318405790814,-0.37952508199787327,-0.6574697600222167,1.2160596232525756,-0.23189613379288193,-0.22507379266406463,-0.15112947814982725,-0.3148036738373295,0.822549911675399,0.1501934560251783,-0.2854222306937127,-0.5965991221880467,-0.858230177280038,-0.8582301772800381,-1.1442174906631448,1.0,-1
0.6443181906742638,0.1282730728595042,-0.044670184280685594,0.8391905905670761,-0.33778318405790814,-0.37952508199787327,-0.6574697600222167,0.822549911675399,-0.23189613379288193,-0.22507379266406463,-0.15112947814982725,-0.885913817478808,0.4290402000982225,-0.47213369248584247,-0.5912477787425927,-0.12985376080478117,-1.121083903892717,-1.1210839038927172,-1.1442174906631448,-1.0,0
-0.3222764005059644,-1.3656776272992457,-0.8812209080826127,-0.682581078947164,2.610663253057731,2.288808259011065,-0.6003587456580688,0.035530488521046066,-0.23189613379288193,4.1906596634118705,-0.15112947814982725,-0.7145807743863645,0.4290402000982225,0.1501934560251783,-0.2854222306937127,-0.5872642149603814,-1.121083903892717,-0.8582301772800381,-0.7176724253779333,-1.0,-1
-1.7721682872763067,-1.1789337897794019,-1.2994962699835761,-0.682581078947164,2.610663253057731,2.288808259011065,-0.6003587456580688,-1.1449986462104833,-0.23189613379288193,-0.22507379266406463,-0.15112947814982725,-0.37191468820147733,0.035530488521046066,-0.19208647565588316,-0.5912477787425927,-0.44101733506029156,-1.121083903892717,-0.5953764506673592,-1.1442174906631448,1.0,1
-1.2888709916861927,-0.8054461147397145,0.37360517762027795,-0.682581078947164,-0.33778318405790814,-0.37952508199787327,-0.4290257025656252,0.035530488521046066,-0.23189613379288193,-0.22507379266406463,-0.15112947814982725,-0.25769265947318165,2.0030790464069286,0.32133342186570896,-0.2854222306937127,-0.6214922081284875,-0.858230177280038,-0.8582301772800381,-1.1442174906631448,1.0,0
0.40266954287920675,-0.05847076466033954,-0.4629455461816491,-0.682581078947164,-0.33778318405790814,-0.37952508199787327,-0.37191468820147733,0.035530488521046066,-0.23189613379288193,-0.22507379266406463,-0.15112947814982725,-0.8288028031146603,-1.1449986462104833,-0.06762104595367903,-0.5147913917303727,-0.5032500499113935,-0.858230177280038,-1.1210839038927172,-0.7176724253779333,-1.0,-1
0.6443181906742638,-0.05847076466033954,-0.4629455461816491,-0.682581078947164,-0.33778318405790814,-0.37952508199787327,-0.37191468820147733,0.035530488521046066,-0.23189613379288193,-0.22507379266406463,-0.15112947814982725,-0.8288028031146603,-0.3579792230561304,-0.47213369248584247,-0.5912477787425927,-0.12985376080478117,-0.858230177280038,-0.8582301772800381,-1.1442174906631448,1.0,0
0.1610208950841497,-1.3656776272992457,-1.2994962699835761,-0.682581078947164,2.610663253057731,2.288808259011065,-0.3148036738373295,-0.7514889346333069,-0.23189613379288193,4.1906596634118705,-0.15112947814982725,-0.8288028031146603,0.035530488521046066,-0.3476682627836383,-0.6677041657548128,-0.3009937266453118,-1.121083903892717,-1.1210839038927172,-1.1442174906631448,-1.0,0
-1.9332673858063447,-0.431958439700027,1.210155901422205,-0.682581078947164,-0.33778318405790814,-0.37952508199787327,-0.25769265947318165,-0.7514889346333069,-0.23189613379288193,-0.22507379266406463,-0.15112947814982725,0.8274166134456277,2.0030790464069286,4.133087206495711,2.9257460238195288,-0.8019670811966837,-1.121083903892717,-0.5953764506673592,-1.1442174906631448,-1.0,1
-0.8861232453610975,-0.6187022772198708,-0.044670184280685594,-0.682581078947164,-0.33778318405790814,-0.37952508199787327,-0.08635961638073807,0.4290402000982225,-0.23189613379288193,-0.22507379266406463,-0.15112947814982725,0.31341748416829696,0.822549911675399,0.08796074117407617,-0.43833500471815257,-0.5623711290199406,-1.121083903892717,-0.8582301772800381,-0.7176724253779333,1.0,0
-1.0472223438911357,-0.6187022772198708,0.7918805395212415,0.8391905905670761,-0.33778318405790814,-0.37952508199787327,-0.029248602016590203,0.4290402000982225,-0.23189613379288193,-0.22507379266406463,-0.15112947814982725,-0.5432477312939209,-1.53850835778766,-0.03650468852812796,-0.43833500471815257,-0.5343664073369446,-0.5953764506673591,-1.1210839038927172,-1.1442174906631448,-1.0,1
-1.7721682872763067,-0.431958439700027,1.210155901422205,-0.682581078947164,-0.33778318405790814,-0.37952508199787327,0.14208444107585336,1.2160596232525756,-0.23189613379288193,-0.22507379266406463,-0.15112947814982725,0.42763951289659263,2.0030790464069286,0.5547061025573418,0.11979662047105363,-0.6743900157519244,-1.121083903892717,-0.8582301772800381,-0.7176724253779333,1.0,1
-7.820344588833574e-05,-0.2452146021801833,-0.4629455461816491,-0.682581078947164,2.610663253057731,2.288808259011065,0.31341748416829696,1.2160596232525756,-0.23189613379288193,-0.22507379266406463,-0.15112947814982725,-0.4290257025656252,-1.53850835778766,-0.6432736583263733,-0.13250945666927252,0.4769152089934642,-1.121083903892717,-1.1210839038927172,-0.7176724253779333,1.0,1
-0.6444745975660405,-1.1789337897794019,-1.7177716318845397,0.8391905905670761,-0.33778318405790814,-0.37952508199787327,0.4847505272607405,2.0030790464069286,-0.23189613379288193,-0.22507379266406463,-0.15112947814982725,-0.3148036738373295,-0.7514889346333069,-0.2605424619920955,-0.43833500471815257,-0.4161242491198507,-0.858230177280038,-0.8582301772800381,-0.7176724253779333,-1.0,0
-0.08062775271090736,0.3150169103793479,-0.4629455461816491,-0.682581078947164,-0.33778318405790814,-0.37952508199787327,0.5418615416248884,1.2160596232525756,-0.23189613379288193,-0.22507379266406463,-0.15112947814982725,-0.48613671692977306,-0.3579792230561304,-0.5810409434752711,-0.43833500471815257,0.1501934560251783,-0.858230177280038,-0.8582301772800381,-1.1442174906631448,1.0,1
-1.5305196394812497,-0.6187022772198708,-0.8812209080826127,-0.682581078947164,-0.33778318405790814,-0.37952508199787327,0.713194584717332,1.2160596232525756,-0.23189613379288193,-0.22507379266406463,-0.15112947814982725,1.6840818289078456,0.822549911675399,1.0214514639406074,0.4409134459223777,-0.7086180089200305,-0.858230177280038,-0.5953764506673592,-1.1442174906631448,-1.0,0
0.7248677399392829,-0.05847076466033954,0.37360517762027795,-0.682581078947164,-0.33778318405790814,-0.37952508199787327,0.7703055990814798,0.4290402000982225,-0.23189613379288193,-0.22507379266406463,-0.15112947814982725,0.08497342671170552,-0.7514889346333069,-0.5872642149603814,-0.5147913917303727,0.24354252830183137,-1.121083903892717,-1.1210839038927172,0.13541770519248952,1.0,0
-1.0472223438911357,0.1282730728595042,0.37360517762027795,2.3609622600813163,2.610663253057731,2.288808259011065,0.8274166134456277,0.4290402000982225,-0.23189613379288193,-0.22507379266406463,-0.15112947814982725,0.8845276278097756,1.2160596232525756,-0.5499245860497202,-0.43833500471815257,0.010169847610198573,-1.121083903892717,-0.8582301772800381,-1.1442174906631448,1.0,1
1.369264134059435,-0.05847076466033954,-0.4629455461816491,0.8391905905670761,-0.33778318405790814,-0.37952508199787327,0.9987496565380712,0.4290402000982225,-0.23189613379288193,-0.22507379266406463,-0.15112947814982725,-0.08635961638073807,0.035530488521046066,-0.3165519053580873,-0.7059323592609227,-0.3165519053580873,-0.5953764506673591,-1.1210839038927172,-0.7176724253779333,-1.0,-1
-1.2888709916861927,-0.2452146021801833,-0.044670184280685594,-0.682581078947164,-0.33778318405790814,-0.37952508199787327,-0.8288028031146603,0.4290402000982225,-0.23189613379288193,-0.22507379266406463,-0.15112947814982725,-0.9430248318429559,-0.3579792230561304,-0.3787846202091894,-0.7059323592609227,-0.2605424619920955,-0.5953764506673591,-0.8582301772800381,-1.1442174906631448,-1.0,1
-1.3694205409512117,-0.8054461147397145,-0.8812209080826127,-0.682581078947164,2.610663253057731,2.288808259011065,-1.3428019323919909,-1.53850835778766,-0.23189613379288193,-0.22507379266406463,-0.15112947814982725,-1.3428019323919909,-1.53850835778766,2.266105760962649,1.396618283575128,-0.7677390880285774,-0.3325227240546802,0.9817459090087144,-0.7176724253779333,1.0,0
-0.7250241468310595,-0.8054461147397145,-0.8812209080826127,-0.682581078947164,-0.33778318405790814,2.288808259011065,-1.285690918027843,-1.1449986462104833,-0.23189613379288193,-0.22507379266406463,-0.15112947814982725,-1.3428019323919909,-1.53850835778766,-0.16097011823033208,-0.6677041657548128,-0.44101733506029156,-0.5953764506673591,-0.06966899744200132,-0.2911273600927219,-1.0,0
-0.5639250483010215,1.0619922604587229,2.046706625224132,0.8391905905670761,-0.33778318405790814,-0.37952508199787327,-1.2285799036636953,-0.7514889346333069,-0.23189613379288193,-0.22507379266406463,-0.15112947814982725,-1.1143578749353995,0.035530488521046066,-0.3943427989219649,-0.5912477787425927,-0.25431919050698526,-1.121083903892717,-1.1210839038927172,-1.1442174906631448,1.0,1
-1.6916187380112877,-0.2452146021801833,-0.4629455461816491,-0.682581078947164,-0.33778318405790814,-0.37952508199787327,-1.0572468605712517,0.4290402000982225,-0.23189613379288193,-0.22507379266406463,-0.15112947814982725,-0.8288028031146603,2.0030790464069286,1.643778612451628,1.205477316044578,-0.752180909315802,-0.858230177280038,0.7188921823960355,0.13541770519248952,-1.0,-1
-0.8861232453610975,-0.431958439700027,-0.4629455461816491,0.8391905905670761,-0.33778318405790814,-0.37952508199787327,-1.0572468605712517,0.035530488521046066,-0.23189613379288193,-0.22507379266406463,-0.15112947814982725,-0.7716917887505124,1.2160596232525756,-0.19208647565588316,-0.6677041657548128,-0.44101733506029156,-0.858230177280038,-1.1210839038927172,0.13541770519248952,1.0,1
-0.16117730197592636,-0.6187022772198708,-0.4629455461816491,-0.682581078947164,-0.33778318405790814,-0.37952508199787327,-0.885913817478808,0.822549911675399,-0.23189613379288193,-0.22507379266406463,-0.15112947814982725,-0.7145807743863645,1.2160596232525756,0.8658696768128521,0.24977247839182762,-0.6899481944646998,-0.858230177280038,1.5074533622340722,-0.7176724253779333,-1.0,-1
0.7248677399392829,0.5017607478991917,1.210155901422205,2.3609622600813163,-0.33778318405790814,-0.37952508199787327,-0.7145807743863645,0.822549911675399,-0.23189613379288193,-0.22507379266406463,-0.15112947814982725,-1.1143578749353995,-1.53850835778766,-0.3414449912985281,-0.6677041657548128,-0.3009937266453118,-1.121083903892717,-1.1210839038927172,-1.1442174906631448,-1.0,1
-1.3694205409512117,-1.7391653023389333,-1.2994962699835761,-0.682581078947164,-0.33778318405790814,-0.37952508199787327,-0.5432477312939209,0.822549911675399,3.886259345632435,-0.22507379266406463,-0.15112947814982725,-0.885913817478808,-0.7514889346333069,-0.2232028330814342,-0.5912477787425927,-0.4192358848624057,-0.06966899744200131,0.1931847291706776,0.13541770519248952,1.0,-1
-7.820344588833574e-05,-0.8054461147397145,-0.8812209080826127,0.8391905905670761,-0.33778318405790814,-0.37952508199787327,-0.5432477312939209,0.822549911675399,-0.23189613379288193,-0.22507379266406463,-0.15112947814982725,-0.9430248318429559,-0.3579792230561304,0.32133342186570896,-0.2854222306937127,-0.6214922081284875,-0.5953764506673591,0.45603845578335656,-0.2911273600927219,-1.0,-1
1.530363232589473,1.0619922604587229,-0.4629455461816491,-0.682581078947164,2.610663253057731,2.288808259011065,-0.5432477312939209,-0.3579792230561304,-0.23189613379288193,-0.22507379266406463,-0.15112947814982725,-0.6574697600222167,0.4290402000982225,-0.5810409434752711,-0.3236504241998226,0.08796074117407617,-0.858230177280038,-0.8582301772800381,-1.1442174906631448,1.0,0
0.8054172892043019,0.8752484229388792,0.7918805395212415,0.8391905905670761,2.610663253057731,2.288808259011065,-0.48613671692977306,-1.1449986462104833,-0.23189613379288193,-0.22507379266406463,-0.15112947814982725,-0.8288028031146603,-0.7514889346333069,-0.25431919050698526,-0.6677041657548128,-0.3787846202091894,-0.3325227240546802,-0.33252272405468025,0.5619627704777009,1.0,1
-0.5639250483010215,-0.2452146021801833,-0.044670184280685594,-0.682581078947164,-0.33778318405790814,-0.37952508199787327,-0.3148036738373295,0.035530488521046066,-0.23189613379288193,-0.22507379266406463,-0.15112947814982725,-0.7716917887505124,-1.53850835778766,-0.03650468852812796,-0.5147913917303727,-0.5188082286241692,-1.121083903892717,-0.5953764506673592,-1.1442174906631448,-1.0,1
0.48321909214422576,2.1824552855777855,0.7918805395212415,-0.682581078947164,-0.33778318405790814,-0.37952508199787327,-0.14347063074488592,1.2160596232525756,-0.23189613379288193,-0.22507379266406463,-0.15112947814982725,-0.6003587456580688,-0.3579792230561304,-0.4192358848624057,-0.5912477787425927,-0.2232028330814342,-0.5953764506673591,0.9817459090087144,-0.2911273600927219,1.0,0
-1.6110691887462687,-1.7391653023389333,-1.2994962699835761,-0.682581078947164,2.610663253057731,2.288808259011065,-0.08635961638073807,1.2160596232525756,-0.23189613379288193,-0.22507379266406463,-0.15112947814982725,0.6560835703531841,2.0030790464069286,4.755414355006732,4.072591829002829,-0.8113019884243488,-1.121083903892717,1.5074533622340722,-0.2911273600927219,-1.0,-1
0.24157044434916872,0.3150169103793479,1.210155901422205,-0.682581078947164,-0.33778318405790814,-0.37952508199787327,-0.08635961638073807,0.035530488521046066,-0.23189613379288193,-0.22507379266406463,-0.15112947814982725,0.08497342671170552,0.035530488521046066,0.025728026322974037,-0.2854222306937127,-0.5654827647624957,-1.121083903892717,1.2445996356213933,0.13541770519248952,1.0,-1
1.127615486264378,1.9957114480579417,2.4649819871250958,0.8391905905670761,-0.33778318405790814,-0.37952508199787327,-0.08635961638073807,-1.1449986462104833,-0.23189613379288193,-0.22507379266406463,-0.15112947814982725,-0.20058164510903378,0.822549911675399,-0.06762104595367903,-0.43833500471815257,-0.5188082286241692,-0.858230177280038,-0.33252272405468025,-0.2911273600927219,-1.0,1
0.9665163877343399,-0.9921899522595582,-1.2994962699835761,-0.682581078947164,-0.33778318405790814,2.288808259011065,0.08497342671170552,-0.3579792230561304,-0.23189613379288193,-0.22507379266406463,-0.15112947814982725,-0.6574697600222167,-1.53850835778766,-0.5499245860497202,-0.43833500471815257,0.010169847610198573,-0.858230177280038,-0.06966899744200132,0.13541770519248952,1.0,1
-0.8861232453610975,-0.2452146021801833,-0.8812209080826127,-0.682581078947164,-0.33778318405790814,-0.37952508199787327,0.25630646980414906,0.822549911675399,-0.23189613379288193,-0.22507379266406463,-0.15112947814982725,-0.37191468820147733,-0.3579792230561304,-0.19208647565588316,-0.43833500471815257,-0.47213369248584247,-0.858230177280038,-0.5953764506673592,-0.7176724253779333,-1.0,1
-0.16117730197592636,-0.8054461147397145,-0.4629455461816491,-0.682581078947164,-0.33778318405790814,-0.37952508199787327,-0.885913817478808,-0.3579792230561304,-0.23189613379288193,-0.22507379266406463,-0.15112947814982725,-0.7716917887505124,0.822549911675399,-0.12985376080478117,-0.5147913917303727,-0.48769187119861807,-1.121083903892717,0.9817459090087144,0.5619627704777009,1.0,1
-0.9666727946261165,-1.5524214648190895,-1.7177716318845397,-0.682581078947164,-0.33778318405790814,2.288808259011065,0.42763951289659263,2.0030790464069286,-0.23189613379288193,-0.22507379266406463,-0.15112947814982725,0.6560835703531841,0.4290402000982225,0.8658696768128521,0.11979662047105363,-0.6899481944646998,-0.06966899744200131,0.45603845578335656,0.13541770519248952,-1.0,-1
0.32211999361418775,-0.431958439700027,0.37360517762027795,0.8391905905670761,-0.33778318405790814,-0.37952508199787327,0.42763951289659263,0.822549911675399,-0.23189613379288193,-0.22507379266406463,-0.15112947814982725,0.5418615416248884,-0.3579792230561304,-0.12985376080478117,-0.43833500471815257,-0.5032500499113935,-0.858230177280038,1.7703070888467514,-0.7176724253779333,1.0,-1
-1.2888709916861927,-0.431958439700027,-0.044670184280685594,-0.682581078947164,-0.33778318405790814,-0.37952508199787327,0.42763951289659263,-0.3579792230561304,-0.23189613379288193,-0.22507379266406463,-0.15112947814982725,0.31341748416829696,0.035530488521046066,0.4769152089934642,-0.13250945666927252,-0.6526085655540386,-0.858230177280038,0.9817459090087144,0.5619627704777009,-1.0,0
-7.820344588833574e-05,0.6885045854190354,-0.4629455461816491,0.8391905905670761,-0.33778318405790814,-0.37952508199787327,0.4847505272607405,-1.1449986462104833,-0.23189613379288193,-0.22507379266406463,-0.15112947814982725,0.027862412347557656,1.2160596232525756,-0.5623711290199406,-0.5147913917303727,0.1906447206783946,-0.858230177280038,-1.1210839038927172,-1.1442174906631448,1.0,1
-1.2083214424211737,-1.3656776272992457,-0.8812209080826127,-0.682581078947164,-0.33778318405790814,-0.37952508199787327,0.6560835703531841,0.035530488521046066,-0.23189613379288193,-0.22507379266406463,-0.15112947814982725,0.8274166134456277,0.4290402000982225,0.5547061025573418,-0.2854222306937127,-0.6432736583263733,-0.5953764506673591,-1.1210839038927172,0.13541770519248952,-1.0,1
0.08047134581913068,-0.431958439700027,0.37360517762027795,0.8391905905670761,-0.33778318405790814,-0.37952508199787327,0.8274166134456277,1.2160596232525756,-0.23189613379288193,-0.22507379266406463,-0.15112947814982725,-0.029248602016590203,0.822549911675399,-0.3787846202091894,-0.7441605527670326,-0.2232028330814342,-0.5953764506673591,-0.06966899744200132,0.13541770519248952,1.0,0
1.047065936999359,-0.6187022772198708,0.37360517762027795,0.8391905905670761,-0.33778318405790814,-0.37952508199787327,0.8845276278097756,1.2160596232525756,-0.23189613379288193,-0.22507379266406463,-0.15112947814982725,0.8274166134456277,0.4290402000982225,0.010169847610198573,-0.43833500471815257,-0.5499245860497202,-0.858230177280038,-1.1210839038927172,-1.1442174906631448,-1.0,-1
-0.40282594977098346,-0.05847076466033954,-0.8812209080826127,-0.682581078947164,-0.33778318405790814,-0.37952508199787327,0.8845276278097756,0.035530488521046066,-0.23189613379288193,-0.22507379266406463,-0.15112947814982725,2.255191972549324,2.0030790464069286,0.7102878896850969,-0.13250945666927252,-0.668166744266814,-0.858230177280038,0.9817459090087144,0.13541770519248952,1.0,-1
0.9665163877343399,0.3150169103793479,0.37360517762027795,0.8391905905670761,2.610663253057731,2.288808259011065,-1.3428019323919909,-1.53850835778766,-0.23189613379288193,-0.22507379266406463,-0.15112947814982725,-1.3428019323919909,-1.53850835778766,-0.6557202012965936,-0.13250945666927252,0.5547061025573418,1.7703070888467511,0.7188921823960355,0.9885078357629123,-1.0,1
1.047065936999359,0.6885045854190354,-0.4629455461816491,-0.682581078947164,-0.33778318405790814,-0.37952508199787327,-1.1714688892995473,-0.3579792230561304,-0.23189613379288193,-0.22507379266406463,-0.15112947814982725,-1.1714688892995473,-0.3579792230561304,-0.456575513773067,-0.5912477787425927,-0.16097011823033208,2.03316081545943,-0.06966899744200132,2.2681430316185467,1.0,0
0.8859668384693209,0.3150169103793479,-0.4629455461816491,-0.682581078947164,-0.33778318405790814,-0.37952508199787327,-1.1143578749353995,0.035530488521046066,3.886259345632435,-0.22507379266406463,6.616842804212003,-1.1143578749353995,0.035530488521046066,-0.6806132872370344,0.24977247839182762,0.6324969961212193,-0.3325227240546802,-1.1210839038927172,-0.7176724253779333,-1.0,-1
-0.40282594977098346,-0.9921899522595582,-0.044670184280685594,-0.682581078947164,-0.33778318405790814,-0.37952508199787327,-1.1143578749353995,0.035530488521046066,3.886259345632435,-0.22507379266406463,6.616842804212003,-1.285690918027843,-1.1449986462104833,-0.7210645518902509,0.6320544134529278,1.0214514639406074,0.7188921823960354,-0.33252272405468025,1.4150529010481239,1.0,1
1.369264134059435,-0.431958439700027,-0.044670184280685594,-0.682581078947164,-0.33778318405790814,-0.37952508199787327,-0.9430248318429559,0.035530488521046066,-0.23189613379288193,-0.22507379266406463,-0.15112947814982725,-1.1143578749353995,0.035530488521046066,-0.6557202012965936,-0.13250945666927252,0.4769152089934642,1.7703070888467511,-0.33252272405468025,1.4150529010481239,-1.0,-1
1.369264134059435,-0.8054461147397145,-0.4629455461816491,-0.682581078947164,-0.33778318405790814,-0.37952508199787327,-0.9430248318429559,-0.3579792230561304,-0.23189613379288193,-0.22507379266406463,-0.15112947814982725,-1.1143578749353995,0.035530488521046066,-0.6743900157519244,0.24977247839182762,0.5547061025573418,2.03316081545943,0.45603845578335656,0.5619627704777009,1.0,1
1.127615486264378,0.1282730728595042,-0.4629455461816491,-0.682581078947164,-0.33778318405790814,-0.37952508199787327,-0.7716917887505124,-0.3579792230561304,-0.23189613379288193,-0.22507379266406463,-0.15112947814982725,-0.9430248318429559,-0.7514889346333069,-0.5810409434752711,-0.43833500471815257,0.1501934560251783,2.5588682686847877,-0.06966899744200132,-1.1442174906631448,-1.0,1
0.5637686414092448,1.4354799354984105,1.210155901422205,-0.682581078947164,-0.33778318405790814,-0.37952508199787327,-0.6003587456580688,0.822549911675399,-0.23189613379288193,-0.22507379266406463,-0.15112947814982725,-1.0001358462071037,-1.53850835778766,-0.7210645518902509,0.24977247839182762,1.3326150381961177,0.1931847291706776,-0.33252272405468025,0.5619627704777009,1.0,1
0.6443181906742638,-0.8054461147397145,-0.044670184280685594,0.8391905905670761,-0.33778318405790814,-0.37952508199787327,-0.4290257025656252,0.822549911675399,-0.23189613379288193,-0.22507379266406463,-0.15112947814982725,-0.8288028031146603,0.4290402000982225,-0.5965991221880467,-0.3236504241998226,0.1906447206783946,2.03316081545943,-0.33252272405468025,0.13541770519248952,-1.0,1
1.288714584794416,0.3150169103793479,0.37360517762027795,-0.682581078947164,-0.33778318405790814,-0.37952508199787327,-0.25769265947318165,2.0030790464069286,-0.23189613379288193,-0.22507379266406463,-0.15112947814982725,-0.4290257025656252,0.035530488521046066,-0.6214922081284875,-0.2854222306937127,0.32133342186570896,-0.858230177280038,-0.8582301772800381,-1.1442174906631448,-1.0,0
-0.16117730197592636,-1.3656776272992457,-1.2994962699835761,-0.682581078947164,2.610663253057731,2.288808259011065,-0.20058164510903378,1.2160596232525756,-0.23189613379288193,-0.22507379266406463,-0.15112947814982725,-0.14347063074488592,1.2160596232525756,-0.5188082286241692,-0.5147913917303727,-0.06762104595367903,0.4560384557833565,0.7188921823960355,3.547778227474181,1.0,0
0.7248677399392829,0.5017607478991917,1.210155901422205,-0.682581078947164,-0.33778318405790814,-0.37952508199787327,-0.14347063074488592,0.4290402000982225,-0.23189613379288193,8.606393119487805,-0.15112947814982725,-0.3148036738373295,-1.1449986462104833,-0.4099009776347405,-0.6677041657548128,-0.2232028330814342,0.4560384557833565,-1.1210839038927172,0.5619627704777009,-1.0,-1
-0.40282594977098346,-1.3656776272992457,-1.2994962699835761,-0.682581078947164,-0.33778318405790814,-0.37952508199787327,-0.14347063074488592,-0.7514889346333069,-0.23189613379288193,-0.22507379266406463,-0.15112947814982725,0.5989725559890362,0.035530488521046066,-0.363226441496414,-0.5912477787425927,-0.3165519053580873,1.7703070888467511,0.7188921823960355,1.4150529010481239,1.0,-1
0.08047134581913068,-1.3656776272992457,-0.8812209080826127,-0.682581078947164,-0.33778318405790814,-0.37952508199787327,-0.14347063074488592,-1.1449986462104833,-0.23189613379288193,-0.22507379266406463,-0.15112947814982725,0.19919545544000122,2.0030790464069286,-0.2232028330814342,-0.5912477787425927,-0.42545915634751597,2.2960145420721085,0.45603845578335656,0.13541770519248952,-1.0,-1
0.8054172892043019,0.5017607478991917,0.37360517762027795,-0.682581078947164,-0.33778318405790814,-0.37952508199787327,-0.14347063074488592,-1.53850835778766,-0.23189613379288193,-0.22507379266406463,-0.15112947814982725,-0.4290257025656252,-0.3579792230561304,-0.752180909315802,1.014336348514028,1.9549421867071386,0.1931847291706776,-0.06966899744200132,-0.7176724253779333,1.0,1
1.6914623311195112,-0.9921899522595582,-0.8812209080826127,-0.682581078947164,-0.33778318405790814,-0.37952508199787327,0.027862412347557656,-0.3579792230561304,-0.23189613379288193,-0.22507379266406463,-0.15112947814982725,-0.6003587456580688,0.035530488521046066,-0.6277154796135976,-0.2854222306937127,0.39912431542958654,-1.121083903892717,-1.1210839038927172,-1.1442174906631448,-1.0,0
-0.16117730197592636,-0.8054461147397145,-0.8812209080826127,-0.682581078947164,-0.33778318405790814,-0.37952508199787327,0.08497342671170552,0.035530488521046066,-0.23189613379288193,-0.22507379266406463,-0.15112947814982725,1.0558606709022191,0.035530488521046066,0.39912431542958654,-0.13250945666927252,-0.637050386841263,1.2445996356213933,2.0331608154594303,0.13541770519248952,1.0,-1
0.1610208950841497,1.4354799354984105,2.4649819871250958,0.8391905905670761,-0.33778318405790814,-0.37952508199787327,-0.7716917887505124,0.822549911675399,3.886259345632435,-0.22507379266406463,-0.15112947814982725,-0.885913817478808,-0.3579792230561304,-0.48769187119861807,-0.5147913917303727,-0.12985376080478117,0.9817459090087143,-1.1210839038927172,0.5619627704777009,-1.0,-1
0.8859668384693209,0.5017607478991917,0.37360517762027795,-0.682581078947164,-0.33778318405790814,-0.37952508199787327,0.08497342671170552,0.035530488521046066,-0.23189613379288193,-0.22507379266406463,-0.15112947814982725,-0.029248602016590203,-0.3579792230561304,-0.6526085655540386,-0.13250945666927252,0.4769152089934642,2.8217219952974664,-0.06966899744200132,-1.1442174906631448,1.0,1
0.1610208950841497,-0.2452146021801833,-0.8812209080826127,-0.682581078947164,-0.33778318405790814,-0.37952508199787327,0.25630646980414906,0.035530488521046066,-0.23189613379288193,-0.22507379266406463,-0.15112947814982725,0.42763951289659263,-0.3579792230561304,0.08796074117407617,-0.3236504241998226,-0.5810409434752711,0.1931847291706776,1.5074533622340722,2.694688096903758,-1.0,0
1.288714584794416,-0.05847076466033954,-0.8812209080826127,-0.682581078947164,-0.33778318405790814,-0.37952508199787327,0.31341748416829696,0.035530488521046066,-0.23189613379288193,-0.22507379266406463,-0.15112947814982725,0.42763951289659263,-0.3579792230561304,-0.6526085655540386,-0.13250945666927252,0.4769152089934642,0.9817459090087143,-0.8582301772800381,0.5619627704777009,1.0,0
1.6914623311195112,-0.05847076466033954,-0.044670184280685594,2.3609622600813163,-0.33778318405790814,-0.37952508199787327,0.3705284985324448,0.4290402000982225,-0.23189613379288193,-0.22507379266406463,-0.15112947814982725,-0.25769265947318165,0.035530488521046066,-0.456575513773067,-0.6677041657548128,-0.12985376080478117,2.2960145420721085,0.45603845578335656,0.5619627704777009,-1.0,0
0.9665163877343399,0.8752484229388792,-0.044670184280685594,0.8391905905670761,-0.33778318405790814,-0.37952508199787327,0.42763951289659263,-0.3579792230561304,-0.23189613379288193,-0.22507379266406463,-0.15112947814982725,-0.48613671692977306,-1.53850835778766,-0.7210645518902509,0.4409134459223777,1.4881968253238729,1.7703070888467511,-0.06966899744200132,1.4150529010481239,1.0,-1
0.7248677399392829,-0.431958439700027,-0.8812209080826127,-0.682581078947164,-0.33778318405790814,-0.37952508199787327,0.42763951289659263,-0.7514889346333069,-0.23189613379288193,-0.22507379266406463,-0.15112947814982725,1.0558606709022191,0.822549911675399,-0.25431919050698526,-0.7059323592609227,-0.363226441496414,2.03316081545943,-0.06966899744200132,2.694688096903758,-1.0,-1
0.5637686414092448,0.1282730728595042,-0.4629455461816491,0.8391905905670761,-0.33778318405790814,-0.37952508199787327,0.42763951289659263,-1.1449986462104833,-0.23189613379288193,-0.22507379266406463,-0.15112947814982725,-0.08635961638073807,-0.3579792230561304,-0.6526085655540386,-0.13250945666927252,0.5547061025573418,-0.3325227240546802,-0.8582301772800381,-0.7176724253779333,1.0,1
0.1610208950841497,-0.05847076466033954,0.7918805395212415,-0.682581078947164,-0.33778318405790814,-0.37952508199787327,0.5989725559890362,-0.3579792230561304,-0.23189613379288193,-0.22507379266406463,-0.15112947814982725,0.027862412347557656,-1.53850835778766,-0.5499245860497202,-0.5147913917303727,0.010169847610198573,0.9817459090087143,-0.33252272405468025,1.4150529010481239,-1.0,1
1.208165035529397,0.5017607478991917,-0.8812209080826127,-0.682581078947164,-0.33778318405790814,-0.37952508199787327,-1.3428019323919909,-1.53850835778766,-0.23189613379288193,-0.22507379266406463,-0.15112947814982725,-1.3428019323919909,-1.53850835778766,-0.5343664073369446,-0.5147913917303727,0.010169847610198573,-0.858230177280038,-0.33252272405468025,-1.1442174906631448,-1.0,-1
0.5637686414092448,-0.05847076466033954,-0.4629455461816491,-0.682581078947164,-0.33778318405790814,-0.37952508199787327,-1.3428019323919909,-1.53850835778766,-0.23189613379288193,4.1906596634118705,-0.15112947814982725,-1.3428019323919909,-1.53850835778766,-0.5965991221880467,-0.5147913917303727,0.32133342186570896,0.4560384557833565,0.45603845578335656,1.4150529010481239,1.0,1
-0.08062775271090736,0.1282730728595042,0.37360517762027795,-0.682581078947164,-0.33778318405790814,-0.37952508199787327,-1.1714688892995473,-0.3579792230561304,-0.23189613379288193,-0.22507379266406463,-0.15112947814982725,-1.285690918027843,-1.1449986462104833,-0.25431919050698526,-0.7059323592609227,-0.3787846202091894,0.1931847291706776,0.1931847291706776,-0.2911273600927219,-1.0,-1
0.6443181906742638,-0.6187022772198708,-0.4629455461816491,-0.682581078947164,-0.33778318405790814,-0.37952508199787327,-1.1714688892995473,-0.3579792230561304,-0.23189613379288193,-0.22507379266406463,-0.15112947814982725,-1.3428019323919909,-1.53850835778766,-0.44101733506029156,-0.5912477787425927,-0.19208647565588316,-0.06966899744200131,0.7188921823960355,0.9885078357629123,1.0,-1
-0.7250241468310595,-1.5524214648190895,-0.4629455461816491,-0.682581078947164,-0.33778318405790814,-0.37952508199787327,-1.1714688892995473,-0.3579792230561304,-0.23189613379288193,-0.22507379266406463,-0.15112947814982725,-0.6574697600222167,2.0030790464069286,0.7102878896850969,0.24977247839182762,-0.7055063731774752,0.1931847291706776,2.0331608154594303,-0.7176724253779333,-1.0,-1
-1.6916187380112877,-1.7391653023389333,-1.2994962699835761,-0.682581078947164,-0.33778318405790814,-0.37952508199787327,-1.1714688892995473,-1.53850835778766,-0.23189613379288193,-0.22507379266406463,-0.15112947814982725,-0.6003587456580688,1.2160596232525756,1.3326150381961177,1.014336348514028,-0.7428460020881366,-0.5953764506673591,2.821721995297467,-0.7176724253779333,1.0,0
0.24157044434916872,-0.2452146021801833,-0.4629455461816491,0.8391905905670761,-0.33778318405790814,-0.37952508199787327,-1.1143578749353995,-1.1449986462104833,-0.23189613379288193,-0.22507379266406463,-0.15112947814982725,-0.9430248318429559,-0.3579792230561304,-0.5032500499113935,-0.5147913917303727,-0.06762104595367903,-0.3325227240546802,0.9817459090087144,0.13541770519248952,1.0,1
0.48321909214422576,1.2487360979785667,0.7918805395212415,-0.682581078947164,-0.33778318405790814,-0.37952508199787327,-0.9430248318429559,0.035530488521046066,-0.23189613379288193,-0.22507379266406463,-0.15112947814982725,-0.8288028031146603,-0.7514889346333069,-0.2232028330814342,-0.5912477787425927,-0.42545915634751597,-0.5953764506673591,-0.8582301772800381,-0.7176724253779333,-1.0,0
0.8054172892043019,-0.05847076466033954,-0.8812209080826127,3.8827339295955565,-0.33778318405790814,-0.37952508199787327,-0.885913817478808,0.4290402000982225,-0.23189613379288193,-0.22507379266406463,-0.15112947814982725,-1.1143578749353995,-1.53850835778766,-0.47213369248584247,-0.5912477787425927,-0.12985376080478117,-1.121083903892717,-1.1210839038927172,-1.1442174906631448,-1.0,0
-0.6444745975660405,1.0619922604587229,1.210155901422205,0.8391905905670761,-0.33778318405790814,-0.37952508199787327,-0.8288028031146603,0.4290402000982225,-0.23189613379288193,-0.22507379266406463,-0.15112947814982725,-0.4290257025656252,0.822549911675399,0.1906447206783946,-0.3236504241998226,-0.5965991221880467,-0.3325227240546802,2.0331608154594303,0.13541770519248952,1.0,-1
-0.8055736960960785,-0.05847076466033954,0.7918805395212415,-0.682581078947164,-0.33778318405790814,-0.37952508199787327,-0.8288028031146603,-0.7514889346333069,3.886259345632435,4.1906596634118705,-0.15112947814982725,-0.48613671692977306,-1.1449986462104833,-0.3787846202091894,-0.6677041657548128,-0.25431919050698526,-0.3325227240546802,-0.33252272405468025,0.5619627704777009,-1.0,-1
-0.40282594977098346,1.0619922604587229,2.4649819871250958,-0.682581078947164,2.610663253057731,2.288808259011065,-0.8288028031146603,-1.1449986462104833,-0.23189613379288193,-0.22507379266406463,-0.15112947814982725,-0.37191468820147733,0.035530488521046066,-0.5032500499113935,-0.5147913917303727,-0.06762104595367903,-1.121083903892717,-0.8582301772800381,-0.7176724253779333,1.0,1
-0.7250241468310595,-1.7391653023389333,-1.7177716318845397,-0.682581078947164,-0.33778318405790814,-0.37952508199787327,-0.6574697600222167,-0.3579792230561304,-0.23189613379288193,-0.22507379266406463,-0.15112947814982725,-0.14347063074488592,1.2160596232525756,0.24354252830183137,-0.3236504241998226,-0.5965991221880467,-0.06966899744200131,0.7188921823960355,1.8415979663333353,-1.0,-1
-0.6444745975660405,-1.1789337897794019,-0.044670184280685594,0.8391905905670761,-0.33778318405790814,-0.37952508199787327,-0.6574697600222167,-0.3579792230561304,-0.23189613379288193,4.1906596634118705,-0.15112947814982725,0.08497342671170552,1.2160596232525756,-0.12985376080478117,-0.2854222306937127,-0.5032500499113935,-0.858230177280038,2.296014542072109,0.5619627704777009,1.0,1
-1.2083214424211737,-0.9921899522595582,-1.2994962699835761,-0.682581078947164,2.610663253057731,2.288808259011065,-0.48613671692977306,0.822549911675399,-0.23189613379288193,-0.22507379266406463,-0.15112947814982725,0.027862412347557656,0.822549911675399,0.1501934560251783,-0.3236504241998226,-0.5872642149603814,-0.3325227240546802,-0.8582301772800381,-0.2911273600927219,-1.0,1
-0.16117730197592636,-0.05847076466033954,0.7918805395212415,-0.682581078947164,-0.33778318405790814,-0.37952508199787327,-0.3148036738373295,0.822549911675399,-0.23189613379288193,-0.22507379266406463,-0.15112947814982725,0.08497342671170552,0.822549911675399,0.32133342186570896,-0.13250945666927252,-0.6277154796135976,-0.3325227240546802,2.0331608154594303,-0.2911273600927219,1.0,-1
-0.7250241468310595,0.1282730728595042,-0.044670184280685594,0.8391905905670761,-0.33778318405790814,-0.37952508199787327,-0.3148036738373295,0.822549911675399,-0.23189613379288193,-0.22507379266406463,-0.15112947814982725,0.3705284985324448,0.035530488521046066,0.39912431542958654,-0.13250945666927252,-0.637050386841263,-0.5953764506673591,2.821721995297467,-0.7176724253779333,-1.0,1
0.48321909214422576,0.1282730728595042,-0.4629455461816491,0.8391905905670761,-0.33778318405790814,-0.37952508199787327,-0.14347063074488592,0.822549911675399,-0.23189613379288193,-0.22507379266406463,-0.15112947814982725,-0.6003587456580688,-0.3579792230561304,-0.5499245860497202,-0.43833500471815257,0.08796074117407617,-0.3325227240546802,0.1931847291706776,-0.2911273600927219,1.0,0
0.1610208950841497,-0.2452146021801833,0.37360517762027795,-0.682581078947164,-0.33778318405790814,-0.37952508199787327,-0.08635961638073807,0.035530488521046066,-0.23189613379288193,-0.22507379266406463,-0.15112947814982725,-0.3148036738373295,-0.7514889346333069,-0.5623711290199406,-0.43833500471815257,0.08796074117407617,-0.5953764506673591,-0.8582301772800381,-0.2911273600927219,1.0,1
1.047065936999359,0.6885045854190354,0.37360517762027795,0.8391905905670761,-0.33778318405790814,-0.37952508199787327,0.08497342671170552,1.2160596232525756,-0.23189613379288193,-0.22507379266406463,-0.15112947814982725,-0.48613671692977306,-0.3579792230561304,-0.363226441496414,-0.7059323592609227,-0.2605424619920955,-0.06966899744200131,0.9817459090087144,0.13541770519248952,-1.0,1
0.9665163877343399,1.2487360979785667,-0.044670184280685594,-0.682581078947164,-0.33778318405790814,-0.37952508199787327,0.25630646980414906,1.2160596232525756,-0.23189613379288193,-0.22507379266406463,-0.15112947814982725,-0.3148036738373295,-1.1449986462104833,-0.5499245860497202,-0.43833500471815257,0.025728026322974037,-0.3325227240546802,0.1931847291706776,-0.2911273600927219,1.0,-1
-1.3694205409512117,-1.1789337897794019,-0.8812209080826127,-0.682581078947164,-0.33778318405790814,-0.37952508199787327,0.25630646980414906,0.822549911675399,-0.23189613379288193,-0.22507379266406463,-0.15112947814982725,1.3985267570871063,-0.3579792230561304,2.266105760962649,1.7789002186362282,-0.7677390880285774,-0.5953764506673591,2.821721995297467,-0.2911273600927219,-1.0,-1
-1.3694205409512117,-0.9921899522595582,0.37360517762027795,0.8391905905670761,-0.33778318405790814,-0.37952508199787327,0.25630646980414906,-0.3579792230561304,-0.23189613379288193,4.1906596634118705,-0.15112947814982725,1.7411928432719934,0.035530488521046066,0.24354252830183137,-0.43833500471815257,-0.6899481944646998,0.1931847291706776,2.296014542072109,-0.7176724253779333,1.0,-1
0.24157044434916872,-0.8054461147397145,-0.044670184280685594,0.8391905905670761,2.610663253057731,2.288808259011065,0.25630646980414906,-1.53850835778766,-0.23189613379288193,-0.22507379266406463,-0.15112947814982725,-0.14347063074488592,0.822549911675399,-0.2232028330814342,-0.7441605527670326,-0.3787846202091894,0.7188921823960354,0.45603845578335656,1.4150529010481239,-1.0,1
0.6443181906742638,-0.8054461147397145,-1.2994962699835761,-0.682581078947164,-0.33778318405790814,-0.37952508199787327,0.42763951289659263,-0.3579792230561304,-0.23189613379288193,-0.22507379266406463,-0.15112947814982725,0.19919545544000122,-0.3579792230561304,-0.5188082286241692,-0.6677041657548128,0.025728026322974037,0.1931847291706776,0.45603845578335656,-0.2911273600927219,1.0,1
0.7248677399392829,-0.05847076466033954,-0.044670184280685594,-0.682581078947164,-0.33778318405790814,-0.37952508199787327,0.5989725559890362,0.822549911675399,-0.23189613379288193,-0.22507379266406463,-0.15112947814982725,-0.029248602016590203,-0.3579792230561304,-0.0987374033792301,-0.6677041657548128,-0.47213369248584247,-0.06966899744200131,0.9817459090087144,0.9885078357629123,-1.0,0
0.48321909214422576,-0.431958439700027,-0.8812209080826127,-0.682581078947164,-0.33778318405790814,-0.37952508199787327,-1.3428019323919909,-1.53850835778766,-0.23189613379288193,4.1906596634118705,-0.15112947814982725,-1.3428019323919909,-1.53850835778766,0.1501934560251783,-0.43833500471815257,-0.5810409434752711,-0.3325227240546802,1.2445996356213933,1.4150529010481239,1.0,-1
-1.7721682872763067,-0.9921899522595582,-0.4629455461816491,-0.682581078947164,-0.33778318405790814,-0.37952508199787327,-1.3428019323919909,-1.53850835778766,-0.23189613379288193,-0.22507379266406463,-0.15112947814982725,-1.285690918027843,-1.1449986462104833,3.821923632240201,1.9700411861667784,-0.7895205382264632,-0.06966899744200131,2.296014542072109,-0.7176724253779333,-1.0,0
0.08047134581913068,0.6885045854190354,1.6284312633231686,0.8391905905670761,-0.33778318405790814,2.288808259011065,-1.285690918027843,-1.1449986462104833,-0.23189613379288193,-0.22507379266406463,-0.15112947814982725,-1.1714688892995473,-0.3579792230561304,-0.3787846202091894,-0.7059323592609227,-0.25431919050698526,0.1931847291706776,0.1931847291706776,-0.2911273600927219,1.0,1
-1.9332673858063447,-1.9259091398587769,-0.8812209080826127,-0.682581078947164,-0.33778318405790814,-0.37952508199787327,-1.1143578749353995,0.035530488521046066,-0.23189613379288193,-0.22507379266406463,-0.15112947814982725,-0.9430248318429559,1.2160596232525756,2.8884329094736696,2.5434640887584283,-0.7895205382264632,-0.3325227240546802,2.0331608154594303,0.13541770519248952,-1.0,-1
-0.08062775271090736,0.1282730728595042,-0.044670184280685594,-0.682581078947164,-0.33778318405790814,-0.37952508199787327,-1.1143578749353995,0.035530488521046066,-0.23189613379288193,-0.22507379266406463,-0.15112947814982725,-1.0572468605712517,0.035530488521046066,-0.5188082286241692,-0.5912477787425927,-0.03650468852812796,-1.121083903892717,-1.1210839038927172,-0.2911273600927219,1.0,0
-0.16117730197592636,1.2487360979785667,2.046706625224132,-0.682581078947164,-0.33778318405790814,-0.37952508199787327,-1.0572468605712517,0.035530488521046066,-0.23189613379288193,-0.22507379266406463,-0.15112947814982725,-1.0001358462071037,-0.7514889346333069,0.010169847610198573,-0.5147913917303727,-0.5343664073369446,-0.06966899744200131,0.7188921823960355,0.9885078357629123,-1.0,0
-1.1277718931561547,-0.9921899522595582,-0.4629455461816491,-0.682581078947164,-0.33778318405790814,-0.37952508199787327,-0.9430248318429559,-0.7514889346333069,-0.23189613379288193,-0.22507379266406463,-0.15112947814982725,-0.7716917887505124,-0.3579792230561304,0.1501934560251783,-0.43833500471815257,-0.5810409434752711,-0.06966899744200131,2.5588682686847877,-1.1442174906631448,1.0,-1
0.32211999361418775,0.1282730728595042,0.37360517762027795,2.3609622600813163,-0.33778318405790814,-0.37952508199787327,-0.9430248318429559,-1.1449986462104833,-0.23189613379288193,-0.22507379266406463,-0.15112947814982725,-0.7716917887505124,-0.7514889346333069,-0.5188082286241692,-0.5147913917303727,-0.03650468852812796,-0.858230177280038,-0.5953764506673592,-0.7176724253779333,1.0,1
-0.3222764005059644,-0.8054461147397145,-1.2994962699835761,-0.682581078947164,-0.33778318405790814,-0.37952508199787327,-0.7716917887505124,-0.3579792230561304,-0.23189613379288193,-0.22507379266406463,-0.15112947814982725,-1.1143578749353995,-0.3579792230561304,-0.19208647565588316,-0.5912477787425927,-0.44101733506029156,0.4560384557833565,0.7188921823960355,0.13541770519248952,-1.0,0
0.08047134581913068,0.3150169103793479,-0.044670184280685594,0.8391905905670761,-0.33778318405790814,-0.37952508199787327,-0.7145807743863645,0.035530488521046066,-0.23189613379288193,-0.22507379266406463,-0.15112947814982725,-0.8288028031146603,-0.3579792230561304,-0.456575513773067,-0.8206169397792528,-0.0987374033792301,-0.06966899744200131,-0.33252272405468025,-0.7176724253779333,1.0,1
0.32211999361418775,-0.6187022772198708,-0.8812209080826127,2.3609622600813163,-0.33778318405790814,-0.37952508199787327,-0.5432477312939209,1.2160596232525756,-0.23189613379288193,-0.22507379266406463,-0.15112947814982725,-0.7716917887505124,-1.53850835778766,-0.26365409773465054,-0.7441605527670326,-0.3476682627836383,-0.3325227240546802,0.7188921823960355,2.2681430316185467,-1.0,-1
-0.48337549903600247,-0.05847076466033954,-0.4629455461816491,0.8391905905670761,-0.33778318405790814,-0.37952508199787327,-0.5432477312939209,0.035530488521046066,-0.23189613379288193,-0.22507379266406463,-0.15112947814982725,-0.6574697600222167,0.4290402000982225,-0.5654827647624957,-0.43833500471815257,0.08796074117407617,0.1931847291706776,1.5074533622340722,0.13541770519248952,1.0,1
0.6443181906742638,0.5017607478991917,0.7918805395212415,2.3609622600813163,-0.33778318405790814,-0.37952508199787327,-0.37191468820147733,0.822549911675399,-0.23189613379288193,-0.22507379266406463,-0.15112947814982725,-0.5432477312939209,-0.3579792230561304,0.1501934560251783,-0.5912477787425927,-0.5654827647624957,0.1931847291706776,0.7188921823960355,1.4150529010481239,-1.0,1
1.449813683324454,-0.9921899522595582,-1.7177716318845397,-0.682581078947164,-0.33778318405790814,2.288808259011065,-0.20058164510903378,0.822549911675399,-0.23189613379288193,-0.22507379266406463,-0.15112947814982725,-0.7716917887505124,0.035530488521046066,-0.3943427989219649,-0.8206169397792528,-0.19208647565588316,-1.121083903892717,-1.1210839038927172,-1.1442174906631448,-1.0,-1
-1.1277718931561547,-1.5524214648190895,-1.7177716318845397,-0.682581078947164,-0.33778318405790814,-0.37952508199787327,-0.20058164510903378,0.822549911675399,8.004414825057752,-0.22507379266406463,6.616842804212003,-0.08635961638073807,-1.1449986462104833,-0.5188082286241692,-0.43833500471815257,-0.06762104595367903,-0.3325227240546802,-0.8582301772800381,-0.2911273600927219,1.0,-1
-0.7250241468310595,0.5017607478991917,0.7918805395212415,0.8391905905670761,-0.33778318405790814,-0.37952508199787327,-0.20058164510903378,-0.3579792230561304,-0.23189613379288193,-0.22507379266406463,-0.15112947814982725,-0.4290257025656252,-0.3579792230561304,-0.3787846202091894,-0.6677041657548128,-0.28543554793253634,-0.06966899744200131,-0.5953764506673592,0.5619627704777009,-1.0,1
-0.2417268512409454,1.2487360979785667,-0.044670184280685594,-0.682581078947164,-0.33778318405790814,-0.37952508199787327,-0.029248602016590203,-0.3579792230561304,-0.23189613379288193,-0.22507379266406463,-0.15112947814982725,0.3705284985324448,0.035530488521046066,-0.0987374033792301,-0.5147913917303727,-0.48769187119861807,-0.5953764506673591,2.296014542072109,0.13541770519248952,1.0,-1
-0.8861232453610975,-0.431958439700027,0.37360517762027795,-0.682581078947164,-0.33778318405790814,-0.37952508199787327,-0.029248602016590203,-0.3579792230561304,-0.23189613379288193,-0.22507379266406463,-0.15112947814982725,0.08497342671170552,0.035530488521046066,0.4769152089934642,-0.13250945666927252,-0.6526085655540386,-0.06966899744200131,2.821721995297467,-1.1442174906631448,-1.0,-1
-0.8055736960960785,-0.431958439700027,0.37360517762027795,2.3609622600813163,-0.33778318405790814,-0.37952508199787327,-1.0001358462071037,-0.7514889346333069,-0.23189613379288193,-0.22507379266406463,-0.15112947814982725,-0.6574697600222167,2.0030790464069286,0.24354252830183137,-0.43833500471815257,-0.5965991221880467,-0.3325227240546802,2.0331608154594303,0.13541770519248952,1.0,0
-0.8055736960960785,-1.1789337897794019,-1.2994962699835761,-0.682581078947164,-0.33778318405790814,-0.37952508199787327,-0.029248602016590203,-0.3579792230561304,-0.23189613379288193,-0.22507379266406463,-0.15112947814982725,0.8274166134456277,0.4290402000982225,0.21242617087628043,-0.5147913917303727,-0.5810409434752711,-0.06966899744200131,0.7188921823960355,1.4150529010481239,1.0,0
-0.16117730197592636,-0.431958439700027,-0.4629455461816491,-0.682581078947164,-0.33778318405790814,-0.37952508199787327,0.027862412347557656,-1.1449986462104833,-0.23189613379288193,-0.22507379266406463,-0.15112947814982725,0.9416386421739233,0.822549911675399,1.3326150381961177,0.4409134459223777,-0.7210645518902509,-0.3325227240546802,2.0331608154594303,0.5619627704777009,-1.0,-1
-1.8527178365413257,-1.1789337897794019,-1.2994962699835761,-0.682581078947164,-0.33778318405790814,-0.37952508199787327,0.027862412347557656,-1.1449986462104833,-0.23189613379288193,-0.22507379266406463,-0.15112947814982725,0.7703055990814798,1.2160596232525756,0.025728026322974037,-0.5147913917303727,-0.5343664073369446,-0.3325227240546802,-0.5953764506673592,0.9885078357629123,1.0,0
-0.7250241468310595,-0.431958439700027,-0.044670184280685594,-0.682581078947164,-0.33778318405790814,-0.37952508199787327,0.08497342671170552,-0.7514889346333069,-0.23189613379288193,-0.22507379266406463,-0.15112947814982725,0.7703055990814798,0.4290402000982225,0.24354252830183137,-0.5147913917303727,-0.5872642149603814,-1.121083903892717,-1.1210839038927172,0.13541770519248952,-1.0,0
-1.0472223438911357,-1.1789337897794019,-1.7177716318845397,-0.682581078947164,-0.33778318405790814,-0.37952508199787327,0.14208444107585336,-0.7514889346333069,-0.23189613379288193,-0.22507379266406463,-0.15112947814982725,0.8274166134456277,0.822549911675399,0.32133342186570896,-0.2854222306937127,-0.6183805723859325,-0.06966899744200131,2.296014542072109,-0.2911273600927219,1.0,0
-0.6444745975660405,-1.7391653023389333,-1.7177716318845397,-0.682581078947164,-0.33778318405790814,-0.37952508199787327,0.19919545544000122,-0.3579792230561304,3.886259345632435,4.1906596634118705,6.616842804212003,0.42763951289659263,-0.3579792230561304,0.025728026322974037,-0.6677041657548128,-0.5188082286241692,0.4560384557833565,0.1931847291706776,-0.2911273600927219,-1.0,-1
-1.3694205409512117,-1.5524214648190895,-1.7177716318845397,-0.682581078947164,-0.33778318405790814,-0.37952508199787327,0.19919545544000122,-0.7514889346333069,-0.23189613379288193,-0.22507379266406463,-0.15112947814982725,1.9696369007285848,1.2160596232525756,1.643778612451628,0.4409134459223777,-0.7335110948604712,-0.3325227240546802,2.296014542072109,0.13541770519248952,1.0,-1
-0.5639250483010215,-0.2452146021801833,-0.4629455461816491,0.8391905905670761,-0.33778318405790814,-0.37952508199787327,-0.9430248318429559,-0.3579792230561304,-0.23189613379288193,-0.22507379266406463,-0.15112947814982725,-0.6003587456580688,0.822549911675399,1.3326150381961177,0.02040331735516768,-0.7086180089200305,-0.3325227240546802,-0.5953764506673592,1.4150529010481239,-1.0,-1
0.8054172892043019,0.5017607478991917,0.7918805395212415,-0.682581078947164,-0.33778318405790814,-0.37952508199787327,-1.3428019323919909,-1.53850835778766,-0.23189613379288193,4.1906596634118705,-0.15112947814982725,-1.3428019323919909,-1.53850835778766,-0.16097011823033208,-0.5912477787425927,-0.456575513773067,-0.5953764506673591,-0.8582301772800381,-0.7176724253779333,-1.0,-1
0.7248677399392829,-0.9921899522595582,-1.2994962699835761,0.8391905905670761,-0.33778318405790814,-0.37952508199787327,-1.3428019323919909,-1.53850835778766,-0.23189613379288193,-0.22507379266406463,-0.15112947814982725,-1.285690918027843,-1.1449986462104833,-0.44101733506029156,-0.6677041657548128,-0.16097011823033208,-0.06966899744200131,-0.5953764506673592,-0.2911273600927219,1.0,0
-7.820344588833574e-05,1.4354799354984105,-0.4629455461816491,0.8391905905670761,-0.33778318405790814,-0.37952508199787327,-1.285690918027843,-1.1449986462104833,-0.23189613379288193,-0.22507379266406463,-0.15112947814982725,-1.1143578749353995,0.035530488521046066,1.1770332510683625,0.4409134459223777,-0.7210645518902509,-0.3325227240546802,0.45603845578335656,0.13541770519248952,-1.0,-1
-1.0472223438911357,-0.431958439700027,-0.044670184280685594,0.8391905905670761,-0.33778318405790814,-0.37952508199787327,-1.285690918027843,-1.1449986462104833,-0.23189613379288193,-0.22507379266406463,-0.15112947814982725,-1.0572468605712517,0.4290402000982225,-0.3165519053580873,-0.6677041657548128,-0.3165519053580873,-0.5953764506673591,-0.33252272405468025,1.8415979663333353,1.0,0
1.208165035529397,0.8752484229388792,-0.4629455461816491,0.8391905905670761,-0.33778318405790814,-0.37952508199787327,-1.2285799036636953,-0.7514889346333069,-0.23189613379288193,-0.22507379266406463,-0.15112947814982725,-1.1714688892995473,-1.53850835778766,-0.48769187119861807,-0.6677041657548128,-0.06762104595367903,-0.3325227240546802,-1.1210839038927172,-0.7176724253779333,-1.0,0
0.08047134581913068,-0.9921899522595582,-0.8812209080826127,-0.682581078947164,-0.33778318405790814,-0.37952508199787327,-1.1714688892995473,-0.7514889346333069,-0.23189613379288193,-0.22507379266406463,-0.15112947814982725,-0.9430248318429559,0.822549911675399,-0.47213369248584247,-0.5912477787425927,-0.14541193951755663,0.1931847291706776,-0.8582301772800381,-0.2911273600927219,1.0,1
-0.7250241468310595,-1.1789337897794019,-1.2994962699835761,2.3609622600813163,-0.33778318405790814,-0.37952508199787327,-1.0001358462071037,0.035530488521046066,3.886259345632435,-0.22507379266406463,-0.15112947814982725,-0.37191468820147733,1.2160596232525756,1.7993603995793832,0.6320544134529278,-0.7428460020881366,-0.3325227240546802,0.9817459090087144,-0.7176724253779333,1.0,-1
0.8859668384693209,0.5017607478991917,-0.044670184280685594,-0.682581078947164,-0.33778318405790814,-0.37952508199787327,-1.0001358462071037,-0.3579792230561304,-0.23189613379288193,-0.22507379266406463,-0.15112947814982725,-1.1143578749353995,-1.1449986462104833,0.1501934560251783,-0.5147913917303727,-0.5499245860497202,0.1931847291706776,-0.06966899744200132,-0.7176724253779333,-1.0,-1
-0.5639250483010215,-0.8054461147397145,-0.8812209080826127,0.8391905905670761,-0.33778318405790814,-0.37952508199787327,-1.0001358462071037,-1.53850835778766,-0.23189613379288193,-0.22507379266406463,-0.15112947814982725,-0.6003587456580688,0.822549911675399,1.3326150381961177,0.24977247839182762,-0.7210645518902509,-0.3325227240546802,0.1931847291706776,0.5619627704777009,-1.0,-1
0.6443181906742638,-0.8054461147397145,-1.2994962699835761,-0.682581078947164,2.610663253057731,2.288808259011065,-1.0001358462071037,-1.53850835778766,-0.23189613379288193,-0.22507379266406463,-0.15112947814982725,-1.0572468605712517,-1.1449986462104833,-0.6277154796135976,-0.3236504241998226,0.39912431542958654,-1.121083903892717,-1.1210839038927172,-1.1442174906631448,1.0,1
-0.08062775271090736,-0.431958439700027,-0.044670184280685594,0.8391905905670761,-0.33778318405790814,-0.37952508199787327,-0.8288028031146603,-0.3579792230561304,-0.23189613379288193,-0.22507379266406463,-0.15112947814982725,-0.7145807743863645,0.035530488521046066,-0.0987374033792301,-0.8206169397792528,-0.456575513773067,-0.3325227240546802,-0.06966899744200132,-0.7176724253779333,-1.0,-1
0.8054172892043019,1.622223773018254,0.37360517762027795,0.8391905905670761,-0.33778318405790814,-0.37952508199787327,-0.8288028031146603,-0.3579792230561304,-0.23189613379288193,-0.22507379266406463,-0.15112947814982725,-0.885913817478808,0.035530488521046066,-0.456575513773067,-0.7059323592609227,-0.14541193951755663,-0.5953764506673591,-0.33252272405468025,0.13541770519248952,1.0,-1
-0.6444745975660405,0.1282730728595042,-0.044670184280685594,-0.682581078947164,-0.33778318405790814,-0.37952508199787327,-0.8288028031146603,-0.3579792230561304,3.886259345632435,-0.22507379266406463,-0.15112947814982725,-0.37191468820147733,0.035530488521046066,-0.12985376080478117,-0.5912477787425927,-0.47213369248584247,-0.858230177280038,-0.8582301772800381,-1.1442174906631448,-1.0,0
-1.6916187380112877,-0.9921899522595582,-0.044670184280685594,-0.682581078947164,2.610663253057731,2.288808259011065,-0.7716917887505124,-1.1449986462104833,3.886259345632435,-0.22507379266406463,-0.15112947814982725,-0.14347063074488592,0.035530488521046066,-0.12985376080478117,-0.6677041657548128,-0.456575513773067,-0.5953764506673591,-0.5953764506673592,0.5619627704777009,1.0,-1
-0.9666727946261165,-0.2452146021801833,-0.8812209080826127,0.8391905905670761,-0.33778318405790814,-0.37952508199787327,-0.7716917887505124,-1.1449986462104833,-0.23189613379288193,-0.22507379266406463,-0.15112947814982725,0.7703055990814798,1.2160596232525756,0.7102878896850969,0.02040331735516768,-0.6743900157519244,-0.3325227240546802,0.45603845578335656,0.13541770519248952,1.0,-1
-0.6444745975660405,-0.9921899522595582,-0.044670184280685594,-0.682581078947164,-0.33778318405790814,-0.37952508199787327,-0.7716917887505124,-1.1449986462104833,-0.23189613379288193,-0.22507379266406463,-0.15112947814982725,-0.5432477312939209,-1.1449986462104833,-0.16097011823033208,-0.7059323592609227,-0.44101733506029156,-0.06966899744200131,0.1931847291706776,0.13541770519248952,-1.0,1
-0.3222764005059644,-0.431958439700027,-0.4629455461816491,2.3609622600813163,-0.33778318405790814,-0.37952508199787327,-0.6003587456580688,-0.3579792230561304,-0.23189613379288193,-0.22507379266406463,-0.15112947814982725,0.42763951289659263,0.822549911675399,0.08796074117407617,-0.43833500471815257,-0.5623711290199406,-0.3325227240546802,0.45603845578335656,0.13541770519248952,1.0,-1
-0.48337549903600247,-0.431958439700027,-0.4629455461816491,-0.682581078947164,-0.33778318405790814,-0.37952508199787327,-0.6003587456580688,-0.3579792230561304,-0.23189613379288193,-0.22507379266406463,-0.15112947814982725,-0.14347063074488592,0.822549911675399,0.08796074117407617,-0.43833500471815257,-0.5499245860497202,0.1931847291706776,-0.33252272405468025,-0.2911273600927219,-1.0,0
0.6443181906742638,0.8752484229388792,-0.044670184280685594,-0.682581078947164,-0.33778318405790814,-0.37952508199787327,-0.5432477312939209,0.035530488521046066,-0.23189613379288193,-0.22507379266406463,-0.15112947814982725,-0.48613671692977306,-1.1449986462104833,-0.3383333555559731,-0.6677041657548128,-0.3165519053580873,0.1931847291706776,0.1931847291706776,-0.7176724253779333,1.0,1
-0.40282594977098346,-0.431958439700027,-1.2994962699835761,-0.682581078947164,-0.33778318405790814,-0.37952508199787327,-0.37191468820147733,0.035530488521046066,-0.23189613379288193,-0.22507379266406463,-0.15112947814982725,1.2271937139946627,0.035530488521046066,2.266105760962649,2.9257460238195288,-0.7832972667413529,-0.3325227240546802,1.2445996356213933,-0.7176724253779333,-1.0,-1
-0.7250241468310595,-0.05847076466033954,0.37360517762027795,-0.682581078947164,-0.33778318405790814,-0.37952508199787327,-0.37191468820147733,0.035530488521046066,-0.23189613379288193,-0.22507379266406463,-0.15112947814982725,0.4847505272607405,-1.1449986462104833,0.08796074117407617,-0.2854222306937127,-0.5810409434752711,-0.858230177280038,1.7703070888467514,-1.1442174906631448,1.0,1
0.7248677399392829,-0.2452146021801833,-1.2994962699835761,-0.682581078947164,-0.33778318405790814,-0.37952508199787327,-0.20058164510903378,0.822549911675399,3.886259345632435,-0.22507379266406463,6.616842804212003,-0.48613671692977306,-0.3579792230561304,-0.363226441496414,-0.7441605527670326,-0.25431919050698526,0.4560384557833565,-0.8582301772800381,-0.2911273600927219,-1.0,1
1.449813683324454,0.5017607478991917,-0.044670184280685594,-0.682581078947164,-0.33778318405790814,-0.37952508199787327,-0.029248602016590203,0.822549911675399,-0.23189613379288193,-0.22507379266406463,-0.15112947814982725,-0.3148036738373295,-0.7514889346333069,-0.637050386841263,-0.43833500471815257,0.7102878896850969,-0.3325227240546802,-1.1210839038927172,-0.2911273600927219,1.0,-1
-0.08062775271090736,-0.8054461147397145,-0.8812209080826127,-0.682581078947164,-0.33778318405790814,-0.37952508199787327,-0.029248602016590203,0.822549911675399,-0.23189613379288193,-0.22507379266406463,-0.15112947814982725,0.8274166134456277,1.2160596232525756,-0.2232028330814342,-0.7441605527670326,-0.3787846202091894,-0.06966899744200131,-0.5953764506673592,0.13541770519248952,-1.0,0
-0.5639250483010215,-1.5524214648190895,-1.2994962699835761,-0.682581078947164,-0.33778318405790814,-0.37952508199787327,-1.0001358462071037,0.4290402000982225,-0.23189613379288193,-0.22507379266406463,-0.15112947814982725,-0.8288028031146603,1.2160596232525756,0.7102878896850969,0.4409134459223777,-0.6899481944646998,-0.5953764506673591,1.7703070888467514,-1.1442174906631448,-1.0,-1
-0.3222764005059644,-0.8054461147397145,0.37360517762027795,-0.682581078947164,-0.33778318405790814,-0.37952508199787327,0.027862412347557656,0.035530488521046066,-0.23189613379288193,-0.22507379266406463,-0.15112947814982725,1.2271937139946627,0.822549911675399,-0.12985376080478117,-0.5912477787425927,-0.47213369248584247,-0.3325227240546802,0.7188921823960355,0.13541770519248952,1.0,1
0.5637686414092448,-0.9921899522595582,-0.044670184280685594,0.8391905905670761,-0.33778318405790814,-0.37952508199787327,0.19919545544000122,0.035530488521046066,-0.23189613379288193,-0.22507379266406463,-0.15112947814982725,0.9987496565380712,-1.1449986462104833,0.5547061025573418,-0.3236504241998226,-0.6432736583263733,-0.5953764506673591,-0.33252272405468025,2.2681430316185467,-1.0,-1
-0.8055736960960785,-0.05847076466033954,-0.044670184280685594,0.8391905905670761,-0.33778318405790814,-0.37952508199787327,-1.3428019323919909,-1.53850835778766,-0.23189613379288193,-0.22507379266406463,-0.15112947814982725,-1.3428019323919909,-1.53850835778766,-0.456575513773067,-0.5912477787425927,-0.16097011823033208,-0.858230177280038,-0.5953764506673592,-0.7176724253779333,1.0,1
0.5637686414092448,0.1282730728595042,0.37360517762027795,-0.682581078947164,-0.33778318405790814,-0.37952508199787327,-1.1714688892995473,-0.3579792230561304,-0.23189613379288193,-0.22507379266406463,-0.15112947814982725,-1.3428019323919909,-1.53850835778766,-0.19208647565588316,-0.5147913917303727,-0.456575513773067,-0.5953764506673591,-0.8582301772800381,-0.7176724253779333,-1.0,0
-0.8861232453610975,-0.05847076466033954,0.7918805395212415,-0.682581078947164,-0.33778318405790814,-0.37952508199787327,-1.1143578749353995,0.035530488521046066,-0.23189613379288193,-0.22507379266406463,-0.15112947814982725,-1.1143578749353995,0.035530488521046066,0.6324969961212193,0.24977247839182762,-0.6806132872370344,-1.121083903892717,-0.33252272405468025,-0.7176724253779333,1.0,1
0.48321909214422576,-0.431958439700027,-0.8812209080826127,0.8391905905670761,-0.33778318405790814,-0.37952508199787327,-0.9430248318429559,1.2160596232525756,-0.23189613379288193,-0.22507379266406463,-0.15112947814982725,-0.9430248318429559,1.2160596232525756,0.025728026322974037,-0.2854222306937127,-0.5654827647624957,-1.121083903892717,-0.5953764506673592,-0.2911273600927219,-1.0,-1
1.530363232589473,0.3150169103793479,0.37360517762027795,-0.682581078947164,-0.33778318405790814,-0.37952508199787327,-0.9430248318429559,0.035530488521046066,-0.23189613379288193,-0.22507379266406463,-0.15112947814982725,-1.2285799036636953,-0.7514889346333069,-0.48769187119861807,-0.5147913917303727,-0.12985376080478117,-0.858230177280038,-0.5953764506673592,-0.7176724253779333,1.0,0
1.449813683324454,0.8752484229388792,0.7918805395212415,0.8391905905670761,-0.33778318405790814,-0.37952508199787327,-0.885913817478808,0.035530488521046066,-0.23189613379288193,-0.22507379266406463,-0.15112947814982725,-1.0001358462071037,-0.7514889346333069,-0.0987374033792301,-0.5147913917303727,-0.5032500499113935,-0.858230177280038,-1.1210839038927172,-0.7176724253779333,-1.0,-1
-0.48337549903600247,-1.1789337897794019,-1.2994962699835761,-0.682581078947164,-0.33778318405790814,-0.37952508199787327,-0.8288028031146603,-0.7514889346333069,3.886259345632435,-0.22507379266406463,6.616842804212003,-0.9430248318429559,0.035530488521046066,-0.42545915634751597,-0.5912477787425927,-0.2232028330814342,-0.858230177280038,-0.5953764506673592,-0.7176724253779333,1.0,0
-0.3222764005059644,-0.431958439700027,-0.044670184280685594,-0.682581078947164,-0.33778318405790814,-0.37952508199787327,-0.7716917887505124,-0.7514889346333069,-0.23189613379288193,-0.22507379266406463,-0.15112947814982725,-0.9430248318429559,-1.1449986462104833,-0.03650468852812796,-0.5147913917303727,-0.5188082286241692,-0.5953764506673591,-0.8582301772800381,-0.7176724253779333,-1.0,-1
-0.2417268512409454,0.5017607478991917,-0.044670184280685594,-0.682581078947164,-0.33778318405790814,2.288808259011065,-0.7716917887505124,-0.7514889346333069,-0.23189613379288193,-0.22507379266406463,-0.15112947814982725,0.19919545544000122,2.0030790464069286,0.7102878896850969,0.02040331735516768,-0.6743900157519244,-1.121083903892717,-0.33252272405468025,-0.7176724253779333,1.0,-1
0.32211999361418775,0.3150169103793479,-0.8812209080826127,-0.682581078947164,-0.33778318405790814,-0.37952508199787327,-0.7716917887505124,-1.1449986462104833,-0.23189613379288193,4.1906596634118705,-0.15112947814982725,-1.0572468605712517,0.035530488521046066,-0.2232028330814342,-0.43833500471815257,-0.456575513773067,-0.858230177280038,-0.5953764506673592,-0.7176724253779333,-1.0,-1
0.5637686414092448,0.3150169103793479,0.37360517762027795,-0.682581078947164,-0.33778318405790814,-0.37952508199787327,-0.7716917887505124,-1.53850835778766,-0.23189613379288193,-0.22507379266406463,-0.15112947814982725,-0.3148036738373295,0.035530488521046066,-0.5188082286241692,-0.5147913917303727,-0.03650468852812796,-0.5953764506673591,-1.1210839038927172,-1.1442174906631448,1.0,-1
-1.4499700902162307,0.3150169103793479,0.7918805395212415,3.8827339295955565,-0.33778318405790814,-0.37952508199787327,-0.7716917887505124,-1.53850835778766,-0.23189613379288193,-0.22507379266406463,-0.15112947814982725,-0.25769265947318165,0.822549911675399,1.643778612451628,1.396618283575128,-0.752180909315802,-1.121083903892717,-0.33252272405468025,-0.7176724253779333,-1.0,1
0.8054172892043019,0.8752484229388792,-0.4629455461816491,-0.682581078947164,2.610663253057731,2.288808259011065,-0.6003587456580688,-0.3579792230561304,-0.23189613379288193,-0.22507379266406463,-0.15112947814982725,-0.6003587456580688,-1.53850835778766,-0.6214922081284875,-0.2854222306937127,0.32133342186570896,-1.121083903892717,-1.1210839038927172,-1.1442174906631448,1.0,1
-0.40282594977098346,-0.05847076466033954,0.37360517762027795,2.3609622600813163,-0.33778318405790814,-0.37952508199787327,-0.4290257025656252,0.822549911675399,3.886259345632435,-0.22507379266406463,6.616842804212003,0.14208444107585336,-0.3579792230561304,0.32133342186570896,0.02040331735516768,-0.6432736583263733,-0.858230177280038,-0.33252272405468025,-1.1442174906631448,-1.0,-1
-1.5305196394812497,-0.6187022772198708,-1.2994962699835761,2.3609622600813163,-0.33778318405790814,-0.37952508199787327,-0.4290257025656252,0.822549911675399,-0.23189613379288193,-0.22507379266406463,-0.15112947814982725,0.8274166134456277,0.822549911675399,1.7993603995793832,1.396618283575128,-0.755292545058357,-0.858230177280038,-0.5953764506673592,-0.7176724253779333,1.0,-1
-0.8055736960960785,-0.8054461147397145,-1.2994962699835761,0.8391905905670761,-0.33778318405790814,-0.37952508199787327,-0.4290257025656252,-0.3579792230561304,-0.23189613379288193,-0.22507379266406463,-0.15112947814982725,0.5418615416248884,2.0030790464069286,1.0214514639406074,0.24977247839182762,-0.7055063731774752,-0.5953764506673591,-0.8582301772800381,-0.7176724253779333,-1.0,0
0.9665163877343399,0.3150169103793479,0.37360517762027795,-0.682581078947164,-0.33778318405790814,-0.37952508199787327,-0.37191468820147733,-1.1449986462104833,-0.23189613379288193,-0.22507379266406463,-0.15112947814982725,-0.5432477312939209,-1.53850835778766,-0.3476682627836383,-0.5147913917303727,-0.3476682627836383,-0.858230177280038,-0.33252272405468025,-1.1442174906631448,1.0,0
-0.16117730197592636,0.6885045854190354,-0.4629455461816491,-0.682581078947164,-0.33778318405790814,-0.37952508199787327,-0.3148036738373295,-0.7514889346333069,-0.23189613379288193,-0.22507379266406463,-0.15112947814982725,-0.08635961638073807,0.035530488521046066,0.08796074117407617,-0.43833500471815257,-0.5623711290199406,-0.858230177280038,-0.5953764506673592,-0.2911273600927219,-1.0,-1
0.6443181906742638,-0.6187022772198708,0.37360517762027795,0.8391905905670761,-0.33778318405790814,-0.37952508199787327,-0.3148036738373295,-0.7514889346333069,-0.23189613379288193,-0.22507379266406463,-0.15112947814982725,0.4847505272607405,2.0030790464069286,-0.4161242491198507,-0.43833500471815257,-0.2605424619920955,-0.858230177280038,-0.8582301772800381,-0.7176724253779333,1.0,0
1.6109127818544922,-0.431958439700027,-0.044670184280685594,-0.682581078947164,-0.33778318405790814,-0.37952508199787327,-0.25769265947318165,-0.7514889346333069,-0.23189613379288193,-0.22507379266406463,-0.15112947814982725,-0.14347063074488592,1.2160596232525756,-0.3165519053580873,-0.6677041657548128,-0.3383333555559731,-1.121083903892717,-1.1210839038927172,-1.1442174906631448,-1.0,-1
-1.2888709916861927,-0.8054461147397145,-0.8812209080826127,0.8391905905670761,-0.33778318405790814,-0.37952508199787327,-0.885913817478808,-1.1449986462104833,-0.23189613379288193,-0.22507379266406463,-0.15112947814982725,-0.6003587456580688,1.2160596232525756,0.7102878896850969,0.6320544134529278,-0.7055063731774752,-1.121083903892717,-0.33252272405468025,-0.7176724253779333,-1.0,0
-1.2888709916861927,0.6885045854190354,0.7918805395212415,-0.682581078947164,-0.33778318405790814,-0.37952508199787327,-0.25769265947318165,-1.1449986462104833,-0.23189613379288193,-0.22507379266406463,-0.15112947814982725,1.112971685266367,0.822549911675399,0.010169847610198573,-0.2854222306937127,-0.5623711290199406,-1.121083903892717,-0.33252272405468025,-0.2911273600927219,1.0,-1
-0.08062775271090736,-0.8054461147397145,-1.7177716318845397,-0.682581078947164,-0.33778318405790814,-0.37952508199787327,-0.25769265947318165,-1.1449986462104833,-0.23189613379288193,-0.22507379266406463,-0.15112947814982725,-0.3148036738373295,-0.3579792230561304,-0.2232028330814342,-0.6677041657548128,-0.4099009776347405,-0.858230177280038,-0.5953764506673592,-0.2911273600927219,-1.0,-1
0.8859668384693209,0.3150169103793479,-0.044670184280685594,-0.682581078947164,-0.33778318405790814,-0.37952508199787327,-0.25769265947318165,-1.53850835778766,-0.23189613379288193,-0.22507379266406463,-0.15112947814982725,-0.3148036738373295,-0.3579792230561304,-0.5499245860497202,-0.5147913917303727,0.08796074117407617,-0.5953764506673591,-0.8582301772800381,-0.2911273600927219,1.0,1
-0.5639250483010215,-0.2452146021801833,-0.8812209080826127,0.8391905905670761,-0.33778318405790814,-0.37952508199787327,-0.08635961638073807,-0.3579792230561304,-0.23189613379288193,-0.22507379266406463,-0.15112947814982725,0.42763951289659263,-1.1449986462104833,0.5547061025573418,-0.13250945666927252,-0.6526085655540386,-0.858230177280038,-0.33252272405468025,-0.7176724253779333,-1.0,-1
-0.9666727946261165,-0.05847076466033954,-0.044670184280685594,-0.682581078947164,-0.33778318405790814,-0.37952508199787327,-0.08635961638073807,-0.3579792230561304,-0.23189613379288193,-0.22507379266406463,-0.15112947814982725,0.9987496565380712,0.035530488521046066,0.010169847610198573,-0.43833500471815257,-0.5499245860497202,-1.121083903892717,-0.33252272405468025,-0.2911273600927219,1.0,0
-0.9666727946261165,-0.8054461147397145,-0.4629455461816491,-0.682581078947164,-0.33778318405790814,-0.37952508199787327,-1.3428019323919909,-1.53850835778766,-0.23189613379288193,-0.22507379266406463,-0.15112947814982725,-1.3428019323919909,-1.53850835778766,0.5547061025573418,-0.13250945666927252,-0.6557202012965936,0.7188921823960354,1.7703070888467514,0.9885078357629123,1.0,-1
-0.5639250483010215,0.5017607478991917,-0.044670184280685594,-0.682581078947164,-0.33778318405790814,-0.37952508199787327,-1.3428019323919909,-1.53850835778766,-0.23189613379288193,-0.22507379266406463,-0.15112947814982725,-1.3428019323919909,-1.53850835778766,0.32133342186570896,-0.5147913917303727,-0.5965991221880467,0.4560384557833565,0.45603845578335656,1.4150529010481239,-1.0,-1
-0.08062775271090736,1.2487360979785667,1.6284312633231686,0.8391905905670761,-0.33778318405790814,-0.37952508199787327,-1.3428019323919909,-1.53850835778766,-0.23189613379288193,-0.22507379266406463,-0.15112947814982725,-1.1714688892995473,-0.3579792230561304,-0.5654827647624957,-0.43833500471815257,0.08796074117407617,-1.121083903892717,-1.1210839038927172,-1.1442174906631448,1.0,0
-0.6444745975660405,0.3150169103793479,1.210155901422205,-0.682581078947164,-0.33778318405790814,-0.37952508199787327,-1.285690918027843,-1.1449986462104833,-0.23189613379288193,-0.22507379266406463,-0.15112947814982725,-1.1143578749353995,0.035530488521046066,0.010169847610198573,-0.5147913917303727,-0.5343664073369446,-1.121083903892717,-0.5953764506673592,-1.1442174906631448,-1.0,0
-1.5305196394812497,-0.9921899522595582,-0.8812209080826127,0.8391905905670761,-0.33778318405790814,-0.37952508199787327,-1.2285799036636953,-0.7514889346333069,-0.23189613379288193,-0.22507379266406463,-0.15112947814982725,-0.9430248318429559,0.035530488521046066,-0.12985376080478117,-0.5147913917303727,-0.48769187119861807,-0.5953764506673591,-0.8582301772800381,-0.7176724253779333,-1.0,0
-0.8861232453610975,0.3150169103793479,-0.4629455461816491,-0.682581078947164,-0.33778318405790814,-0.37952508199787327,-1.1714688892995473,-0.3579792230561304,-0.23189613379288193,-0.22507379266406463,-0.15112947814982725,-0.885913817478808,0.822549911675399,1.0214514639406074,0.4409134459223777,-0.7210645518902509,-0.5953764506673591,1.5074533622340722,3.9743232927593923,1.0,0
0.24157044434916872,-0.9921899522595582,-0.8812209080826127,-0.682581078947164,-0.33778318405790814,-0.37952508199787327,-1.1143578749353995,-0.7514889346333069,-0.23189613379288193,-0.22507379266406463,-0.15112947814982725,-1.1143578749353995,0.035530488521046066,-0.25431919050698526,-0.7059323592609227,-0.3787846202091894,1.7703070888467511,0.45603845578335656,0.9885078357629123,1.0,1
-0.40282594977098346,-0.05847076466033954,0.37360517762027795,0.8391905905670761,-0.33778318405790814,-0.37952508199787327,-0.9430248318429559,0.035530488521046066,-0.23189613379288193,-0.22507379266406463,-0.15112947814982725,-0.9430248318429559,-1.53850835778766,-0.0987374033792301,-0.5912477787425927,-0.48769187119861807,1.2445996356213933,0.7188921823960355,0.5619627704777009,-1.0,1
-0.8055736960960785,-0.2452146021801833,-0.8812209080826127,-0.682581078947164,-0.33778318405790814,-0.37952508199787327,-0.7716917887505124,0.822549911675399,-0.23189613379288193,-0.22507379266406463,-0.15112947814982725,-0.5432477312939209,-0.7514889346333069,-0.03650468852812796,-0.5147913917303727,-0.5188082286241692,0.4560384557833565,1.5074533622340722,2.2681430316185467,1.0,-1
-0.9666727946261165,-1.5524214648190895,-1.7177716318845397,-0.682581078947164,-0.33778318405790814,-0.37952508199787327,-0.7716917887505124,0.822549911675399,-0.23189613379288193,-0.22507379266406463,-0.15112947814982725,-0.20058164510903378,0.822549911675399,0.8658696768128521,0.24977247839182762,-0.6899481944646998,-0.06966899744200131,1.5074533622340722,3.1212331621889695,-1.0,-1
0.08047134581913068,-2.112652977378621,-1.7177716318845397,-0.682581078947164,-0.33778318405790814,-0.37952508199787327,-0.7716917887505124,-0.3579792230561304,-0.23189613379288193,-0.22507379266406463,-0.15112947814982725,-0.48613671692977306,1.2160596232525756,0.6324969961212193,-0.2854222306937127,-0.6588318370391487,2.03316081545943,0.7188921823960355,0.13541770519248952,-1.0,-1
-0.3222764005059644,-0.6187022772198708,0.7918805395212415,-0.682581078947164,-0.33778318405790814,-0.37952508199787327,-0.7716917887505124,-1.53850835778766,-0.23189613379288193,-0.22507379266406463,-0.15112947814982725,-0.5432477312939209,1.2160596232525756,-0.3476682627836383,-0.7441605527670326,-0.26365409773465054,0.7188921823960354,-0.33252272405468025,2.2681430316185467,1.0,1
-0.48337549903600247,-0.6187022772198708,-0.044670184280685594,-0.682581078947164,-0.33778318405790814,-0.37952508199787327,-0.6003587456580688,-0.3579792230561304,-0.23189613379288193,-0.22507379266406463,-0.15112947814982725,-0.14347063074488592,1.2160596232525756,-0.2232028330814342,-0.5912477787425927,-0.4192358848624057,0.9817459090087143,-0.5953764506673592,-0.2911273600927219,-1.0,0
-0.08062775271090736,-0.05847076466033954,-0.8812209080826127,-0.682581078947164,-0.33778318405790814,-0.37952508199787327,-0.5432477312939209,0.035530488521046066,-0.23189613379288193,-0.22507379266406463,-0.15112947814982725,-0.7145807743863645,0.822549911675399,-0.4099009776347405,-0.6677041657548128,-0.2232028330814342,0.7188921823960354,0.1931847291706776,0.5619627704777009,1.0,-1
1.127615486264378,0.5017607478991917,-0.4629455461816491,-0.682581078947164,-0.33778318405790814,-0.37952508199787327,-0.5432477312939209,0.035530488521046066,-0.23189613379288193,-0.22507379266406463,-0.15112947814982725,-0.6003587456580688,-1.53850835778766,-0.3476682627836383,-0.7059323592609227,-0.28543554793253634,-0.06966899744200131,-0.06966899744200132,-0.2911273600927219,-1.0,-1
0.6443181906742638,-0.05847076466033954,0.37360517762027795,2.3609622600813163,-0.33778318405790814,-0.37952508199787327,-0.5432477312939209,-1.1449986462104833,-0.23189613379288193,-0.22507379266406463,-0.15112947814982725,-0.7716917887505124,-1.1449986462104833,-0.44101733506029156,-0.7059323592609227,-0.16097011823033208,0.1931847291706776,-0.06966899744200132,0.13541770519248952,1.0,-1
-1.9332673858063447,-1.9259091398587769,-1.2994962699835761,-0.682581078947164,-0.33778318405790814,-0.37952508199787327,-0.5432477312939209,-1.53850835778766,-0.23189613379288193,-0.22507379266406463,-0.15112947814982725,0.9987496565380712,0.822549911675399,4.755414355006732,3.690309893941729,-0.8050787169392387,0.1931847291706776,2.5588682686847877,0.9885078357629123,-1.0,0
-0.08062775271090736,-0.6187022772198708,-0.4629455461816491,-0.682581078947164,2.610663253057731,2.288808259011065,-0.48613671692977306,-1.1449986462104833,-0.23189613379288193,-0.22507379266406463,-0.15112947814982725,0.19919545544000122,-0.3579792230561304,-0.06762104595367903,-0.5147913917303727,-0.5032500499113935,0.1931847291706776,-0.33252272405468025,-0.2911273600927219,1.0,-1
0.1610208950841497,-0.05847076466033954,-0.044670184280685594,-0.682581078947164,-0.33778318405790814,-0.37952508199787327,-0.48613671692977306,-1.1449986462104833,-0.23189613379288193,-0.22507379266406463,-0.15112947814982725,-0.6574697600222167,-1.53850835778766,-0.456575513773067,-0.7059323592609227,-0.12985376080478117,1.5074533622340722,0.7188921823960355,0.5619627704777009,1.0,-1
1.369264134059435,-1.3656776272992457,-0.8812209080826127,-0.682581078947164,-0.33778318405790814,-0.37952508199787327,-0.48613671692977306,-1.1449986462104833,-0.23189613379288193,-0.22507379266406463,-0.15112947814982725,-0.48613671692977306,-1.1449986462104833,0.32133342186570896,-0.3236504241998226,-0.5965991221880467,2.03316081545943,0.45603845578335656,0.9885078357629123,-1.0,-1
-1.6110691887462687,-0.05847076466033954,-0.044670184280685594,-0.682581078947164,-0.33778318405790814,-0.37952508199787327,-0.48613671692977306,-1.53850835778766,-0.23189613379288193,-0.22507379266406463,-0.15112947814982725,1.6840818289078456,1.2160596232525756,1.4881968253238729,0.24977247839182762,-0.7210645518902509,0.4560384557833565,2.296014542072109,0.9885078357629123,1.0,1
-0.7250241468310595,-1.1789337897794019,-1.2994962699835761,-0.682581078947164,-0.33778318405790814,-0.37952508199787327,-0.3148036738373295,-0.3579792230561304,-0.23189613379288193,-0.22507379266406463,-0.15112947814982725,0.4847505272607405,-1.1449986462104833,0.8658696768128521,0.11979662047105363,-0.6899481944646998,-0.5953764506673591,1.5074533622340722,4.400868358044604,-1.0,-1
0.08047134581913068,0.5017607478991917,-0.044670184280685594,-0.682581078947164,-0.33778318405790814,-0.37952508199787327,-0.3148036738373295,-0.3579792230561304,-0.23189613379288193,-0.22507379266406463,-0.15112947814982725,-0.25769265947318165,-1.1449986462104833,-0.4099009776347405,-0.6677041657548128,-0.2232028330814342,-0.5953764506673591,-0.8582301772800381,-0.2911273600927219,1.0,1
-0.2417268512409454,0.5017607478991917,-0.044670184280685594,2.3609622600813163,-0.33778318405790814,-0.37952508199787327,-0.14347063074488592,0.822549911675399,-0.23189613379288193,-0.22507379266406463,-0.15112947814982725,0.25630646980414906,-1.53850835778766,-0.3787846202091894,-0.7441605527670326,-0.2232028330814342,0.4560384557833565,0.7188921823960355,1.4150529010481239,1.0,-1
-1.8527178365413257,-0.8054461147397145,0.37360517762027795,-0.682581078947164,-0.33778318405790814,-0.37952508199787327,-1.1143578749353995,-0.3579792230561304,-0.23189613379288193,-0.22507379266406463,-0.15112947814982725,-0.48613671692977306,0.822549911675399,1.9549421867071386,0.4409134459223777,-0.7335110948604712,0.7188921823960354,2.296014542072109,0.9885078357629123,-1.0,-1
-0.5639250483010215,-0.6187022772198708,-0.8812209080826127,-0.682581078947164,2.610663253057731,2.288808259011065,-0.14347063074488592,-0.3579792230561304,-0.23189613379288193,-0.22507379266406463,-0.15112947814982725,0.08497342671170552,-1.1449986462104833,-0.2605424619920955,-0.8970733267914728,-0.3165519053580873,-1.121083903892717,-1.1210839038927172,-0.7176724253779333,-1.0,0
-1.3694205409512117,0.1282730728595042,0.7918805395212415,0.8391905905670761,-0.33778318405790814,-0.37952508199787327,-0.08635961638073807,0.035530488521046066,-0.23189613379288193,-0.22507379266406463,-0.15112947814982725,0.9987496565380712,0.4290402000982225,-0.3165519053580873,-0.7059323592609227,-0.3165519053580873,-1.121083903892717,-0.5953764506673592,-0.7176724253779333,1.0,1
-0.8861232453610975,-1.3656776272992457,-1.7177716318845397,-0.682581078947164,-0.33778318405790814,-0.37952508199787327,-1.3428019323919909,-1.53850835778766,-0.23189613379288193,-0.22507379266406463,-0.15112947814982725,-1.3428019323919909,-1.53850835778766,0.4769152089934642,-0.2854222306937127,-0.640162022583818,-1.121083903892717,-1.1210839038927172,-1.1442174906631448,-1.0,-1
-0.5639250483010215,0.1282730728595042,0.7918805395212415,0.8391905905670761,-0.33778318405790814,-0.37952508199787327,-1.3428019323919909,-1.53850835778766,-0.23189613379288193,-0.22507379266406463,-0.15112947814982725,-1.3428019323919909,-1.53850835778766,0.1501934560251783,-0.43833500471815257,-0.5810409434752711,-1.121083903892717,-1.1210839038927172,-1.1442174906631448,1.0,1
0.08047134581913068,0.3150169103793479,0.37360517762027795,0.8391905905670761,-0.33778318405790814,-0.37952508199787327,-1.1714688892995473,-0.3579792230561304,-0.23189613379288193,-0.22507379266406463,-0.15112947814982725,-1.3428019323919909,-1.53850835778766,0.08796074117407617,-0.43833500471815257,-0.5654827647624957,-1.121083903892717,-1.1210839038927172,-1.1442174906631448,-1.0,0
0.40266954287920675,0.8752484229388792,-1.2994962699835761,0.8391905905670761,-0.33778318405790814,-0.37952508199787327,-1.1143578749353995,0.035530488521046066,-0.23189613379288193,-0.22507379266406463,-0.15112947814982725,-0.9430248318429559,1.2160596232525756,1.0214514639406074,0.3262288654040474,-0.7086180089200305,-1.121083903892717,-1.1210839038927172,-1.1442174906631448,1.0,-1
-1.9332673858063447,-0.8054461147397145,-1.2994962699835761,0.8391905905670761,-0.33778318405790814,-0.37952508199787327,-1.1143578749353995,0.035530488521046066,-0.23189613379288193,-0.22507379266406463,-0.15112947814982725,-0.7716917887505124,1.2160596232525756,7.867050097561835,6.748565374430531,-0.8268601671371244,-1.121083903892717,-1.1210839038927172,-1.1442174906631448,-1.0,-1
0.1610208950841497,-0.431958439700027,-0.8812209080826127,-0.682581078947164,2.610663253057731,2.288808259011065,-1.1143578749353995,-1.1449986462104833,-0.23189613379288193,-0.22507379266406463,-0.15112947814982725,-1.1143578749353995,-1.1449986462104833,-0.5499245860497202,-0.5147913917303727,0.025728026322974037,-1.121083903892717,-1.1210839038927172,-1.1442174906631448,1.0,-1
-0.7250241468310595,-0.2452146021801833,-0.4629455461816491,0.8391905905670761,-0.33778318405790814,-0.37952508199787327,-1.1143578749353995,-1.53850835778766,-0.23189613379288193,-0.22507379266406463,-0.15112947814982725,-0.7145807743863645,0.822549911675399,-0.3009937266453118,-0.6677041657548128,-0.3414449912985281,-1.121083903892717,-1.1210839038927172,-1.1442174906631448,1.0,-1
-0.08062775271090736,-0.431958439700027,-0.4629455461816491,-0.682581078947164,-0.33778318405790814,-0.37952508199787327,-1.1143578749353995,-1.53850835778766,-0.23189613379288193,-0.22507379266406463,-0.15112947814982725,-1.285690918027843,-1.53850835778766,0.1906447206783946,-0.13250945666927252,-0.6121573009008222,-1.121083903892717,-1.1210839038927172,-1.1442174906631448,-1.0,-1
-0.8055736960960785,-1.1789337897794019,-0.4629455461816491,-0.682581078947164,-0.33778318405790814,-0.37952508199787327,-1.1143578749353995,-1.53850835778766,-0.23189613379288193,-0.22507379266406463,-0.15112947814982725,-0.885913817478808,0.4290402000982225,-0.12985376080478117,-0.5912477787425927,-0.47213369248584247,-1.121083903892717,-1.1210839038927172,-1.1442174906631448,1.0,0
-0.6444745975660405,-0.6187022772198708,-1.2994962699835761,0.8391905905670761,-0.33778318405790814,2.288808259011065,-1.0572468605712517,-1.1449986462104833,-0.23189613379288193,-0.22507379266406463,-0.15112947814982725,-1.0001358462071037,-1.53850835778766,0.39912431542958654,-0.3236504241998226,-0.6277154796135976,-1.121083903892717,-1.1210839038927172,-1.1442174906631448,-1.0,-1
-1.6110691887462687,-1.7391653023389333,-1.7177716318845397,-0.682581078947164,-0.33778318405790814,-0.37952508199787327,-1.0572468605712517,-1.1449986462104833,-0.23189613379288193,-0.22507379266406463,-0.15112947814982725,-0.37191468820147733,-1.1449986462104833,1.0214514639406074,0.4409134459223777,-0.7210645518902509,-1.121083903892717,-1.1210839038927172,-1.1442174906631448,-1.0,0
-2.0138169350713637,-0.431958439700027,1.210155901422205,-0.682581078947164,-0.33778318405790814,-0.37952508199787327,-1.0001358462071037,-0.7514889346333069,-0.23189613379288193,-0.22507379266406463,-0.15112947814982725,-0.25769265947318165,0.822549911675399,2.266105760962649,1.396618283575128,-0.7677390880285774,-1.121083903892717,-1.1210839038927172,-1.1442174906631448,1.0,1
-1.5305196394812497,-1.3656776272992457,-0.8812209080826127,-0.682581078947164,-0.33778318405790814,-0.37952508199787327,-0.8288028031146603,0.035530488521046066,-0.23189613379288193,-0.22507379266406463,-0.15112947814982725,0.42763951289659263,0.035530488521046066,2.5772693352181593,2.1611821536973284,-0.7832972667413529,-1.121083903892717,-1.1210839038927172,-1.1442174906631448,-1.0,-1
-0.16117730197592636,0.5017607478991917,0.7918805395212415,-0.682581078947164,-0.33778318405790814,-0.37952508199787327,-0.8288028031146603,0.035530488521046066,-0.23189613379288193,-0.22507379266406463,-0.15112947814982725,-0.3148036738373295,-0.7514889346333069,-0.3009937266453118,-0.6677041657548128,-0.3476682627836383,-1.121083903892717,-1.1210839038927172,-1.1442174906631448,1.0,0
-1.4499700902162307,-0.6187022772198708,-0.8812209080826127,0.8391905905670761,-0.33778318405790814,-0.37952508199787327,-0.7716917887505124,0.035530488521046066,-0.23189613379288193,-0.22507379266406463,-0.15112947814982725,-0.20058164510903378,0.822549911675399,-0.19208647565588316,-0.8206169397792528,-0.3943427989219649,-1.121083903892717,-1.1210839038927172,-1.1442174906631448,1.0,1
-1.2083214424211737,-0.8054461147397145,-0.4629455461816491,-0.682581078947164,-0.33778318405790814,-0.37952508199787327,-0.6003587456580688,0.035530488521046066,-0.23189613379288193,-0.22507379266406463,-0.15112947814982725,0.25630646980414906,0.822549911675399,2.266105760962649,1.014336348514028,-0.755292545058357,-1.121083903892717,-1.1210839038927172,-1.1442174906631448,-1.0,-1
-1.6916187380112877,-0.05847076466033954,0.37360517762027795,-0.682581078947164,-0.33778318405790814,-0.37952508199787327,-0.6003587456580688,0.035530488521046066,-0.23189613379288193,-0.22507379266406463,-0.15112947814982725,0.027862412347557656,-0.3579792230561304,0.39912431542958654,-0.2854222306937127,-0.6277154796135976,-1.121083903892717,-1.1210839038927172,-1.1442174906631448,1.0,0
-1.0472223438911357,-0.2452146021801833,-1.2994962699835761,-0.682581078947164,-0.33778318405790814,-0.37952508199787327,-0.5432477312939209,0.035530488521046066,-0.23189613379288193,-0.22507379266406463,-0.15112947814982725,-0.6574697600222167,-1.53850835778766,0.025728026322974037,-0.5147913917303727,-0.5343664073369446,-1.121083903892717,-1.1210839038927172,-1.1442174906631448,-1.0,1
-0.8861232453610975,0.5017607478991917,0.37360517762027795,2.3609622600813163,-0.33778318405790814,-0.37952508199787327,-0.37191468820147733,0.035530488521046066,-0.23189613379288193,-0.22507379266406463,-0.15112947814982725,-0.37191468820147733,-1.53850835778766,-0.3165519053580873,-0.6677041657548128,-0.3383333555559731,-1.121083903892717,-0.8582301772800381,-1.1442174906631448,1.0,1
0.5637686414092448,1.4354799354984105,0.37360517762027795,-0.682581078947164,-0.33778318405790814,-0.37952508199787327,-0.20058164510903378,1.2160596232525756,-0.23189613379288193,-0.22507379266406463,-0.15112947814982725,-0.4290257025656252,-1.53850835778766,-0.3009937266453118,-0.8206169397792528,-0.3009937266453118,-1.121083903892717,-0.8582301772800381,-1.1442174906631448,-1.0,0
-1.6110691887462687,-1.1789337897794019,-0.8812209080826127,-0.682581078947164,-0.33778318405790814,-0.37952508199787327,-0.14347063074488592,1.2160596232525756,-0.23189613379288193,-0.22507379266406463,-0.15112947814982725,-0.25769265947318165,-0.7514889346333069,-0.3383333555559731,-0.6677041657548128,-0.3165519053580873,-1.121083903892717,-1.1210839038927172,-1.1442174906631448,1.0,1
-7.820344588833574e-05,-0.431958439700027,-1.2994962699835761,-0.682581078947164,-0.33778318405790814,-0.37952508199787327,0.027862412347557656,1.2160596232525756,-0.23189613379288193,-0.22507379266406463,-0.15112947814982725,0.4847505272607405,-1.1449986462104833,0.1906447206783946,-0.5147913917303727,-0.5623711290199406,-1.121083903892717,-0.8582301772800381,-1.1442174906631448,-1.0,-1
-1.8527178365413257,-1.5524214648190895,-1.2994962699835761,-0.682581078947164,-0.33778318405790814,-0.37952508199787327,0.027862412347557656,0.035530488521046066,-0.23189613379288193,-0.22507379266406463,-0.15112947814982725,1.5698598001795498,0.822549911675399,1.4881968253238729,1.014336348514028,-0.752180909315802,-1.121083903892717,-0.8582301772800381,-1.1442174906631448,1.0,0
0.08047134581913068,-0.8054461147397145,-0.4629455461816491,-0.682581078947164,-0.33778318405790814,-0.37952508199787327,0.08497342671170552,0.035530488521046066,-0.23189613379288193,-0.22507379266406463,-0.15112947814982725,-0.20058164510903378,-0.7514889346333069,0.39912431542958654,-0.43833500471815257,-0.6121573009008222,-0.858230177280038,-1.1210839038927172,-1.1442174906631448,-1.0,-1
0.5637686414092448,-0.431958439700027,-0.044670184280685594,-0.682581078947164,-0.33778318405790814,-0.37952508199787327,0.08497342671170552,-1.1449986462104833,-0.23189613379288193,-0.22507379266406463,-0.15112947814982725,-0.14347063074488592,-0.3579792230561304,-0.3165519053580873,-0.8970733267914728,-0.2605424619920955,-1.121083903892717,-1.1210839038927172,-0.7176724253779333,1.0,0
-0.40282594977098346,-0.8054461147397145,-0.044670184280685594,-0.682581078947164,-0.33778318405790814,2.288808259011065,0.14208444107585336,-0.7514889346333069,-0.23189613379288193,-0.22507379266406463,-0.15112947814982725,1.2271937139946627,0.822549911675399,1.0214514639406074,0.4409134459223777,-0.7086180089200305,-1.121083903892717,-0.8582301772800381,-1.1442174906631448,-1.0,-1
0.48321909214422576,0.3150169103793479,0.37360517762027795,-0.682581078947164,-0.33778318405790814,-0.37952508199787327,-1.3428019323919909,-1.53850835778766,-0.23189613379288193,-0.22507379266406463,-0.15112947814982725,-1.3428019323919909,-1.53850835778766,-0.5343664073369446,-0.3236504241998226,-0.06762104595367903,-0.5953764506673591,-1.1210839038927172,-1.1442174906631448,1.0,0
-7.820344588833574e-05,-1.1789337897794019,-0.8812209080826127,-0.682581078947164,-0.33778318405790814,-0.37952508199787327,-1.285690918027843,-1.1449986462104833,-0.23189613379288193,-0.22507379266406463,-0.15112947814982725,-1.1714688892995473,-0.3579792230561304,0.6324969961212193,0.11979662047105363,-0.6806132872370344,-0.06966899744200131,1.2445996356213933,0.13541770519248952,-1.0,-1
0.9665163877343399,-1.1789337897794019,-1.2994962699835761,0.8391905905670761,-0.33778318405790814,-0.37952508199787327,-1.285690918027843,-1.1449986462104833,-0.23189613379288193,-0.22507379266406463,-0.15112947814982725,-1.285690918027843,-1.1449986462104833,-0.5872642149603814,-0.13250945666927252,0.08796074117407617,0.7188921823960354,-0.06966899744200132,0.9885078357629123,1.0,-1
0.40266954287920675,0.8752484229388792,0.37360517762027795,-0.682581078947164,-0.33778318405790814,-0.37952508199787327,-1.285690918027843,-1.1449986462104833,-0.23189613379288193,-0.22507379266406463,-0.15112947814982725,-1.1143578749353995,0.035530488521046066,1.0214514639406074,0.6320544134529278,-0.7210645518902509,-0.3325227240546802,0.7188921823960355,1.4150529010481239,-1.0,-1
0.24157044434916872,-0.431958439700027,-0.8812209080826127,2.3609622600813163,-0.33778318405790814,-0.37952508199787327,-1.285690918027843,-1.53850835778766,-0.23189613379288193,-0.22507379266406463,-0.15112947814982725,-1.0001358462071037,0.822549911675399,-0.0987374033792301,-0.3236504241998226,-0.5188082286241692,-0.3325227240546802,0.9817459090087144,0.9885078357629123,1.0,-1
-0.2417268512409454,-1.1789337897794019,-0.044670184280685594,-0.682581078947164,-0.33778318405790814,-0.37952508199787327,-1.285690918027843,-1.53850835778766,-0.23189613379288193,4.1906596634118705,-0.15112947814982725,-0.7716917887505124,0.822549911675399,0.24354252830183137,-0.5147913917303727,-0.5872642149603814,0.4560384557833565,-0.8582301772800381,0.13541770519248952,-1.0,-1
0.48321909214422576,1.0619922604587229,0.7918805395212415,-0.682581078947164,2.610663253057731,2.288808259011065,-1.285690918027843,-1.53850835778766,-0.23189613379288193,-0.22507379266406463,-0.15112947814982725,-0.5432477312939209,0.035530488521046066,1.0214514639406074,0.24977247839182762,-0.7055063731774752,-0.06966899744200131,1.5074533622340722,-0.2911273600927219,-1.0,-1
0.08047134581913068,0.8752484229388792,1.210155901422205,0.8391905905670761,-0.33778318405790814,-0.37952508199787327,-1.285690918027843,-1.53850835778766,-0.23189613379288193,-0.22507379266406463,-0.15112947814982725,-1.1143578749353995,-1.53850835778766,-0.6121573009008222,-0.13250945666927252,0.1906447206783946,-1.121083903892717,-1.1210839038927172,-1.1442174906631448,1.0,1
0.40266954287920675,-0.6187022772198708,0.37360517762027795,0.8391905905670761,-0.33778318405790814,-0.37952508199787327,-1.1143578749353995,-0.3579792230561304,-0.23189613379288193,-0.22507379266406463,-0.15112947814982725,-0.8288028031146603,0.4290402000982225,-0.5188082286241692,-0.5912477787425927,-0.03650468852812796,-0.5953764506673591,-0.33252272405468025,0.9885078357629123,-1.0,-1
0.32211999361418775,0.3150169103793479,0.37360517762027795,0.8391905905670761,-0.33778318405790814,-0.37952508199787327,-1.1143578749353995,-0.3579792230561304,-0.23189613379288193,-0.22507379266406463,-0.15112947814982725,-0.7716917887505124,-0.3579792230561304,-0.44101733506029156,-0.5912477787425927,-0.19208647565588316,0.7188921823960354,0.45603845578335656,0.13541770519248952,1.0,0
-0.3222764005059644,-1.3656776272992457,-1.2994962699835761,-0.682581078947164,-0.33778318405790814,-0.37952508199787327,-1.0572468605712517,0.035530488521046066,-0.23189613379288193,-0.22507379266406463,-0.15112947814982725,-0.7716917887505124,-1.1449986462104833,-0.456575513773067,-0.43833500471815257,-0.2232028330814342,-0.5953764506673591,-0.8582301772800381,-0.7176724253779333,1.0,1
-0.8055736960960785,-1.3656776272992457,-0.044670184280685594,-0.682581078947164,-0.33778318405790814,-0.37952508199787327,-0.885913817478808,0.035530488521046066,-0.23189613379288193,-0.22507379266406463,-0.15112947814982725,-0.8288028031146603,-0.3579792230561304,-0.14541193951755663,-0.7059323592609227,-0.456575513773067,-0.3325227240546802,-0.5953764506673592,0.13541770519248952,-1.0,1
-1.1277718931561547,-0.431958439700027,0.37360517762027795,-0.682581078947164,-0.33778318405790814,-0.37952508199787327,-0.7145807743863645,1.2160596232525756,-0.23189613379288193,-0.22507379266406463,-0.15112947814982725,0.4847505272607405,0.822549911675399,1.9549421867071386,1.7789002186362282,-0.7677390880285774,-0.06966899744200131,1.7703070888467514,-0.7176724253779333,1.0,-1
0.08047134581913068,1.8089676105380978,1.6284312633231686,-0.682581078947164,-0.33778318405790814,-0.37952508199787327,-0.7145807743863645,0.822549911675399,-0.23189613379288193,-0.22507379266406463,-0.15112947814982725,-0.5432477312939209,0.035530488521046066,-0.2232028330814342,-0.6677041657548128,-0.4099009776347405,0.1931847291706776,0.7188921823960355,0.5619627704777009,-1.0,1
-0.3222764005059644,-0.8054461147397145,0.37360517762027795,-0.682581078947164,-0.33778318405790814,2.288808259011065,-0.5432477312939209,0.822549911675399,-0.23189613379288193,-0.22507379266406463,-0.15112947814982725,-0.5432477312939209,-0.3579792230561304,0.010169847610198573,-0.5912477787425927,-0.5188082286241692,0.4560384557833565,0.1931847291706776,0.9885078357629123,-1.0,1
0.8054172892043019,-0.8054461147397145,-0.8812209080826127,-0.682581078947164,-0.33778318405790814,-0.37952508199787327,-0.37191468820147733,0.822549911675399,-0.23189613379288193,-0.22507379266406463,-0.15112947814982725,0.3705284985324448,2.0030790464069286,-0.14541193951755663,-0.5147913917303727,-0.47213369248584247,1.2445996356213933,0.1931847291706776,-1.1442174906631448,1.0,-1
-0.5639250483010215,-0.9921899522595582,-0.8812209080826127,-0.682581078947164,-0.33778318405790814,-0.37952508199787327,-0.37191468820147733,0.822549911675399,-0.23189613379288193,8.606393119487805,-0.15112947814982725,0.25630646980414906,2.0030790464069286,1.7993603995793832,1.396618283575128,-0.755292545058357,-0.06966899744200131,1.5074533622340722,-0.2911273600927219,-1.0,-1
0.8859668384693209,0.5017607478991917,0.7918805395212415,0.8391905905670761,-0.33778318405790814,-0.37952508199787327,-0.37191468820147733,-0.3579792230561304,-0.23189613379288193,-0.22507379266406463,-0.15112947814982725,0.25630646980414906,0.822549911675399,-0.47213369248584247,-0.43833500471815257,-0.19208647565588316,-0.5953764506673591,-0.8582301772800381,-0.7176724253779333,1.0,-1
0.8859668384693209,-1.1789337897794019,-1.2994962699835761,-0.682581078947164,-0.33778318405790814,-0.37952508199787327,-0.37191468820147733,-1.53850835778766,-0.23189613379288193,-0.22507379266406463,-0.15112947814982725,-0.37191468820147733,0.035530488521046066,-0.3383333555559731,-0.6677041657548128,-0.3165519053580873,-0.858230177280038,-1.1210839038927172,-1.1442174906631448,-1.0,-1
-1.0472223438911357,-0.6187022772198708,-0.8812209080826127,0.8391905905670761,-0.33778318405790814,-0.37952508199787327,-0.37191468820147733,-1.53850835778766,-0.23189613379288193,-0.22507379266406463,-0.15112947814982725,0.5418615416248884,0.822549911675399,-0.03650468852812796,-0.5147913917303727,-0.5188082286241692,0.4560384557833565,-0.5953764506673592,0.13541770519248952,1.0,0
-0.9666727946261165,-0.6187022772198708,0.37360517762027795,-0.682581078947164,-0.33778318405790814,-0.37952508199787327,-0.3148036738373295,-1.1449986462104833,-0.23189613379288193,4.1906596634118705,-0.15112947814982725,0.25630646980414906,1.2160596232525756,0.025728026322974037,-0.43833500471815257,-0.5499245860497202,0.1931847291706776,-0.33252272405468025,-0.2911273600927219,-1.0,1
-0.08062775271090736,0.5017607478991917,0.7918805395212415,-0.682581078947164,-0.33778318405790814,-0.37952508199787327,-0.14347063074488592,0.035530488521046066,-0.23189613379288193,-0.22507379266406463,-0.15112947814982725,0.8845276278097756,0.822549911675399,-0.0987374033792301,-0.43833500471815257,-0.5032500499113935,-0.06966899744200131,1.7703070888467514,-0.2911273600927219,1.0,1
-0.5639250483010215,1.2487360979785667,-0.4629455461816491,0.8391905905670761,-0.33778318405790814,-0.37952508199787327,0.027862412347557656,1.2160596232525756,-0.23189613379288193,-0.22507379266406463,-0.15112947814982725,1.2843047283588105,0.822549911675399,0.4769152089934642,0.11979662047105363,-0.6526085655540386,-0.3325227240546802,1.2445996356213933,0.9885078357629123,-1.0,-1
-1.2083214424211737,-2.112652977378621,-1.7177716318845397,-0.682581078947164,-0.33778318405790814,-0.37952508199787327,0.027862412347557656,0.822549911675399,-0.23189613379288193,-0.22507379266406463,-0.15112947814982725,1.912525886364437,0.035530488521046066,0.32133342186570896,-0.13250945666927252,-0.6277154796135976,-0.06966899744200131,1.5074533622340722,0.13541770519248952,1.0,-1
1.208165035529397,-0.2452146021801833,-1.7177716318845397,-0.682581078947164,-0.33778318405790814,-0.37952508199787327,0.027862412347557656,-0.3579792230561304,-0.23189613379288193,-0.22507379266406463,-0.15112947814982725,-0.3148036738373295,-0.3579792230561304,-0.3476682627836383,-0.6677041657548128,-0.3009937266453118,0.7188921823960354,0.1931847291706776,0.9885078357629123,-1.0,-1
-0.16117730197592636,0.8752484229388792,0.7918805395212415,0.8391905905670761,-0.33778318405790814,-0.37952508199787327,0.027862412347557656,-1.53850835778766,3.886259345632435,-0.22507379266406463,6.616842804212003,0.5989725559890362,-0.3579792230561304,0.010169847610198573,-0.5147913917303727,-0.5499245860497202,-0.3325227240546802,0.9817459090087144,1.4150529010481239,1.0,-1
-2.0138169350713637,-1.1789337897794019,-1.2994962699835761,-0.682581078947164,-0.33778318405790814,-0.37952508199787327,-1.3428019323919909,-1.53850835778766,-0.23189613379288193,-0.22507379266406463,-0.15112947814982725,-1.3428019323919909,-1.53850835778766,1.3326150381961177,0.6320544134529278,-0.7335110948604712,-0.5953764506673591,3.0845757219101455,0.5619627704777009,1.0,-1
0.5637686414092448,1.0619922604587229,-0.4629455461816491,2.3609622600813163,-0.33778318405790814,2.288808259011065,-1.3428019323919909,-1.53850835778766,-0.23189613379288193,-0.22507379266406463,-0.15112947814982725,-1.3428019323919909,-1.53850835778766,-0.5810409434752711,-0.43833500471815257,0.1501934560251783,-1.121083903892717,-1.1210839038927172,-1.1442174906631448,-1.0,-1
-7.820344588833574e-05,0.1282730728595042,-0.4629455461816491,-0.682581078947164,-0.33778318405790814,-0.37952508199787327,-1.3428019323919909,-1.53850835778766,-0.23189613379288193,-0.22507379266406463,-0.15112947814982725,-1.1143578749353995,0.035530488521046066,-0.44101733506029156,-0.5912477787425927,-0.19208647565588316,-1.121083903892717,-0.06966899744200132,1.4150529010481239,1.0,-1
-0.6444745975660405,-0.9921899522595582,-0.8812209080826127,0.8391905905670761,-0.33778318405790814,-0.37952508199787327,-1.3428019323919909,-1.53850835778766,-0.23189613379288193,-0.22507379266406463,-0.15112947814982725,-1.1714688892995473,-0.3579792230561304,-0.19208647565588316,-0.5912477787425927,-0.44101733506029156,0.7188921823960354,-0.06966899744200132,0.9885078357629123,-1.0,1
-0.8861232453610975,0.3150169103793479,-0.044670184280685594,-0.682581078947164,-0.33778318405790814,-0.37952508199787327,-1.1714688892995473,-0.3579792230561304,-0.23189613379288193,4.1906596634118705,-0.15112947814982725,-0.7716917887505124,1.2160596232525756,-0.03650468852812796,-0.2854222306937127,-0.5499245860497202,0.9817459090087143,1.5074533622340722,0.5619627704777009,1.0,0
-1.3694205409512117,-1.1789337897794019,-0.4629455461816491,-0.682581078947164,-0.33778318405790814,-0.37952508199787327,-1.1143578749353995,0.035530488521046066,-0.23189613379288193,-0.22507379266406463,-0.15112947814982725,-0.9430248318429559,-0.3579792230561304,0.5547061025573418,0.24977247839182762,-0.6743900157519244,0.4560384557833565,2.0331608154594303,0.5619627704777009,-1.0,-1
-0.2417268512409454,0.3150169103793479,-0.044670184280685594,-0.682581078947164,-0.33778318405790814,-0.37952508199787327,-1.1143578749353995,0.035530488521046066,-0.23189613379288193,-0.22507379266406463,-0.15112947814982725,-1.1143578749353995,-0.7514889346333069,-0.3787846202091894,-0.7059323592609227,-0.25431919050698526,0.4560384557833565,1.7703070888467514,0.9885078357629123,-1.0,-1
-0.8861232453610975,1.0619922604587229,0.37360517762027795,0.8391905905670761,-0.33778318405790814,-0.37952508199787327,-1.1143578749353995,-1.1449986462104833,-0.23189613379288193,-0.22507379266406463,-0.15112947814982725,-1.0001358462071037,-0.3579792230561304,-0.5499245860497202,-0.5147913917303727,0.1501934560251783,-0.06966899744200131,0.1931847291706776,-0.7176724253779333,1.0,1
-7.820344588833574e-05,0.6885045854190354,1.210155901422205,-0.682581078947164,2.610663253057731,2.288808259011065,-0.9430248318429559,-0.3579792230561304,-0.23189613379288193,-0.22507379266406463,-0.15112947814982725,-0.5432477312939209,0.822549911675399,-0.6214922081284875,-0.2854222306937127,0.32133342186570896,0.4560384557833565,-0.5953764506673592,-0.2911273600927219,1.0,1
0.8859668384693209,2.369199123097629,-0.044670184280685594,-0.682581078947164,-0.33778318405790814,-0.37952508199787327,-0.7716917887505124,0.822549911675399,-0.23189613379288193,-0.22507379266406463,-0.15112947814982725,-0.9430248318429559,-1.53850835778766,-0.4099009776347405,-0.5912477787425927,-0.25431919050698526,1.5074533622340722,0.1931847291706776,0.9885078357629123,-1.0,0
-0.3222764005059644,-0.9921899522595582,-0.8812209080826127,-0.682581078947164,-0.33778318405790814,2.288808259011065,-0.7145807743863645,1.2160596232525756,-0.23189613379288193,-0.22507379266406463,-0.15112947814982725,-0.4290257025656252,0.035530488521046066,1.0214514639406074,0.6320544134529278,-0.7210645518902509,0.1931847291706776,2.5588682686847877,0.13541770519248952,-1.0,-1
0.40266954287920675,1.2487360979785667,-0.4629455461816491,0.8391905905670761,2.610663253057731,2.288808259011065,-0.7145807743863645,0.035530488521046066,-0.23189613379288193,-0.22507379266406463,-0.15112947814982725,-0.6003587456580688,0.035530488521046066,-0.6743900157519244,-0.13250945666927252,0.7102878896850969,-0.3325227240546802,-0.06966899744200132,0.13541770519248952,1.0,1
-0.2417268512409454,0.1282730728595042,-0.044670184280685594,-0.682581078947164,-0.33778318405790814,-0.37952508199787327,-0.5432477312939209,0.035530488521046066,-0.23189613379288193,-0.22507379266406463,-0.15112947814982725,-0.08635961638073807,0.4290402000982225,0.33689160057848444,-0.13250945666927252,-0.640162022583818,-0.3325227240546802,2.296014542072109,1.4150529010481239,-1.0,-1
-0.6444745975660405,-1.3656776272992457,-0.8812209080826127,-0.682581078947164,-0.33778318405790814,-0.37952508199787327,-0.5432477312939209,-0.3579792230561304,-0.23189613379288193,-0.22507379266406463,-0.15112947814982725,-0.37191468820147733,0.822549911675399,-0.5654827647624957,-0.5912477787425927,0.1501934560251783,0.7188921823960354,0.1931847291706776,1.4150529010481239,1.0,-1
0.32211999361418775,1.0619922604587229,0.7918805395212415,-0.682581078947164,-0.33778318405790814,-0.37952508199787327,-0.5432477312939209,-0.3579792230561304,-0.23189613379288193,-0.22507379266406463,-0.15112947814982725,-0.5432477312939209,0.822549911675399,-0.5188082286241692,-0.5912477787425927,0.010169847610198573,0.1931847291706776,0.45603845578335656,0.9885078357629123,1.0,-1
-1.2888709916861927,-0.9921899522595582,-0.4629455461816491,-0.682581078947164,2.610663253057731,2.288808259011065,-0.5432477312939209,-1.53850835778766,-0.23189613379288193,-0.22507379266406463,-0.15112947814982725,0.9416386421739233,2.0030790464069286,0.8658696768128521,0.11979662047105363,-0.6899481944646998,-0.5953764506673591,3.3474294485228246,0.13541770519248952,-1.0,-1
1.047065936999359,1.4354799354984105,0.37360517762027795,2.3609622600813163,-0.33778318405790814,-0.37952508199787327,-0.5432477312939209,-1.53850835778766,-0.23189613379288193,-0.22507379266406463,-0.15112947814982725,-0.029248602016590203,0.4290402000982225,-0.5343664073369446,-0.43833500471815257,-0.03650468852812796,-1.121083903892717,-0.5953764506673592,-1.1442174906631448,1.0,-1
-0.9666727946261165,0.3150169103793479,-1.2994962699835761,-0.682581078947164,2.610663253057731,2.288808259011065,-0.5432477312939209,-1.53850835778766,-0.23189613379288193,-0.22507379266406463,-0.15112947814982725,-0.37191468820147733,-1.1449986462104833,-0.3476682627836383,-0.5147913917303727,-0.3476682627836383,-0.3325227240546802,-0.8582301772800381,-1.1442174906631448,-1.0,0
-0.6444745975660405,0.6885045854190354,-0.4629455461816491,-0.682581078947164,-0.33778318405790814,-0.37952508199787327,-0.48613671692977306,-1.1449986462104833,-0.23189613379288193,-0.22507379266406463,-0.15112947814982725,-0.5432477312939209,0.035530488521046066,-0.3165519053580873,-0.6677041657548128,-0.3383333555559731,0.1931847291706776,0.1931847291706776,-0.7176724253779333,-1.0,-1
-1.3694205409512117,-0.2452146021801833,-0.044670184280685594,-0.682581078947164,-0.33778318405790814,-0.37952508199787327,-0.48613671692977306,-1.1449986462104833,-0.23189613379288193,-0.22507379266406463,-0.15112947814982725,-0.48613671692977306,-1.1449986462104833,-0.5965991221880467,-0.3236504241998226,0.32133342186570896,0.4560384557833565,2.0331608154594303,0.9885078357629123,1.0,1
-0.9666727946261165,-0.431958439700027,-1.2994962699835761,-0.682581078947164,-0.33778318405790814,-0.37952508199787327,-0.3148036738373295,0.035530488521046066,-0.23189613379288193,-0.22507379266406463,-0.15112947814982725,0.8845276278097756,0.4290402000982225,0.7102878896850969,-0.2854222306937127,-0.6588318370391487,0.4560384557833565,1.5074533622340722,0.5619627704777009,-1.0,0
-1.6916187380112877,-0.431958439700027,-0.8812209080826127,0.8391905905670761,-0.33778318405790814,-0.37952508199787327,-0.25769265947318165,0.035530488521046066,-0.23189613379288193,-0.22507379266406463,-0.15112947814982725,0.3705284985324448,0.4290402000982225,-0.12985376080478117,-0.6677041657548128,-0.456575513773067,0.4560384557833565,2.296014542072109,0.5619627704777009,1.0,0
-0.5639250483010215,-1.1789337897794019,-1.2994962699835761,0.8391905905670761,-0.33778318405790814,-0.37952508199787327,-0.20058164510903378,0.4290402000982225,-0.23189613379288193,-0.22507379266406463,-0.15112947814982725,0.8845276278097756,0.822549911675399,0.32133342186570896,-0.43833500471815257,-0.6121573009008222,0.9817459090087143,1.5074533622340722,0.9885078357629123,-1.0,-1
-0.08062775271090736,1.0619922604587229,0.37360517762027795,-0.682581078947164,-0.33778318405790814,-0.37952508199787327,-0.20058164510903378,-0.7514889346333069,-0.23189613379288193,-0.22507379266406463,-0.15112947814982725,0.08497342671170552,0.035530488521046066,-0.6121573009008222,-0.43833500471815257,0.39912431542958654,-1.121083903892717,-0.8582301772800381,-1.1442174906631448,1.0,1
-1.2083214424211737,-1.7391653023389333,-0.8812209080826127,-0.682581078947164,-0.33778318405790814,-0.37952508199787327,-0.029248602016590203,0.035530488521046066,-0.23189613379288193,-0.22507379266406463,-0.15112947814982725,0.8274166134456277,0.035530488521046066,0.24354252830183137,-0.43833500471815257,-0.5965991221880467,-1.121083903892717,0.1931847291706776,1.4150529010481239,-1.0,-1
-0.7250241468310595,0.6885045854190354,-0.044670184280685594,-0.682581078947164,2.610663253057731,2.288808259011065,-0.029248602016590203,-0.3579792230561304,-0.23189613379288193,-0.22507379266406463,-0.15112947814982725,0.5989725559890362,0.822549911675399,-0.47213369248584247,-0.6677041657548128,-0.0987374033792301,0.9817459090087143,-0.06966899744200132,0.9885078357629123,1.0,0
-1.2083214424211737,-0.9921899522595582,-0.4629455461816491,-0.682581078947164,-0.33778318405790814,-0.37952508199787327,-1.3428019323919909,-1.53850835778766,-0.23189613379288193,-0.22507379266406463,-0.15112947814982725,-1.3428019323919909,-1.53850835778766,0.010169847610198573,-0.5147913917303727,-0.5343664073369446,-0.3325227240546802,-0.8582301772800381,-1.1442174906631448,1.0,1
-1.3694205409512117,-1.7391653023389333,-1.2994962699835761,-0.682581078947164,-0.33778318405790814,-0.37952508199787327,-1.1714688892995473,-0.3579792230561304,-0.23189613379288193,4.1906596634118705,-0.15112947814982725,-1.1714688892995473,-0.3579792230561304,7.867050097561835,6.748565374430531,-0.8268601671371244,-1.121083903892717,1.5074533622340722,-1.1442174906631448,-1.0,-1
-0.5639250483010215,-1.1789337897794019,-1.2994962699835761,0.8391905905670761,-0.33778318405790814,-0.37952508199787327,-1.1714688892995473,-0.3579792230561304,-0.23189613379288193,-0.22507379266406463,-0.15112947814982725,-1.0001358462071037,0.822549911675399,1.3326150381961177,0.4409134459223777,-0.7210645518902509,-0.858230177280038,0.7188921823960355,-0.2911273600927219,1.0,-1
-1.5305196394812497,-1.3656776272992457,-0.8812209080826127,-0.682581078947164,-0.33778318405790814,-0.37952508199787327,-1.1714688892995473,-0.3579792230561304,-0.23189613379288193,4.1906596634118705,-0.15112947814982725,-1.2285799036636953,-0.7514889346333069,6.933559374795304,4.4548737640639295,-0.8144136241669039,-0.858230177280038,0.9817459090087144,-0.7176724253779333,-1.0,-1
-1.2083214424211737,-1.3656776272992457,-0.8812209080826127,-0.682581078947164,-0.33778318405790814,-0.37952508199787327,-1.1714688892995473,-1.53850835778766,-0.23189613379288193,-0.22507379266406463,-0.15112947814982725,-1.2285799036636953,-0.7514889346333069,-0.06762104595367903,-0.6677041657548128,-0.48769187119861807,-1.121083903892717,-0.33252272405468025,-0.7176724253779333,1.0,0
-0.16117730197592636,-0.8054461147397145,-0.4629455461816491,-0.682581078947164,-0.33778318405790814,-0.37952508199787327,-1.1143578749353995,-1.1449986462104833,-0.23189613379288193,-0.22507379266406463,-0.15112947814982725,-1.1143578749353995,-1.1449986462104833,0.025728026322974037,-0.5147913917303727,-0.5499245860497202,-1.121083903892717,-1.1210839038927172,-1.1442174906631448,-1.0,1
-1.7721682872763067,-0.431958439700027,-0.4629455461816491,-0.682581078947164,-0.33778318405790814,-0.37952508199787327,-0.9430248318429559,0.035530488521046066,-0.23189613379288193,-0.22507379266406463,-0.15112947814982725,-0.9430248318429559,-0.7514889346333069,1.1770332510683625,0.17331609137960788,-0.7086180089200305,-0.5953764506673591,-0.06966899744200132,-0.2911273600927219,-1.0,0
-0.6444745975660405,-0.9921899522595582,-1.7177716318845397,0.8391905905670761,-0.33778318405790814,-0.37952508199787327,-0.885913817478808,0.4290402000982225,-0.23189613379288193,-0.22507379266406463,-0.15112947814982725,-0.6574697600222167,0.822549911675399,-0.12985376080478117,-0.5912477787425927,-0.47213369248584247,-1.121083903892717,-1.1210839038927172,-1.1442174906631448,1.0,0
-0.40282594977098346,-0.431958439700027,-0.044670184280685594,0.8391905905670761,-0.33778318405790814,-0.37952508199787327,-0.8288028031146603,0.4290402000982225,-0.23189613379288193,-0.22507379266406463,-0.15112947814982725,-1.1143578749353995,-0.3579792230561304,-0.03650468852812796,-0.5912477787425927,-0.5188082286241692,-0.3325227240546802,-0.5953764506673592,0.9885078357629123,1.0,1
-1.5305196394812497,-0.431958439700027,0.7918805395212415,-0.682581078947164,-0.33778318405790814,-0.37952508199787327,-0.6574697600222167,0.4290402000982225,-0.23189613379288193,-0.22507379266406463,-0.15112947814982725,-0.5432477312939209,-0.3579792230561304,0.08796074117407617,-0.3236504241998226,-0.5810409434752711,-0.858230177280038,-0.8582301772800381,-1.1442174906631448,-1.0,0
0.32211999361418775,0.5017607478991917,-0.4629455461816491,0.8391905905670761,-0.33778318405790814,-0.37952508199787327,-0.6003587456580688,0.4290402000982225,-0.23189613379288193,-0.22507379266406463,-0.15112947814982725,-0.885913817478808,-1.1449986462104833,-0.3414449912985281,-0.6677041657548128,-0.3414449912985281,-0.5953764506673591,-0.06966899744200132,0.5619627704777009,1.0,-1
-0.40282594977098346,-1.3656776272992457,-0.4629455461816491,-0.682581078947164,-0.33778318405790814,-0.37952508199787327,-0.6003587456580688,0.035530488521046066,-0.23189613379288193,-0.22507379266406463,-0.15112947814982725,-0.7145807743863645,0.035530488521046066,0.7102878896850969,-0.13250945666927252,-0.6743900157519244,-0.06966899744200131,-0.33252272405468025,0.13541770519248952,-1.0,-1
-1.5305196394812497,-1.1789337897794019,-0.044670184280685594,-0.682581078947164,-0.33778318405790814,-0.37952508199787327,-0.6003587456580688,-1.1449986462104833,-0.23189613379288193,-0.22507379266406463,-0.15112947814982725,-0.029248602016590203,-0.3579792230561304,0.39912431542958654,-0.2854222306937127,-0.6277154796135976,-0.858230177280038,0.7188921823960355,-0.2911273600927219,1.0,-1
-0.8055736960960785,-0.6187022772198708,0.37360517762027795,-0.682581078947164,-0.33778318405790814,-0.37952508199787327,-0.6003587456580688,-1.53850835778766,-0.23189613379288193,-0.22507379266406463,-0.15112947814982725,-0.6003587456580688,-0.3579792230561304,0.32133342186570896,-0.2854222306937127,-0.6214922081284875,-1.121083903892717,-1.1210839038927172,-1.1442174906631448,-1.0,-1
-1.1277718931561547,0.6885045854190354,1.6284312633231686,-0.682581078947164,-0.33778318405790814,-0.37952508199787327,-0.6003587456580688,-1.53850835778766,-0.23189613379288193,-0.22507379266406463,-0.15112947814982725,-0.5432477312939209,0.035530488521046066,-0.28543554793253634,-0.7059323592609227,-0.3476682627836383,-0.06966899744200131,-0.06966899744200132,-0.2911273600927219,1.0,1
-0.8055736960960785,-0.6187022772198708,-0.044670184280685594,2.3609622600813163,-0.33778318405790814,-0.37952508199787327,-0.4290257025656252,-0.3579792230561304,-0.23189613379288193,-0.22507379266406463,-0.15112947814982725,-0.14347063074488592,-1.53850835778766,1.9549421867071386,1.014336348514028,-0.752180909315802,-0.06966899744200131,0.1931847291706776,-0.7176724253779333,-1.0,-1
0.7248677399392829,-1.1789337897794019,-0.8812209080826127,-0.682581078947164,-0.33778318405790814,-0.37952508199787327,-0.4290257025656252,-0.3579792230561304,-0.23189613379288193,-0.22507379266406463,-0.15112947814982725,-0.20058164510903378,-0.3579792230561304,-0.28543554793253634,-0.6677041657548128,-0.3787846202091894,-0.5953764506673591,-0.06966899744200132,0.5619627704777009,1.0,-1
-0.6444745975660405,-0.9921899522595582,-0.044670184280685594,0.8391905905670761,-0.33778318405790814,-0.37952508199787327,-0.4290257025656252,-0.3579792230561304,-0.23189613379288193,-0.22507379266406463,-0.15112947814982725,0.5989725559890362,2.0030790464069286,2.266105760962649,1.014336348514028,-0.755292545058357,-0.5953764506673591,0.7188921823960355,-0.7176724253779333,-1.0,-1
-7.820344588833574e-05,-0.9921899522595582,-0.8812209080826127,-0.682581078947164,-0.33778318405790814,-0.37952508199787327,-0.4290257025656252,-1.53850835778766,-0.23189613379288193,-0.22507379266406463,-0.15112947814982725,0.31341748416829696,1.2160596232525756,0.4769152089934642,-0.13250945666927252,-0.6432736583263733,-1.121083903892717,-1.1210839038927172,-0.7176724253779333,-1.0,-1
-0.5639250483010215,0.6885045854190354,-0.4629455461816491,2.3609622600813163,-0.33778318405790814,-0.37952508199787327,-0.4290257025656252,-1.53850835778766,-0.23189613379288193,-0.22507379266406463,-0.15112947814982725,-0.20058164510903378,1.2160596232525756,-0.3009937266453118,-0.8206169397792528,-0.3009937266453118,-0.858230177280038,-1.1210839038927172,-1.1442174906631448,1.0,0
-1.6916187380112877,-0.05847076466033954,-0.8812209080826127,-0.682581078947164,-0.33778318405790814,-0.37952508199787327,-0.37191468820147733,-1.1449986462104833,-0.23189613379288193,-0.22507379266406463,-0.15112947814982725,0.5989725559890362,1.2160596232525756,1.4881968253238729,0.8231953809834779,-0.7428460020881366,-0.06966899744200131,-0.8582301772800381,-0.7176724253779333,-1.0,-1
-1.2888709916861927,-0.2452146021801833,-0.044670184280685594,0.8391905905670761,-0.33778318405790814,-0.37952508199787327,-0.37191468820147733,-1.1449986462104833,-0.23189613379288193,-0.22507379266406463,-0.15112947814982725,0.9416386421739233,0.4290402000982225,0.8658696768128521,-0.13250945666927252,-0.6806132872370344,-0.5953764506673591,-0.06966899744200132,0.13541770519248952,1.0,0
-1.4499700902162307,-1.3656776272992457,-1.2994962699835761,-0.682581078947164,-0.33778318405790814,-0.37952508199787327,-0.3148036738373295,-0.7514889346333069,-0.23189613379288193,-0.22507379266406463,-0.15112947814982725,-0.029248602016590203,0.822549911675399,0.7102878896850969,-0.43833500471815257,-0.637050386841263,-1.121083903892717,-0.33252272405468025,-0.2911273600927219,-1.0,1
-1.2083214424211737,0.1282730728595042,-0.8812209080826127,-0.682581078947164,-0.33778318405790814,-0.37952508199787327,-0.14347063074488592,0.035530488521046066,-0.23189613379288193,4.1906596634118705,-0.15112947814982725,1.6269708145436976,0.035530488521046066,1.9549421867071386,1.205477316044578,-0.755292545058357,-1.121083903892717,1.7703070888467514,-1.1442174906631448,1.0,-1
-2.3360151321314397,-1.5524214648190895,-0.044670184280685594,-0.682581078947164,-0.33778318405790814,-0.37952508199787327,-0.14347063074488592,0.035530488521046066,-0.23189613379288193,-0.22507379266406463,-0.15112947814982725,2.0838589294568806,1.2160596232525756,2.5772693352181593,2.1611821536973284,-0.7770739952562428,-0.858230177280038,0.9817459090087144,-0.2911273600927219,-1.0,-1
-1.5305196394812497,-1.3656776272992457,-0.8812209080826127,-0.682581078947164,-0.33778318405790814,-0.37952508199787327,-0.14347063074488592,-0.3579792230561304,-0.23189613379288193,-0.22507379266406463,-0.15112947814982725,1.0558606709022191,1.2160596232525756,1.1770332510683625,0.6320544134529278,-0.7210645518902509,-0.858230177280038,1.2445996356213933,-0.7176724253779333,1.0,1
-0.6444745975660405,-0.431958439700027,-0.8812209080826127,-0.682581078947164,-0.33778318405790814,-0.37952508199787327,-1.3428019323919909,-1.53850835778766,-0.23189613379288193,4.1906596634118705,-0.15112947814982725,-1.3428019323919909,-1.53850835778766,1.4881968253238729,1.014336348514028,-0.7428460020881366,-0.06966899744200131,2.296014542072109,0.13541770519248952,-1.0,-1
-0.5639250483010215,0.3150169103793479,-0.044670184280685594,0.8391905905670761,-0.33778318405790814,-0.37952508199787327,-1.3428019323919909,-1.53850835778766,-0.23189613379288193,-0.22507379266406463,-0.15112947814982725,-1.1714688892995473,-0.3579792230561304,-0.456575513773067,-0.5147913917303727,-0.19208647565588316,-0.858230177280038,-0.5953764506673592,-0.7176724253779333,1.0,0
-0.9666727946261165,-0.6187022772198708,-0.4629455461816491,-0.682581078947164,-0.33778318405790814,-0.37952508199787327,-1.285690918027843,-1.1449986462104833,-0.23189613379288193,-0.22507379266406463,-0.15112947814982725,-1.285690918027843,-1.1449986462104833,0.08796074117407617,-0.13250945666927252,-0.5872642149603814,-0.06966899744200131,0.7188921823960355,0.9885078357629123,-1.0,1
-0.08062775271090736,0.8752484229388792,-0.044670184280685594,-0.682581078947164,-0.33778318405790814,-0.37952508199787327,-1.1143578749353995,0.035530488521046066,-0.23189613379288193,-0.22507379266406463,-0.15112947814982725,-1.1714688892995473,-0.3579792230561304,0.1501934560251783,-0.13250945666927252,-0.5965991221880467,-0.5953764506673591,1.2445996356213933,2.694688096903758,1.0,-1
-1.3694205409512117,-0.6187022772198708,0.37360517762027795,-0.682581078947164,-0.33778318405790814,-0.37952508199787327,-1.1143578749353995,0.035530488521046066,-0.23189613379288193,-0.22507379266406463,-0.15112947814982725,-0.9430248318429559,0.035530488521046066,0.4769152089934642,-0.13250945666927252,-0.6557202012965936,-0.3325227240546802,1.7703070888467514,1.4150529010481239,1.0,1
-0.08062775271090736,-0.05847076466033954,-1.2994962699835761,0.8391905905670761,-0.33778318405790814,-0.37952508199787327,-0.9430248318429559,0.822549911675399,-0.23189613379288193,-0.22507379266406463,-0.15112947814982725,-1.1714688892995473,-0.7514889346333069,-0.14541193951755663,-0.5912477787425927,-0.47213369248584247,-0.858230177280038,0.1931847291706776,-0.2911273600927219,-1.0,-1
-0.2417268512409454,-0.9921899522595582,-1.2994962699835761,-0.682581078947164,-0.33778318405790814,-0.37952508199787327,-0.9430248318429559,-0.3579792230561304,-0.23189613379288193,-0.22507379266406463,-0.15112947814982725,-1.1143578749353995,-1.1449986462104833,-0.06762104595367903,-0.5147913917303727,-0.5032500499113935,0.9817459090087143,-0.33252272405468025,0.13541770519248952,-1.0,-1
0.40266954287920675,1.8089676105380978,0.7918805395212415,0.8391905905670761,-0.33778318405790814,-0.37952508199787327,-0.9430248318429559,-1.53850835778766,-0.23189613379288193,-0.22507379266406463,-0.15112947814982725,-0.9430248318429559,0.035530488521046066,-0.48769187119861807,-0.5912477787425927,-0.0987374033792301,0.7188921823960354,1.2445996356213933,0.5619627704777009,1.0,-1
-1.2083214424211737,-1.3656776272992457,-1.7177716318845397,-0.682581078947164,-0.33778318405790814,-0.37952508199787327,-0.9430248318429559,-1.53850835778766,-0.23189613379288193,-0.22507379266406463,-0.15112947814982725,-0.029248602016590203,2.0030790464069286,4.133087206495711,4.4548737640639295,-0.8113019884243488,-0.3325227240546802,2.296014542072109,0.5619627704777009,-1.0,-1
-0.8861232453610975,-0.431958439700027,1.6284312633231686,-0.682581078947164,-0.33778318405790814,-0.37952508199787327,-0.9430248318429559,-1.53850835778766,-0.23189613379288193,-0.22507379266406463,-0.15112947814982725,-0.7716917887505124,0.822549911675399,-0.25431919050698526,-0.5912477787425927,-0.4099009776347405,0.1931847291706776,1.5074533622340722,0.9885078357629123,1.0,0
-0.3222764005059644,-0.6187022772198708,-0.4629455461816491,-0.682581078947164,-0.33778318405790814,-0.37952508199787327,-0.885913817478808,-1.1449986462104833,-0.23189613379288193,-0.22507379266406463,-0.15112947814982725,-0.6003587456580688,0.4290402000982225,-0.3414449912985281,-0.6677041657548128,-0.3414449912985281,-0.06966899744200131,-0.5953764506673592,0.5619627704777009,-1.0,1
-0.7250241468310595,-0.431958439700027,-0.4629455461816491,-0.682581078947164,-0.33778318405790814,-0.37952508199787327,-0.7145807743863645,0.035530488521046066,-0.23189613379288193,-0.22507379266406463,-0.15112947814982725,0.3705284985324448,0.822549911675399,0.7102878896850969,-0.13250945666927252,-0.668166744266814,-0.06966899744200131,1.5074533622340722,1.4150529010481239,1.0,0
0.48321909214422576,0.3150169103793479,-0.044670184280685594,-0.682581078947164,-0.33778318405790814,-0.37952508199787327,-0.6574697600222167,0.4290402000982225,-0.23189613379288193,-0.22507379266406463,-0.15112947814982725,-0.5432477312939209,0.035530488521046066,0.08796074117407617,-0.43833500471815257,-0.5654827647624957,1.5074533622340722,0.1931847291706776,0.13541770519248952,-1.0,-1
0.40266954287920675,0.6885045854190354,0.37360517762027795,0.8391905905670761,-0.33778318405790814,-0.37952508199787327,-0.6574697600222167,0.035530488521046066,-0.23189613379288193,-0.22507379266406463,-0.15112947814982725,0.027862412347557656,2.0030790464069286,0.08796074117407617,-0.43833500471815257,-0.5654827647624957,0.4560384557833565,0.7188921823960355,0.9885078357629123,1.0,-1
-0.8055736960960785,-0.6187022772198708,0.37360517762027795,-0.682581078947164,-0.33778318405790814,-0.37952508199787327,-0.6574697600222167,-1.1449986462104833,-0.23189613379288193,-0.22507379266406463,-0.15112947814982725,-0.08635961638073807,-0.3579792230561304,2.266105760962649,1.7789002186362282,-0.7677390880285774,-0.06966899744200131,2.296014542072109,0.13541770519248952,-1.0,-1
-1.2888709916861927,0.1282730728595042,-0.4629455461816491,0.8391905905670761,-0.33778318405790814,2.288808259011065,-0.6574697600222167,-1.53850835778766,-0.23189613379288193,4.1906596634118705,-0.15112947814982725,0.027862412347557656,0.822549911675399,-0.12985376080478117,-0.5147913917303727,-0.48769187119861807,-0.3325227240546802,-0.8582301772800381,1.4150529010481239,1.0,-1
-0.9666727946261165,-0.6187022772198708,-0.4629455461816491,0.8391905905670761,-0.33778318405790814,-0.37952508199787327,-0.6574697600222167,-1.53850835778766,-0.23189613379288193,4.1906596634118705,-0.15112947814982725,0.08497342671170552,-0.3579792230561304,0.010169847610198573,-0.43833500471815257,-0.5499245860497202,-0.06966899744200131,-0.8582301772800381,0.13541770519248952,-1.0,-1
1.047065936999359,-0.8054461147397145,-1.7177716318845397,0.8391905905670761,-0.33778318405790814,-0.37952508199787327,-0.6574697600222167,-1.53850835778766,-0.23189613379288193,-0.22507379266406463,-0.15112947814982725,-0.5432477312939209,0.035530488521046066,-0.5343664073369446,-0.5147913917303727,0.025728026322974037,-1.121083903892717,-1.1210839038927172,-1.1442174906631448,1.0,-1
-0.16117730197592636,0.1282730728595042,0.37360517762027795,2.3609622600813163,-0.33778318405790814,-0.37952508199787327,-0.6574697600222167,-1.53850835778766,-0.23189613379288193,-0.22507379266406463,-0.15112947814982725,-0.48613671692977306,-1.1449986462104833,-0.12985376080478117,-0.7059323592609227,-0.456575513773067,0.7188921823960354,1.5074533622340722,0.5619627704777009,-1.0,1
-1.0472223438911357,-0.8054461147397145,0.37360517762027795,-0.682581078947164,-0.33778318405790814,-0.37952508199787327,-0.48613671692977306,-0.3579792230561304,-0.23189613379288193,-0.22507379266406463,-0.15112947814982725,0.08497342671170552,1.2160596232525756,-0.2605424619920955,-0.7059323592609227,-0.363226441496414,0.9817459090087143,-0.06966899744200132,0.13541770519248952,1.0,-1
0.08047134581913068,0.3150169103793479,0.37360517762027795,-0.682581078947164,-0.33778318405790814,-0.37952508199787327,-0.48613671692977306,-0.3579792230561304,-0.23189613379288193,-0.22507379266406463,-0.15112947814982725,0.5418615416248884,1.2160596232525756,0.1501934560251783,-0.43833500471815257,-0.5810409434752711,-0.858230177280038,-0.8582301772800381,-1.1442174906631448,-1.0,-1
-0.7250241468310595,0.8752484229388792,-0.8812209080826127,-0.682581078947164,-0.33778318405790814,-0.37952508199787327,-0.48613671692977306,-0.3579792230561304,-0.23189613379288193,4.1906596634118705,-0.15112947814982725,-0.20058164510903378,0.822549911675399,-0.25431919050698526,-0.7441605527670326,-0.363226441496414,-0.858230177280038,0.45603845578335656,-0.2911273600927219,1.0,-1
-0.9666727946261165,-0.8054461147397145,-0.044670184280685594,0.8391905905670761,-0.33778318405790814,-0.37952508199787327,-0.48613671692977306,-1.53850835778766,-0.23189613379288193,-0.22507379266406463,-0.15112947814982725,0.42763951289659263,-0.3579792230561304,1.4881968253238729,0.4409134459223777,-0.7210645518902509,-0.06966899744200131,1.7703070888467514,1.4150529010481239,-1.0,1
-0.8861232453610975,-0.8054461147397145,-0.8812209080826127,-0.682581078947164,-0.33778318405790814,-0.37952508199787327,-0.3148036738373295,-0.3579792230561304,-0.23189613379288193,-0.22507379266406463,-0.15112947814982725,-0.25769265947318165,-1.53850835778766,0.08796074117407617,-0.5147913917303727,-0.5499245860497202,-0.858230177280038,-0.5953764506673592,-0.2911273600927219,-1.0,-1
-1.2083214424211737,-0.431958439700027,-0.044670184280685594,0.8391905905670761,-0.33778318405790814,2.288808259011065,-0.3148036738373295,-0.3579792230561304,-0.23189613379288193,-0.22507379266406463,-0.15112947814982725,0.027862412347557656,-0.3579792230561304,-0.3009937266453118,-0.6677041657548128,-0.3476682627836383,0.1931847291706776,0.7188921823960355,0.9885078357629123,1.0,1
0.24157044434916872,0.8752484229388792,-0.044670184280685594,2.3609622600813163,-0.33778318405790814,-0.37952508199787327,-0.14347063074488592,0.822549911675399,-0.23189613379288193,-0.22507379266406463,-0.15112947814982725,1.455637771451254,0.822549911675399,1.643778612451628,0.6320544134529278,-0.7335110948604712,-0.5953764506673591,1.5074533622340722,2.694688096903758,-1.0,0
1.288714584794416,-0.9921899522595582,-1.7177716318845397,0.8391905905670761,-0.33778318405790814,-0.37952508199787327,-0.9430248318429559,-0.3579792230561304,-0.23189613379288193,-0.22507379266406463,-0.15112947814982725,-0.8288028031146603,0.4290402000982225,-0.2605424619920955,-0.7059323592609227,-0.3787846202091894,-0.858230177280038,-0.5953764506673592,-1.1442174906631448,1.0,-1
1.208165035529397,1.0619922604587229,-0.044670184280685594,0.8391905905670761,-0.33778318405790814,-0.37952508199787327,-1.3428019323919909,-1.53850835778766,-0.23189613379288193,-0.22507379266406463,-0.15112947814982725,-1.3428019323919909,-1.53850835778766,-0.6588318370391487,0.02040331735516768,0.5547061025573418,2.2960145420721085,0.45603845578335656,0.13541770519248952,-1.0,-1
1.369264134059435,0.6885045854190354,-0.044670184280685594,0.8391905905670761,-0.33778318405790814,-0.37952508199787327,-1.3428019323919909,-1.53850835778766,-0.23189613379288193,-0.22507379266406463,-0.15112947814982725,-1.3428019323919909,-1.53850835778766,-0.8206368956520141,5.2194376341861295,6.933559374795304,0.4560384557833565,-0.5953764506673592,-0.2911273600927219,1.0,1
2.416408274504682,2.369199123097629,2.4649819871250958,-0.682581078947164,-0.33778318405790814,-0.37952508199787327,-1.1714688892995473,-0.3579792230561304,-0.23189613379288193,-0.22507379266406463,-0.15112947814982725,-1.3428019323919909,-1.53850835778766,-0.7677390880285774,1.396618283575128,2.5772693352181593,2.03316081545943,-0.06966899744200132,1.4150529010481239,1.0,1
0.8859668384693209,2.369199123097629,1.6284312633231686,-0.682581078947164,-0.33778318405790814,-0.37952508199787327,-1.0001358462071037,0.822549911675399,-0.23189613379288193,-0.22507379266406463,-0.15112947814982725,-1.0001358462071037,0.822549911675399,-0.668166744266814,-0.13250945666927252,0.7102878896850969,1.2445996356213933,-0.06966899744200132,-0.7176724253779333,-1.0,1
1.127615486264378,0.6885045854190354,-1.2994962699835761,0.8391905905670761,-0.33778318405790814,-0.37952508199787327,-0.8288028031146603,2.0030790464069286,-0.23189613379288193,-0.22507379266406463,-0.15112947814982725,-1.1714688892995473,-0.3579792230561304,-0.8081903526817937,4.072591829002829,4.133087206495711,2.2960145420721085,-0.33252272405468025,-0.2911273600927219,1.0,0
0.7248677399392829,0.5017607478991917,-0.4629455461816491,-0.682581078947164,-0.33778318405790814,-0.37952508199787327,-0.7716917887505124,1.2160596232525756,-0.23189613379288193,-0.22507379266406463,-0.15112947814982725,-0.6003587456580688,1.2160596232525756,-0.3009937266453118,-0.7441605527670326,-0.3414449912985281,1.5074533622340722,1.2445996356213933,0.13541770519248952,-1.0,1
0.08047134581913068,-0.05847076466033954,-0.4629455461816491,0.8391905905670761,-0.33778318405790814,-0.37952508199787327,-0.6003587456580688,1.2160596232525756,-0.23189613379288193,-0.22507379266406463,-0.15112947814982725,-0.5432477312939209,1.2160596232525756,-0.4099009776347405,-0.5147913917303727,-0.26365409773465054,0.9817459090087143,0.9817459090087144,1.4150529010481239,-1.0,0
1.6109127818544922,0.5017607478991917,0.7918805395212415,-0.682581078947164,-0.33778318405790814,-0.37952508199787327,-0.5432477312939209,0.4290402000982225,-0.23189613379288193,-0.22507379266406463,-0.15112947814982725,-1.1714688892995473,-0.7514889346333069,-0.8081903526817937,3.690309893941729,4.755414355006732,1.2445996356213933,-0.8582301772800381,-0.2911273600927219,1.0,1
0.1610208950841497,1.9957114480579417,3.3015327109270225,0.8391905905670761,-0.33778318405790814,-0.37952508199787327,-0.37191468820147733,1.2160596232525756,-0.23189613379288193,-0.22507379266406463,-0.15112947814982725,-0.48613671692977306,-0.3579792230561304,-0.7210645518902509,0.4409134459223777,1.3326150381961177,0.7188921823960354,-0.8582301772800381,-1.1442174906631448,-1.0,1
1.449813683324454,0.3150169103793479,-0.4629455461816491,-0.682581078947164,-0.33778318405790814,-0.37952508199787327,-0.20058164510903378,1.2160596232525756,3.886259345632435,-0.22507379266406463,-0.15112947814982725,-0.8288028031146603,-0.3579792230561304,-0.8019670811966837,2.9257460238195288,4.755414355006732,2.03316081545943,-0.5953764506673592,-0.2911273600927219,1.0,-1
1.369264134059435,0.6885045854190354,0.37360517762027795,-0.682581078947164,-0.33778318405790814,-0.37952508199787327,-0.20058164510903378,0.822549911675399,-0.23189613379288193,-0.22507379266406463,-0.15112947814982725,-0.37191468820147733,-0.3579792230561304,-0.6277154796135976,-0.13250945666927252,0.32133342186570896,1.5074533622340722,0.9817459090087144,0.5619627704777009,-1.0,1
2.174759626709625,0.8752484229388792,1.210155901422205,0.8391905905670761,-0.33778318405790814,-0.37952508199787327,-0.029248602016590203,0.822549911675399,-0.23189613379288193,-0.22507379266406463,-0.15112947814982725,-0.48613671692977306,-1.1449986462104833,-0.8019670811966837,2.9257460238195288,4.755414355006732,2.03316081545943,0.1931847291706776,0.9885078357629123,1.0,1
1.449813683324454,1.2487360979785667,1.6284312633231686,-0.682581078947164,-0.33778318405790814,-0.37952508199787327,0.14208444107585336,0.822549911675399,-0.23189613379288193,-0.22507379266406463,-0.15112947814982725,-0.029248602016590203,0.822549911675399,-0.758404180800912,1.205477316044578,1.9549421867071386,2.8217219952974664,-0.5953764506673592,0.13541770519248952,1.0,1
1.127615486264378,0.8752484229388792,1.210155901422205,0.8391905905670761,-0.33778318405790814,-0.37952508199787327,0.31341748416829696,2.0030790464069286,-0.23189613379288193,-0.22507379266406463,-0.15112947814982725,-0.4290257025656252,0.822549911675399,-0.7428460020881366,0.8231953809834779,1.643778612451628,2.2960145420721085,-0.5953764506673592,-0.7176724253779333,-1.0,1
2.174759626709625,2.5559429606174726,3.3015327109270225,-0.682581078947164,-0.33778318405790814,-0.37952508199787327,0.4847505272607405,2.0030790464069286,-0.23189613379288193,-0.22507379266406463,-0.15112947814982725,-0.6003587456580688,-0.3579792230561304,-0.7832972667413529,2.1611821536973284,2.5772693352181593,1.5074533622340722,-1.1210839038927172,-1.1442174906631448,-1.0,1
1.6914623311195112,1.9957114480579417,1.6284312633231686,-0.682581078947164,2.610663253057731,2.288808259011065,0.6560835703531841,2.0030790464069286,-0.23189613379288193,-0.22507379266406463,-0.15112947814982725,-0.14347063074488592,-0.7514889346333069,-0.8019670811966837,2.9257460238195288,4.755414355006732,0.4560384557833565,-0.33252272405468025,-0.7176724253779333,1.0,1
1.047065936999359,3.4896621482166914,4.5563587966299135,2.3609622600813163,-0.33778318405790814,-0.37952508199787327,0.8274166134456277,2.0030790464069286,-0.23189613379288193,-0.22507379266406463,-0.15112947814982725,-0.4290257025656252,0.035530488521046066,-0.8019670811966837,3.3080279588806287,3.5107600579846903,-1.121083903892717,-0.8582301772800381,-0.7176724253779333,1.0,1
1.6914623311195112,1.0619922604587229,1.210155901422205,-0.682581078947164,-0.33778318405790814,-0.37952508199787327,0.9987496565380712,2.0030790464069286,-0.23189613379288193,-0.22507379266406463,-0.15112947814982725,-0.7716917887505124,-0.3579792230561304,-0.7895205382264632,2.5434640887584283,2.8884329094736696,3.347429448522824,-0.8582301772800381,-0.2911273600927219,-1.0,1
1.7720118803845302,0.5017607478991917,0.7918805395212415,0.8391905905670761,5.559109690173369,4.9571416000200035,1.1700826996305147,2.0030790464069286,-0.23189613379288193,-0.22507379266406463,-0.15112947814982725,-0.029248602016590203,0.035530488521046066,-0.7895205382264632,2.5434640887584283,2.8884329094736696,1.5074533622340722,-0.06966899744200132,-0.7176724253779333,1.0,1
2.094210077444606,-0.05847076466033954,-0.4629455461816491,-0.682581078947164,-0.33778318405790814,-0.37952508199787327,1.3414157427229585,2.0030790464069286,-0.23189613379288193,-0.22507379266406463,-0.15112947814982725,-0.20058164510903378,-1.53850835778766,-0.8019670811966837,2.9257460238195288,4.755414355006732,-1.121083903892717,-1.1210839038927172,-1.1442174906631448,-1.0,1
1.6914623311195112,0.3150169103793479,-1.2994962699835761,-0.682581078947164,2.610663253057731,2.288808259011065,1.512748785815402,2.0030790464069286,-0.23189613379288193,-0.22507379266406463,-0.15112947814982725,0.8274166134456277,2.0030790464069286,-0.6899481944646998,0.4409134459223777,0.6324969961212193,2.2960145420721085,-0.06966899744200132,1.4150529010481239,-1.0,1
0.48321909214422576,-0.2452146021801833,0.7918805395212415,0.8391905905670761,-0.33778318405790814,-0.37952508199787327,1.6840818289078456,2.0030790464069286,-0.23189613379288193,-0.22507379266406463,-0.15112947814982725,1.112971685266367,0.4290402000982225,-0.6432736583263733,-0.13250945666927252,0.39912431542958654,1.7703070888467511,1.2445996356213933,0.13541770519248952,1.0,1
1.9331109789145682,1.4354799354984105,0.37360517762027795,-0.682581078947164,-0.33778318405790814,-0.37952508199787327,1.8554148720002892,2.0030790464069286,-0.23189613379288193,-0.22507379266406463,-0.15112947814982725,0.027862412347557656,-1.1449986462104833,-0.7677390880285774,1.7789002186362282,1.9549421867071386,2.2960145420721085,-0.33252272405468025,0.13541770519248952,-1.0,0
1.9331109789145682,0.3150169103793479,0.7918805395212415,-0.682581078947164,2.610663253057731,2.288808259011065,1.912525886364437,1.2160596232525756,-0.23189613379288193,-0.22507379266406463,-0.15112947814982725,-0.029248602016590203,-0.3579792230561304,-0.8144136241669039,4.072591829002829,6.000068652028773,-0.858230177280038,-1.1210839038927172,-1.1442174906631448,1.0,1
1.6914623311195112,1.622223773018254,1.6284312633231686,-0.682581078947164,-0.33778318405790814,2.288808259011065,2.0838589294568806,1.2160596232525756,-0.23189613379288193,-0.22507379266406463,-0.15112947814982725,-0.37191468820147733,1.2160596232525756,-0.7957438097115733,2.9257460238195288,3.5107600579846903,0.7188921823960354,-0.5953764506673592,-0.2911273600927219,-1.0,1
1.6914623311195112,1.4354799354984105,-0.4629455461816491,-0.682581078947164,2.610663253057731,2.288808259011065,2.255191972549324,1.2160596232525756,-0.23189613379288193,-0.22507379266406463,-0.15112947814982725,1.0558606709022191,-1.53850835778766,-0.758404180800912,1.396618283575128,1.9549421867071386,2.2960145420721085,0.7188921823960355,0.13541770519248952,1.0,-1
1.369264134059435,0.1282730728595042,1.6284312633231686,-0.682581078947164,-0.33778318405790814,-0.37952508199787327,2.255191972549324,0.822549911675399,-0.23189613379288193,-0.22507379266406463,-0.15112947814982725,0.14208444107585336,-0.3579792230561304,-0.758404180800912,1.205477316044578,1.9549421867071386,2.2960145420721085,0.1931847291706776,0.9885078357629123,-1.0,1
1.530363232589473,2.1824552855777855,2.4649819871250958,0.8391905905670761,-0.33778318405790814,-0.37952508199787327,2.4265250156417677,0.822549911675399,-0.23189613379288193,-0.22507379266406463,-0.15112947814982725,1.3414157427229585,0.4290402000982225,-0.7210645518902509,0.4409134459223777,1.1770332510683625,1.7703070888467511,0.9817459090087144,0.5619627704777009,1.0,1
1.8525614296495492,1.2487360979785667,-0.044670184280685594,-0.682581078947164,-0.33778318405790814,-0.37952508199787327,2.5978580587342113,0.822549911675399,-0.23189613379288193,-0.22507379266406463,-0.15112947814982725,0.5418615416248884,0.035530488521046066,-0.7428460020881366,0.6320544134529278,1.9549421867071386,2.03316081545943,-0.33252272405468025,-0.2911273600927219,-1.0,0
2.094210077444606,1.0619922604587229,0.7918805395212415,-0.682581078947164,-0.33778318405790814,-0.37952508199787327,2.826302116190803,1.2160596232525756,-0.23189613379288193,-0.22507379266406463,-0.15112947814982725,0.25630646980414906,-0.3579792230561304,-0.7832972667413529,1.7789002186362282,3.5107600579846903,1.5074533622340722,-0.8582301772800381,-0.2911273600927219,-1.0,1
0.40266954287920675,-0.2452146021801833,-0.044670184280685594,0.8391905905670761,-0.33778318405790814,-0.37952508199787327,2.9976351592832464,1.2160596232525756,-0.23189613379288193,-0.22507379266406463,-0.15112947814982725,2.9405241449190984,2.0030790464069286,-0.5343664073369446,-0.3236504241998226,-0.06762104595367903,0.9817459090087143,0.9817459090087144,1.8415979663333353,1.0,0
1.208165035529397,0.8752484229388792,0.37360517762027795,-0.682581078947164,-0.33778318405790814,-0.37952508199787327,2.6549690730983593,1.2160596232525756,-0.23189613379288193,-0.22507379266406463,-0.15112947814982725,0.5418615416248884,-1.53850835778766,-0.7957438097115733,2.1611821536973284,4.133087206495711,0.9817459090087143,-0.8582301772800381,-1.1442174906631448,1.0,1
1.8525614296495492,1.4354799354984105,1.210155901422205,-0.682581078947164,2.610663253057731,2.288808259011065,3.2260792167398376,1.2160596232525756,-0.23189613379288193,-0.22507379266406463,-0.15112947814982725,-0.029248602016590203,-1.53850835778766,-0.8144136241669039,4.4548737640639295,6.933559374795304,1.7703070888467511,-1.1210839038927172,-1.1442174906631448,1.0,1
0.6443181906742638,1.2487360979785667,0.7918805395212415,-0.682581078947164,-0.33778318405790814,-0.37952508199787327,3.397412259832281,1.2160596232525756,-0.23189613379288193,-0.22507379266406463,-0.15112947814982725,0.5989725559890362,0.035530488521046066,-0.752180909315802,1.396618283575128,1.4881968253238729,-0.858230177280038,-0.8582301772800381,-0.7176724253779333,-1.0,1
1.6914623311195112,1.622223773018254,2.046706625224132,0.8391905905670761,-0.33778318405790814,-0.37952508199787327,3.5687453029247247,2.0030790464069286,-0.23189613379288193,-0.22507379266406463,-0.15112947814982725,1.112971685266367,0.822549911675399,-0.7957438097115733,2.1611821536973284,4.133087206495711,3.6102831751355033,-0.8582301772800381,-0.2911273600927219,1.0,1
1.288714584794416,0.5017607478991917,0.37360517762027795,-0.682581078947164,-0.33778318405790814,-0.37952508199787327,3.054746173647394,1.2160596232525756,-0.23189613379288193,-0.22507379266406463,-0.15112947814982725,1.455637771451254,-0.3579792230561304,-0.7677390880285774,1.396618283575128,2.266105760962649,0.7188921823960354,-0.33252272405468025,-0.7176724253779333,-1.0,1
2.255309175974644,3.3029183106968474,1.210155901422205,2.3609622600813163,-0.33778318405790814,2.288808259011065,3.7400783460171687,2.0030790464069286,-0.23189613379288193,-0.22507379266406463,-0.15112947814982725,1.7983038576361412,-0.3579792230561304,-0.7210645518902509,0.6320544134529278,1.1770332510683625,3.0845757219101455,-0.5953764506673592,0.13541770519248952,-1.0,0
1.6914623311195112,2.1824552855777855,0.37360517762027795,0.8391905905670761,-0.33778318405790814,-0.37952508199787327,3.7971893603813167,1.2160596232525756,-0.23189613379288193,-0.22507379266406463,-0.15112947814982725,1.2271937139946627,1.2160596232525756,-0.7957438097115733,2.9257460238195288,4.133087206495711,2.5588682686847877,-0.5953764506673592,-0.7176724253779333,1.0,1
-7.820344588833574e-05,1.2487360979785667,0.7918805395212415,0.8391905905670761,-0.33778318405790814,-0.37952508199787327,-1.3428019323919909,-1.53850835778766,-0.23189613379288193,-0.22507379266406463,-0.15112947814982725,-1.3428019323919909,-1.53850835778766,-0.752180909315802,1.205477316044578,1.643778612451628,0.9817459090087143,-1.1210839038927172,-0.2911273600927219,-1.0,1
1.208165035529397,2.7426867981373166,1.6284312633231686,-0.682581078947164,-0.33778318405790814,-0.37952508199787327,-1.1714688892995473,-0.3579792230561304,-0.23189613379288193,-0.22507379266406463,-0.15112947814982725,-1.3428019323919909,-1.53850835778766,-0.7895205382264632,2.5434640887584283,2.8884329094736696,0.9817459090087143,-0.5953764506673592,-0.2911273600927219,1.0,1
1.208165035529397,1.9957114480579417,0.7918805395212415,-0.682581078947164,2.610663253057731,2.288808259011065,-1.0001358462071037,0.822549911675399,-0.23189613379288193,-0.22507379266406463,-0.15112947814982725,-1.0001358462071037,0.822549911675399,-0.3943427989219649,-0.6677041657548128,-0.25431919050698526,1.5074533622340722,0.1931847291706776,1.8415979663333353,1.0,0
0.48321909214422576,3.3029183106968474,1.6284312633231686,0.8391905905670761,-0.33778318405790814,-0.37952508199787327,-0.9430248318429559,1.2160596232525756,-0.23189613379288193,-0.22507379266406463,-0.15112947814982725,-1.2285799036636953,-0.7514889346333069,-0.6121573009008222,-0.13250945666927252,0.1906447206783946,-0.858230177280038,-1.1210839038927172,-0.7176724253779333,-1.0,1
0.7248677399392829,2.369199123097629,2.4649819871250958,0.8391905905670761,-0.33778318405790814,-0.37952508199787327,-0.7716917887505124,1.2160596232525756,-0.23189613379288193,-0.22507379266406463,-0.15112947814982725,-1.0572468605712517,0.4290402000982225,-0.7832972667413529,2.1611821536973284,2.8884329094736696,1.7703070888467511,-0.06966899744200132,-0.7176724253779333,1.0,1
1.369264134059435,0.6885045854190354,0.37360517762027795,0.8391905905670761,-0.33778318405790814,-0.37952508199787327,-0.6003587456580688,1.2160596232525756,-0.23189613379288193,-0.22507379266406463,-0.15112947814982725,-0.885913817478808,0.035530488521046066,-0.7055063731774752,0.24977247839182762,1.0214514639406074,-1.121083903892717,-1.1210839038927172,-1.1442174906631448,-1.0,0
-0.08062775271090736,-1.1789337897794019,-0.4629455461816491,0.8391905905670761,-0.33778318405790814,-0.37952508199787327,-0.5432477312939209,1.2160596232525756,-0.23189613379288193,-0.22507379266406463,-0.15112947814982725,-0.6003587456580688,1.2160596232525756,-0.26365409773465054,-0.5147913917303727,-0.4099009776347405,0.9817459090087143,0.9817459090087144,1.4150529010481239,1.0,0
2.013660528179587,1.2487360979785667,1.6284312633231686,-0.682581078947164,-0.33778318405790814,-0.37952508199787327,-0.48613671692977306,0.4290402000982225,-0.23189613379288193,-0.22507379266406463,-0.15112947814982725,-0.9430248318429559,0.035530488521046066,-0.7428460020881366,1.014336348514028,1.4881968253238729,0.7188921823960354,-0.5953764506673592,-0.7176724253779333,-1.0,1
0.9665163877343399,1.2487360979785667,1.6284312633231686,-0.682581078947164,-0.33778318405790814,-0.37952508199787327,-0.3148036738373295,0.4290402000982225,-0.23189613379288193,-0.22507379266406463,-0.15112947814982725,-0.5432477312939209,-1.1449986462104833,-0.47213369248584247,-0.43833500471815257,-0.19208647565588316,0.4560384557833565,1.2445996356213933,1.8415979663333353,-1.0,1
0.6443181906742638,0.3150169103793479,-0.4629455461816491,-0.682581078947164,-0.33778318405790814,-0.37952508199787327,-0.14347063074488592,1.2160596232525756,-0.23189613379288193,-0.22507379266406463,-0.15112947814982725,-0.48613671692977306,-0.7514889346333069,-0.7770739952562428,1.7789002186362282,2.8884329094736696,0.4560384557833565,-0.8582301772800381,-0.7176724253779333,1.0,0
1.530363232589473,0.6885045854190354,0.37360517762027795,0.8391905905670761,-0.33778318405790814,-0.37952508199787327,-0.08635961638073807,1.2160596232525756,-0.23189613379288193,4.1906596634118705,-0.15112947814982725,-0.20058164510903378,2.0030790464069286,-0.6277154796135976,-0.13250945666927252,0.32133342186570896,2.2960145420721085,-0.06966899744200132,0.13541770519248952,-1.0,-1
0.9665163877343399,1.2487360979785667,2.046706625224132,-0.682581078947164,-0.33778318405790814,-0.37952508199787327,-0.08635961638073807,0.035530488521046066,-0.23189613379288193,-0.22507379266406463,-0.15112947814982725,-0.20058164510903378,2.0030790464069286,-0.7055063731774752,0.4409134459223777,0.8658696768128521,1.2445996356213933,0.1931847291706776,2.2681430316185467,1.0,1
1.127615486264378,1.4354799354984105,0.7918805395212415,-0.682581078947164,-0.33778318405790814,-0.37952508199787327,0.08497342671170552,0.035530488521046066,-0.23189613379288193,-0.22507379266406463,-0.15112947814982725,-0.5432477312939209,0.822549911675399,-0.758404180800912,1.396618283575128,1.643778612451628,1.7703070888467511,-0.06966899744200132,0.13541770519248952,1.0,1
1.369264134059435,0.6885045854190354,1.210155901422205,0.8391905905670761,-0.33778318405790814,-0.37952508199787327,0.25630646980414906,0.822549911675399,-0.23189613379288193,-0.22507379266406463,-0.15112947814982725,-0.48613671692977306,-1.1449986462104833,-0.7335110948604712,0.8231953809834779,1.1770332510683625,0.9817459090087143,-0.5953764506673592,3.9743232927593923,-1.0,1
1.288714584794416,0.8752484229388792,-0.044670184280685594,-0.682581078947164,-0.33778318405790814,-0.37952508199787327,0.42763951289659263,2.0030790464069286,-0.23189613379288193,-0.22507379266406463,-0.15112947814982725,-0.14347063074488592,0.4290402000982225,-0.7210645518902509,0.4409134459223777,1.3326150381961177,1.2445996356213933,-0.8582301772800381,-1.1442174906631448,-1.0,1
0.9665163877343399,1.2487360979785667,-0.044670184280685594,-0.682581078947164,2.610663253057731,2.288808259011065,0.5989725559890362,2.0030790464069286,-0.23189613379288193,-0.22507379266406463,-0.15112947814982725,-0.25769265947318165,0.822549911675399,-0.7832972667413529,2.1611821536973284,2.8884329094736696,1.5074533622340722,-0.33252272405468025,-0.2911273600927219,1.0,1
1.9331109789145682,1.9957114480579417,1.6284312633231686,-0.682581078947164,-0.33778318405790814,-0.37952508199787327,0.7703055990814798,2.0030790464069286,-0.23189613379288193,-0.22507379266406463,-0.15112947814982725,-0.7716917887505124,0.035530488521046066,-0.8081903526817937,3.690309893941729,4.755414355006732,1.5074533622340722,-0.06966899744200132,1.4150529010481239,1.0,1
0.48321909214422576,1.0619922604587229,0.7918805395212415,-0.682581078947164,-0.33778318405790814,-0.37952508199787327,0.9416386421739233,2.0030790464069286,3.886259345632435,-0.22507379266406463,-0.15112947814982725,0.42763951289659263,2.0030790464069286,-0.6806132872370344,0.4409134459223777,0.4769152089934642,2.03316081545943,0.1931847291706776,0.9885078357629123,-1.0,0
1.047065936999359,1.4354799354984105,-0.4629455461816491,-0.682581078947164,-0.33778318405790814,2.288808259011065,1.1700826996305147,1.2160596232525756,-0.23189613379288193,-0.22507379266406463,-0.15112947814982725,-0.029248602016590203,-1.1449986462104833,-0.7428460020881366,1.014336348514028,1.3326150381961177,1.2445996356213933,-0.33252272405468025,-0.2911273600927219,-1.0,-1
-0.3222764005059644,-0.431958439700027,0.7918805395212415,-0.682581078947164,-0.33778318405790814,-0.37952508199787327,1.1700826996305147,0.035530488521046066,-0.23189613379288193,-0.22507379266406463,-0.15112947814982725,1.0558606709022191,0.4290402000982225,-0.456575513773067,-0.5147913917303727,-0.19208647565588316,1.5074533622340722,0.1931847291706776,2.2681430316185467,-1.0,0
1.449813683324454,2.7426867981373166,3.7198080728279863,-0.682581078947164,-0.33778318405790814,-0.37952508199787327,1.2271937139946627,0.035530488521046066,-0.23189613379288193,-0.22507379266406463,-0.15112947814982725,-0.029248602016590203,-0.3579792230561304,-0.752180909315802,1.014336348514028,1.9549421867071386,-1.121083903892717,-1.1210839038927172,-0.7176724253779333,1.0,1
0.5637686414092448,0.1282730728595042,0.7918805395212415,-0.682581078947164,2.610663253057731,2.288808259011065,1.3985267570871063,0.035530488521046066,-0.23189613379288193,-0.22507379266406463,-0.15112947814982725,0.19919545544000122,0.035530488521046066,-0.6806132872370344,0.02040331735516768,0.7102878896850969,2.03316081545943,-0.06966899744200132,-0.7176724253779333,-1.0,1
1.127615486264378,1.8089676105380978,2.883257349026059,-0.682581078947164,-0.33778318405790814,-0.37952508199787327,1.5698598001795498,1.2160596232525756,-0.23189613379288193,-0.22507379266406463,-0.15112947814982725,0.5418615416248884,1.2160596232525756,-0.7677390880285774,1.7789002186362282,1.9549421867071386,1.2445996356213933,-0.06966899744200132,-0.2911273600927219,1.0,1
1.288714584794416,-0.05847076466033954,-0.044670184280685594,-0.682581078947164,-0.33778318405790814,-0.37952508199787327,1.7411928432719934,2.0030790464069286,-0.23189613379288193,-0.22507379266406463,-0.15112947814982725,-0.14347063074488592,-0.7514889346333069,-0.758404180800912,0.8231953809834779,1.9549421867071386,1.2445996356213933,-0.5953764506673592,-0.2911273600927219,-1.0,1
1.530363232589473,3.116174473177004,1.210155901422205,-0.682581078947164,-0.33778318405790814,-0.37952508199787327,1.912525886364437,2.0030790464069286,-0.23189613379288193,-0.22507379266406463,-0.15112947814982725,-0.37191468820147733,0.035530488521046066,-0.8144136241669039,3.690309893941729,6.000068652028773,1.2445996356213933,-1.1210839038927172,-0.2911273600927219,1.0,1
1.047065936999359,1.622223773018254,3.3015327109270225,-0.682581078947164,5.559109690173369,4.9571416000200035,0.9987496565380712,1.2160596232525756,-0.23189613379288193,-0.22507379266406463,-0.15112947814982725,-0.4290257025656252,-1.53850835778766,-0.7957438097115733,2.9257460238195288,3.5107600579846903,-0.5953764506673591,-1.1210839038927172,-0.7176724253779333,1.0,1
1.449813683324454,1.8089676105380978,0.37360517762027795,0.8391905905670761,-0.33778318405790814,-0.37952508199787327,2.255191972549324,2.0030790464069286,-0.23189613379288193,-0.22507379266406463,-0.15112947814982725,1.2271937139946627,0.4290402000982225,-0.758404180800912,1.205477316044578,1.7993603995793832,2.2960145420721085,0.1931847291706776,0.13541770519248952,1.0,1
-0.16117730197592636,0.8752484229388792,1.6284312633231686,-0.682581078947164,2.610663253057731,2.288808259011065,2.4265250156417677,2.0030790464069286,-0.23189613379288193,-0.22507379266406463,-0.15112947814982725,0.5418615416248884,-1.53850835778766,-0.6899481944646998,0.11979662047105363,0.7102878896850969,0.4560384557833565,-0.8582301772800381,-0.2911273600927219,-1.0,1
0.08047134581913068,-0.6187022772198708,-0.4629455461816491,-0.682581078947164,-0.33778318405790814,-0.37952508199787327,2.0838589294568806,2.0030790464069286,-0.23189613379288193,-0.22507379266406463,-0.15112947814982725,1.3985267570871063,2.0030790464069286,-0.5654827647624957,-0.13250945666927252,-0.06762104595367903,1.5074533622340722,0.1931847291706776,2.2681430316185467,-1.0,1
1.8525614296495492,1.2487360979785667,-0.8812209080826127,-0.682581078947164,2.610663253057731,2.288808259011065,2.769191101826655,2.0030790464069286,-0.23189613379288193,-0.22507379266406463,-0.15112947814982725,-0.029248602016590203,0.035530488521046066,-0.8081903526817937,4.072591829002829,4.133087206495711,0.9817459090087143,-0.5953764506673592,-0.7176724253779333,1.0,1
-0.40282594977098346,-1.1789337897794019,-0.044670184280685594,-0.682581078947164,-0.33778318405790814,-0.37952508199787327,2.9405241449190984,2.0030790464069286,-0.23189613379288193,-0.22507379266406463,-0.15112947814982725,2.9976351592832464,1.2160596232525756,-0.06762104595367903,-0.3236504241998226,-0.5343664073369446,0.9817459090087143,0.9817459090087144,1.8415979663333353,-1.0,0
1.6914623311195112,0.3150169103793479,0.37360517762027795,-0.682581078947164,-0.33778318405790814,-0.37952508199787327,2.5978580587342113,2.0030790464069286,-0.23189613379288193,-0.22507379266406463,-0.15112947814982725,1.512748785815402,0.035530488521046066,-0.7210645518902509,0.6320544134529278,1.0214514639406074,0.7188921823960354,1.2445996356213933,1.8415979663333353,1.0,1
2.57750737303472,1.0619922604587229,-0.044670184280685594,-0.682581078947164,-0.33778318405790814,-0.37952508199787327,3.16896820237569,1.2160596232525756,-0.23189613379288193,-0.22507379266406463,-0.15112947814982725,0.5418615416248884,0.822549911675399,-0.7895205382264632,2.1611821536973284,3.5107600579846903,1.2445996356213933,-0.5953764506673592,3.9743232927593923,1.0,1
1.127615486264378,2.1824552855777855,2.4649819871250958,2.3609622600813163,-0.33778318405790814,-0.37952508199787327,3.3403012454681336,1.2160596232525756,-0.23189613379288193,-0.22507379266406463,-0.15112947814982725,1.112971685266367,2.0030790464069286,-0.7335110948604712,0.6320544134529278,1.4881968253238729,1.7703070888467511,-0.06966899744200132,1.4150529010481239,-1.0,1
1.127615486264378,1.8089676105380978,-0.4629455461816491,0.8391905905670761,-0.33778318405790814,-0.37952508199787327,3.511634288560577,2.0030790464069286,-0.23189613379288193,-0.22507379266406463,-0.15112947814982725,2.312302986913472,0.035530488521046066,-0.7210645518902509,0.6320544134529278,1.0214514639406074,2.03316081545943,0.1931847291706776,1.4150529010481239,1.0,0
0.8054172892043019,0.8752484229388792,0.37360517762027795,2.3609622600813163,-0.33778318405790814,-0.37952508199787327,2.9976351592832464,1.2160596232525756,-0.23189613379288193,-0.22507379266406463,-0.15112947814982725,0.7703055990814798,-1.53850835778766,-0.7210645518902509,0.4409134459223777,1.1770332510683625,1.7703070888467511,-0.33252272405468025,-0.2911273600927219,-1.0,1
1.6109127818544922,2.1824552855777855,0.37360517762027795,-0.682581078947164,-0.33778318405790814,-0.37952508199787327,3.5687453029247247,1.2160596232525756,-0.23189613379288193,-0.22507379266406463,-0.15112947814982725,0.9416386421739233,-1.1449986462104833,-0.7428460020881366,1.014336348514028,1.1770332510683625,2.03316081545943,-0.06966899744200132,0.13541770519248952,-1.0,1
1.047065936999359,3.116174473177004,1.210155901422205,-0.682581078947164,-0.33778318405790814,-0.37952508199787327,3.7400783460171687,1.2160596232525756,-0.23189613379288193,-0.22507379266406463,-0.15112947814982725,1.5698598001795498,-0.7514889346333069,-0.8019670811966837,3.3080279588806287,3.5107600579846903,1.5074533622340722,-0.8582301772800381,-1.1442174906631448,1.0,1
0.9665163877343399,0.1282730728595042,0.7918805395212415,5.404505599109797,-0.33778318405790814,-0.37952508199787327,-1.3428019323919909,-1.53850835778766,-0.23189613379288193,-0.22507379266406463,-0.15112947814982725,-1.3428019323919909,-1.53850835778766,-0.7677390880285774,1.205477316044578,2.8884329094736696,2.03316081545943,-0.06966899744200132,-1.1442174906631448,1.0,1
1.208165035529397,1.8089676105380978,0.37360517762027795,-0.682581078947164,-0.33778318405790814,-0.37952508199787327,-1.1714688892995473,-0.3579792230561304,-0.23189613379288193,-0.22507379266406463,-0.15112947814982725,-1.3428019323919909,-1.53850835778766,-0.6214922081284875,-0.3236504241998226,0.32133342186570896,1.5074533622340722,0.45603845578335656,1.4150529010481239,-1.0,1
-1.2083214424211737,-1.1789337897794019,-0.4629455461816491,-0.682581078947164,-0.33778318405790814,-0.37952508199787327,-1.0001358462071037,0.822549911675399,3.886259345632435,-0.22507379266406463,-0.15112947814982725,-1.0001358462071037,0.822549911675399,-0.25431919050698526,-0.6677041657548128,-0.3943427989219649,0.1931847291706776,1.5074533622340722,1.8415979663333353,-1.0,0
0.5637686414092448,-0.05847076466033954,-0.044670184280685594,-0.682581078947164,-0.33778318405790814,-0.37952508199787327,-0.9430248318429559,1.2160596232525756,-0.23189613379288193,-0.22507379266406463,-0.15112947814982725,-1.1143578749353995,0.035530488521046066,-0.758404180800912,1.014336348514028,2.266105760962649,1.5074533622340722,-0.33252272405468025,0.13541770519248952,1.0,1
0.24157044434916872,1.4354799354984105,2.046706625224132,-0.682581078947164,-0.33778318405790814,-0.37952508199787327,-0.7716917887505124,1.2160596232525756,-0.23189613379288193,-0.22507379266406463,-0.15112947814982725,-0.8288028031146603,0.822549911675399,-0.6277154796135976,-0.2854222306937127,0.39912431542958654,1.5074533622340722,-0.06966899744200132,2.2681430316185467,-1.0,1
-0.7250241468310595,-1.3656776272992457,-1.7177716318845397,0.8391905905670761,-0.33778318405790814,-0.37952508199787327,-0.6003587456580688,1.2160596232525756,-0.23189613379288193,-0.22507379266406463,-0.15112947814982725,-0.7716917887505124,1.2160596232525756,-0.3414449912985281,-0.7441605527670326,-0.3009937266453118,1.2445996356213933,1.5074533622340722,0.13541770519248952,1.0,-1
0.9665163877343399,1.4354799354984105,2.046706625224132,-0.682581078947164,-0.33778318405790814,-0.37952508199787327,-0.6003587456580688,0.822549911675399,-0.23189613379288193,-0.22507379266406463,-0.15112947814982725,-1.1143578749353995,-0.7514889346333069,-0.7335110948604712,0.4409134459223777,1.643778612451628,1.2445996356213933,-0.33252272405468025,1.4150529010481239,1.0,1
0.40266954287920675,-1.3656776272992457,-1.2994962699835761,2.3609622600813163,-0.33778318405790814,-0.37952508199787327,-0.4290257025656252,0.822549911675399,-0.23189613379288193,-0.22507379266406463,-0.15112947814982725,-0.6574697600222167,1.2160596232525756,-0.668166744266814,-0.2854222306937127,0.8658696768128521,-1.121083903892717,-1.1210839038927172,-1.1442174906631448,-1.0,1
0.9665163877343399,1.8089676105380978,3.3015327109270225,-0.682581078947164,2.610663253057731,2.288808259011065,-0.25769265947318165,0.822549911675399,-0.23189613379288193,-0.22507379266406463,-0.15112947814982725,-1.2285799036636953,-0.7514889346333069,-0.7895205382264632,2.1611821536973284,3.5107600579846903,0.9817459090087143,-1.1210839038927172,-0.2911273600927219,1.0,1
2.3358587252396634,1.0619922604587229,0.37360517762027795,0.8391905905670761,2.610663253057731,2.288808259011065,-0.08635961638073807,2.0030790464069286,-0.23189613379288193,-0.22507379266406463,-0.15112947814982725,-1.1143578749353995,-1.1449986462104833,-0.7335110948604712,0.6320544134529278,1.4881968253238729,1.7703070888467511,0.45603845578335656,0.13541770519248952,-1.0,1
1.6109127818544922,2.369199123097629,-0.044670184280685594,-0.682581078947164,-0.33778318405790814,-0.37952508199787327,0.08497342671170552,2.0030790464069286,-0.23189613379288193,-0.22507379266406463,-0.15112947814982725,-0.9430248318429559,0.035530488521046066,-0.7677390880285774,1.396618283575128,2.5772693352181593,0.9817459090087143,-0.8582301772800381,0.13541770519248952,1.0,0
0.8859668384693209,0.6885045854190354,1.210155901422205,2.3609622600813163,-0.33778318405790814,-0.37952508199787327,0.14208444107585336,1.2160596232525756,-0.23189613379288193,-0.22507379266406463,-0.15112947814982725,-0.48613671692977306,0.035530488521046066,-0.6121573009008222,-0.3236504241998226,0.32133342186570896,0.4560384557833565,-0.33252272405468025,0.9885078357629123,-1.0,1
1.208165035529397,1.9957114480579417,0.37360517762027795,-0.682581078947164,2.610663253057731,2.288808259011065,0.31341748416829696,1.2160596232525756,-0.23189613379288193,-0.22507379266406463,-0.15112947814982725,-0.37191468820147733,-0.3579792230561304,-0.668166744266814,-0.13250945666927252,0.7102878896850969,0.4560384557833565,0.7188921823960355,2.694688096903758,1.0,0
-0.08062775271090736,-0.8054461147397145,-0.044670184280685594,-0.682581078947164,-0.33778318405790814,-0.37952508199787327,0.3705284985324448,0.4290402000982225,-0.23189613379288193,-0.22507379266406463,-0.15112947814982725,-0.6003587456580688,-0.3579792230561304,-0.752180909315802,0.8231953809834779,1.9549421867071386,0.7188921823960354,-0.8582301772800381,-0.2911273600927219,-1.0,1
1.047065936999359,1.2487360979785667,1.210155901422205,-0.682581078947164,-0.33778318405790814,-0.37952508199787327,0.5418615416248884,1.2160596232525756,-0.23189613379288193,-0.22507379266406463,-0.15112947814982725,0.027862412347557656,-1.1449986462104833,-0.6121573009008222,-0.43833500471815257,0.32133342186570896,1.7703070888467511,0.1931847291706776,0.5619627704777009,-1.0,-1
0.5637686414092448,0.3150169103793479,-0.044670184280685594,2.3609622600813163,5.559109690173369,4.9571416000200035,0.5418615416248884,0.035530488521046066,-0.23189613379288193,-0.22507379266406463,-0.15112947814982725,-0.4290257025656252,0.4290402000982225,-0.7677390880285774,1.205477316044578,2.5772693352181593,-0.858230177280038,-1.1210839038927172,-0.7176724253779333,1.0,1
2.416408274504682,1.9957114480579417,2.4649819871250958,2.3609622600813163,-0.33778318405790814,-0.37952508199787327,0.713194584717332,0.822549911675399,-0.23189613379288193,-0.22507379266406463,-0.15112947814982725,-0.3148036738373295,-0.3579792230561304,-0.7770739952562428,1.7789002186362282,2.8884329094736696,1.7703070888467511,0.45603845578335656,0.5619627704777009,1.0,0
1.047065936999359,-0.8054461147397145,-1.2994962699835761,-0.682581078947164,-0.33778318405790814,-0.37952508199787327,0.7703055990814798,0.035530488521046066,-0.23189613379288193,-0.22507379266406463,-0.15112947814982725,0.027862412347557656,-0.3579792230561304,-0.6899481944646998,0.02040331735516768,1.0214514639406074,0.1931847291706776,-0.33252272405468025,-0.2911273600927219,-1.0,0
0.6443181906742638,-0.8054461147397145,-0.8812209080826127,0.8391905905670761,5.559109690173369,4.9571416000200035,0.8274166134456277,0.4290402000982225,-0.23189613379288193,4.1906596634118705,-0.15112947814982725,-0.029248602016590203,0.035530488521046066,-0.6432736583263733,-0.2854222306937127,0.4769152089934642,1.7703070888467511,-0.33252272405468025,0.13541770519248952,-1.0,1
-0.2417268512409454,-0.2452146021801833,0.37360517762027795,-0.682581078947164,-0.33778318405790814,-0.37952508199787327,0.9987496565380712,0.4290402000982225,-0.23189613379288193,-0.22507379266406463,-0.15112947814982725,-0.029248602016590203,-0.3579792230561304,-0.7210645518902509,0.24977247839182762,1.1770332510683625,0.4560384557833565,-1.1210839038927172,-0.2911273600927219,1.0,0
0.32211999361418775,0.5017607478991917,0.7918805395212415,3.8827339295955565,-0.33778318405790814,-0.37952508199787327,1.0558606709022191,0.4290402000982225,-0.23189613379288193,-0.22507379266406463,-0.15112947814982725,1.1700826996305147,0.035530488521046066,-0.19208647565588316,-0.5147913917303727,-0.456575513773067,0.1931847291706776,1.5074533622340722,2.2681430316185467,1.0,0
-0.48337549903600247,-1.5524214648190895,-1.2994962699835761,-0.682581078947164,-0.33778318405790814,-0.37952508199787327,1.112971685266367,0.4290402000982225,-0.23189613379288193,-0.22507379266406463,-0.15112947814982725,1.6840818289078456,2.0030790464069286,0.39912431542958654,-0.13250945666927252,-0.6432736583263733,1.2445996356213933,1.7703070888467514,0.13541770519248952,-1.0,-1
0.48321909214422576,0.5017607478991917,-0.4629455461816491,0.8391905905670761,-0.33778318405790814,-0.37952508199787327,1.2843047283588105,0.035530488521046066,-0.23189613379288193,-0.22507379266406463,-0.15112947814982725,0.31341748416829696,0.4290402000982225,-0.6214922081284875,-0.3236504241998226,0.32133342186570896,0.4560384557833565,-1.1210839038927172,0.13541770519248952,-1.0,0
1.127615486264378,0.5017607478991917,1.210155901422205,-0.682581078947164,-0.33778318405790814,-0.37952508199787327,1.112971685266367,-0.7514889346333069,-0.23189613379288193,-0.22507379266406463,-0.15112947814982725,1.0558606709022191,1.2160596232525756,-0.6557202012965936,0.02040331735516768,0.39912431542958654,1.7703070888467511,-0.06966899744200132,2.2681430316185467,1.0,1
0.6443181906742638,-0.6187022772198708,-0.4629455461816491,0.8391905905670761,-0.33778318405790814,-0.37952508199787327,1.3414157427229585,0.035530488521046066,-0.23189613379288193,-0.22507379266406463,-0.15112947814982725,0.31341748416829696,-0.7514889346333069,-0.6432736583263733,-0.2854222306937127,0.5547061025573418,2.2960145420721085,-0.06966899744200132,-1.1442174906631448,-1.0,1
1.7720118803845302,-0.2452146021801833,0.37360517762027795,-0.682581078947164,-0.33778318405790814,-0.37952508199787327,1.5698598001795498,0.035530488521046066,-0.23189613379288193,-0.22507379266406463,-0.15112947814982725,0.08497342671170552,0.035530488521046066,-0.6899481944646998,0.11979662047105363,0.8658696768128521,0.9817459090087143,-0.8582301772800381,0.5619627704777009,-1.0,1
1.288714584794416,0.5017607478991917,1.210155901422205,0.8391905905670761,-0.33778318405790814,-0.37952508199787327,1.912525886364437,1.2160596232525756,-0.23189613379288193,-0.22507379266406463,-0.15112947814982725,-0.37191468820147733,-1.53850835778766,-0.752180909315802,0.4409134459223777,2.266105760962649,1.2445996356213933,-1.1210839038927172,-0.2911273600927219,-1.0,1
1.6914623311195112,-0.8054461147397145,-0.4629455461816491,0.8391905905670761,-0.33778318405790814,-0.37952508199787327,1.7411928432719934,1.2160596232525756,-0.23189613379288193,-0.22507379266406463,-0.15112947814982725,0.42763951289659263,1.2160596232525756,-0.752180909315802,0.8231953809834779,2.266105760962649,2.03316081545943,0.45603845578335656,0.13541770519248952,1.0,1
1.6109127818544922,1.622223773018254,1.6284312633231686,-0.682581078947164,-0.33778318405790814,-0.37952508199787327,2.0838589294568806,2.0030790464069286,-0.23189613379288193,-0.22507379266406463,-0.15112947814982725,0.3705284985324448,0.822549911675399,-0.7428460020881366,0.6320544134529278,1.9549421867071386,-0.858230177280038,-1.1210839038927172,-1.1442174906631448,1.0,-1
1.6109127818544922,2.1824552855777855,4.13808343472895,-0.682581078947164,-0.33778318405790814,-0.37952508199787327,2.0838589294568806,0.822549911675399,-0.23189613379288193,-0.22507379266406463,-0.15112947814982725,0.713194584717332,-1.1449986462104833,-0.5499245860497202,-0.43833500471815257,0.025728026322974037,1.5074533622340722,-0.33252272405468025,1.4150529010481239,-1.0,1
1.369264134059435,-0.2452146021801833,-0.8812209080826127,-0.682581078947164,-0.33778318405790814,-0.37952508199787327,1.3414157427229585,0.035530488521046066,-0.23189613379288193,-0.22507379266406463,-0.15112947814982725,1.0558606709022191,0.035530488521046066,-0.5872642149603814,-0.43833500471815257,0.1906447206783946,1.7703070888467511,0.45603845578335656,1.4150529010481239,1.0,-1
1.288714584794416,2.369199123097629,-0.044670184280685594,-0.682581078947164,-0.33778318405790814,2.288808259011065,2.4265250156417677,0.822549911675399,-0.23189613379288193,-0.22507379266406463,-0.15112947814982725,1.6269708145436976,0.035530488521046066,-0.6899481944646998,0.11979662047105363,0.8658696768128521,1.7703070888467511,0.45603845578335656,0.5619627704777009,1.0,1
1.127615486264378,1.622223773018254,0.7918805395212415,-0.682581078947164,-0.33778318405790814,-0.37952508199787327,2.6549690730983593,0.035530488521046066,-0.23189613379288193,-0.22507379266406463,-0.15112947814982725,1.912525886364437,-0.3579792230561304,-0.456575513773067,-0.5912477787425927,-0.16097011823033208,0.4560384557833565,0.7188921823960355,3.1212331621889695,-1.0,0
2.174759626709625,0.8752484229388792,0.37360517762027795,-0.682581078947164,-0.33778318405790814,-0.37952508199787327,2.5978580587342113,2.0030790464069286,-0.23189613379288193,-0.22507379266406463,-0.15112947814982725,0.5418615416248884,0.822549911675399,-0.6121573009008222,-0.43833500471815257,0.39912431542958654,1.7703070888467511,0.45603845578335656,0.9885078357629123,-1.0,-1
0.7248677399392829,1.0619922604587229,0.37360517762027795,2.3609622600813163,2.610663253057731,2.288808259011065,2.5978580587342113,0.822549911675399,-0.23189613379288193,-0.22507379266406463,-0.15112947814982725,1.455637771451254,-1.53850835778766,-0.7428460020881366,0.6320544134529278,1.7993603995793832,0.1931847291706776,-0.33252272405468025,0.13541770519248952,1.0,0
1.369264134059435,0.8752484229388792,-0.4629455461816491,-0.682581078947164,-0.33778318405790814,-0.37952508199787327,2.255191972549324,0.822549911675399,-0.23189613379288193,-0.22507379266406463,-0.15112947814982725,0.5418615416248884,1.2160596232525756,-0.6432736583263733,0.02040331735516768,0.32133342186570896,-0.5953764506673591,-1.1210839038927172,-0.7176724253779333,-1.0,1
1.369264134059435,1.4354799354984105,1.210155901422205,2.3609622600813163,-0.33778318405790814,-0.37952508199787327,1.512748785815402,0.035530488521046066,-0.23189613379288193,-0.22507379266406463,-0.15112947814982725,0.5989725559890362,-1.1449986462104833,-0.7210645518902509,0.4409134459223777,1.3326150381961177,0.7188921823960354,-0.33252272405468025,0.9885078357629123,1.0,0
1.6914623311195112,1.2487360979785667,1.6284312633231686,-0.682581078947164,-0.33778318405790814,-0.37952508199787327,2.712080087462507,-0.7514889346333069,-0.23189613379288193,-0.22507379266406463,-0.15112947814982725,-0.029248602016590203,-1.53850835778766,-0.7895205382264632,2.5434640887584283,3.5107600579846903,0.9817459090087143,-0.8582301772800381,-0.2911273600927219,1.0,1
-1.2083214424211737,0.1282730728595042,-0.8812209080826127,-0.682581078947164,-0.33778318405790814,-0.37952508199787327,-1.3428019323919909,-1.53850835778766,-0.23189613379288193,-0.22507379266406463,-0.15112947814982725,-1.3428019323919909,-1.53850835778766,0.5547061025573418,0.02040331735516768,-0.6588318370391487,0.4560384557833565,2.296014542072109,0.13541770519248952,1.0,1
-0.6444745975660405,-0.9921899522595582,0.37360517762027795,-0.682581078947164,2.610663253057731,2.288808259011065,-1.1714688892995473,-0.3579792230561304,-0.23189613379288193,-0.22507379266406463,-0.15112947814982725,-1.3428019323919909,-1.53850835778766,-0.42545915634751597,-0.7441605527670326,-0.16097011823033208,0.1931847291706776,-0.5953764506673592,0.13541770519248952,-1.0,1
0.5637686414092448,0.5017607478991917,1.6284312633231686,3.8827339295955565,-0.33778318405790814,-0.37952508199787327,-1.0001358462071037,0.822549911675399,-0.23189613379288193,-0.22507379266406463,-0.15112947814982725,-1.1714688892995473,-0.3579792230561304,-0.7335110948604712,0.4409134459223777,1.643778612451628,0.4560384557833565,-0.8582301772800381,0.13541770519248952,1.0,1
-0.9666727946261165,-1.9259091398587769,-1.2994962699835761,-0.682581078947164,-0.33778318405790814,-0.37952508199787327,-0.8288028031146603,2.0030790464069286,3.886259345632435,-0.22507379266406463,6.616842804212003,-1.2285799036636953,-0.7514889346333069,-0.5654827647624957,-0.5147913917303727,0.1501934560251783,2.03316081545943,-0.8582301772800381,0.13541770519248952,-1.0,-1
-0.2417268512409454,-0.8054461147397145,-0.8812209080826127,0.8391905905670761,-0.33778318405790814,-0.37952508199787327,-0.8288028031146603,0.822549911675399,-0.23189613379288193,-0.22507379266406463,-0.15112947814982725,-0.7716917887505124,1.2160596232525756,0.39912431542958654,-0.2854222306937127,-0.6277154796135976,-0.06966899744200131,1.5074533622340722,2.2681430316185467,1.0,-1
0.32211999361418775,-0.431958439700027,-0.044670184280685594,-0.682581078947164,-0.33778318405790814,-0.37952508199787327,-0.8288028031146603,-0.3579792230561304,-0.23189613379288193,-0.22507379266406463,-0.15112947814982725,-1.0001358462071037,0.822549911675399,-0.06762104595367903,-0.6677041657548128,-0.48769187119861807,0.9817459090087143,0.7188921823960355,1.8415979663333353,-1.0,-1
0.48321909214422576,0.8752484229388792,1.210155901422205,2.3609622600813163,-0.33778318405790814,-0.37952508199787327,-0.8288028031146603,-1.53850835778766,-0.23189613379288193,-0.22507379266406463,-0.15112947814982725,-0.7716917887505124,0.822549911675399,-0.5032500499113935,-0.43833500471815257,-0.0987374033792301,2.2960145420721085,-0.5953764506673592,-0.7176724253779333,1.0,1
1.127615486264378,0.3150169103793479,-0.044670184280685594,0.8391905905670761,-0.33778318405790814,-0.37952508199787327,-0.6574697600222167,-0.3579792230561304,-0.23189613379288193,4.1906596634118705,-0.15112947814982725,-1.1714688892995473,-0.7514889346333069,-0.5188082286241692,-0.43833500471815257,-0.06762104595367903,1.5074533622340722,0.45603845578335656,0.5619627704777009,-1.0,1
0.9665163877343399,-0.9921899522595582,-0.044670184280685594,-0.682581078947164,-0.33778318405790814,-0.37952508199787327,-0.48613671692977306,0.822549911675399,-0.23189613379288193,-0.22507379266406463,-0.15112947814982725,-0.5432477312939209,0.822549911675399,-0.2232028330814342,-0.5147913917303727,-0.44101733506029156,1.2445996356213933,0.7188921823960355,0.5619627704777009,-1.0,-1
0.6443181906742638,-0.6187022772198708,-1.7177716318845397,0.8391905905670761,-0.33778318405790814,-0.37952508199787327,-0.48613671692977306,0.822549911675399,-0.23189613379288193,-0.22507379266406463,-0.15112947814982725,-0.5432477312939209,-1.1449986462104833,-0.26365409773465054,-0.43833500471815257,-0.4192358848624057,0.7188921823960354,1.5074533622340722,0.9885078357629123,1.0,-1
0.40266954287920675,-0.8054461147397145,-1.7177716318845397,-0.682581078947164,-0.33778318405790814,-0.37952508199787327,-0.48613671692977306,-0.3579792230561304,-0.23189613379288193,-0.22507379266406463,-0.15112947814982725,-0.5432477312939209,-1.53850835778766,-0.4192358848624057,-0.7059323592609227,-0.19208647565588316,1.2445996356213933,-0.06966899744200132,2.694688096903758,-1.0,0
-0.5639250483010215,0.1282730728595042,-0.044670184280685594,0.8391905905670761,-0.33778318405790814,-0.37952508199787327,-0.4290257025656252,-1.1449986462104833,-0.23189613379288193,-0.22507379266406463,-0.15112947814982725,-0.7145807743863645,0.4290402000982225,-0.6277154796135976,0.02040331735516768,0.24354252830183137,-0.858230177280038,-0.8582301772800381,-1.1442174906631448,1.0,1
-0.2417268512409454,-0.2452146021801833,0.7918805395212415,-0.682581078947164,-0.33778318405790814,-0.37952508199787327,-0.25769265947318165,0.035530488521046066,-0.23189613379288193,-0.22507379266406463,-0.15112947814982725,-0.4290257025656252,0.035530488521046066,-0.6588318370391487,0.02040331735516768,0.4769152089934642,-1.121083903892717,-1.1210839038927172,-1.1442174906631448,1.0,1
-0.7250241468310595,0.8752484229388792,1.210155901422205,-0.682581078947164,-0.33778318405790814,-0.37952508199787327,-0.08635961638073807,0.822549911675399,-0.23189613379288193,-0.22507379266406463,-0.15112947814982725,-0.7716917887505124,0.4290402000982225,-0.7335110948604712,0.6320544134529278,1.4881968253238729,0.1931847291706776,-0.5953764506673592,0.13541770519248952,1.0,1
-0.48337549903600247,-0.431958439700027,0.37360517762027795,-0.682581078947164,-0.33778318405790814,-0.37952508199787327,0.42763951289659263,2.0030790464069286,-0.23189613379288193,-0.22507379266406463,-0.15112947814982725,0.9416386421739233,2.0030790464069286,0.4769152089934642,0.4409134459223777,-0.6806132872370344,0.1931847291706776,2.0331608154594303,0.9885078357629123,1.0,0
0.8054172892043019,0.8752484229388792,0.7918805395212415,-0.682581078947164,-0.33778318405790814,-0.37952508199787327,0.4847505272607405,1.2160596232525756,-0.23189613379288193,-0.22507379266406463,-0.15112947814982725,-0.029248602016590203,1.2160596232525756,-0.6214922081284875,-0.2854222306937127,0.32133342186570896,2.03316081545943,-0.5953764506673592,0.13541770519248952,1.0,1
1.208165035529397,1.4354799354984105,2.4649819871250958,0.8391905905670761,2.610663253057731,2.288808259011065,0.6560835703531841,1.2160596232525756,-0.23189613379288193,-0.22507379266406463,-0.15112947814982725,-0.029248602016590203,1.2160596232525756,-0.5343664073369446,-0.5147913917303727,0.010169847610198573,2.2960145420721085,-0.33252272405468025,-0.2911273600927219,-1.0,0
1.9331109789145682,1.622223773018254,2.046706625224132,-0.682581078947164,-0.33778318405790814,-0.37952508199787327,0.713194584717332,0.4290402000982225,-0.23189613379288193,-0.22507379266406463,-0.15112947814982725,-0.5432477312939209,-1.53850835778766,-0.6557202012965936,0.02040331735516768,0.39912431542958654,0.7188921823960354,-0.8582301772800381,0.13541770519248952,-1.0,1
0.08047134581913068,2.7426867981373166,1.6284312633231686,0.8391905905670761,-0.33778318405790814,-0.37952508199787327,0.25630646980414906,2.0030790464069286,-0.23189613379288193,-0.22507379266406463,-0.15112947814982725,-0.08635961638073807,0.035530488521046066,-0.44101733506029156,-0.5147913917303727,-0.2232028330814342,0.9817459090087143,-0.06966899744200132,-0.2911273600927219,-1.0,1
-1.1277718931561547,-1.1789337897794019,-0.4629455461816491,-0.682581078947164,-0.33778318405790814,-0.37952508199787327,1.0558606709022191,1.2160596232525756,-0.23189613379288193,-0.22507379266406463,-0.15112947814982725,1.112971685266367,-0.7514889346333069,0.39912431542958654,0.02040331735516768,-0.6557202012965936,-0.06966899744200131,1.7703070888467514,2.2681430316185467,-1.0,-1
-0.16117730197592636,-0.8054461147397145,-0.4629455461816491,-0.682581078947164,-0.33778318405790814,-0.37952508199787327,1.0558606709022191,0.822549911675399,-0.23189613379288193,-0.22507379266406463,-0.15112947814982725,0.08497342671170552,-1.1449986462104833,-0.6588318370391487,-0.13250945666927252,0.5547061025573418,2.2960145420721085,-0.33252272405468025,0.13541770519248952,1.0,-1
0.6443181906742638,0.8752484229388792,1.210155901422205,2.3609622600813163,-0.33778318405790814,-0.37952508199787327,1.0558606709022191,-0.3579792230561304,-0.23189613379288193,-0.22507379266406463,-0.15112947814982725,0.7703055990814798,0.822549911675399,-0.6277154796135976,-0.43833500471815257,0.5547061025573418,0.4560384557833565,-0.5953764506673592,0.13541770519248952,1.0,-1
-1.6916187380112877,-1.1789337897794019,0.37360517762027795,-0.682581078947164,-0.33778318405790814,-0.37952508199787327,1.0558606709022191,-1.53850835778766,-0.23189613379288193,-0.22507379266406463,-0.15112947814982725,2.255191972549324,1.2160596232525756,1.9549421867071386,1.396618283575128,-0.758404180800912,0.7188921823960354,2.296014542072109,0.13541770519248952,-1.0,1
1.288714584794416,-0.05847076466033954,-0.8812209080826127,-0.682581078947164,-0.33778318405790814,-0.37952508199787327,-0.25769265947318165,0.035530488521046066,-0.23189613379288193,-0.22507379266406463,-0.15112947814982725,-0.8288028031146603,0.4290402000982225,-0.6121573009008222,-0.2854222306937127,0.2746588857273823,0.9817459090087143,-0.8582301772800381,0.13541770519248952,-1.0,-1
-7.820344588833574e-05,0.5017607478991917,2.4649819871250958,-0.682581078947164,-0.33778318405790814,-0.37952508199787327,1.2271937139946627,-0.3579792230561304,-0.23189613379288193,-0.22507379266406463,-0.15112947814982725,-0.029248602016590203,-1.1449986462104833,-0.5810409434752711,-0.43833500471815257,0.1501934560251783,-0.5953764506673591,-0.8582301772800381,-1.1442174906631448,-1.0,1
0.40266954287920675,0.3150169103793479,1.210155901422205,-0.682581078947164,-0.33778318405790814,-0.37952508199787327,1.3985267570871063,0.822549911675399,-0.23189613379288193,-0.22507379266406463,-0.15112947814982725,0.14208444107585336,-0.3579792230561304,-0.668166744266814,-0.2854222306937127,0.6324969961212193,1.2445996356213933,-0.06966899744200132,3.1212331621889695,1.0,1
0.5637686414092448,-0.6187022772198708,-1.2994962699835761,0.8391905905670761,2.610663253057731,2.288808259011065,1.5698598001795498,2.0030790464069286,-0.23189613379288193,-0.22507379266406463,-0.15112947814982725,1.3414157427229585,0.035530488521046066,-0.14541193951755663,-0.5912477787425927,-0.47213369248584247,0.7188921823960354,1.7703070888467514,0.9885078357629123,-1.0,-1
0.1610208950841497,0.8752484229388792,1.210155901422205,0.8391905905670761,-0.33778318405790814,-0.37952508199787327,0.08497342671170552,0.822549911675399,-0.23189613379288193,-0.22507379266406463,-0.15112947814982725,-0.20058164510903378,-0.3579792230561304,-0.456575513773067,-0.6677041657548128,-0.12985376080478117,0.1931847291706776,-0.5953764506673592,-0.7176724253779333,-1.0,1
0.24157044434916872,0.8752484229388792,-0.044670184280685594,-0.682581078947164,-0.33778318405790814,-0.37952508199787327,1.5698598001795498,0.822549911675399,-0.23189613379288193,-0.22507379266406463,-0.15112947814982725,1.3985267570871063,0.822549911675399,-0.6214922081284875,-0.2854222306937127,0.32133342186570896,1.2445996356213933,0.9817459090087144,0.5619627704777009,1.0,1
0.8054172892043019,1.2487360979785667,0.7918805395212415,0.8391905905670761,-0.33778318405790814,-0.37952508199787327,1.7411928432719934,0.822549911675399,-0.23189613379288193,-0.22507379266406463,-0.15112947814982725,0.5989725559890362,0.822549911675399,-0.6899481944646998,0.11979662047105363,0.8658696768128521,1.7703070888467511,0.45603845578335656,0.5619627704777009,1.0,1
-0.16117730197592636,-0.2452146021801833,0.37360517762027795,-0.682581078947164,-0.33778318405790814,-0.37952508199787327,1.912525886364437,0.822549911675399,-0.23189613379288193,-0.22507379266406463,-0.15112947814982725,0.7703055990814798,-1.53850835778766,-0.456575513773067,-0.5912477787425927,-0.16097011823033208,2.5588682686847877,-0.5953764506673592,-0.7176724253779333,-1.0,1
-0.08062775271090736,-1.3656776272992457,-1.7177716318845397,-0.682581078947164,-0.33778318405790814,-0.37952508199787327,2.0838589294568806,2.0030790464069286,-0.23189613379288193,-0.22507379266406463,-0.15112947814982725,0.7703055990814798,0.035530488521046066,-0.6806132872370344,-0.13250945666927252,0.8658696768128521,0.4560384557833565,-0.5953764506673592,-0.7176724253779333,1.0,-1
0.48321909214422576,-0.6187022772198708,-1.7177716318845397,-0.682581078947164,-0.33778318405790814,-0.37952508199787327,2.0838589294568806,0.822549911675399,-0.23189613379288193,-0.22507379266406463,-0.15112947814982725,0.8845276278097756,2.0030790464069286,-0.5810409434752711,-0.5147913917303727,0.1906447206783946,-0.858230177280038,-1.1210839038927172,-1.1442174906631448,-1.0,0
-0.8055736960960785,0.1282730728595042,1.210155901422205,-0.682581078947164,-0.33778318405790814,-0.37952508199787327,2.1409699438210286,0.035530488521046066,-0.23189613379288193,-0.22507379266406463,-0.15112947814982725,1.2843047283588105,0.035530488521046066,-0.7086180089200305,0.4409134459223777,1.0214514639406074,1.2445996356213933,-0.06966899744200132,-0.2911273600927219,1.0,1
-1.1277718931561547,-0.8054461147397145,-0.4629455461816491,-0.682581078947164,-0.33778318405790814,-0.37952508199787327,2.312302986913472,0.035530488521046066,-0.23189613379288193,-0.22507379266406463,-0.15112947814982725,3.511634288560577,2.0030790464069286,1.0214514639406074,0.6320544134529278,-0.7210645518902509,0.1931847291706776,2.0331608154594303,1.4150529010481239,-1.0,0
0.5637686414092448,0.5017607478991917,0.37360517762027795,-0.682581078947164,2.610663253057731,2.288808259011065,0.8845276278097756,1.2160596232525756,-0.23189613379288193,-0.22507379266406463,-0.15112947814982725,0.8274166134456277,0.822549911675399,-0.5188082286241692,-0.3236504241998226,-0.06762104595367903,0.9817459090087143,0.9817459090087144,1.8415979663333353,1.0,1
1.449813683324454,1.4354799354984105,0.7918805395212415,-0.682581078947164,2.610663253057731,2.288808259011065,2.3694140012776197,0.4290402000982225,-0.23189613379288193,-0.22507379266406463,-0.15112947814982725,0.6560835703531841,0.822549911675399,-0.7428460020881366,0.8231953809834779,1.643778612451628,0.9817459090087143,-0.5953764506673592,0.13541770519248952,1.0,1
0.7248677399392829,1.2487360979785667,3.3015327109270225,-0.682581078947164,-0.33778318405790814,-0.37952508199787327,2.5407470443700633,1.2160596232525756,-0.23189613379288193,-0.22507379266406463,-0.15112947814982725,-0.08635961638073807,-1.1449986462104833,-0.7677390880285774,1.7789002186362282,1.7993603995793832,0.4560384557833565,-0.5953764506673592,0.13541770519248952,-1.0,1
1.127615486264378,1.8089676105380978,-0.044670184280685594,0.8391905905670761,-0.33778318405790814,-0.37952508199787327,-1.3428019323919909,-1.53850835778766,-0.23189613379288193,-0.22507379266406463,-0.15112947814982725,-1.3428019323919909,-1.53850835778766,-0.5499245860497202,-0.5912477787425927,0.08796074117407617,-1.121083903892717,-1.1210839038927172,-1.1442174906631448,-1.0,-1
-1.2083214424211737,-1.1789337897794019,-0.4629455461816491,-0.682581078947164,-0.33778318405790814,-0.37952508199787327,-1.3428019323919909,-1.53850835778766,-0.23189613379288193,-0.22507379266406463,-0.15112947814982725,-1.1714688892995473,-0.3579792230561304,0.32133342186570896,-0.3236504241998226,-0.6214922081284875,0.4560384557833565,1.5074533622340722,1.4150529010481239,1.0,-1
-2.416564681396459,-2.112652977378621,-1.7177716318845397,-0.682581078947164,-0.33778318405790814,-0.37952508199787327,-1.3428019323919909,-1.53850835778766,3.886259345632435,-0.22507379266406463,-0.15112947814982725,-1.1714688892995473,-0.3579792230561304,2.5772693352181593,1.396618283575128,-0.7677390880285774,-0.06966899744200131,2.0331608154594303,1.4150529010481239,-1.0,-1
0.08047134581913068,3.3029183106968474,0.7918805395212415,0.8391905905670761,-0.33778318405790814,-0.37952508199787327,-1.3428019323919909,-1.53850835778766,-0.23189613379288193,-0.22507379266406463,-0.15112947814982725,-1.3428019323919909,-1.53850835778766,-0.6899481944646998,0.3262288654040474,0.7102878896850969,0.4560384557833565,-0.8582301772800381,0.13541770519248952,1.0,1
0.32211999361418775,0.1282730728595042,-0.4629455461816491,0.8391905905670761,-0.33778318405790814,-0.37952508199787327,-1.1714688892995473,-0.3579792230561304,-0.23189613379288193,-0.22507379266406463,-0.15112947814982725,-1.285690918027843,-1.1449986462104833,-0.5499245860497202,-0.43833500471815257,0.025728026322974037,1.2445996356213933,-0.8582301772800381,-0.2911273600927219,-1.0,1
-0.3222764005059644,-0.05847076466033954,1.210155901422205,-0.682581078947164,-0.33778318405790814,-0.37952508199787327,-1.0001358462071037,0.822549911675399,-0.23189613379288193,-0.22507379266406463,-0.15112947814982725,-0.8288028031146603,-0.3579792230561304,-0.48769187119861807,-0.6677041657548128,-0.06762104595367903,0.7188921823960354,0.9817459090087144,1.8415979663333353,1.0,1
-0.6444745975660405,-0.8054461147397145,-0.8812209080826127,0.8391905905670761,-0.33778318405790814,-0.37952508199787327,-0.8288028031146603,2.0030790464069286,-0.23189613379288193,-0.22507379266406463,-0.15112947814982725,-0.6003587456580688,1.2160596232525756,-0.4099009776347405,-0.7059323592609227,-0.2232028330814342,-0.3325227240546802,-0.33252272405468025,-0.2911273600927219,-1.0,0
0.32211999361418775,0.8752484229388792,0.7918805395212415,0.8391905905670761,-0.33778318405790814,-0.37952508199787327,-0.7716917887505124,1.2160596232525756,-0.23189613379288193,-0.22507379266406463,-0.15112947814982725,-0.9430248318429559,-0.7514889346333069,-0.6588318370391487,-0.2854222306937127,0.7102878896850969,1.2445996356213933,-0.5953764506673592,0.9885078357629123,1.0,0
0.24157044434916872,1.622223773018254,1.6284312633231686,0.8391905905670761,-0.33778318405790814,2.288808259011065,-0.7145807743863645,0.4290402000982225,-0.23189613379288193,-0.22507379266406463,-0.15112947814982725,-0.7716917887505124,-0.3579792230561304,-0.5872642149603814,-0.3236504241998226,0.1501934560251783,1.5074533622340722,0.1931847291706776,-0.7176724253779333,1.0,1
-1.1277718931561547,-0.6187022772198708,0.37360517762027795,-0.682581078947164,-0.33778318405790814,-0.37952508199787327,-0.5432477312939209,0.4290402000982225,-0.23189613379288193,-0.22507379266406463,-0.15112947814982725,-0.5432477312939209,1.2160596232525756,-0.26365409773465054,-0.5147913917303727,-0.4099009776347405,0.7188921823960354,-0.06966899744200132,0.13541770519248952,-1.0,1
0.8054172892043019,0.1282730728595042,0.37360517762027795,0.8391905905670761,-0.33778318405790814,2.288808259011065,-0.37191468820147733,1.2160596232525756,-0.23189613379288193,-0.22507379266406463,-0.15112947814982725,-0.7716917887505124,-0.3579792230561304,-0.7335110948604712,0.4409134459223777,1.4881968253238729,0.7188921823960354,-0.5953764506673592,-0.7176724253779333,1.0,1
-0.9666727946261165,-1.3656776272992457,-0.4629455461816491,-0.682581078947164,-0.33778318405790814,-0.37952508199787327,-0.20058164510903378,2.0030790464069286,-0.23189613379288193,-0.22507379266406463,-0.15112947814982725,-0.08635961638073807,0.035530488521046066,0.8658696768128521,0.4409134459223777,-0.7055063731774752,0.1931847291706776,1.2445996356213933,2.2681430316185467,-1.0,-1
1.288714584794416,2.1824552855777855,0.7918805395212415,0.8391905905670761,-0.33778318405790814,-0.37952508199787327,-0.20058164510903378,0.822549911675399,-0.23189613379288193,-0.22507379266406463,-0.15112947814982725,-1.0001358462071037,-0.7514889346333069,-0.7086180089200305,0.4409134459223777,1.0214514639406074,3.0845757219101455,-0.5953764506673592,-0.2911273600927219,1.0,1
0.48321909214422576,0.8752484229388792,1.210155901422205,0.8391905905670761,-0.33778318405790814,-0.37952508199787327,-0.029248602016590203,0.822549911675399,-0.23189613379288193,-0.22507379266406463,-0.15112947814982725,-0.3148036738373295,-1.1449986462104833,0.010169847610198573,-0.3236504241998226,-0.5499245860497202,0.4560384557833565,1.2445996356213933,1.8415979663333353,-1.0,-1
1.047065936999359,-0.431958439700027,-0.4629455461816491,-0.682581078947164,-0.33778318405790814,-0.37952508199787327,-0.029248602016590203,-0.3579792230561304,-0.23189613379288193,-0.22507379266406463,-0.15112947814982725,-0.48613671692977306,-1.53850835778766,-0.5032500499113935,-0.5147913917303727,-0.0987374033792301,2.03316081545943,0.1931847291706776,0.9885078357629123,-1.0,-1
0.8859668384693209,0.5017607478991917,0.37360517762027795,-0.682581078947164,-0.33778318405790814,-0.37952508199787327,-0.029248602016590203,-0.3579792230561304,-0.23189613379288193,-0.22507379266406463,-0.15112947814982725,-0.4290257025656252,-0.7514889346333069,-0.6557202012965936,-0.13250945666927252,0.5547061025573418,1.2445996356213933,-0.33252272405468025,1.4150529010481239,1.0,1
0.40266954287920675,1.4354799354984105,1.210155901422205,2.3609622600813163,-0.33778318405790814,2.288808259011065,0.14208444107585336,-0.3579792230561304,-0.23189613379288193,-0.22507379266406463,-0.15112947814982725,0.25630646980414906,0.4290402000982225,-0.5032500499113935,-0.43833500471815257,-0.12985376080478117,2.8217219952974664,-0.5953764506673592,0.13541770519248952,1.0,1
-0.08062775271090736,1.622223773018254,3.3015327109270225,-0.682581078947164,-0.33778318405790814,-0.37952508199787327,0.31341748416829696,0.822549911675399,-0.23189613379288193,-0.22507379266406463,-0.15112947814982725,-0.4290257025656252,-1.1449986462104833,-0.5872642149603814,-0.2854222306937127,0.0568443837485251,-0.858230177280038,-1.1210839038927172,-0.7176724253779333,-1.0,1
1.127615486264378,0.5017607478991917,0.37360517762027795,0.8391905905670761,2.610663253057731,2.288808259011065,0.4847505272607405,2.0030790464069286,-0.23189613379288193,-0.22507379266406463,-0.15112947814982725,-0.7716917887505124,-1.53850835778766,-0.7210645518902509,0.4409134459223777,1.3326150381961177,0.7188921823960354,-0.8582301772800381,0.13541770519248952,-1.0,1
-1.6916187380112877,-0.9921899522595582,-0.8812209080826127,-0.682581078947164,-0.33778318405790814,-0.37952508199787327,0.8274166134456277,2.0030790464069286,3.886259345632435,-0.22507379266406463,6.616842804212003,1.512748785815402,2.0030790464069286,0.6324969961212193,0.4409134459223777,-0.6899481944646998,-0.06966899744200131,2.296014542072109,1.4150529010481239,1.0,-1
2.013660528179587,1.4354799354984105,0.37360517762027795,2.3609622600813163,-0.33778318405790814,-0.37952508199787327,0.8274166134456277,-0.3579792230561304,-0.23189613379288193,-0.22507379266406463,-0.15112947814982725,-0.25769265947318165,-1.53850835778766,-0.7335110948604712,0.4409134459223777,1.643778612451628,1.5074533622340722,-0.8582301772800381,-0.2911273600927219,1.0,0
-0.6444745975660405,-0.05847076466033954,-0.8812209080826127,-0.682581078947164,-0.33778318405790814,-0.37952508199787327,0.8845276278097756,-1.1449986462104833,3.886259345632435,-0.22507379266406463,6.616842804212003,0.7703055990814798,2.0030790464069286,-0.47213369248584247,-0.7441605527670326,-0.06762104595367903,-0.06966899744200131,-0.33252272405468025,0.13541770519248952,-1.0,1
1.288714584794416,2.1824552855777855,1.210155901422205,-0.682581078947164,-0.33778318405790814,-0.37952508199787327,1.2271937139946627,1.2160596232525756,-0.23189613379288193,-0.22507379266406463,-0.15112947814982725,0.027862412347557656,-1.1449986462104833,-0.7086180089200305,0.02040331735516768,1.3326150381961177,-1.121083903892717,-0.8582301772800381,-1.1442174906631448,1.0,1
0.48321909214422576,2.5559429606174726,0.37360517762027795,0.8391905905670761,-0.33778318405790814,-0.37952508199787327,0.6560835703531841,2.0030790464069286,-0.23189613379288193,-0.22507379266406463,-0.15112947814982725,0.25630646980414906,1.2160596232525756,-0.6432736583263733,-0.2854222306937127,0.5547061025573418,0.1931847291706776,-0.33252272405468025,0.13541770519248952,1.0,1
0.48321909214422576,0.6885045854190354,-0.044670184280685594,-0.682581078947164,-0.33778318405790814,-0.37952508199787327,1.3985267570871063,0.822549911675399,-0.23189613379288193,-0.22507379266406463,-0.15112947814982725,-0.25769265947318165,0.035530488521046066,-0.668166744266814,-0.13250945666927252,0.7102878896850969,0.9817459090087143,-0.5953764506673592,-0.7176724253779333,-1.0,1
-0.3222764005059644,1.4354799354984105,0.7918805395212415,-0.682581078947164,2.610663253057731,2.288808259011065,1.5698598001795498,0.822549911675399,-0.23189613379288193,-0.22507379266406463,-0.15112947814982725,0.8274166134456277,0.035530488521046066,-0.6899481944646998,0.24977247839182762,0.7102878896850969,0.9817459090087143,-0.06966899744200132,0.13541770519248952,1.0,1
-0.08062775271090736,-0.6187022772198708,-0.8812209080826127,-0.682581078947164,-0.33778318405790814,-0.37952508199787327,1.3985267570871063,2.0030790464069286,-0.23189613379288193,-0.22507379266406463,-0.15112947814982725,2.0838589294568806,2.0030790464069286,-0.06762104595367903,-0.13250945666927252,-0.5654827647624957,0.1931847291706776,1.5074533622340722,2.2681430316185467,1.0,-1
0.24157044434916872,-0.431958439700027,-0.4629455461816491,-0.682581078947164,-0.33778318405790814,-0.37952508199787327,1.7411928432719934,0.822549911675399,-0.23189613379288193,-0.22507379266406463,-0.15112947814982725,0.7703055990814798,0.822549911675399,-0.4099009776347405,-0.6677041657548128,-0.2232028330814342,1.7703070888467511,0.1931847291706776,-0.7176724253779333,-1.0,1
1.449813683324454,-0.05847076466033954,-0.4629455461816491,-0.682581078947164,-0.33778318405790814,-0.37952508199787327,1.912525886364437,2.0030790464069286,-0.23189613379288193,-0.22507379266406463,-0.15112947814982725,0.5989725559890362,0.035530488521046066,-0.5499245860497202,-0.5912477787425927,0.08796074117407617,1.2445996356213933,-0.5953764506673592,1.4150529010481239,-1.0,-1
1.127615486264378,1.4354799354984105,-0.044670184280685594,2.3609622600813163,-0.33778318405790814,-0.37952508199787327,1.912525886364437,0.822549911675399,-0.23189613379288193,-0.22507379266406463,-0.15112947814982725,0.5989725559890362,-1.1449986462104833,-0.6557202012965936,-0.2854222306937127,0.6324969961212193,-0.3325227240546802,-0.33252272405468025,0.13541770519248952,1.0,-1
2.013660528179587,1.9957114480579417,0.7918805395212415,0.8391905905670761,-0.33778318405790814,-0.37952508199787327,1.912525886364437,-0.3579792230561304,-0.23189613379288193,-0.22507379266406463,-0.15112947814982725,0.713194584717332,-1.1449986462104833,-0.5499245860497202,-0.43833500471815257,0.025728026322974037,1.5074533622340722,-0.33252272405468025,1.4150529010481239,-1.0,-1
-1.3694205409512117,0.1282730728595042,-0.4629455461816491,-0.682581078947164,2.610663253057731,2.288808259011065,1.0558606709022191,0.035530488521046066,-0.23189613379288193,-0.22507379266406463,-0.15112947814982725,1.3414157427229585,0.035530488521046066,0.1906447206783946,-0.43833500471815257,-0.5872642149603814,0.4560384557833565,1.7703070888467514,1.4150529010481239,-1.0,1
0.32211999361418775,0.1282730728595042,0.7918805395212415,0.8391905905670761,2.610663253057731,2.288808259011065,1.912525886364437,-1.53850835778766,-0.23189613379288193,-0.22507379266406463,-0.15112947814982725,1.7411928432719934,0.035530488521046066,-0.5188082286241692,-0.5147913917303727,-0.06762104595367903,0.4560384557833565,1.5074533622340722,1.8415979663333353,1.0,1
-0.5639250483010215,0.1282730728595042,1.210155901422205,-0.682581078947164,-0.33778318405790814,-0.37952508199787327,2.0838589294568806,-0.3579792230561304,-0.23189613379288193,-0.22507379266406463,-0.15112947814982725,1.6269708145436976,-1.1449986462104833,-0.5965991221880467,-0.2854222306937127,0.1906447206783946,3.0845757219101455,-0.5953764506673592,0.13541770519248952,-1.0,1
1.127615486264378,1.2487360979785667,2.046706625224132,2.3609622600813163,-0.33778318405790814,-0.37952508199787327,2.255191972549324,0.822549911675399,-0.23189613379288193,-0.22507379266406463,-0.15112947814982725,0.5989725559890362,-1.1449986462104833,-0.7055063731774752,0.24977247839182762,1.0214514639406074,-0.5953764506673591,-1.1210839038927172,-0.7176724253779333,1.0,1
-0.5639250483010215,-0.6187022772198708,0.37360517762027795,-0.682581078947164,-0.33778318405790814,-0.37952508199787327,0.8274166134456277,0.822549911675399,3.886259345632435,-0.22507379266406463,6.616842804212003,0.8845276278097756,1.2160596232525756,-0.06762104595367903,-0.3236504241998226,-0.5188082286241692,0.9817459090087143,0.9817459090087144,1.8415979663333353,-1.0,-1
-0.08062775271090736,-0.2452146021801833,-0.8812209080826127,-0.682581078947164,-0.33778318405790814,-0.37952508199787327,2.4265250156417677,2.0030790464069286,-0.23189613379288193,4.1906596634118705,-0.15112947814982725,1.112971685266367,-0.3579792230561304,-0.5872642149603814,-0.43833500471815257,0.1906447206783946,3.347429448522824,-0.5953764506673592,-0.2911273600927219,-1.0,-1
1.8525614296495492,2.369199123097629,1.6284312633231686,0.8391905905670761,2.610663253057731,2.288808259011065,2.4265250156417677,0.822549911675399,-0.23189613379288193,-0.22507379266406463,-0.15112947814982725,0.8845276278097756,0.822549911675399,-0.7335110948604712,0.4409134459223777,1.643778612451628,2.03316081545943,0.45603845578335656,0.9885078357629123,1.0,1
-0.08062775271090736,0.6885045854190354,1.6284312633231686,-0.682581078947164,-0.33778318405790814,-0.37952508199787327,-1.3428019323919909,-1.53850835778766,-0.23189613379288193,-0.22507379266406463,-0.15112947814982725,-1.3428019323919909,-1.53850835778766,-0.6806132872370344,0.24977247839182762,0.6324969961212193,-0.858230177280038,-1.1210839038927172,-0.7176724253779333,1.0,1
1.047065936999359,0.5017607478991917,-0.4629455461816491,0.8391905905670761,-0.33778318405790814,-0.37952508199787327,-1.1714688892995473,-0.3579792230561304,-0.23189613379288193,4.1906596634118705,-0.15112947814982725,-1.3428019323919909,-1.53850835778766,-0.668166744266814,0.02040331735516768,0.5547061025573418,1.2445996356213933,-0.5953764506673592,1.8415979663333353,-1.0,0
0.48321909214422576,-0.431958439700027,-0.4629455461816491,0.8391905905670761,-0.33778318405790814,-0.37952508199787327,-1.1143578749353995,0.035530488521046066,-0.23189613379288193,-0.22507379266406463,-0.15112947814982725,-1.3428019323919909,-1.53850835778766,-0.6121573009008222,-0.5147913917303727,0.39912431542958654,0.1931847291706776,-0.5953764506673592,0.13541770519248952,-1.0,1
1.047065936999359,1.622223773018254,0.7918805395212415,-0.682581078947164,-0.33778318405790814,-0.37952508199787327,-0.9430248318429559,1.2160596232525756,-0.23189613379288193,-0.22507379266406463,-0.15112947814982725,-1.285690918027843,-1.1449986462104833,-0.7895205382264632,2.5434640887584283,3.5107600579846903,2.03316081545943,-0.06966899744200132,0.5619627704777009,1.0,1
0.8054172892043019,0.8752484229388792,2.4649819871250958,-0.682581078947164,-0.33778318405790814,-0.37952508199787327,-0.7716917887505124,1.2160596232525756,-0.23189613379288193,-0.22507379266406463,-0.15112947814982725,-0.885913817478808,0.4290402000982225,-0.6121573009008222,-0.13250945666927252,0.1906447206783946,1.7703070888467511,-0.33252272405468025,1.4150529010481239,-1.0,1
0.7248677399392829,2.7426867981373166,-0.044670184280685594,2.3609622600813163,-0.33778318405790814,2.288808259011065,-0.6003587456580688,2.0030790464069286,-0.23189613379288193,-0.22507379266406463,-0.15112947814982725,-0.9430248318429559,0.035530488521046066,-0.7335110948604712,0.8231953809834779,1.3326150381961177,2.2960145420721085,-1.1210839038927172,0.13541770519248952,1.0,-1
1.7720118803845302,0.1282730728595042,0.7918805395212415,-0.682581078947164,-0.33778318405790814,-0.37952508199787327,-0.6003587456580688,0.822549911675399,-0.23189613379288193,-0.22507379266406463,-0.15112947814982725,-0.6003587456580688,0.822549911675399,-0.7055063731774752,0.11979662047105363,1.1770332510683625,1.5074533622340722,0.1931847291706776,1.8415979663333353,1.0,0
0.08047134581913068,1.0619922604587229,0.7918805395212415,-0.682581078947164,-0.33778318405790814,-0.37952508199787327,-0.5432477312939209,0.035530488521046066,-0.23189613379288193,-0.22507379266406463,-0.15112947814982725,-0.885913817478808,-0.7514889346333069,-0.5188082286241692,-0.43833500471815257,-0.06762104595367903,0.9817459090087143,-0.5953764506673592,0.5619627704777009,-1.0,-1
-0.9666727946261165,-0.05847076466033954,-0.4629455461816491,-0.682581078947164,-0.33778318405790814,-0.37952508199787327,-0.5432477312939209,-1.1449986462104833,3.886259345632435,-0.22507379266406463,-0.15112947814982725,-0.3148036738373295,0.4290402000982225,-0.19208647565588316,-0.43833500471815257,-0.47213369248584247,1.2445996356213933,0.45603845578335656,1.8415979663333353,1.0,-1
-0.6444745975660405,-0.431958439700027,-0.044670184280685594,-0.682581078947164,-0.33778318405790814,-0.37952508199787327,-0.5432477312939209,-1.1449986462104833,-0.23189613379288193,-0.22507379266406463,-0.15112947814982725,-0.48613671692977306,0.822549911675399,-0.4192358848624057,-0.43833500471815257,-0.26365409773465054,1.5074533622340722,0.7188921823960355,0.9885078357629123,-1.0,1
-1.3694205409512117,-1.3656776272992457,-1.2994962699835761,-0.682581078947164,-0.33778318405790814,-0.37952508199787327,-0.37191468820147733,-0.3579792230561304,-0.23189613379288193,4.1906596634118705,-0.15112947814982725,-0.20058164510903378,0.822549911675399,0.32133342186570896,-0.13250945666927252,-0.6277154796135976,0.9817459090087143,1.5074533622340722,0.5619627704777009,1.0,-1
0.8859668384693209,-0.6187022772198708,-0.4629455461816491,-0.682581078947164,-0.33778318405790814,-0.37952508199787327,-0.37191468820147733,-0.3579792230561304,3.886259345632435,-0.22507379266406463,6.616842804212003,-0.7716917887505124,-0.3579792230561304,-0.7055063731774752,0.4409134459223777,0.8658696768128521,0.9817459090087143,-0.5953764506673592,-1.1442174906631448,-1.0,-1
-1.2083214424211737,-1.7391653023389333,-0.8812209080826127,-0.682581078947164,-0.33778318405790814,-0.37952508199787327,-0.37191468820147733,-0.3579792230561304,-0.23189613379288193,-0.22507379266406463,-0.15112947814982725,0.31341748416829696,1.2160596232525756,0.7102878896850969,-0.13250945666927252,-0.668166744266814,0.7188921823960354,0.45603845578335656,2.694688096903758,-1.0,0
-0.48337549903600247,0.1282730728595042,2.046706625224132,-0.682581078947164,2.610663253057731,2.288808259011065,-0.3148036738373295,-1.1449986462104833,-0.23189613379288193,-0.22507379266406463,-0.15112947814982725,-0.029248602016590203,0.822549911675399,-0.5499245860497202,-0.3236504241998226,0.010169847610198573,1.2445996356213933,0.45603845578335656,1.8415979663333353,1.0,1
0.8859668384693209,0.6885045854190354,-0.4629455461816491,2.3609622600813163,-0.33778318405790814,-0.37952508199787327,-0.14347063074488592,0.035530488521046066,-0.23189613379288193,-0.22507379266406463,-0.15112947814982725,-0.4290257025656252,-1.1449986462104833,-0.6899481944646998,0.11979662047105363,0.8658696768128521,1.7703070888467511,-0.5953764506673592,0.13541770519248952,1.0,1
0.1610208950841497,-0.05847076466033954,-0.044670184280685594,2.3609622600813163,2.610663253057731,2.288808259011065,0.027862412347557656,1.2160596232525756,-0.23189613379288193,-0.22507379266406463,-0.15112947814982725,-0.7716917887505124,-0.7514889346333069,-0.7055063731774752,0.24977247839182762,1.0214514639406074,0.9817459090087143,-0.5953764506673592,-1.1442174906631448,-1.0,1
1.449813683324454,0.1282730728595042,-0.4629455461816491,-0.682581078947164,-0.33778318405790814,-0.37952508199787327,0.5418615416248884,2.0030790464069286,-0.23189613379288193,-0.22507379266406463,-0.15112947814982725,-0.7716917887505124,-1.53850835778766,-0.7086180089200305,0.4409134459223777,0.8658696768128521,2.2960145420721085,-0.06966899744200132,0.5619627704777009,-1.0,0
0.5637686414092448,1.0619922604587229,0.7918805395212415,0.8391905905670761,-0.33778318405790814,-0.37952508199787327,0.5989725559890362,1.2160596232525756,-0.23189613379288193,-0.22507379266406463,-0.15112947814982725,-0.25769265947318165,0.4290402000982225,-0.7335110948604712,0.6320544134529278,1.643778612451628,0.7188921823960354,-0.8582301772800381,0.5619627704777009,1.0,1
0.08047134581913068,-0.6187022772198708,-0.8812209080826127,0.8391905905670761,-0.33778318405790814,-0.37952508199787327,0.7703055990814798,1.2160596232525756,-0.23189613379288193,-0.22507379266406463,-0.15112947814982725,0.25630646980414906,0.035530488521046066,-0.6806132872370344,0.11979662047105363,0.7102878896850969,0.4560384557833565,-0.5953764506673592,0.13541770519248952,1.0,-1
-0.3222764005059644,0.1282730728595042,0.7918805395212415,0.8391905905670761,-0.33778318405790814,-0.37952508199787327,0.7703055990814798,0.035530488521046066,-0.23189613379288193,-0.22507379266406463,-0.15112947814982725,0.14208444107585336,-0.3579792230561304,-0.4099009776347405,-0.5147913917303727,-0.26365409773465054,2.2960145420721085,-0.8582301772800381,0.13541770519248952,-1.0,0
0.48321909214422576,0.1282730728595042,0.37360517762027795,-0.682581078947164,-0.33778318405790814,-0.37952508199787327,0.19919545544000122,2.0030790464069286,-0.23189613379288193,-0.22507379266406463,-0.15112947814982725,-0.20058164510903378,0.035530488521046066,-0.5965991221880467,-0.3618786177059325,0.24354252830183137,-1.121083903892717,-1.1210839038927172,-1.1442174906631448,-1.0,1
0.5637686414092448,1.0619922604587229,-0.4629455461816491,0.8391905905670761,-0.33778318405790814,-0.37952508199787327,0.8274166134456277,0.035530488521046066,-0.23189613379288193,-0.22507379266406463,-0.15112947814982725,0.7703055990814798,0.822549911675399,-0.5810409434752711,-0.2854222306937127,0.08796074117407617,2.03316081545943,-0.33252272405468025,1.4150529010481239,1.0,1
1.047065936999359,1.8089676105380978,0.37360517762027795,-0.682581078947164,-0.33778318405790814,-0.37952508199787327,0.9987496565380712,0.035530488521046066,-0.23189613379288193,-0.22507379266406463,-0.15112947814982725,-0.20058164510903378,-1.1449986462104833,-0.6557202012965936,-0.13250945666927252,0.5547061025573418,0.9817459090087143,-0.8582301772800381,0.5619627704777009,-1.0,0
0.24157044434916872,-0.05847076466033954,1.210155901422205,-0.682581078947164,-0.33778318405790814,-0.37952508199787327,1.0558606709022191,0.4290402000982225,-0.23189613379288193,-0.22507379266406463,-0.15112947814982725,0.25630646980414906,0.035530488521046066,-0.6588318370391487,-0.13250945666927252,0.5547061025573418,1.2445996356213933,-0.5953764506673592,2.2681430316185467,1.0,0
-7.820344588833574e-05,1.2487360979785667,1.210155901422205,2.3609622600813163,-0.33778318405790814,-0.37952508199787327,0.3705284985324448,2.0030790464069286,-0.23189613379288193,-0.22507379266406463,-0.15112947814982725,-0.20058164510903378,-1.1449986462104833,-0.6214922081284875,-0.3236504241998226,0.32133342186570896,0.4560384557833565,-0.5953764506673592,-1.1442174906631448,1.0,1
-0.3222764005059644,0.5017607478991917,2.046706625224132,-0.682581078947164,-0.33778318405790814,-0.37952508199787327,1.112971685266367,0.4290402000982225,-0.23189613379288193,-0.22507379266406463,-0.15112947814982725,-0.029248602016590203,-1.1449986462104833,-0.5810409434752711,-0.2854222306937127,0.0568443837485251,-0.5953764506673591,-1.1210839038927172,-0.7176724253779333,-1.0,1
1.369264134059435,1.8089676105380978,-0.4629455461816491,0.8391905905670761,-0.33778318405790814,-0.37952508199787327,1.2843047283588105,0.4290402000982225,-0.23189613379288193,-0.22507379266406463,-0.15112947814982725,-0.3148036738373295,-0.3579792230561304,-0.752180909315802,1.014336348514028,1.7993603995793832,0.9817459090087143,-0.33252272405468025,-1.1442174906631448,1.0,0
-1.5305196394812497,-1.3656776272992457,-0.8812209080826127,-0.682581078947164,-0.33778318405790814,-0.37952508199787327,1.3414157427229585,0.4290402000982225,-0.23189613379288193,-0.22507379266406463,-0.15112947814982725,2.4265250156417677,0.822549911675399,1.1770332510683625,0.4409134459223777,-0.7210645518902509,0.9817459090087143,1.7703070888467514,0.5619627704777009,-1.0,-1
-0.5639250483010215,-0.431958439700027,0.7918805395212415,-0.682581078947164,-0.33778318405790814,-0.37952508199787327,1.3414157427229585,0.035530488521046066,-0.23189613379288193,4.1906596634118705,-0.15112947814982725,1.5698598001795498,2.0030790464069286,-0.47213369248584247,-0.5912477787425927,-0.14541193951755663,1.7703070888467511,0.7188921823960355,0.9885078357629123,1.0,1
0.32211999361418775,-0.2452146021801833,0.37360517762027795,-0.682581078947164,-0.33778318405790814,-0.37952508199787327,1.512748785815402,-0.3579792230561304,-0.23189613379288193,-0.22507379266406463,-0.15112947814982725,0.9987496565380712,0.822549911675399,-0.6899481944646998,0.24977247839182762,0.7102878896850969,0.9817459090087143,-0.33252272405468025,0.5619627704777009,1.0,0
1.369264134059435,-0.05847076466033954,-0.044670184280685594,-0.682581078947164,-0.33778318405790814,-0.37952508199787327,1.5698598001795498,0.035530488521046066,-0.23189613379288193,-0.22507379266406463,-0.15112947814982725,0.19919545544000122,-1.1449986462104833,-0.6121573009008222,-0.3236504241998226,0.2746588857273823,1.5074533622340722,0.1931847291706776,2.2681430316185467,-1.0,-1
0.8859668384693209,1.4354799354984105,2.046706625224132,0.8391905905670761,-0.33778318405790814,-0.37952508199787327,1.5698598001795498,-1.1449986462104833,-0.23189613379288193,-0.22507379266406463,-0.15112947814982725,-0.14347063074488592,0.035530488521046066,-0.7677390880285774,1.7789002186362282,1.9549421867071386,1.2445996356213933,-0.5953764506673592,-1.1442174906631448,1.0,1
-1.6916187380112877,-1.9259091398587769,-1.2994962699835761,-0.682581078947164,-0.33778318405790814,-0.37952508199787327,1.512748785815402,0.035530488521046066,-0.23189613379288193,-0.22507379266406463,-0.15112947814982725,2.5978580587342113,2.0030790464069286,1.0214514639406074,0.6320544134529278,-0.7210645518902509,1.2445996356213933,0.7188921823960355,1.8415979663333353,-1.0,-1
-0.3222764005059644,0.1282730728595042,0.37360517762027795,-0.682581078947164,-0.33778318405790814,2.288808259011065,1.7411928432719934,0.035530488521046066,-0.23189613379288193,-0.22507379266406463,-0.15112947814982725,1.912525886364437,-1.53850835778766,-0.06762104595367903,-0.5147913917303727,-0.5188082286241692,1.5074533622340722,0.45603845578335656,1.8415979663333353,-1.0,-1
-1.1277718931561547,-1.1789337897794019,-0.4629455461816491,-0.682581078947164,-0.33778318405790814,-0.37952508199787327,1.912525886364437,-0.3579792230561304,-0.23189613379288193,-0.22507379266406463,-0.15112947814982725,2.6549690730983593,0.035530488521046066,-0.16097011823033208,-0.5912477787425927,-0.456575513773067,0.7188921823960354,0.45603845578335656,3.1212331621889695,1.0,0
1.047065936999359,-0.8054461147397145,-0.044670184280685594,0.8391905905670761,2.610663253057731,2.288808259011065,1.7411928432719934,-0.3579792230561304,-0.23189613379288193,-0.22507379266406463,-0.15112947814982725,0.9416386421739233,1.2160596232525756,-0.6214922081284875,-0.13250945666927252,0.24354252830183137,-0.858230177280038,-1.1210839038927172,-1.1442174906631448,1.0,1
0.6443181906742638,0.5017607478991917,0.37360517762027795,0.8391905905670761,-0.33778318405790814,-0.37952508199787327,1.912525886364437,0.822549911675399,-0.23189613379288193,-0.22507379266406463,-0.15112947814982725,1.1700826996305147,1.2160596232525756,-0.3943427989219649,-0.5147913917303727,-0.28543554793253634,0.7188921823960354,-0.5953764506673592,-1.1442174906631448,-1.0,-1
0.8859668384693209,-0.431958439700027,-0.044670184280685594,0.8391905905670761,-0.33778318405790814,-0.37952508199787327,1.9696369007285848,0.035530488521046066,-0.23189613379288193,-0.22507379266406463,-0.15112947814982725,1.2271937139946627,1.2160596232525756,-0.456575513773067,-0.43833500471815257,-0.2232028330814342,2.03316081545943,-0.5953764506673592,0.13541770519248952,-1.0,-1
0.32211999361418775,0.8752484229388792,1.210155901422205,0.8391905905670761,-0.33778318405790814,2.288808259011065,-1.3428019323919909,-1.53850835778766,-0.23189613379288193,-0.22507379266406463,-0.15112947814982725,-1.3428019323919909,-1.53850835778766,-0.47213369248584247,-0.5147913917303727,-0.16097011823033208,0.1931847291706776,1.5074533622340722,0.13541770519248952,-1.0,1
0.1610208950841497,1.2487360979785667,1.210155901422205,-0.682581078947164,-0.33778318405790814,-0.37952508199787327,-1.1714688892995473,-0.3579792230561304,-0.23189613379288193,-0.22507379266406463,-0.15112947814982725,-1.1714688892995473,-0.3579792230561304,-0.3787846202091894,-0.5147913917303727,-0.3009937266453118,-0.06966899744200131,0.45603845578335656,0.5619627704777009,1.0,1
-0.2417268512409454,0.3150169103793479,-0.044670184280685594,-0.682581078947164,-0.33778318405790814,-0.37952508199787327,-1.0001358462071037,0.822549911675399,-0.23189613379288193,-0.22507379266406463,-0.15112947814982725,-1.285690918027843,-1.1449986462104833,-0.6743900157519244,-0.13250945666927252,0.8658696768128521,0.4560384557833565,0.1931847291706776,0.9885078357629123,1.0,0
0.6443181906742638,0.1282730728595042,-0.4629455461816491,0.8391905905670761,-0.33778318405790814,-0.37952508199787327,-0.9430248318429559,1.2160596232525756,3.886259345632435,-0.22507379266406463,6.616842804212003,-1.2285799036636953,-0.7514889346333069,-0.4099009776347405,-0.5147913917303727,-0.25431919050698526,1.5074533622340722,-0.06966899744200132,0.5619627704777009,-1.0,0
-0.8055736960960785,-0.05847076466033954,-0.4629455461816491,-0.682581078947164,-0.33778318405790814,2.288808259011065,-0.885913817478808,0.4290402000982225,-0.23189613379288193,-0.22507379266406463,-0.15112947814982725,-0.7716917887505124,1.2160596232525756,0.1906447206783946,-0.13250945666927252,-0.6121573009008222,-0.3325227240546802,1.7703070888467514,1.4150529010481239,1.0,-1
-0.2417268512409454,1.4354799354984105,0.7918805395212415,2.3609622600813163,-0.33778318405790814,-0.37952508199787327,-0.885913817478808,-0.7514889346333069,-0.23189613379288193,-0.22507379266406463,-0.15112947814982725,-1.1714688892995473,-0.7514889346333069,-0.456575513773067,-0.43833500471815257,-0.2232028330814342,-0.5953764506673591,-1.1210839038927172,-1.1442174906631448,-1.0,1
0.7248677399392829,1.0619922604587229,0.37360517762027795,0.8391905905670761,-0.33778318405790814,-0.37952508199787327,-0.7145807743863645,0.035530488521046066,-0.23189613379288193,-0.22507379266406463,-0.15112947814982725,-0.8288028031146603,0.035530488521046066,-0.6121573009008222,-0.3236504241998226,0.32133342186570896,-1.121083903892717,-1.1210839038927172,-1.1442174906631448,1.0,-1
0.8859668384693209,0.6885045854190354,-0.044670184280685594,-0.682581078947164,-0.33778318405790814,-0.37952508199787327,-0.7145807743863645,-0.3579792230561304,-0.23189613379288193,-0.22507379266406463,-0.15112947814982725,-0.5432477312939209,0.035530488521046066,-0.28543554793253634,-0.5912477787425927,-0.3787846202091894,-0.06966899744200131,1.7703070888467514,0.9885078357629123,-1.0,1
-0.9666727946261165,0.1282730728595042,-0.044670184280685594,-0.682581078947164,-0.33778318405790814,-0.37952508199787327,-0.5432477312939209,0.822549911675399,-0.23189613379288193,-0.22507379266406463,-0.15112947814982725,-0.48613671692977306,0.822549911675399,-0.44101733506029156,-0.5147913917303727,-0.2232028330814342,0.7188921823960354,1.2445996356213933,0.5619627704777009,1.0,1
0.5637686414092448,1.622223773018254,1.6284312633231686,3.8827339295955565,-0.33778318405790814,-0.37952508199787327,-0.37191468820147733,0.822549911675399,-0.23189613379288193,-0.22507379266406463,-0.15112947814982725,-0.7716917887505124,-1.53850835778766,-0.3943427989219649,-0.5147913917303727,-0.28543554793253634,0.1931847291706776,-0.06966899744200132,0.9885078357629123,-1.0,1
-1.5305196394812497,-0.9921899522595582,-0.4629455461816491,-0.682581078947164,-0.33778318405790814,-0.37952508199787327,-0.20058164510903378,2.0030790464069286,-0.23189613379288193,-0.22507379266406463,-0.15112947814982725,-0.08635961638073807,1.2160596232525756,0.32133342186570896,-0.13250945666927252,-0.6277154796135976,-0.06966899744200131,2.296014542072109,0.13541770519248952,1.0,1
-0.16117730197592636,-0.8054461147397145,-0.4629455461816491,-0.682581078947164,-0.33778318405790814,-0.37952508199787327,-0.029248602016590203,2.0030790464069286,-0.23189613379288193,-0.22507379266406463,-0.15112947814982725,-0.4290257025656252,0.035530488521046066,-0.4099009776347405,-0.7059323592609227,-0.2232028330814342,-0.3325227240546802,-0.06966899744200132,-0.7176724253779333,-1.0,-1
-1.4499700902162307,-1.3656776272992457,-0.4629455461816491,0.8391905905670761,-0.33778318405790814,-0.37952508199787327,-0.029248602016590203,0.822549911675399,-0.23189613379288193,-0.22507379266406463,-0.15112947814982725,0.14208444107585336,0.822549911675399,1.9549421867071386,1.205477316044578,-0.758404180800912,-0.5953764506673591,2.821721995297467,0.13541770519248952,-1.0,-1
-1.2083214424211737,0.3150169103793479,0.37360517762027795,-0.682581078947164,-0.33778318405790814,-0.37952508199787327,-0.029248602016590203,-0.3579792230561304,-0.23189613379288193,-0.22507379266406463,-0.15112947814982725,-0.3148036738373295,-0.7514889346333069,-0.5499245860497202,-0.43833500471815257,0.025728026322974037,-1.121083903892717,-0.33252272405468025,0.9885078357629123,1.0,0
-1.0472223438911357,-0.431958439700027,-0.4629455461816491,-0.682581078947164,2.610663253057731,2.288808259011065,0.027862412347557656,-1.1449986462104833,-0.23189613379288193,-0.22507379266406463,-0.15112947814982725,0.5418615416248884,1.2160596232525756,0.32133342186570896,-0.43833500471815257,-0.6121573009008222,0.1931847291706776,1.7703070888467514,0.5619627704777009,1.0,1
0.8054172892043019,0.6885045854190354,-0.4629455461816491,-0.682581078947164,-0.33778318405790814,-0.37952508199787327,0.19919545544000122,0.035530488521046066,-0.23189613379288193,-0.22507379266406463,-0.15112947814982725,-0.6003587456580688,0.035530488521046066,-0.5343664073369446,-0.43833500471815257,-0.03650468852812796,0.7188921823960354,-0.06966899744200132,-0.7176724253779333,-1.0,0
-0.40282594977098346,-0.9921899522595582,-1.2994962699835761,0.8391905905670761,-0.33778318405790814,-0.37952508199787327,0.25630646980414906,0.4290402000982225,3.886259345632435,-0.22507379266406463,6.616842804212003,0.14208444107585336,-0.3579792230561304,-0.12985376080478117,-0.43833500471815257,-0.5032500499113935,-0.5953764506673591,2.821721995297467,0.13541770519248952,-1.0,-1
0.48321909214422576,-0.2452146021801833,-0.044670184280685594,-0.682581078947164,-0.33778318405790814,-0.37952508199787327,0.42763951289659263,0.035530488521046066,-0.23189613379288193,-0.22507379266406463,-0.15112947814982725,-0.20058164510903378,0.035530488521046066,-0.5965991221880467,-0.20896584368149262,0.1501934560251783,1.5074533622340722,-0.06966899744200132,0.9885078357629123,1.0,-1
0.5637686414092448,-0.05847076466033954,0.37360517762027795,-0.682581078947164,2.610663253057731,2.288808259011065,0.42763951289659263,-0.3579792230561304,-0.23189613379288193,-0.22507379266406463,-0.15112947814982725,-0.5432477312939209,-1.1449986462104833,-0.5032500499113935,-0.43833500471815257,-0.0987374033792301,0.1931847291706776,-0.06966899744200132,-0.7176724253779333,-1.0,1
-0.9666727946261165,-0.6187022772198708,-0.044670184280685594,-0.682581078947164,2.610663253057731,2.288808259011065,0.5989725559890362,0.822549911675399,-0.23189613379288193,-0.22507379266406463,-0.15112947814982725,0.14208444107585336,0.822549911675399,-0.44101733506029156,-0.5912477787425927,-0.19208647565588316,0.4560384557833565,0.1931847291706776,1.4150529010481239,-1.0,1
0.9665163877343399,0.1282730728595042,0.37360517762027795,-0.682581078947164,-0.33778318405790814,-0.37952508199787327,0.25630646980414906,0.035530488521046066,-0.23189613379288193,-0.22507379266406463,-0.15112947814982725,-0.7716917887505124,-1.53850835778766,-0.758404180800912,1.014336348514028,1.9549421867071386,-0.06966899744200131,-0.8582301772800381,0.13541770519248952,1.0,1
-0.16117730197592636,0.5017607478991917,0.37360517762027795,-0.682581078947164,-0.33778318405790814,-0.37952508199787327,0.7703055990814798,0.822549911675399,-0.23189613379288193,-0.22507379266406463,-0.15112947814982725,-0.25769265947318165,-0.3579792230561304,-0.6557202012965936,0.02040331735516768,0.39912431542958654,-0.3325227240546802,-1.1210839038927172,-1.1442174906631448,1.0,-1
-0.5639250483010215,-1.1789337897794019,-1.2994962699835761,-0.682581078947164,-0.33778318405790814,-0.37952508199787327,0.7703055990814798,0.822549911675399,-0.23189613379288193,-0.22507379266406463,-0.15112947814982725,0.8274166134456277,0.035530488521046066,0.08796074117407617,-0.2854222306937127,-0.5810409434752711,-0.3325227240546802,2.0331608154594303,1.4150529010481239,-1.0,-1
1.127615486264378,-0.6187022772198708,-0.8812209080826127,-0.682581078947164,-0.33778318405790814,-0.37952508199787327,0.7703055990814798,-0.3579792230561304,-0.23189613379288193,-0.22507379266406463,-0.15112947814982725,-0.48613671692977306,-1.1449986462104833,-0.6743900157519244,0.02040331735516768,0.6324969961212193,0.4560384557833565,-0.06966899744200132,-0.7176724253779333,1.0,1
-0.40282594977098346,-0.8054461147397145,-0.4629455461816491,-0.682581078947164,-0.33778318405790814,-0.37952508199787327,0.9416386421739233,-0.3579792230561304,-0.23189613379288193,-0.22507379266406463,-0.15112947814982725,0.5418615416248884,0.035530488521046066,-0.44101733506029156,-0.5147913917303727,-0.25431919050698526,0.1931847291706776,0.45603845578335656,0.5619627704777009,-1.0,0
-0.2417268512409454,-0.2452146021801833,-0.4629455461816491,-0.682581078947164,-0.33778318405790814,-0.37952508199787327,0.9987496565380712,0.035530488521046066,-0.23189613379288193,-0.22507379266406463,-0.15112947814982725,0.027862412347557656,2.0030790464069286,-0.6277154796135976,-0.13250945666927252,0.32133342186570896,0.4560384557833565,1.5074533622340722,0.13541770519248952,1.0,0
-0.8861232453610975,0.1282730728595042,-0.044670184280685594,0.8391905905670761,-0.33778318405790814,-0.37952508199787327,1.0558606709022191,0.4290402000982225,-0.23189613379288193,-0.22507379266406463,-0.15112947814982725,1.112971685266367,0.822549911675399,-0.5188082286241692,-0.6677041657548128,0.025728026322974037,-0.3325227240546802,0.1931847291706776,-0.7176724253779333,1.0,1
-1.4499700902162307,0.1282730728595042,-0.044670184280685594,-0.682581078947164,-0.33778318405790814,-0.37952508199787327,1.2271937139946627,0.4290402000982225,-0.23189613379288193,-0.22507379266406463,-0.15112947814982725,2.255191972549324,2.0030790464069286,1.7993603995793832,1.205477316044578,-0.758404180800912,0.1931847291706776,2.296014542072109,0.13541770519248952,-1.0,-1
-0.2417268512409454,-0.2452146021801833,-0.044670184280685594,-0.682581078947164,-0.33778318405790814,-0.37952508199787327,1.2271937139946627,0.035530488521046066,-0.23189613379288193,-0.22507379266406463,-0.15112947814982725,0.7703055990814798,0.822549911675399,-0.456575513773067,-0.6677041657548128,-0.12985376080478117,0.4560384557833565,-0.06966899744200132,0.9885078357629123,1.0,1
-0.2417268512409454,-1.1789337897794019,-1.2994962699835761,-0.682581078947164,-0.33778318405790814,-0.37952508199787327,1.3985267570871063,0.822549911675399,-0.23189613379288193,4.1906596634118705,-0.15112947814982725,1.5698598001795498,0.822549911675399,0.32133342186570896,-0.2854222306937127,-0.6214922081284875,0.9817459090087143,1.2445996356213933,0.5619627704777009,-1.0,-1
0.40266954287920675,-0.2452146021801833,0.37360517762027795,2.3609622600813163,-0.33778318405790814,-0.37952508199787327,1.3985267570871063,-0.3579792230561304,-0.23189613379288193,-0.22507379266406463,-0.15112947814982725,0.19919545544000122,-1.1449986462104833,-0.6121573009008222,-0.2854222306937127,0.24354252830183137,0.1931847291706776,1.7703070888467514,0.9885078357629123,1.0,1
0.24157044434916872,-1.3656776272992457,-1.2994962699835761,-0.682581078947164,-0.33778318405790814,-0.37952508199787327,1.5698598001795498,0.822549911675399,-0.23189613379288193,-0.22507379266406463,-0.15112947814982725,0.5418615416248884,0.822549911675399,-0.3414449912985281,-0.6677041657548128,-0.3414449912985281,-1.121083903892717,-0.8582301772800381,-1.1442174906631448,-1.0,-1
0.8859668384693209,1.622223773018254,0.7918805395212415,-0.682581078947164,-0.33778318405790814,-0.37952508199787327,1.5698598001795498,-0.3579792230561304,-0.23189613379288193,-0.22507379266406463,-0.15112947814982725,0.25630646980414906,-0.3579792230561304,-0.6277154796135976,-0.2854222306937127,0.39912431542958654,0.7188921823960354,-0.06966899744200132,-0.2911273600927219,1.0,0
-1.2888709916861927,-1.1789337897794019,-0.8812209080826127,-0.682581078947164,-0.33778318405790814,-0.37952508199787327,1.6269708145436976,0.035530488521046066,3.886259345632435,-0.22507379266406463,-0.15112947814982725,2.4265250156417677,0.822549911675399,0.8658696768128521,0.11979662047105363,-0.6899481944646998,0.4560384557833565,1.7703070888467514,0.5619627704777009,-1.0,-1
0.5637686414092448,-0.8054461147397145,-0.4629455461816491,-0.682581078947164,-0.33778318405790814,-0.37952508199787327,1.6269708145436976,-1.1449986462104833,-0.23189613379288193,-0.22507379266406463,-0.15112947814982725,2.0838589294568806,-0.3579792230561304,0.1906447206783946,-0.2854222306937127,-0.5965991221880467,-0.5953764506673591,3.0845757219101455,0.13541770519248952,1.0,-1
1.047065936999359,-0.05847076466033954,-0.044670184280685594,-0.682581078947164,2.610663253057731,2.288808259011065,1.6269708145436976,-1.1449986462104833,-0.23189613379288193,-0.22507379266406463,-0.15112947814982725,-0.14347063074488592,-1.53850835778766,-0.6121573009008222,-0.2854222306937127,0.24354252830183137,0.1931847291706776,-0.8582301772800381,0.13541770519248952,-1.0,1
-2.255465582866421,-1.1789337897794019,-0.8812209080826127,-0.682581078947164,-0.33778318405790814,-0.37952508199787327,1.7983038576361412,-0.3579792230561304,-0.23189613379288193,4.1906596634118705,-0.15112947814982725,3.7400783460171687,2.0030790464069286,1.1770332510683625,0.6320544134529278,-0.7210645518902509,-0.5953764506673591,3.0845757219101455,0.13541770519248952,1.0,0
-7.820344588833574e-05,-0.9921899522595582,-0.8812209080826127,-0.682581078947164,-0.33778318405790814,-0.37952508199787327,1.8554148720002892,0.035530488521046066,-0.23189613379288193,-0.22507379266406463,-0.15112947814982725,1.3985267570871063,1.2160596232525756,-0.25431919050698526,-0.5147913917303727,-0.4192358848624057,-1.121083903892717,-0.33252272405468025,1.4150529010481239,-1.0,-1
0.48321909214422576,-0.6187022772198708,0.37360517762027795,-0.682581078947164,-0.33778318405790814,-0.37952508199787327,-1.3428019323919909,-1.53850835778766,-0.23189613379288193,-0.22507379266406463,-0.15112947814982725,-1.3428019323919909,-1.53850835778766,-0.640162022583818,-0.2854222306937127,0.4769152089934642,-0.5953764506673591,-0.8582301772800381,0.13541770519248952,1.0,1
-0.16117730197592636,-1.3656776272992457,-1.2994962699835761,-0.682581078947164,-0.33778318405790814,-0.37952508199787327,-1.1714688892995473,-0.3579792230561304,3.886259345632435,-0.22507379266406463,-0.15112947814982725,-1.1714688892995473,-0.3579792230561304,-0.3009937266453118,-0.5147913917303727,-0.3787846202091894,0.4560384557833565,-0.06966899744200132,0.5619627704777009,-1.0,-1
0.40266954287920675,-0.6187022772198708,-0.4629455461816491,-0.682581078947164,-0.33778318405790814,-0.37952508199787327,-1.1714688892995473,-0.3579792230561304,-0.23189613379288193,-0.22507379266406463,-0.15112947814982725,-1.3428019323919909,-1.53850835778766,-0.5810409434752711,-0.5147913917303727,0.24354252830183137,-0.5953764506673591,-0.8582301772800381,-0.7176724253779333,-1.0,1
-0.8861232453610975,-1.1789337897794019,-1.2994962699835761,-0.682581078947164,-0.33778318405790814,-0.37952508199787327,-1.0001358462071037,0.822549911675399,-0.23189613379288193,-0.22507379266406463,-0.15112947814982725,-1.0001358462071037,0.822549911675399,0.7102878896850969,-0.13250945666927252,-0.668166744266814,-0.06966899744200131,1.2445996356213933,-0.7176724253779333,1.0,-1
1.047065936999359,0.3150169103793479,-0.4629455461816491,-0.682581078947164,-0.33778318405790814,-0.37952508199787327,-1.0001358462071037,-0.3579792230561304,-0.23189613379288193,-0.22507379266406463,-0.15112947814982725,-0.8288028031146603,0.822549911675399,-0.3009937266453118,-0.7441605527670326,-0.3165519053580873,0.4560384557833565,-1.1210839038927172,-0.2911273600927219,-1.0,-1
1.288714584794416,1.8089676105380978,-0.044670184280685594,-0.682581078947164,-0.33778318405790814,-0.37952508199787327,-1.0001358462071037,-0.3579792230561304,-0.23189613379288193,4.1906596634118705,-0.15112947814982725,-1.285690918027843,-1.1449986462104833,-0.668166744266814,-0.13250945666927252,0.7102878896850969,0.4560384557833565,-0.33252272405468025,0.13541770519248952,1.0,0
-0.8055736960960785,-0.6187022772198708,0.37360517762027795,-0.682581078947164,-0.33778318405790814,-0.37952508199787327,-0.9430248318429559,-1.1449986462104833,-0.23189613379288193,-0.22507379266406463,-0.15112947814982725,-1.0001358462071037,0.035530488521046066,-0.44101733506029156,-0.5912477787425927,-0.19208647565588316,0.4560384557833565,0.45603845578335656,-0.2911273600927219,-1.0,0
-0.08062775271090736,1.8089676105380978,2.883257349026059,0.8391905905670761,-0.33778318405790814,-0.37952508199787327,-0.885913817478808,-0.7514889346333069,-0.23189613379288193,-0.22507379266406463,-0.15112947814982725,-0.5432477312939209,0.035530488521046066,-0.06762104595367903,-0.43833500471815257,-0.5188082286241692,-0.5953764506673591,0.9817459090087144,0.5619627704777009,1.0,1
-0.3222764005059644,-0.431958439700027,0.7918805395212415,-0.682581078947164,-0.33778318405790814,-0.37952508199787327,-0.7145807743863645,0.4290402000982225,-0.23189613379288193,-0.22507379266406463,-0.15112947814982725,-0.6574697600222167,0.035530488521046066,-0.3165519053580873,-0.6677041657548128,-0.3414449912985281,-1.121083903892717,-1.1210839038927172,-1.1442174906631448,-1.0,1
1.127615486264378,0.6885045854190354,1.6284312633231686,2.3609622600813163,-0.33778318405790814,-0.37952508199787327,-0.5432477312939209,1.2160596232525756,-0.23189613379288193,-0.22507379266406463,-0.15112947814982725,-0.5432477312939209,0.4290402000982225,-0.4099009776347405,-0.5147913917303727,-0.26365409773465054,-0.06966899744200131,0.7188921823960355,0.13541770519248952,1.0,-1
-0.48337549903600247,-0.6187022772198708,-0.4629455461816491,-0.682581078947164,-0.33778318405790814,-0.37952508199787327,-0.5432477312939209,0.822549911675399,-0.23189613379288193,-0.22507379266406463,-0.15112947814982725,-0.7716917887505124,0.035530488521046066,-0.3943427989219649,-0.5147913917303727,-0.28543554793253634,-0.858230177280038,-0.8582301772800381,-1.1442174906631448,-1.0,0
-0.8861232453610975,-1.5524214648190895,-0.4629455461816491,-0.682581078947164,-0.33778318405790814,-0.37952508199787327,-0.48613671692977306,0.035530488521046066,-0.23189613379288193,-0.22507379266406463,-0.15112947814982725,0.14208444107585336,1.2160596232525756,0.32133342186570896,-0.3236504241998226,-0.6121573009008222,-0.3325227240546802,0.45603845578335656,0.9885078357629123,1.0,-1
0.48321909214422576,1.0619922604587229,1.6284312633231686,-0.682581078947164,-0.33778318405790814,-0.37952508199787327,-0.48613671692977306,-1.1449986462104833,-0.23189613379288193,-0.22507379266406463,-0.15112947814982725,-0.6003587456580688,-0.3579792230561304,-0.6557202012965936,-0.13250945666927252,0.5547061025573418,0.4560384557833565,-0.33252272405468025,-0.7176724253779333,1.0,1
0.40266954287920675,0.5017607478991917,0.7918805395212415,-0.682581078947164,-0.33778318405790814,-0.37952508199787327,-0.3148036738373295,0.035530488521046066,-0.23189613379288193,-0.22507379266406463,-0.15112947814982725,-0.5432477312939209,-0.3579792230561304,-0.26365409773465054,-0.5147913917303727,-0.4192358848624057,0.4560384557833565,-0.06966899744200132,0.5619627704777009,-1.0,0
0.7248677399392829,-0.05847076466033954,-0.044670184280685594,-0.682581078947164,-0.33778318405790814,-0.37952508199787327,-0.25769265947318165,0.035530488521046066,-0.23189613379288193,-0.22507379266406463,-0.15112947814982725,-0.4290257025656252,0.822549911675399,-0.2232028330814342,-0.5912477787425927,-0.4192358848624057,0.1931847291706776,-0.5953764506673592,-0.7176724253779333,-1.0,-1
-0.2417268512409454,-0.9921899522595582,-0.044670184280685594,0.8391905905670761,2.610663253057731,2.288808259011065,-0.25769265947318165,0.035530488521046066,-0.23189613379288193,-0.22507379266406463,-0.15112947814982725,-0.7716917887505124,0.035530488521046066,-0.640162022583818,-0.056053069657052756,0.32133342186570896,0.9817459090087143,-0.06966899744200132,-1.1442174906631448,1.0,1
-1.7721682872763067,0.3150169103793479,1.6284312633231686,0.8391905905670761,-0.33778318405790814,-0.37952508199787327,-0.029248602016590203,0.035530488521046066,-0.23189613379288193,-0.22507379266406463,-0.15112947814982725,1.1700826996305147,2.0030790464069286,2.8884329094736696,2.5434640887584283,-0.7895205382264632,-0.06966899744200131,1.5074533622340722,-0.7176724253779333,-1.0,-1
-1.0472223438911357,-1.1789337897794019,-1.2994962699835761,-0.682581078947164,-0.33778318405790814,-0.37952508199787327,-0.029248602016590203,-1.1449986462104833,-0.23189613379288193,-0.22507379266406463,-0.15112947814982725,1.1700826996305147,1.2160596232525756,1.3326150381961177,1.014336348514028,-0.7428460020881366,-0.3325227240546802,1.2445996356213933,-0.2911273600927219,1.0,1
-0.08062775271090736,0.3150169103793479,-0.044670184280685594,-0.682581078947164,-0.33778318405790814,-0.37952508199787327,-0.08635961638073807,0.035530488521046066,-0.23189613379288193,-0.22507379266406463,-0.15112947814982725,0.25630646980414906,2.0030790464069286,-0.2232028330814342,-0.5147913917303727,-0.44101733506029156,-0.06966899744200131,0.9817459090087144,-0.2911273600927219,1.0,-1
-0.48337549903600247,0.5017607478991917,0.37360517762027795,0.8391905905670761,-0.33778318405790814,-0.37952508199787327,0.4847505272607405,2.0030790464069286,-0.23189613379288193,-0.22507379266406463,-0.15112947814982725,0.25630646980414906,0.4290402000982225,-0.3787846202091894,-0.7059323592609227,-0.25431919050698526,0.4560384557833565,-0.8582301772800381,-0.2911273600927219,1.0,0
-1.1277718931561547,-1.3656776272992457,-1.2994962699835761,0.8391905905670761,-0.33778318405790814,-0.37952508199787327,0.5418615416248884,1.2160596232525756,-0.23189613379288193,-0.22507379266406463,-0.15112947814982725,1.5698598001795498,1.2160596232525756,1.9549421867071386,1.7789002186362282,-0.7677390880285774,-0.06966899744200131,1.2445996356213933,-0.2911273600927219,-1.0,-1
0.40266954287920675,-0.05847076466033954,-1.2994962699835761,-0.682581078947164,2.610663253057731,2.288808259011065,0.5418615416248884,0.035530488521046066,-0.23189613379288193,-0.22507379266406463,-0.15112947814982725,0.9416386421739233,-0.3579792230561304,-0.25431919050698526,-0.5147913917303727,-0.44101733506029156,0.4560384557833565,0.1931847291706776,0.5619627704777009,1.0,0
1.047065936999359,0.8752484229388792,1.210155901422205,0.8391905905670761,-0.33778318405790814,-0.37952508199787327,0.5989725559890362,-0.7514889346333069,-0.23189613379288193,-0.22507379266406463,-0.15112947814982725,0.9416386421739233,0.822549911675399,-0.14541193951755663,-0.6677041657548128,-0.456575513773067,-0.3325227240546802,-0.8582301772800381,0.13541770519248952,-1.0,-1
0.40266954287920675,1.8089676105380978,0.7918805395212415,0.8391905905670761,-0.33778318405790814,-0.37952508199787327,0.31341748416829696,0.822549911675399,-0.23189613379288193,-0.22507379266406463,-0.15112947814982725,-0.25769265947318165,-0.3579792230561304,-0.4099009776347405,-0.5912477787425927,-0.25431919050698526,0.4560384557833565,-0.33252272405468025,0.5619627704777009,-1.0,1
0.08047134581913068,-0.9921899522595582,-0.044670184280685594,-0.682581078947164,-0.33778318405790814,-0.37952508199787327,0.6560835703531841,-0.7514889346333069,-0.23189613379288193,-0.22507379266406463,-0.15112947814982725,-0.029248602016590203,-1.53850835778766,-0.6121573009008222,-0.13250945666927252,0.1501934560251783,-0.858230177280038,-0.8582301772800381,-0.7176724253779333,1.0,1
0.32211999361418775,-1.1789337897794019,-0.4629455461816491,-0.682581078947164,-0.33778318405790814,-0.37952508199787327,0.8274166134456277,0.035530488521046066,-0.23189613379288193,-0.22507379266406463,-0.15112947814982725,1.5698598001795498,0.822549911675399,0.7102878896850969,0.24977247839182762,-0.6899481944646998,-0.06966899744200131,0.9817459090087144,0.13541770519248952,-1.0,-1
0.1610208950841497,-0.05847076466033954,-0.044670184280685594,0.8391905905670761,-0.33778318405790814,-0.37952508199787327,0.8274166134456277,0.035530488521046066,-0.23189613379288193,-0.22507379266406463,-0.15112947814982725,0.3705284985324448,0.822549911675399,-0.48769187119861807,-0.5912477787425927,-0.0987374033792301,-0.858230177280038,-1.1210839038927172,-1.1442174906631448,1.0,1
-0.3222764005059644,-0.2452146021801833,-0.4629455461816491,-0.682581078947164,-0.33778318405790814,-0.37952508199787327,0.9987496565380712,0.822549911675399,-0.23189613379288193,-0.22507379266406463,-0.15112947814982725,1.512748785815402,-0.3579792230561304,0.7102878896850969,0.24977247839182762,-0.6899481944646998,-0.3325227240546802,0.9817459090087144,0.5619627704777009,-1.0,0
0.08047134581913068,-0.05847076466033954,-0.4629455461816491,2.3609622600813163,-0.33778318405790814,-0.37952508199787327,1.0558606709022191,0.035530488521046066,-0.23189613379288193,-0.22507379266406463,-0.15112947814982725,0.7703055990814798,0.035530488521046066,-0.4192358848624057,-0.6677041657548128,-0.25431919050698526,0.4560384557833565,0.45603845578335656,0.13541770519248952,1.0,1
1.449813683324454,-0.8054461147397145,-0.8812209080826127,-0.682581078947164,-0.33778318405790814,-0.37952508199787327,1.2271937139946627,1.2160596232525756,-0.23189613379288193,-0.22507379266406463,-0.15112947814982725,0.7703055990814798,0.822549911675399,-0.12985376080478117,-0.5912477787425927,-0.47213369248584247,1.2445996356213933,-0.06966899744200132,-1.1442174906631448,-1.0,-1
1.047065936999359,-0.2452146021801833,-0.4629455461816491,-0.682581078947164,-0.33778318405790814,-0.37952508199787327,-0.08635961638073807,-0.3579792230561304,-0.23189613379288193,-0.22507379266406463,-0.15112947814982725,-0.25769265947318165,0.035530488521046066,-0.14541193951755663,-0.5912477787425927,-0.456575513773067,0.1931847291706776,0.45603845578335656,0.13541770519248952,-1.0,0
1.127615486264378,-1.3656776272992457,-0.8812209080826127,2.3609622600813163,-0.33778318405790814,-0.37952508199787327,1.2271937139946627,0.035530488521046066,-0.23189613379288193,-0.22507379266406463,-0.15112947814982725,0.7703055990814798,-1.53850835778766,-0.28543554793253634,-0.5912477787425927,-0.3787846202091894,0.1931847291706776,-0.33252272405468025,-0.7176724253779333,1.0,0
0.8054172892043019,-1.1789337897794019,-0.8812209080826127,-0.682581078947164,-0.33778318405790814,-0.37952508199787327,1.2843047283588105,0.035530488521046066,-0.23189613379288193,-0.22507379266406463,-0.15112947814982725,2.1409699438210286,0.035530488521046066,1.0214514639406074,0.4409134459223777,-0.7086180089200305,-0.06966899744200131,1.2445996356213933,-0.2911273600927219,-1.0,-1
1.288714584794416,0.6885045854190354,1.6284312633231686,-0.682581078947164,-0.33778318405790814,-0.37952508199787327,1.2843047283588105,-1.1449986462104833,-0.23189613379288193,-0.22507379266406463,-0.15112947814982725,0.713194584717332,0.822549911675399,-0.3476682627836383,-0.6677041657548128,-0.3009937266453118,0.1931847291706776,0.45603845578335656,0.5619627704777009,1.0,-1
1.208165035529397,1.4354799354984105,1.6284312633231686,-0.682581078947164,-0.33778318405790814,-0.37952508199787327,0.14208444107585336,0.035530488521046066,-0.23189613379288193,-0.22507379266406463,-0.15112947814982725,-0.7716917887505124,-1.53850835778766,-0.7086180089200305,0.4409134459223777,1.0214514639406074,-0.3325227240546802,-0.8582301772800381,-0.7176724253779333,1.0,1
0.7248677399392829,0.1282730728595042,1.210155901422205,-0.682581078947164,-0.33778318405790814,-0.37952508199787327,1.2843047283588105,-1.1449986462104833,-0.23189613379288193,-0.22507379266406463,-0.15112947814982725,-0.029248602016590203,-1.53850835778766,-0.5499245860497202,-0.5147913917303727,0.025728026322974037,0.7188921823960354,-0.33252272405468025,-0.7176724253779333,-1.0,1
-1.3694205409512117,-1.9259091398587769,-1.2994962699835761,-0.682581078947164,-0.33778318405790814,-0.37952508199787327,0.5989725559890362,-1.1449986462104833,-0.23189613379288193,-0.22507379266406463,-0.15112947814982725,1.512748785815402,0.035530488521046066,1.3326150381961177,0.4409134459223777,-0.7210645518902509,-0.3325227240546802,0.7188921823960355,0.9885078357629123,-1.0,0
0.08047134581913068,-0.05847076466033954,0.7918805395212415,-0.682581078947164,-0.33778318405790814,-0.37952508199787327,1.455637771451254,-0.3579792230561304,-0.23189613379288193,-0.22507379266406463,-0.15112947814982725,0.9416386421739233,-1.53850835778766,-0.5810409434752711,-0.13250945666927252,0.025728026322974037,0.4560384557833565,-0.06966899744200132,0.9885078357629123,1.0,1
1.047065936999359,0.3150169103793479,0.7918805395212415,0.8391905905670761,-0.33778318405790814,-0.37952508199787327,-1.3428019323919909,-1.53850835778766,-0.23189613379288193,-0.22507379266406463,-0.15112947814982725,-1.3428019323919909,-1.53850835778766,-0.3943427989219649,-0.8206169397792528,-0.19208647565588316,-0.858230177280038,-0.5953764506673592,0.9885078357629123,-1.0,1
0.48321909214422576,0.1282730728595042,-0.4629455461816491,-0.682581078947164,-0.33778318405790814,-0.37952508199787327,-1.1714688892995473,-0.3579792230561304,-0.23189613379288193,-0.22507379266406463,-0.15112947814982725,-1.1714688892995473,-0.3579792230561304,-0.6277154796135976,-0.5147913917303727,0.6324969961212193,-0.5953764506673591,-0.8582301772800381,0.13541770519248952,1.0,1
1.208165035529397,0.3150169103793479,-0.4629455461816491,2.3609622600813163,-0.33778318405790814,-0.37952508199787327,-1.0001358462071037,0.822549911675399,-0.23189613379288193,-0.22507379266406463,-0.15112947814982725,-1.1143578749353995,0.035530488521046066,-0.44101733506029156,-0.7441605527670326,-0.12985376080478117,-0.5953764506673591,-0.06966899744200132,-0.2911273600927219,1.0,-1
0.7248677399392829,-1.5524214648190895,-0.8812209080826127,-0.682581078947164,-0.33778318405790814,-0.37952508199787327,-1.0001358462071037,0.822549911675399,-0.23189613379288193,-0.22507379266406463,-0.15112947814982725,-1.0572468605712517,0.4290402000982225,-0.3414449912985281,-0.7441605527670326,-0.28543554793253634,-1.121083903892717,-1.1210839038927172,-1.1442174906631448,-1.0,1
-1.0472223438911357,-0.2452146021801833,-0.044670184280685594,2.3609622600813163,2.610663253057731,2.288808259011065,-0.8288028031146603,0.822549911675399,-0.23189613379288193,-0.22507379266406463,-0.15112947814982725,-1.0001358462071037,-0.3579792230561304,-0.3165519053580873,-0.7441605527670326,-0.3009937266453118,-1.121083903892717,0.45603845578335656,-0.2911273600927219,1.0,1
0.24157044434916872,-0.8054461147397145,-0.044670184280685594,-0.682581078947164,-0.33778318405790814,-0.37952508199787327,-0.6574697600222167,0.822549911675399,-0.23189613379288193,-0.22507379266406463,-0.15112947814982725,-1.0572468605712517,0.035530488521046066,-0.3943427989219649,-0.7441605527670326,-0.19208647565588316,-0.5953764506673591,-0.33252272405468025,0.13541770519248952,-1.0,0
0.6443181906742638,1.622223773018254,-0.8812209080826127,-0.682581078947164,-0.33778318405790814,-0.37952508199787327,-0.6003587456580688,1.2160596232525756,-0.23189613379288193,-0.22507379266406463,-0.15112947814982725,-0.8288028031146603,2.0030790464069286,-0.2232028330814342,-0.7059323592609227,-0.4099009776347405,-0.3325227240546802,-0.33252272405468025,-0.2911273600927219,1.0,0
1.127615486264378,-0.2452146021801833,-0.4629455461816491,-0.682581078947164,-0.33778318405790814,-0.37952508199787327,-0.5432477312939209,0.4290402000982225,-0.23189613379288193,-0.22507379266406463,-0.15112947814982725,-1.285690918027843,-1.1449986462104833,-0.5032500499113935,-0.5912477787425927,-0.03650468852812796,-0.5953764506673591,-1.1210839038927172,-1.1442174906631448,-1.0,0
-0.16117730197592636,-0.6187022772198708,-0.044670184280685594,-0.682581078947164,2.610663253057731,2.288808259011065,-0.48613671692977306,-0.3579792230561304,-0.23189613379288193,-0.22507379266406463,-0.15112947814982725,-0.37191468820147733,1.2160596232525756,1.3326150381961177,0.4409134459223777,-0.7210645518902509,-0.858230177280038,0.7188921823960355,-1.1442174906631448,1.0,-1
-0.6444745975660405,-0.6187022772198708,0.7918805395212415,-0.682581078947164,-0.33778318405790814,-0.37952508199787327,-0.48613671692977306,-0.7514889346333069,-0.23189613379288193,-0.22507379266406463,-0.15112947814982725,-0.14347063074488592,1.2160596232525756,2.8884329094736696,1.7789002186362282,-0.7770739952562428,-0.858230177280038,0.45603845578335656,-0.7176724253779333,-1.0,0
1.208165035529397,0.1282730728595042,-0.044670184280685594,-0.682581078947164,2.610663253057731,2.288808259011065,-0.4290257025656252,-0.7514889346333069,3.886259345632435,-0.22507379266406463,-0.15112947814982725,-1.1143578749353995,-1.1449986462104833,-0.668166744266814,-0.20896584368149262,0.7102878896850969,-0.06966899744200131,-1.1210839038927172,0.5619627704777009,1.0,0
0.9665163877343399,-1.1789337897794019,-0.8812209080826127,-0.682581078947164,-0.33778318405790814,-0.37952508199787327,-0.37191468820147733,-0.7514889346333069,-0.23189613379288193,-0.22507379266406463,-0.15112947814982725,-0.7716917887505124,-1.53850835778766,-0.25431919050698526,-0.6677041657548128,-0.3943427989219649,-0.858230177280038,-0.8582301772800381,-0.2911273600927219,-1.0,-1
0.5637686414092448,1.4354799354984105,-0.044670184280685594,-0.682581078947164,-0.33778318405790814,-0.37952508199787327,-0.37191468820147733,-0.7514889346333069,-0.23189613379288193,-0.22507379266406463,-0.15112947814982725,-0.7145807743863645,0.035530488521046066,-0.5188082286241692,-0.5912477787425927,0.010169847610198573,-0.5953764506673591,-1.1210839038927172,-1.1442174906631448,1.0,0
1.208165035529397,-0.6187022772198708,-0.4629455461816491,0.8391905905670761,-0.33778318405790814,-0.37952508199787327,-0.3148036738373295,-0.7514889346333069,-0.23189613379288193,-0.22507379266406463,-0.15112947814982725,-0.029248602016590203,-0.3579792230561304,0.025728026322974037,-0.43833500471815257,-0.5499245860497202,-0.3325227240546802,-1.1210839038927172,0.9885078357629123,-1.0,0
0.48321909214422576,0.3150169103793479,-0.044670184280685594,0.8391905905670761,-0.33778318405790814,-0.37952508199787327,-0.25769265947318165,-0.7514889346333069,-0.23189613379288193,-0.22507379266406463,-0.15112947814982725,-0.48613671692977306,-1.1449986462104833,-0.2232028330814342,-0.7441605527670326,-0.3943427989219649,-0.858230177280038,-0.33252272405468025,0.5619627704777009,-1.0,0
0.7248677399392829,-0.05847076466033954,-0.8812209080826127,2.3609622600813163,-0.33778318405790814,-0.37952508199787327,-0.20058164510903378,-0.7514889346333069,-0.23189613379288193,-0.22507379266406463,-0.15112947814982725,-0.14347063074488592,-1.1449986462104833,-0.456575513773067,-0.8206169397792528,-0.06762104595367903,-0.858230177280038,-0.8582301772800381,0.5619627704777009,1.0,-1
-7.820344588833574e-05,0.5017607478991917,0.37360517762027795,3.8827339295955565,-0.33778318405790814,-0.37952508199787327,-0.20058164510903378,-1.53850835778766,-0.23189613379288193,-0.22507379266406463,-0.15112947814982725,-0.20058164510903378,-0.3579792230561304,-0.5654827647624957,-0.5912477787425927,0.1501934560251783,-0.858230177280038,-1.1210839038927172,-1.1442174906631448,1.0,1
0.24157044434916872,1.0619922604587229,0.7918805395212415,0.8391905905670761,-0.33778318405790814,-0.37952508199787327,-0.029248602016590203,-0.3579792230561304,-0.23189613379288193,-0.22507379266406463,-0.15112947814982725,0.9987496565380712,0.4290402000982225,1.1770332510683625,0.24977247839182762,-0.7210645518902509,-1.121083903892717,0.45603845578335656,-0.2911273600927219,-1.0,0
-7.820344588833574e-05,-0.05847076466033954,0.37360517762027795,-0.682581078947164,-0.33778318405790814,-0.37952508199787327,0.027862412347557656,0.035530488521046066,-0.23189613379288193,-0.22507379266406463,-0.15112947814982725,-0.029248602016590203,0.035530488521046066,-0.3414449912985281,-0.7441605527670326,-0.3009937266453118,-0.5953764506673591,0.1931847291706776,-0.2911273600927219,-1.0,1
1.047065936999359,1.0619922604587229,-0.4629455461816491,-0.682581078947164,-0.33778318405790814,2.288808259011065,0.19919545544000122,1.2160596232525756,-0.23189613379288193,-0.22507379266406463,-0.15112947814982725,0.14208444107585336,-0.3579792230561304,-0.5188082286241692,-0.6677041657548128,0.025728026322974037,-0.5953764506673591,-0.33252272405468025,0.5619627704777009,1.0,0
-0.48337549903600247,-0.431958439700027,-0.8812209080826127,-0.682581078947164,-0.33778318405790814,-0.37952508199787327,0.31341748416829696,0.4290402000982225,-0.23189613379288193,-0.22507379266406463,-0.15112947814982725,1.2843047283588105,0.035530488521046066,0.32133342186570896,-0.3236504241998226,-0.6214922081284875,-1.121083903892717,0.45603845578335656,0.13541770519248952,1.0,0
0.48321909214422576,0.3150169103793479,-0.044670184280685594,-0.682581078947164,-0.33778318405790814,-0.37952508199787327,0.25630646980414906,0.4290402000982225,-0.23189613379288193,-0.22507379266406463,-0.15112947814982725,0.4847505272607405,2.0030790464069286,-0.25431919050698526,-0.7059323592609227,-0.3787846202091894,-0.858230177280038,0.45603845578335656,-0.2911273600927219,-1.0,0
1.127615486264378,-0.2452146021801833,0.37360517762027795,-0.682581078947164,-0.33778318405790814,-0.37952508199787327,0.3705284985324448,-0.3579792230561304,-0.23189613379288193,-0.22507379266406463,-0.15112947814982725,-0.48613671692977306,-1.1449986462104833,-0.5188082286241692,-0.6677041657548128,-0.06762104595367903,-0.3325227240546802,-0.8582301772800381,0.13541770519248952,-1.0,1
-7.820344588833574e-05,-0.431958439700027,-0.4629455461816491,-0.682581078947164,-0.33778318405790814,-0.37952508199787327,-0.20058164510903378,-1.1449986462104833,3.886259345632435,-0.22507379266406463,-0.15112947814982725,0.3705284985324448,2.0030790464069286,0.32133342186570896,-0.3236504241998226,-0.6214922081284875,-0.5953764506673591,0.45603845578335656,-1.1442174906631448,-1.0,-1
1.449813683324454,-0.2452146021801833,-1.2994962699835761,-0.682581078947164,-0.33778318405790814,-0.37952508199787327,0.5418615416248884,0.4290402000982225,-0.23189613379288193,-0.22507379266406463,-0.15112947814982725,-0.14347063074488592,-0.7514889346333069,-0.640162022583818,-0.5147913917303727,0.7102878896850969,-0.5953764506673591,-0.5953764506673592,0.9885078357629123,1.0,-1
1.288714584794416,-0.05847076466033954,-1.2994962699835761,-0.682581078947164,-0.33778318405790814,-0.37952508199787327,0.5418615416248884,0.035530488521046066,-0.23189613379288193,-0.22507379266406463,-0.15112947814982725,0.42763951289659263,-1.1449986462104833,-0.47213369248584247,-0.6677041657548128,-0.06762104595367903,-0.858230177280038,-0.5953764506673592,-0.2911273600927219,1.0,-1
1.449813683324454,0.5017607478991917,-0.044670184280685594,-0.682581078947164,-0.33778318405790814,-0.37952508199787327,0.5418615416248884,-0.3579792230561304,-0.23189613379288193,-0.22507379266406463,-0.15112947814982725,0.25630646980414906,1.2160596232525756,-0.3414449912985281,-0.7441605527670326,-0.3009937266453118,-0.06966899744200131,-1.1210839038927172,0.9885078357629123,-1.0,-1
0.1610208950841497,-0.8054461147397145,-0.4629455461816491,-0.682581078947164,-0.33778318405790814,-0.37952508199787327,0.5418615416248884,-1.53850835778766,-0.23189613379288193,-0.22507379266406463,-0.15112947814982725,2.4265250156417677,2.0030790464069286,0.7102878896850969,0.11979662047105363,-0.6899481944646998,-0.858230177280038,0.45603845578335656,-0.2911273600927219,1.0,-1
-0.16117730197592636,0.5017607478991917,-1.7177716318845397,-0.682581078947164,-0.33778318405790814,-0.37952508199787327,-0.20058164510903378,-0.3579792230561304,-0.23189613379288193,-0.22507379266406463,-0.15112947814982725,0.08497342671170552,0.822549911675399,-0.12985376080478117,-0.6677041657548128,-0.456575513773067,-0.5953764506673591,0.1931847291706776,-0.7176724253779333,1.0,-1
1.047065936999359,3.3029183106968474,-0.044670184280685594,0.8391905905670761,-0.33778318405790814,2.288808259011065,0.5418615416248884,-1.53850835778766,-0.23189613379288193,-0.22507379266406463,-0.15112947814982725,-0.37191468820147733,-1.53850835778766,-0.6899481944646998,-0.13250945666927252,1.0214514639406074,-0.5953764506673591,-1.1210839038927172,-0.7176724253779333,1.0,0
-1.1277718931561547,-0.8054461147397145,-0.4629455461816491,-0.682581078947164,-0.33778318405790814,-0.37952508199787327,0.5989725559890362,-1.1449986462104833,-0.23189613379288193,-0.22507379266406463,-0.15112947814982725,1.912525886364437,0.822549911675399,0.6324969961212193,-0.2854222306937127,-0.6557202012965936,-0.3325227240546802,-0.33252272405468025,0.13541770519248952,-1.0,1
0.08047134581913068,-0.05847076466033954,-0.044670184280685594,-0.682581078947164,-0.33778318405790814,-0.37952508199787327,0.7703055990814798,0.035530488521046066,-0.23189613379288193,-0.22507379266406463,-0.15112947814982725,2.0838589294568806,2.0030790464069286,0.8658696768128521,-0.13250945666927252,-0.6806132872370344,-0.5953764506673591,0.45603845578335656,-0.7176724253779333,-1.0,1
-1.2083214424211737,-1.9259091398587769,-1.2994962699835761,0.8391905905670761,-0.33778318405790814,-0.37952508199787327,0.5418615416248884,-1.53850835778766,-0.23189613379288193,-0.22507379266406463,-0.15112947814982725,2.6549690730983593,1.2160596232525756,4.133087206495711,2.1611821536973284,-0.7957438097115733,-0.858230177280038,0.9817459090087144,-1.1442174906631448,-1.0,-1
-0.16117730197592636,-0.8054461147397145,0.37360517762027795,-0.682581078947164,-0.33778318405790814,-0.37952508199787327,0.9416386421739233,1.2160596232525756,-0.23189613379288193,-0.22507379266406463,-0.15112947814982725,0.8845276278097756,0.035530488521046066,-0.5032500499113935,-0.5912477787425927,-0.03650468852812796,-0.858230177280038,-0.33252272405468025,0.9885078357629123,1.0,0
0.08047134581913068,0.5017607478991917,1.6284312633231686,-0.682581078947164,2.610663253057731,4.9571416000200035,0.9987496565380712,1.2160596232525756,-0.23189613379288193,-0.22507379266406463,-0.15112947814982725,1.455637771451254,-1.53850835778766,-0.3009937266453118,-0.7441605527670326,-0.3165519053580873,-0.858230177280038,-0.5953764506673592,0.5619627704777009,-1.0,1
-0.6444745975660405,0.8752484229388792,0.37360517762027795,-0.682581078947164,-0.33778318405790814,-0.37952508199787327,1.1700826996305147,1.2160596232525756,-0.23189613379288193,-0.22507379266406463,-0.15112947814982725,1.912525886364437,0.822549911675399,-0.28543554793253634,-0.5147913917303727,-0.3943427989219649,-0.5953764506673591,0.7188921823960355,-1.1442174906631448,1.0,1
-7.820344588833574e-05,0.5017607478991917,0.7918805395212415,-0.682581078947164,-0.33778318405790814,-0.37952508199787327,1.3414157427229585,1.2160596232525756,-0.23189613379288193,-0.22507379266406463,-0.15112947814982725,0.5989725559890362,-1.1449986462104833,-0.3414449912985281,-0.5147913917303727,-0.3414449912985281,-0.5953764506673591,-1.1210839038927172,-0.7176724253779333,-1.0,0
-7.820344588833574e-05,1.0619922604587229,1.210155901422205,-0.682581078947164,-0.33778318405790814,-0.37952508199787327,1.3985267570871063,1.2160596232525756,-0.23189613379288193,-0.22507379266406463,-0.15112947814982725,1.8554148720002892,0.035530488521046066,-0.4192358848624057,-0.5147913917303727,-0.25431919050698526,-0.3325227240546802,-1.1210839038927172,1.4150529010481239,1.0,1
-0.48337549903600247,0.8752484229388792,-0.4629455461816491,-0.682581078947164,-0.33778318405790814,-0.37952508199787327,-1.3428019323919909,-1.53850835778766,-0.23189613379288193,-0.22507379266406463,-0.15112947814982725,-1.3428019323919909,-1.53850835778766,0.4769152089934642,-0.2854222306937127,-0.640162022583818,-0.858230177280038,-0.5953764506673592,0.13541770519248952,-1.0,-1
0.6443181906742638,2.369199123097629,0.7918805395212415,-0.682581078947164,-0.33778318405790814,-0.37952508199787327,-1.3428019323919909,-1.53850835778766,-0.23189613379288193,-0.22507379266406463,-0.15112947814982725,-1.1714688892995473,-0.3579792230561304,-0.16097011823033208,-0.7441605527670326,-0.42545915634751597,-0.5953764506673591,0.1931847291706776,0.13541770519248952,1.0,-1
-0.48337549903600247,0.5017607478991917,0.37360517762027795,-0.682581078947164,-0.33778318405790814,-0.37952508199787327,-1.3428019323919909,-1.53850835778766,-0.23189613379288193,-0.22507379266406463,-0.15112947814982725,-1.1143578749353995,0.035530488521046066,0.39912431542958654,-0.5147913917303727,-0.6121573009008222,-0.5953764506673591,0.1931847291706776,0.13541770519248952,1.0,-1
0.40266954287920675,0.3150169103793479,0.37360517762027795,0.8391905905670761,-0.33778318405790814,-0.37952508199787327,-1.3428019323919909,-1.53850835778766,-0.23189613379288193,-0.22507379266406463,-0.15112947814982725,-1.1714688892995473,-0.3579792230561304,-0.456575513773067,-0.7441605527670326,-0.0987374033792301,-0.5953764506673591,-0.5953764506673592,-1.1442174906631448,-1.0,1
0.9665163877343399,-0.2452146021801833,-1.7177716318845397,0.8391905905670761,-0.33778318405790814,-0.37952508199787327,-1.1714688892995473,-0.3579792230561304,-0.23189613379288193,-0.22507379266406463,-0.15112947814982725,-1.0572468605712517,-0.7514889346333069,-0.5872642149603814,-0.7059323592609227,0.39912431542958654,-1.121083903892717,-1.1210839038927172,-1.1442174906631448,1.0,-1
-0.5639250483010215,-1.3656776272992457,-0.4629455461816491,-0.682581078947164,-0.33778318405790814,-0.37952508199787327,-1.1714688892995473,-0.3579792230561304,-0.23189613379288193,-0.22507379266406463,-0.15112947814982725,-1.1143578749353995,-0.3579792230561304,-0.28543554793253634,-0.7441605527670326,-0.3414449912985281,-0.3325227240546802,-0.8582301772800381,-0.2911273600927219,-1.0,1
0.1610208950841497,-0.9921899522595582,-0.4629455461816491,-0.682581078947164,-0.33778318405790814,-0.37952508199787327,-1.0001358462071037,0.822549911675399,-0.23189613379288193,-0.22507379266406463,-0.15112947814982725,-1.1714688892995473,-0.7514889346333069,-0.6557202012965936,0.02040331735516768,0.4769152089934642,-0.858230177280038,-0.5953764506673592,1.8415979663333353,1.0,1
0.1610208950841497,-0.6187022772198708,-0.044670184280685594,0.8391905905670761,-0.33778318405790814,-0.37952508199787327,-0.8288028031146603,0.822549911675399,-0.23189613379288193,-0.22507379266406463,-0.15112947814982725,-0.7716917887505124,0.822549911675399,-0.06762104595367903,-0.7059323592609227,-0.48769187119861807,-0.3325227240546802,-0.33252272405468025,-0.2911273600927219,-1.0,1
-0.9666727946261165,-0.8054461147397145,-0.044670184280685594,0.8391905905670761,-0.33778318405790814,-0.37952508199787327,-0.6574697600222167,2.0030790464069286,-0.23189613379288193,-0.22507379266406463,-0.15112947814982725,-1.0001358462071037,-0.3579792230561304,-0.26365409773465054,-0.5912477787425927,-0.4099009776347405,-0.5953764506673591,-1.1210839038927172,-1.1442174906631448,-1.0,0
0.8859668384693209,-0.431958439700027,-0.044670184280685594,0.8391905905670761,-0.33778318405790814,-0.37952508199787327,-0.6003587456580688,1.2160596232525756,-0.23189613379288193,-0.22507379266406463,-0.15112947814982725,-0.5432477312939209,-1.1449986462104833,-0.47213369248584247,-0.7441605527670326,-0.06762104595367903,-0.5953764506673591,0.1931847291706776,0.13541770519248952,1.0,1
-0.8055736960960785,-1.5524214648190895,-0.8812209080826127,0.8391905905670761,-0.33778318405790814,-0.37952508199787327,-0.4290257025656252,1.2160596232525756,-0.23189613379288193,-0.22507379266406463,-0.15112947814982725,-0.6574697600222167,0.4290402000982225,-0.2232028330814342,-0.7441605527670326,-0.3943427989219649,-0.3325227240546802,-0.5953764506673592,-0.7176724253779333,-1.0,-1
0.1610208950841497,0.5017607478991917,0.37360517762027795,-0.682581078947164,-0.33778318405790814,-0.37952508199787327,-0.4290257025656252,0.035530488521046066,-0.23189613379288193,-0.22507379266406463,-0.15112947814982725,-0.029248602016590203,2.0030790464069286,-0.2232028330814342,-0.7059323592609227,-0.4099009776347405,-0.06966899744200131,-0.33252272405468025,-0.7176724253779333,1.0,1
0.5637686414092448,-1.3656776272992457,-0.8812209080826127,-0.682581078947164,-0.33778318405790814,-0.37952508199787327,-0.25769265947318165,0.822549911675399,-0.23189613379288193,-0.22507379266406463,-0.15112947814982725,-0.885913817478808,0.822549911675399,-0.48769187119861807,-0.6677041657548128,-0.06762104595367903,-0.5953764506673591,-0.8582301772800381,-0.7176724253779333,-1.0,0
1.208165035529397,0.6885045854190354,-0.8812209080826127,-0.682581078947164,-0.33778318405790814,-0.37952508199787327,-0.20058164510903378,0.035530488521046066,-0.23189613379288193,-0.22507379266406463,-0.15112947814982725,-0.6574697600222167,0.4290402000982225,-0.5810409434752711,-0.5147913917303727,0.1906447206783946,-0.858230177280038,-0.33252272405468025,-0.2911273600927219,1.0,0
-1.2888709916861927,-1.7391653023389333,-1.2994962699835761,-0.682581078947164,-0.33778318405790814,-0.37952508199787327,-0.14347063074488592,0.4290402000982225,-0.23189613379288193,-0.22507379266406463,-0.15112947814982725,0.42763951289659263,2.0030790464069286,1.3326150381961177,0.4409134459223777,-0.7210645518902509,-0.858230177280038,1.2445996356213933,-1.1442174906631448,1.0,-1
-1.6916187380112877,-1.9259091398587769,-1.2994962699835761,-0.682581078947164,-0.33778318405790814,-0.37952508199787327,-0.14347063074488592,-0.7514889346333069,3.886259345632435,-0.22507379266406463,6.616842804212003,0.6560835703531841,2.0030790464069286,4.755414355006732,2.9257460238195288,-0.8019670811966837,-0.3325227240546802,0.45603845578335656,-0.7176724253779333,-1.0,-1
-0.7250241468310595,-0.8054461147397145,0.37360517762027795,0.8391905905670761,-0.33778318405790814,-0.37952508199787327,-0.14347063074488592,-1.1449986462104833,-0.23189613379288193,-0.22507379266406463,-0.15112947814982725,-0.20058164510903378,-0.7514889346333069,-0.06762104595367903,-0.8206169397792528,-0.456575513773067,-0.858230177280038,-0.8582301772800381,0.5619627704777009,-1.0,1
-1.0472223438911357,-1.5524214648190895,-1.2994962699835761,-0.682581078947164,-0.33778318405790814,-0.37952508199787327,0.027862412347557656,-0.3579792230561304,-0.23189613379288193,-0.22507379266406463,-0.15112947814982725,0.7703055990814798,0.035530488521046066,1.0214514639406074,0.02040331735516768,-0.6899481944646998,-0.3325227240546802,0.1931847291706776,-0.2911273600927219,1.0,0
-0.08062775271090736,1.2487360979785667,0.7918805395212415,0.8391905905670761,-0.33778318405790814,-0.37952508199787327,0.25630646980414906,0.035530488521046066,-0.23189613379288193,-0.22507379266406463,-0.15112947814982725,0.7703055990814798,1.2160596232525756,0.7102878896850969,0.11979662047105363,-0.6806132872370344,-0.5953764506673591,0.45603845578335656,0.13541770519248952,-1.0,1
-0.5639250483010215,-0.8054461147397145,-0.044670184280685594,-0.682581078947164,2.610663253057731,2.288808259011065,0.42763951289659263,0.822549911675399,-0.23189613379288193,-0.22507379266406463,-0.15112947814982725,0.027862412347557656,0.035530488521046066,-0.456575513773067,-0.7441605527670326,-0.0987374033792301,-0.06966899744200131,-0.8582301772800381,-0.2911273600927219,1.0,1
-7.820344588833574e-05,-0.9921899522595582,-0.8812209080826127,-0.682581078947164,-0.33778318405790814,-0.37952508199787327,0.5989725559890362,0.822549911675399,-0.23189613379288193,-0.22507379266406463,-0.15112947814982725,-0.029248602016590203,-0.3579792230561304,-0.3476682627836383,-1.049986100815913,-0.16097011823033208,-1.121083903892717,-0.8582301772800381,-1.1442174906631448,-1.0,1
0.6443181906742638,0.5017607478991917,-0.044670184280685594,2.3609622600813163,-0.33778318405790814,-0.37952508199787327,0.7703055990814798,2.0030790464069286,-0.23189613379288193,-0.22507379266406463,-0.15112947814982725,0.8845276278097756,-1.1449986462104833,-0.06762104595367903,-0.7441605527670326,-0.47213369248584247,-0.3325227240546802,-0.06966899744200132,0.13541770519248952,1.0,-1
-0.6444745975660405,-0.2452146021801833,1.210155901422205,-0.682581078947164,-0.33778318405790814,-0.37952508199787327,0.7703055990814798,0.822549911675399,-0.23189613379288193,-0.22507379266406463,-0.15112947814982725,1.0558606709022191,-0.3579792230561304,0.5547061025573418,-0.43833500471815257,-0.6277154796135976,-0.5953764506673591,0.45603845578335656,0.13541770519248952,-1.0,1
-1.0472223438911357,-0.2452146021801833,-0.4629455461816491,0.8391905905670761,-0.33778318405790814,-0.37952508199787327,0.9416386421739233,0.822549911675399,-0.23189613379288193,-0.22507379266406463,-0.15112947814982725,0.5989725559890362,-0.7514889346333069,-0.456575513773067,-0.6677041657548128,-0.14541193951755663,-0.858230177280038,-0.33252272405468025,0.13541770519248952,1.0,1
-0.48337549903600247,-1.1789337897794019,-0.8812209080826127,-0.682581078947164,-0.33778318405790814,-0.37952508199787327,0.25630646980414906,1.2160596232525756,-0.23189613379288193,4.1906596634118705,-0.15112947814982725,0.6560835703531841,2.0030790464069286,0.5547061025573418,-0.2854222306937127,-0.6432736583263733,-0.3325227240546802,0.1931847291706776,0.13541770519248952,-1.0,-1
0.8859668384693209,0.3150169103793479,-1.2994962699835761,-0.682581078947164,-0.33778318405790814,-0.37952508199787327,1.112971685266367,0.822549911675399,-0.23189613379288193,-0.22507379266406463,-0.15112947814982725,1.0558606709022191,0.4290402000982225,0.025728026322974037,-0.6677041657548128,-0.5188082286241692,0.1931847291706776,-0.33252272405468025,-0.7176724253779333,-1.0,-1
1.047065936999359,-0.05847076466033954,0.37360517762027795,-0.682581078947164,-0.33778318405790814,-0.37952508199787327,1.112971685266367,0.822549911675399,-0.23189613379288193,-0.22507379266406463,-0.15112947814982725,0.3705284985324448,-0.7514889346333069,-0.44101733506029156,-0.8206169397792528,-0.0987374033792301,-0.3325227240546802,-0.33252272405468025,-0.7176724253779333,1.0,-1
1.288714584794416,-0.431958439700027,0.37360517762027795,-0.682581078947164,-0.33778318405790814,-0.37952508199787327,0.08497342671170552,0.035530488521046066,-0.23189613379288193,-0.22507379266406463,-0.15112947814982725,-0.5432477312939209,-1.1449986462104833,-0.6121573009008222,-0.43833500471815257,0.24354252830183137,-0.3325227240546802,-0.5953764506673592,-1.1442174906631448,1.0,1
0.8859668384693209,0.3150169103793479,-0.4629455461816491,-0.682581078947164,-0.33778318405790814,-0.37952508199787327,1.112971685266367,-0.3579792230561304,-0.23189613379288193,-0.22507379266406463,-0.15112947814982725,0.14208444107585336,-1.53850835778766,-0.12985376080478117,-0.7441605527670326,-0.44101733506029156,-0.3325227240546802,0.1931847291706776,0.13541770519248952,-1.0,1
-0.16117730197592636,0.3150169103793479,1.6284312633231686,-0.682581078947164,-0.33778318405790814,-0.37952508199787327,1.2843047283588105,-0.3579792230561304,3.886259345632435,-0.22507379266406463,6.616842804212003,0.14208444107585336,-0.3579792230561304,-0.5032500499113935,-0.5147913917303727,-0.0987374033792301,-0.5953764506673591,-1.1210839038927172,-0.7176724253779333,1.0,-1
-0.08062775271090736,-0.2452146021801833,-0.044670184280685594,-0.682581078947164,-0.33778318405790814,-0.37952508199787327,1.2843047283588105,-0.3579792230561304,-0.23189613379288193,-0.22507379266406463,-0.15112947814982725,0.7703055990814798,-0.3579792230561304,-0.2232028330814342,-0.8206169397792528,-0.363226441496414,-0.06966899744200131,-0.33252272405468025,-0.2911273600927219,1.0,1
0.6443181906742638,-1.3656776272992457,-0.8812209080826127,-0.682581078947164,-0.33778318405790814,-0.37952508199787327,1.455637771451254,0.822549911675399,-0.23189613379288193,-0.22507379266406463,-0.15112947814982725,0.5989725559890362,-0.3579792230561304,-0.0987374033792301,-0.8206169397792528,-0.456575513773067,-0.5953764506673591,-0.5953764506673592,1.8415979663333353,-1.0,-1
1.127615486264378,-0.431958439700027,-0.044670184280685594,-0.682581078947164,-0.33778318405790814,-0.37952508199787327,1.455637771451254,-0.3579792230561304,-0.23189613379288193,-0.22507379266406463,-0.15112947814982725,0.31341748416829696,-1.1449986462104833,-0.26365409773465054,-0.8970733267914728,-0.3165519053580873,-0.858230177280038,-0.33252272405468025,0.13541770519248952,-1.0,-1
-0.08062775271090736,-0.2452146021801833,-1.2994962699835761,0.8391905905670761,-0.33778318405790814,-0.37952508199787327,1.455637771451254,-1.53850835778766,-0.23189613379288193,-0.22507379266406463,-0.15112947814982725,0.9987496565380712,1.2160596232525756,-0.3165519053580873,-0.7441605527670326,-0.3009937266453118,-0.5953764506673591,-0.8582301772800381,0.5619627704777009,1.0,-1
-0.7250241468310595,0.3150169103793479,-0.044670184280685594,-0.682581078947164,-0.33778318405790814,-0.37952508199787327,1.455637771451254,-1.53850835778766,-0.23189613379288193,-0.22507379266406463,-0.15112947814982725,2.5978580587342113,0.822549911675399,1.7993603995793832,0.6320544134529278,-0.7428460020881366,-0.3325227240546802,0.1931847291706776,0.13541770519248952,-1.0,0
-1.2888709916861927,-0.9921899522595582,-0.4629455461816491,-0.682581078947164,-0.33778318405790814,-0.37952508199787327,1.455637771451254,-0.3579792230561304,-0.23189613379288193,-0.22507379266406463,-0.15112947814982725,3.054746173647394,1.2160596232525756,2.266105760962649,1.396618283575128,-0.7677390880285774,-0.3325227240546802,0.7188921823960355,-0.7176724253779333,1.0,-1
1.127615486264378,0.8752484229388792,-0.044670184280685594,0.8391905905670761,-0.33778318405790814,-0.37952508199787327,1.512748785815402,-1.1449986462104833,-0.23189613379288193,-0.22507379266406463,-0.15112947814982725,-0.14347063074488592,-1.53850835778766,-0.7055063731774752,0.4409134459223777,0.8658696768128521,-0.5953764506673591,-0.8582301772800381,-0.2911273600927219,1.0,0
-1.0472223438911357,-0.9921899522595582,0.37360517762027795,-0.682581078947164,-0.33778318405790814,-0.37952508199787327,1.5698598001795498,-0.7514889346333069,-0.23189613379288193,-0.22507379266406463,-0.15112947814982725,3.7400783460171687,1.2160596232525756,3.5107600579846903,3.3080279588806287,-0.8019670811966837,-0.858230177280038,1.5074533622340722,-1.1442174906631448,-1.0,-1
-0.3222764005059644,0.8752484229388792,-0.4629455461816491,-0.682581078947164,-0.33778318405790814,-0.37952508199787327,-1.3428019323919909,-1.53850835778766,-0.23189613379288193,-0.22507379266406463,-0.15112947814982725,-1.3428019323919909,-1.53850835778766,-0.16097011823033208,-0.5147913917303727,-0.47213369248584247,1.5074533622340722,0.1931847291706776,0.13541770519248952,1.0,-1
0.24157044434916872,-0.6187022772198708,-1.2994962699835761,-0.682581078947164,-0.33778318405790814,-0.37952508199787327,-1.3428019323919909,-1.53850835778766,-0.23189613379288193,-0.22507379266406463,-0.15112947814982725,-1.3428019323919909,-1.53850835778766,0.1906447206783946,-0.3236504241998226,-0.5965991221880467,0.4560384557833565,-0.33252272405468025,1.8415979663333353,-1.0,-1
-1.0472223438911357,-0.431958439700027,-0.044670184280685594,0.8391905905670761,-0.33778318405790814,-0.37952508199787327,-1.3428019323919909,-1.53850835778766,-0.23189613379288193,-0.22507379266406463,-0.15112947814982725,-1.285690918027843,-1.1449986462104833,-0.3787846202091894,-0.5912477787425927,-0.28543554793253634,0.4560384557833565,0.45603845578335656,0.5619627704777009,1.0,0
-1.0472223438911357,-0.05847076466033954,-0.4629455461816491,-0.682581078947164,-0.33778318405790814,-0.37952508199787327,-1.285690918027843,-1.1449986462104833,-0.23189613379288193,-0.22507379266406463,-0.15112947814982725,-0.9430248318429559,1.2160596232525756,3.5107600579846903,2.5434640887584283,-0.7895205382264632,-0.06966899744200131,2.0331608154594303,0.5619627704777009,-1.0,-1
-1.2083214424211737,0.8752484229388792,1.210155901422205,-0.682581078947164,-0.33778318405790814,-0.37952508199787327,-1.285690918027843,-1.1449986462104833,-0.23189613379288193,-0.22507379266406463,-0.15112947814982725,-1.2285799036636953,-0.7514889346333069,-0.2232028330814342,-0.43833500471815257,-0.44101733506029156,-1.121083903892717,-0.5953764506673592,-1.1442174906631448,1.0,0
-0.2417268512409454,1.4354799354984105,0.7918805395212415,0.8391905905670761,-0.33778318405790814,-0.37952508199787327,-1.2285799036636953,-0.7514889346333069,-0.23189613379288193,-0.22507379266406463,-0.15112947814982725,-1.0001358462071037,-0.3579792230561304,-0.12985376080478117,-0.5912477787425927,-0.47213369248584247,-0.858230177280038,0.1931847291706776,-0.2911273600927219,-1.0,0
-0.16117730197592636,-0.8054461147397145,-0.8812209080826127,0.8391905905670761,-0.33778318405790814,-0.37952508199787327,-1.1714688892995473,-0.7514889346333069,-0.23189613379288193,-0.22507379266406463,-0.15112947814982725,-1.0001358462071037,0.822549911675399,0.4769152089934642,0.02040331735516768,-0.6557202012965936,-0.5953764506673591,-0.8582301772800381,1.8415979663333353,-1.0,-1
-1.1277718931561547,-0.9921899522595582,-1.2994962699835761,-0.682581078947164,-0.33778318405790814,-0.37952508199787327,-1.1714688892995473,-0.7514889346333069,3.886259345632435,-0.22507379266406463,6.616842804212003,-0.6574697600222167,-0.3579792230561304,-0.06762104595367903,-0.43833500471815257,-0.5188082286241692,0.4560384557833565,1.5074533622340722,0.5619627704777009,1.0,-1
-1.9332673858063447,-1.1789337897794019,-1.2994962699835761,-0.682581078947164,-0.33778318405790814,-0.37952508199787327,-1.1714688892995473,-1.1449986462104833,-0.23189613379288193,-0.22507379266406463,-0.15112947814982725,-0.885913817478808,-0.3579792230561304,0.08796074117407617,-0.43833500471815257,-0.5654827647624957,0.4560384557833565,-0.06966899744200132,0.5619627704777009,-1.0,0
-2.3360151321314397,-1.1789337897794019,-1.2994962699835761,-0.682581078947164,-0.33778318405790814,-0.37952508199787327,-1.1143578749353995,-1.1449986462104833,-0.23189613379288193,-0.22507379266406463,-0.15112947814982725,-0.08635961638073807,2.0030790464069286,1.4881968253238729,0.6320544134529278,-0.7335110948604712,0.4560384557833565,1.7703070888467514,0.13541770519248952,1.0,-1
-1.2083214424211737,-1.1789337897794019,-1.2994962699835761,-0.682581078947164,-0.33778318405790814,-0.37952508199787327,-1.1143578749353995,-1.1449986462104833,-0.23189613379288193,-0.22507379266406463,-0.15112947814982725,-0.4290257025656252,-0.7514889346333069,0.7102878896850969,-0.20896584368149262,-0.668166744266814,-1.121083903892717,-0.06966899744200132,0.5619627704777009,-1.0,0
0.24157044434916872,1.9957114480579417,1.6284312633231686,-0.682581078947164,-0.33778318405790814,-0.37952508199787327,-1.0572468605712517,-0.7514889346333069,-0.23189613379288193,4.1906596634118705,-0.15112947814982725,-0.6574697600222167,-1.53850835778766,-0.3414449912985281,-0.5912477787425927,-0.3165519053580873,-1.121083903892717,-1.1210839038927172,-1.1442174906631448,1.0,0
-1.2888709916861927,-0.6187022772198708,0.37360517762027795,-0.682581078947164,-0.33778318405790814,-0.37952508199787327,-1.0001358462071037,-0.7514889346333069,-0.23189613379288193,-0.22507379266406463,-0.15112947814982725,-0.20058164510903378,0.822549911675399,1.0214514639406074,0.4409134459223777,-0.7086180089200305,-0.5953764506673591,3.0845757219101455,-0.2911273600927219,-1.0,-1
-1.4499700902162307,-0.8054461147397145,-1.7177716318845397,-0.682581078947164,2.610663253057731,2.288808259011065,-1.0001358462071037,-0.7514889346333069,3.886259345632435,-0.22507379266406463,-0.15112947814982725,-0.8288028031146603,1.2160596232525756,-0.5499245860497202,-0.5147913917303727,0.0568443837485251,-0.06966899744200131,-0.33252272405468025,0.13541770519248952,1.0,0
-0.16117730197592636,1.2487360979785667,-0.044670184280685594,-0.682581078947164,-0.33778318405790814,-0.37952508199787327,-0.9430248318429559,-0.7514889346333069,-0.23189613379288193,-0.22507379266406463,-0.15112947814982725,-0.6003587456580688,0.4290402000982225,-0.44101733506029156,-0.6677041657548128,-0.16097011823033208,-0.06966899744200131,-0.5953764506673592,0.5619627704777009,1.0,1
0.24157044434916872,-0.05847076466033954,-0.4629455461816491,-0.682581078947164,-0.33778318405790814,-0.37952508199787327,-0.7716917887505124,0.035530488521046066,-0.23189613379288193,-0.22507379266406463,-0.15112947814982725,-0.25769265947318165,0.035530488521046066,0.32133342186570896,-0.056053069657052756,-0.640162022583818,-0.06966899744200131,0.9817459090087144,-1.1442174906631448,-1.0,-1
-1.9332673858063447,-1.3656776272992457,-0.4629455461816491,2.3609622600813163,-0.33778318405790814,-0.37952508199787327,-0.7716917887505124,0.035530488521046066,-0.23189613379288193,-0.22507379266406463,-0.15112947814982725,0.7703055990814798,2.0030790464069286,4.755414355006732,3.690309893941729,-0.8081903526817937,-0.06966899744200131,1.5074533622340722,1.4150529010481239,-1.0,-1
-1.6916187380112877,-1.3656776272992457,-1.2994962699835761,-0.682581078947164,-0.33778318405790814,-0.37952508199787327,-0.7716917887505124,-0.3579792230561304,-0.23189613379288193,-0.22507379266406463,-0.15112947814982725,0.9987496565380712,2.0030790464069286,2.8884329094736696,2.5434640887584283,-0.7895205382264632,-0.858230177280038,3.3474294485228246,-0.2911273600927219,1.0,-1
-1.4499700902162307,0.1282730728595042,1.6284312633231686,-0.682581078947164,-0.33778318405790814,-0.37952508199787327,-0.7716917887505124,-1.53850835778766,-0.23189613379288193,-0.22507379266406463,-0.15112947814982725,0.5418615416248884,2.0030790464069286,0.8658696768128521,0.4409134459223777,-0.7086180089200305,-0.06966899744200131,2.296014542072109,0.5619627704777009,1.0,0
0.1610208950841497,-0.05847076466033954,-1.2994962699835761,-0.682581078947164,-0.33778318405790814,-0.37952508199787327,-0.5432477312939209,0.035530488521046066,-0.23189613379288193,-0.22507379266406463,-0.15112947814982725,-0.5432477312939209,-1.53850835778766,-0.5343664073369446,-0.43833500471815257,-0.03650468852812796,-0.858230177280038,0.1931847291706776,0.13541770519248952,1.0,0
-0.9666727946261165,0.5017607478991917,-0.4629455461816491,0.8391905905670761,-0.33778318405790814,-0.37952508199787327,-0.48613671692977306,0.035530488521046066,-0.23189613379288193,-0.22507379266406463,-0.15112947814982725,-0.08635961638073807,0.822549911675399,0.010169847610198573,-0.5147913917303727,-0.5343664073369446,-1.121083903892717,-0.5953764506673592,-0.7176724253779333,-1.0,1
-0.8055736960960785,1.4354799354984105,2.046706625224132,0.8391905905670761,-0.33778318405790814,-0.37952508199787327,-0.3148036738373295,1.2160596232525756,-0.23189613379288193,4.1906596634118705,-0.15112947814982725,-0.029248602016590203,-1.53850835778766,-0.3787846202091894,-0.7059323592609227,-0.26365409773465054,0.4560384557833565,1.7703070888467514,0.13541770519248952,1.0,1
-0.9666727946261165,-0.431958439700027,-0.8812209080826127,0.8391905905670761,-0.33778318405790814,-0.37952508199787327,-0.14347063074488592,1.2160596232525756,-0.23189613379288193,-0.22507379266406463,-0.15112947814982725,0.42763951289659263,0.4290402000982225,-0.3165519053580873,-0.6677041657548128,-0.3414449912985281,0.4560384557833565,-0.06966899744200132,1.8415979663333353,1.0,1
0.24157044434916872,0.3150169103793479,-0.4629455461816491,-0.682581078947164,-0.33778318405790814,-0.37952508199787327,0.027862412347557656,2.0030790464069286,-0.23189613379288193,-0.22507379266406463,-0.15112947814982725,0.9987496565380712,0.035530488521046066,0.32133342186570896,-0.13250945666927252,-0.6277154796135976,1.5074533622340722,0.45603845578335656,0.13541770519248952,-1.0,0
1.047065936999359,2.5559429606174726,2.883257349026059,2.3609622600813163,-0.33778318405790814,-0.37952508199787327,0.08497342671170552,1.2160596232525756,-0.23189613379288193,-0.22507379266406463,-0.15112947814982725,0.027862412347557656,-1.1449986462104833,-0.2232028330814342,-0.7441605527670326,-0.3787846202091894,-1.121083903892717,-1.1210839038927172,-0.7176724253779333,-1.0,1
-1.4499700902162307,-0.431958439700027,-0.044670184280685594,-0.682581078947164,-0.33778318405790814,-0.37952508199787327,0.25630646980414906,1.2160596232525756,-0.23189613379288193,-0.22507379266406463,-0.15112947814982725,0.5418615416248884,-0.3579792230561304,-0.3009937266453118,-0.7441605527670326,-0.3414449912985281,-1.121083903892717,-0.06966899744200132,0.9885078357629123,1.0,1
-1.3694205409512117,-0.8054461147397145,-0.4629455461816491,-0.682581078947164,-0.33778318405790814,-0.37952508199787327,-0.7145807743863645,-1.1449986462104833,-0.23189613379288193,-0.22507379266406463,-0.15112947814982725,0.027862412347557656,1.2160596232525756,-0.06762104595367903,-0.3236504241998226,-0.5343664073369446,0.4560384557833565,0.45603845578335656,0.9885078357629123,-1.0,1
-1.6916187380112877,-0.9921899522595582,-0.8812209080826127,-0.682581078947164,-0.33778318405790814,-0.37952508199787327,0.42763951289659263,1.2160596232525756,-0.23189613379288193,-0.22507379266406463,-0.15112947814982725,1.7411928432719934,1.2160596232525756,2.266105760962649,0.8231953809834779,-0.752180909315802,0.4560384557833565,2.0331608154594303,0.13541770519248952,-1.0,-1
0.8859668384693209,0.8752484229388792,0.7918805395212415,0.8391905905670761,-0.33778318405790814,-0.37952508199787327,-0.7145807743863645,-1.1449986462104833,-0.23189613379288193,-0.22507379266406463,-0.15112947814982725,-0.20058164510903378,-0.7514889346333069,-0.19208647565588316,-0.7059323592609227,-0.4099009776347405,0.7188921823960354,1.7703070888467514,0.13541770519248952,-1.0,-1
-0.8055736960960785,-0.8054461147397145,-1.2994962699835761,0.8391905905670761,-0.33778318405790814,-0.37952508199787327,0.5989725559890362,0.822549911675399,-0.23189613379288193,-0.22507379266406463,-0.15112947814982725,1.7411928432719934,0.822549911675399,0.8658696768128521,0.11979662047105363,-0.6899481944646998,0.4560384557833565,1.7703070888467514,0.5619627704777009,-1.0,-1
-0.6444745975660405,-0.2452146021801833,-0.4629455461816491,0.8391905905670761,2.610663253057731,2.288808259011065,0.5989725559890362,-0.3579792230561304,-0.23189613379288193,-0.22507379266406463,-0.15112947814982725,1.455637771451254,0.822549911675399,-0.456575513773067,-0.8206169397792528,-0.0987374033792301,-0.5953764506673591,-0.5953764506673592,1.8415979663333353,1.0,1
-1.4499700902162307,0.6885045854190354,1.210155901422205,0.8391905905670761,-0.33778318405790814,-0.37952508199787327,0.7703055990814798,0.822549911675399,-0.23189613379288193,-0.22507379266406463,-0.15112947814982725,1.2271937139946627,1.2160596232525756,-0.47213369248584247,-0.5912477787425927,-0.12985376080478117,-0.06966899744200131,1.2445996356213933,-1.1442174906631448,1.0,1
-1.0472223438911357,0.1282730728595042,-0.044670184280685594,-0.682581078947164,-0.33778318405790814,-0.37952508199787327,0.42763951289659263,0.822549911675399,-0.23189613379288193,-0.22507379266406463,-0.15112947814982725,0.5989725559890362,0.4290402000982225,-0.456575513773067,-0.5912477787425927,-0.14541193951755663,0.4560384557833565,-0.06966899744200132,0.9885078357629123,1.0,1
0.32211999361418775,0.1282730728595042,1.210155901422205,-0.682581078947164,-0.33778318405790814,-0.37952508199787327,0.9416386421739233,0.822549911675399,-0.23189613379288193,-0.22507379266406463,-0.15112947814982725,-0.14347063074488592,0.035530488521046066,-0.48769187119861807,-0.6677041657548128,-0.06762104595367903,-0.06966899744200131,-0.33252272405468025,0.5619627704777009,-1.0,1
-1.1277718931561547,-1.5524214648190895,-0.8812209080826127,0.8391905905670761,-0.33778318405790814,-0.37952508199787327,1.112971685266367,2.0030790464069286,-0.23189613379288193,-0.22507379266406463,-0.15112947814982725,3.3403012454681336,1.2160596232525756,1.4881968253238729,0.6320544134529278,-0.7335110948604712,-0.06966899744200131,1.7703070888467514,1.4150529010481239,1.0,-1
-1.6916187380112877,-0.9921899522595582,-0.4629455461816491,-0.682581078947164,-0.33778318405790814,-0.37952508199787327,1.112971685266367,0.822549911675399,-0.23189613379288193,-0.22507379266406463,-0.15112947814982725,3.5687453029247247,2.0030790464069286,4.133087206495711,2.1611821536973284,-0.7957438097115733,-0.858230177280038,3.610283175135504,-0.2911273600927219,-1.0,-1
0.08047134581913068,0.6885045854190354,-0.044670184280685594,-0.682581078947164,-0.33778318405790814,-0.37952508199787327,1.112971685266367,-0.3579792230561304,-0.23189613379288193,-0.22507379266406463,-0.15112947814982725,2.4265250156417677,2.0030790464069286,0.1906447206783946,-0.43833500471815257,-0.5872642149603814,-0.5953764506673591,3.3474294485228246,-0.2911273600927219,1.0,1
-0.16117730197592636,-0.9921899522595582,0.37360517762027795,-0.682581078947164,2.610663253057731,2.288808259011065,1.2843047283588105,-0.3579792230561304,-0.23189613379288193,-0.22507379266406463,-0.15112947814982725,0.6560835703531841,-0.3579792230561304,-0.16097011823033208,-0.5912477787425927,-0.456575513773067,0.1931847291706776,-0.5953764506673592,0.5619627704777009,-1.0,1
-0.9666727946261165,-1.5524214648190895,-1.2994962699835761,-0.682581078947164,-0.33778318405790814,-0.37952508199787327,-1.3428019323919909,-1.53850835778766,-0.23189613379288193,-0.22507379266406463,-0.15112947814982725,-1.3428019323919909,-1.53850835778766,2.8884329094736696,1.205477316044578,-0.7677390880285774,-0.06966899744200131,2.0331608154594303,-1.1442174906631448,-1.0,-1
0.24157044434916872,-0.9921899522595582,-0.8812209080826127,-0.682581078947164,-0.33778318405790814,-0.37952508199787327,-1.3428019323919909,-1.53850835778766,-0.23189613379288193,-0.22507379266406463,-0.15112947814982725,-1.1714688892995473,-0.3579792230561304,-0.363226441496414,-0.7441605527670326,-0.26365409773465054,-1.121083903892717,-1.1210839038927172,-1.1442174906631448,1.0,0
0.24157044434916872,-0.6187022772198708,-0.8812209080826127,-0.682581078947164,-0.33778318405790814,-0.37952508199787327,-1.285690918027843,-1.1449986462104833,-0.23189613379288193,-0.22507379266406463,-0.15112947814982725,-1.0001358462071037,0.822549911675399,0.8658696768128521,-0.13250945666927252,-0.6743900157519244,0.1931847291706776,0.45603845578335656,0.9885078357629123,-1.0,0
0.9665163877343399,0.8752484229388792,-0.4629455461816491,0.8391905905670761,2.610663253057731,2.288808259011065,-1.2285799036636953,-0.7514889346333069,-0.23189613379288193,-0.22507379266406463,-0.15112947814982725,-0.8288028031146603,2.0030790464069286,0.1501934560251783,-0.5147913917303727,-0.5654827647624957,-0.858230177280038,2.0331608154594303,0.13541770519248952,1.0,1
-0.7250241468310595,0.1282730728595042,-0.8812209080826127,0.8391905905670761,-0.33778318405790814,-0.37952508199787327,-1.0572468605712517,0.4290402000982225,-0.23189613379288193,-0.22507379266406463,-0.15112947814982725,-0.7716917887505124,1.2160596232525756,2.8884329094736696,2.1611821536973284,-0.7832972667413529,-0.06966899744200131,1.7703070888467514,-0.7176724253779333,-1.0,-1
-0.2417268512409454,-0.9921899522595582,-0.8812209080826127,0.8391905905670761,2.610663253057731,2.288808259011065,-1.0572468605712517,0.035530488521046066,-0.23189613379288193,-0.22507379266406463,-0.15112947814982725,-0.6574697600222167,0.822549911675399,-0.19208647565588316,-0.7441605527670326,-0.3943427989219649,-0.3325227240546802,-0.5953764506673592,0.13541770519248952,1.0,0
0.8054172892043019,1.0619922604587229,-0.044670184280685594,-0.682581078947164,-0.33778318405790814,-0.37952508199787327,-1.0001358462071037,0.035530488521046066,-0.23189613379288193,-0.22507379266406463,-0.15112947814982725,-0.9430248318429559,-1.1449986462104833,-0.19208647565588316,-0.5912477787425927,-0.44101733506029156,0.4560384557833565,0.45603845578335656,-0.2911273600927219,1.0,0
-0.3222764005059644,-0.6187022772198708,0.7918805395212415,-0.682581078947164,-0.33778318405790814,-0.37952508199787327,-0.9430248318429559,-0.7514889346333069,-0.23189613379288193,-0.22507379266406463,-0.15112947814982725,-0.7716917887505124,1.2160596232525756,0.7102878896850969,-0.2854222306937127,-0.6588318370391487,-0.5953764506673591,1.2445996356213933,0.9885078357629123,-1.0,0
1.9331109789145682,0.5017607478991917,-0.4629455461816491,-0.682581078947164,-0.33778318405790814,-0.37952508199787327,-0.885913817478808,-0.3579792230561304,-0.23189613379288193,-0.22507379266406463,-0.15112947814982725,-1.1714688892995473,-1.1449986462104833,-0.5654827647624957,-0.43833500471815257,0.08796074117407617,-0.06966899744200131,0.45603845578335656,0.5619627704777009,1.0,0
-1.4499700902162307,-0.8054461147397145,-0.4629455461816491,-0.682581078947164,-0.33778318405790814,-0.37952508199787327,-0.8288028031146603,-0.3579792230561304,-0.23189613379288193,-0.22507379266406463,-0.15112947814982725,-0.20058164510903378,1.2160596232525756,4.755414355006732,2.9257460238195288,-0.8019670811966837,-0.5953764506673591,2.0331608154594303,-0.2911273600927219,-1.0,1
0.8054172892043019,0.1282730728595042,0.7918805395212415,-0.682581078947164,-0.33778318405790814,-0.37952508199787327,-0.6574697600222167,0.4290402000982225,-0.23189613379288193,-0.22507379266406463,-0.15112947814982725,-0.4290257025656252,1.2160596232525756,-0.3943427989219649,-0.7441605527670326,-0.2232028330814342,-0.5953764506673591,-0.33252272405468025,-0.7176724253779333,1.0,1
0.8054172892043019,1.0619922604587229,1.6284312633231686,0.8391905905670761,-0.33778318405790814,-0.37952508199787327,-0.48613671692977306,1.2160596232525756,-0.23189613379288193,-0.22507379266406463,-0.15112947814982725,-0.885913817478808,0.4290402000982225,-0.3165519053580873,-0.7441605527670326,-0.3165519053580873,0.1931847291706776,0.45603845578335656,-0.7176724253779333,-1.0,0
1.127615486264378,-0.8054461147397145,-0.4629455461816491,-0.682581078947164,-0.33778318405790814,-0.37952508199787327,-0.4290257025656252,1.2160596232525756,-0.23189613379288193,-0.22507379266406463,-0.15112947814982725,-0.6003587456580688,-0.3579792230561304,-0.47213369248584247,-0.5912477787425927,-0.12985376080478117,0.1931847291706776,-0.06966899744200132,-0.7176724253779333,1.0,-1
-0.8861232453610975,-0.6187022772198708,-1.2994962699835761,0.8391905905670761,-0.33778318405790814,-0.37952508199787327,-0.4290257025656252,0.035530488521046066,-0.23189613379288193,-0.22507379266406463,-0.15112947814982725,-0.6574697600222167,-0.7514889346333069,-0.2232028330814342,-0.6677041657548128,-0.4099009776347405,-0.858230177280038,-0.8582301772800381,-1.1442174906631448,-1.0,-1
-0.8861232453610975,-0.8054461147397145,-0.8812209080826127,-0.682581078947164,-0.33778318405790814,-0.37952508199787327,-0.4290257025656252,-1.1449986462104833,-0.23189613379288193,-0.22507379266406463,-0.15112947814982725,-0.14347063074488592,0.035530488521046066,0.8658696768128521,0.11979662047105363,-0.6899481944646998,-0.5953764506673591,1.7703070888467514,0.13541770519248952,-1.0,-1
0.8859668384693209,0.8752484229388792,0.7918805395212415,0.8391905905670761,-0.33778318405790814,-0.37952508199787327,-0.4290257025656252,-1.53850835778766,-0.23189613379288193,-0.22507379266406463,-0.15112947814982725,-0.3148036738373295,-0.3579792230561304,-0.44101733506029156,-0.7441605527670326,-0.12985376080478117,-0.5953764506673591,0.45603845578335656,2.2681430316185467,1.0,1
0.7248677399392829,-0.6187022772198708,0.7918805395212415,-0.682581078947164,-0.33778318405790814,-0.37952508199787327,-0.25769265947318165,-0.3579792230561304,-0.23189613379288193,-0.22507379266406463,-0.15112947814982725,-0.4290257025656252,-0.7514889346333069,-0.48769187119861807,-0.6677041657548128,-0.06762104595367903,-0.06966899744200131,1.5074533622340722,-0.2911273600927219,1.0,0
-0.8055736960960785,-1.5524214648190895,-1.7177716318845397,-0.682581078947164,-0.33778318405790814,-0.37952508199787327,-0.029248602016590203,1.2160596232525756,3.886259345632435,-0.22507379266406463,6.616842804212003,0.4847505272607405,1.2160596232525756,0.32133342186570896,-0.2854222306937127,-0.6214922081284875,-0.5953764506673591,2.0331608154594303,0.13541770519248952,-1.0,-1
0.08047134581913068,1.0619922604587229,0.37360517762027795,-0.682581078947164,2.610663253057731,2.288808259011065,-0.029248602016590203,0.035530488521046066,-0.23189613379288193,-0.22507379266406463,-0.15112947814982725,-0.7716917887505124,-1.53850835778766,-0.6432736583263733,-0.3236504241998226,0.5547061025573418,-0.3325227240546802,-0.8582301772800381,-0.2911273600927219,1.0,1
0.9665163877343399,1.8089676105380978,0.7918805395212415,2.3609622600813163,-0.33778318405790814,-0.37952508199787327,0.14208444107585336,0.822549911675399,-0.23189613379288193,-0.22507379266406463,-0.15112947814982725,0.5989725559890362,0.822549911675399,-0.19208647565588316,-0.5912477787425927,-0.44101733506029156,0.1931847291706776,0.45603845578335656,1.4150529010481239,1.0,-1
-1.0472223438911357,-1.7391653023389333,-1.2994962699835761,-0.682581078947164,-0.33778318405790814,-0.37952508199787327,0.14208444107585336,-0.3579792230561304,-0.23189613379288193,4.1906596634118705,-0.15112947814982725,0.19919545544000122,1.2160596232525756,0.025728026322974037,-0.6677041657548128,-0.5188082286241692,-0.3325227240546802,-0.5953764506673592,0.5619627704777009,-1.0,0
-0.5639250483010215,-0.8054461147397145,0.37360517762027795,-0.682581078947164,-0.33778318405790814,-0.37952508199787327,0.19919545544000122,0.035530488521046066,-0.23189613379288193,-0.22507379266406463,-0.15112947814982725,1.3985267570871063,0.035530488521046066,0.7102878896850969,0.02040331735516768,-0.6806132872370344,-0.06966899744200131,2.0331608154594303,-0.7176724253779333,1.0,-1
1.6109127818544922,-0.05847076466033954,0.37360517762027795,0.8391905905670761,-0.33778318405790814,2.288808259011065,0.19919545544000122,-1.1449986462104833,-0.23189613379288193,-0.22507379266406463,-0.15112947814982725,-0.4290257025656252,0.822549911675399,-0.48769187119861807,-0.7059323592609227,-0.06762104595367903,-0.06966899744200131,-0.8582301772800381,-0.2911273600927219,-1.0,0
0.6443181906742638,-1.1789337897794019,-0.4629455461816491,-0.682581078947164,-0.33778318405790814,-0.37952508199787327,0.25630646980414906,-0.7514889346333069,-0.23189613379288193,-0.22507379266406463,-0.15112947814982725,-0.029248602016590203,-1.53850835778766,-0.2232028330814342,-0.8206169397792528,-0.363226441496414,-1.121083903892717,-1.1210839038927172,-0.7176724253779333,-1.0,0
-0.6444745975660405,-0.9921899522595582,-1.7177716318845397,-0.682581078947164,-0.33778318405790814,-0.37952508199787327,0.31341748416829696,-0.7514889346333069,-0.23189613379288193,-0.22507379266406463,-0.15112947814982725,1.3414157427229585,0.035530488521046066,0.5547061025573418,-0.2854222306937127,-0.6432736583263733,-0.06966899744200131,2.296014542072109,-1.1442174906631448,1.0,-1
0.32211999361418775,-0.9921899522595582,0.37360517762027795,-0.682581078947164,-0.33778318405790814,-0.37952508199787327,-0.20058164510903378,0.035530488521046066,-0.23189613379288193,-0.22507379266406463,-0.15112947814982725,-0.5432477312939209,-1.1449986462104833,-0.44101733506029156,-0.6677041657548128,-0.19208647565588316,-0.06966899744200131,-0.33252272405468025,0.13541770519248952,-1.0,1
0.7248677399392829,-0.2452146021801833,-0.044670184280685594,2.3609622600813163,-0.33778318405790814,-0.37952508199787327,0.31341748416829696,-0.7514889346333069,-0.23189613379288193,4.1906596634118705,-0.15112947814982725,0.027862412347557656,0.035530488521046066,-0.5654827647624957,-0.43833500471815257,0.08796074117407617,0.1931847291706776,0.45603845578335656,-0.2911273600927219,1.0,0
-1.0472223438911357,-0.2452146021801833,1.210155901422205,-0.682581078947164,2.610663253057731,2.288808259011065,0.3705284985324448,-0.7514889346333069,-0.23189613379288193,-0.22507379266406463,-0.15112947814982725,1.112971685266367,0.822549911675399,-0.0987374033792301,-0.8206169397792528,-0.44101733506029156,-0.3325227240546802,-0.33252272405468025,-0.7176724253779333,-1.0,1
-1.8527178365413257,-0.9921899522595582,-1.2994962699835761,-0.682581078947164,-0.33778318405790814,-0.37952508199787327,0.5418615416248884,0.035530488521046066,-0.23189613379288193,-0.22507379266406463,-0.15112947814982725,2.5978580587342113,0.822549911675399,1.9549421867071386,0.6320544134529278,-0.7428460020881366,-0.3325227240546802,2.0331608154594303,-0.2911273600927219,1.0,0
-1.4499700902162307,-1.3656776272992457,-0.044670184280685594,0.8391905905670761,2.610663253057731,2.288808259011065,0.5989725559890362,0.035530488521046066,-0.23189613379288193,-0.22507379266406463,-0.15112947814982725,1.912525886364437,2.0030790464069286,0.08796074117407617,-0.5912477787425927,-0.5499245860497202,-0.5953764506673591,1.2445996356213933,1.4150529010481239,1.0,1
-0.08062775271090736,-0.431958439700027,-0.8812209080826127,-0.682581078947164,-0.33778318405790814,2.288808259011065,0.7703055990814798,0.035530488521046066,-0.23189613379288193,-0.22507379266406463,-0.15112947814982725,1.0558606709022191,0.035530488521046066,-0.25431919050698526,-0.6677041657548128,-0.4192358848624057,0.4560384557833565,0.45603845578335656,0.13541770519248952,-1.0,-1
1.047065936999359,-0.431958439700027,-0.8812209080826127,-0.682581078947164,-0.33778318405790814,-0.37952508199787327,0.5989725559890362,0.4290402000982225,-0.23189613379288193,-0.22507379266406463,-0.15112947814982725,0.42763951289659263,0.822549911675399,-0.14541193951755663,-0.5912477787425927,-0.456575513773067,-0.06966899744200131,0.45603845578335656,0.9885078357629123,-1.0,-1
0.24157044434916872,0.8752484229388792,1.210155901422205,-0.682581078947164,-0.33778318405790814,-0.37952508199787327,0.7703055990814798,-0.3579792230561304,-0.23189613379288193,-0.22507379266406463,-0.15112947814982725,0.5418615416248884,0.035530488521046066,-0.5188082286241692,-0.5147913917303727,-0.06762104595367903,-0.858230177280038,-0.5953764506673592,-1.1442174906631448,1.0,0
0.9665163877343399,0.3150169103793479,0.37360517762027795,-0.682581078947164,-0.33778318405790814,-0.37952508199787327,0.8274166134456277,-1.1449986462104833,-0.23189613379288193,-0.22507379266406463,-0.15112947814982725,0.9416386421739233,0.035530488521046066,-0.19208647565588316,-0.6677041657548128,-0.4099009776347405,-0.06966899744200131,1.5074533622340722,0.13541770519248952,-1.0,1
1.369264134059435,0.3150169103793479,0.7918805395212415,0.8391905905670761,2.610663253057731,2.288808259011065,0.9987496565380712,0.035530488521046066,-0.23189613379288193,-0.22507379266406463,-0.15112947814982725,-0.029248602016590203,-1.53850835778766,-0.6432736583263733,-0.13250945666927252,0.39912431542958654,0.1931847291706776,-0.33252272405468025,0.13541770519248952,1.0,1
0.08047134581913068,0.6885045854190354,-0.044670184280685594,-0.682581078947164,-0.33778318405790814,-0.37952508199787327,1.1700826996305147,1.2160596232525756,-0.23189613379288193,-0.22507379266406463,-0.15112947814982725,1.1700826996305147,1.2160596232525756,0.010169847610198573,-0.5147913917303727,-0.5343664073369446,0.1931847291706776,0.1931847291706776,-0.7176724253779333,-1.0,0
0.5637686414092448,-0.9921899522595582,0.37360517762027795,-0.682581078947164,-0.33778318405790814,-0.37952508199787327,0.7703055990814798,-0.3579792230561304,-0.23189613379288193,-0.22507379266406463,-0.15112947814982725,0.3705284985324448,0.035530488521046066,0.1906447206783946,-0.5912477787425927,-0.5654827647624957,-0.3325227240546802,0.45603845578335656,2.2681430316185467,-1.0,-1
-0.8861232453610975,-1.1789337897794019,-0.4629455461816491,-0.682581078947164,-0.33778318405790814,-0.37952508199787327,1.2271937139946627,1.2160596232525756,-0.23189613379288193,-0.22507379266406463,-0.15112947814982725,1.9696369007285848,0.035530488521046066,-0.2232028330814342,-0.43833500471815257,-0.456575513773067,-0.5953764506673591,2.0331608154594303,0.13541770519248952,1.0,1
-1.1277718931561547,-0.8054461147397145,-0.4629455461816491,-0.682581078947164,-0.33778318405790814,-0.37952508199787327,-1.3428019323919909,-1.53850835778766,-0.23189613379288193,-0.22507379266406463,-0.15112947814982725,-1.3428019323919909,-1.53850835778766,0.08796074117407617,-0.5912477787425927,-0.5499245860497202,-1.121083903892717,-1.1210839038927172,-1.1442174906631448,1.0,1
-0.2417268512409454,0.3150169103793479,-0.4629455461816491,0.8391905905670761,-0.33778318405790814,-0.37952508199787327,-1.1714688892995473,-0.3579792230561304,-0.23189613379288193,-0.22507379266406463,-0.15112947814982725,-1.3428019323919909,-1.53850835778766,-0.26365409773465054,-0.7441605527670326,-0.363226441496414,-1.121083903892717,-1.1210839038927172,-1.1442174906631448,-1.0,0
0.32211999361418775,-0.6187022772198708,-0.8812209080826127,-0.682581078947164,-0.33778318405790814,-0.37952508199787327,-1.1143578749353995,0.035530488521046066,-0.23189613379288193,-0.22507379266406463,-0.15112947814982725,-1.1714688892995473,-0.3579792230561304,0.025728026322974037,-0.43833500471815257,-0.5499245860497202,-1.121083903892717,-1.1210839038927172,-1.1442174906631448,-1.0,0
-0.7250241468310595,-0.9921899522595582,-1.2994962699835761,-0.682581078947164,-0.33778318405790814,-0.37952508199787327,-1.0572468605712517,0.4290402000982225,-0.23189613379288193,-0.22507379266406463,-0.15112947814982725,-1.0001358462071037,0.822549911675399,-0.28543554793253634,-0.7441605527670326,-0.3414449912985281,-1.121083903892717,-1.1210839038927172,-1.1442174906631448,1.0,-1
-0.9666727946261165,-0.8054461147397145,-0.8812209080826127,-0.682581078947164,2.610663253057731,2.288808259011065,-1.0572468605712517,-0.7514889346333069,3.886259345632435,-0.22507379266406463,6.616842804212003,-1.1714688892995473,-0.3579792230561304,0.39912431542958654,-0.7059323592609227,-0.5872642149603814,-1.121083903892717,-1.1210839038927172,-1.1442174906631448,-1.0,1
-1.3694205409512117,-0.05847076466033954,-0.4629455461816491,-0.682581078947164,-0.33778318405790814,-0.37952508199787327,-0.885913817478808,0.035530488521046066,-0.23189613379288193,-0.22507379266406463,-0.15112947814982725,-0.6003587456580688,1.2160596232525756,1.0214514639406074,0.24977247839182762,-0.7055063731774752,-1.121083903892717,-1.1210839038927172,-1.1442174906631448,1.0,0
-0.7250241468310595,0.1282730728595042,0.7918805395212415,0.8391905905670761,-0.33778318405790814,-0.37952508199787327,-0.8288028031146603,0.035530488521046066,-0.23189613379288193,-0.22507379266406463,-0.15112947814982725,-0.7145807743863645,0.035530488521046066,0.32133342186570896,-0.3236504241998226,-0.6121573009008222,-1.121083903892717,-1.1210839038927172,-1.1442174906631448,-1.0,1
-0.40282594977098346,0.8752484229388792,0.7918805395212415,-0.682581078947164,-0.33778318405790814,-0.37952508199787327,-0.6574697600222167,1.2160596232525756,-0.23189613379288193,-0.22507379266406463,-0.15112947814982725,-0.4290257025656252,0.822549911675399,0.8658696768128521,-0.2854222306937127,-0.668166744266814,-1.121083903892717,-1.1210839038927172,-1.1442174906631448,1.0,-1
0.32211999361418775,0.5017607478991917,0.37360517762027795,-0.682581078947164,-0.33778318405790814,-0.37952508199787327,-0.6574697600222167,0.035530488521046066,-0.23189613379288193,-0.22507379266406463,-0.15112947814982725,-0.7145807743863645,0.4290402000982225,-0.3414449912985281,-0.6677041657548128,-0.3165519053580873,-1.121083903892717,-1.1210839038927172,-1.1442174906631448,1.0,-1
0.7248677399392829,-0.05847076466033954,-0.044670184280685594,0.8391905905670761,-0.33778318405790814,-0.37952508199787327,-0.6574697600222167,-0.3579792230561304,-0.23189613379288193,-0.22507379266406463,-0.15112947814982725,-1.1143578749353995,-0.7514889346333069,-0.3009937266453118,-0.6677041657548128,-0.3476682627836383,-1.121083903892717,-1.1210839038927172,-1.1442174906631448,-1.0,-1
1.127615486264378,1.2487360979785667,1.210155901422205,-0.682581078947164,-0.33778318405790814,-0.37952508199787327,-0.6574697600222167,-1.53850835778766,-0.23189613379288193,-0.22507379266406463,-0.15112947814982725,-1.2285799036636953,-1.1449986462104833,-0.6588318370391487,-0.13250945666927252,0.6324969961212193,-1.121083903892717,-1.1210839038927172,-1.1442174906631448,1.0,-1
-0.2417268512409454,-0.431958439700027,-0.4629455461816491,0.8391905905670761,-0.33778318405790814,-0.37952508199787327,-0.6574697600222167,-1.53850835778766,-0.23189613379288193,-0.22507379266406463,-0.15112947814982725,-1.0572468605712517,-0.7514889346333069,-0.3165519053580873,-0.5912477787425927,-0.3414449912985281,-1.121083903892717,-1.1210839038927172,-1.1442174906631448,-1.0,0
-0.8055736960960785,-1.3656776272992457,-0.4629455461816491,-0.682581078947164,2.610663253057731,2.288808259011065,-0.6003587456580688,-1.1449986462104833,-0.23189613379288193,-0.22507379266406463,-0.15112947814982725,-0.48613671692977306,-1.1449986462104833,-0.456575513773067,-0.7441605527670326,-0.0987374033792301,-1.121083903892717,-1.1210839038927172,-1.1442174906631448,1.0,1
0.24157044434916872,-1.1789337897794019,-0.8812209080826127,-0.682581078947164,-0.33778318405790814,-0.37952508199787327,-0.4290257025656252,0.035530488521046066,-0.23189613379288193,4.1906596634118705,-0.15112947814982725,-0.25769265947318165,0.035530488521046066,0.4769152089934642,0.02040331735516768,-0.6588318370391487,-1.121083903892717,-1.1210839038927172,-1.1442174906631448,-1.0,-1
-1.0472223438911357,-0.6187022772198708,-0.4629455461816491,0.8391905905670761,-0.33778318405790814,-0.37952508199787327,-0.4290257025656252,0.035530488521046066,-0.23189613379288193,-0.22507379266406463,-0.15112947814982725,-0.48613671692977306,0.035530488521046066,0.025728026322974037,-0.43833500471815257,-0.5499245860497202,-1.121083903892717,-1.1210839038927172,-1.1442174906631448,-1.0,0
1.047065936999359,0.1282730728595042,-0.044670184280685594,-0.682581078947164,2.610663253057731,2.288808259011065,-0.37191468820147733,0.035530488521046066,-0.23189613379288193,-0.22507379266406463,-0.15112947814982725,-0.6003587456580688,-1.53850835778766,-0.456575513773067,-0.6677041657548128,-0.12985376080478117,-1.121083903892717,-1.1210839038927172,-1.1442174906631448,1.0,1
-7.820344588833574e-05,0.6885045854190354,0.37360517762027795,-0.682581078947164,-0.33778318405790814,-0.37952508199787327,-0.20058164510903378,-0.3579792230561304,-0.23189613379288193,-0.22507379266406463,-0.15112947814982725,-0.20058164510903378,-1.53850835778766,0.1501934560251783,-0.5912477787425927,-0.5654827647624957,-1.121083903892717,-0.8582301772800381,-1.1442174906631448,-1.0,-1
-2.094366484336383,-1.1789337897794019,-0.8812209080826127,-0.682581078947164,-0.33778318405790814,-0.37952508199787327,-0.20058164510903378,-1.53850835778766,-0.23189613379288193,-0.22507379266406463,-0.15112947814982725,1.3414157427229585,2.0030790464069286,4.755414355006732,2.9257460238195288,-0.8019670811966837,-1.121083903892717,-1.1210839038927172,-1.1442174906631448,1.0,-1
-0.40282594977098346,-0.431958439700027,-0.044670184280685594,-0.682581078947164,-0.33778318405790814,-0.37952508199787327,-0.20058164510903378,-1.53850835778766,-0.23189613379288193,-0.22507379266406463,-0.15112947814982725,0.14208444107585336,0.035530488521046066,-0.2232028330814342,-0.6677041657548128,-0.4099009776347405,-1.121083903892717,-1.1210839038927172,-0.7176724253779333,1.0,1
0.1610208950841497,-1.3656776272992457,-0.044670184280685594,-0.682581078947164,-0.33778318405790814,-0.37952508199787327,-0.20058164510903378,0.035530488521046066,-0.23189613379288193,4.1906596634118705,-0.15112947814982725,-0.37191468820147733,-0.7514889346333069,-0.03650468852812796,-0.5912477787425927,-0.5188082286241692,-1.121083903892717,-1.1210839038927172,-1.1442174906631448,-1.0,-1
-1.4499700902162307,-1.1789337897794019,-1.2994962699835761,-0.682581078947164,-0.33778318405790814,-0.37952508199787327,-0.029248602016590203,-0.3579792230561304,-0.23189613379288193,-0.22507379266406463,-0.15112947814982725,1.2271937139946627,0.035530488521046066,1.9549421867071386,1.014336348514028,-0.752180909315802,-1.121083903892717,-1.1210839038927172,-0.7176724253779333,-1.0,-1
-0.48337549903600247,1.0619922604587229,2.046706625224132,-0.682581078947164,-0.33778318405790814,-0.37952508199787327,-0.20058164510903378,0.035530488521046066,-0.23189613379288193,-0.22507379266406463,-0.15112947814982725,0.19919545544000122,2.0030790464069286,0.24354252830183137,-0.3618786177059325,-0.5965991221880467,-1.121083903892717,-1.1210839038927172,-1.1442174906631448,1.0,-1
-7.820344588833574e-05,-0.2452146021801833,-1.2994962699835761,0.8391905905670761,-0.33778318405790814,-0.37952508199787327,-0.029248602016590203,-0.3579792230561304,-0.23189613379288193,-0.22507379266406463,-0.15112947814982725,0.5989725559890362,0.822549911675399,-0.16097011823033208,-1.049986100815913,-0.3476682627836383,-0.858230177280038,-1.1210839038927172,-1.1442174906631448,1.0,-1
-1.9332673858063447,-1.1789337897794019,-0.8812209080826127,-0.682581078947164,-0.33778318405790814,-0.37952508199787327,-0.029248602016590203,-0.3579792230561304,-0.23189613379288193,-0.22507379266406463,-0.15112947814982725,1.912525886364437,1.2160596232525756,6.000068652028773,4.072591829002829,-0.8144136241669039,-1.121083903892717,-0.8582301772800381,-1.1442174906631448,-1.0,-1
-0.6444745975660405,-0.6187022772198708,-0.8812209080826127,-0.682581078947164,-0.33778318405790814,-0.37952508199787327,-0.029248602016590203,-1.53850835778766,-0.23189613379288193,-0.22507379266406463,-0.15112947814982725,0.25630646980414906,-0.7514889346333069,-0.363226441496414,-0.8206169397792528,-0.2232028330814342,-1.121083903892717,-1.1210839038927172,-0.7176724253779333,1.0,0
-1.2888709916861927,-1.1789337897794019,-0.8812209080826127,-0.682581078947164,-0.33778318405790814,-0.37952508199787327,0.027862412347557656,-1.1449986462104833,-0.23189613379288193,-0.22507379266406463,-0.15112947814982725,1.2271937139946627,1.2160596232525756,1.3326150381961177,0.02040331735516768,-0.7086180089200305,-0.858230177280038,-1.1210839038927172,-1.1442174906631448,-1.0,-1
-1.0472223438911357,-1.1789337897794019,-1.2994962699835761,-0.682581078947164,-0.33778318405790814,-0.37952508199787327,0.027862412347557656,-1.1449986462104833,3.886259345632435,-0.22507379266406463,-0.15112947814982725,0.08497342671170552,1.2160596232525756,-0.3787846202091894,-0.7441605527670326,-0.2232028330814342,-1.121083903892717,-1.1210839038927172,-0.7176724253779333,1.0,-1
-0.8055736960960785,-0.8054461147397145,-0.044670184280685594,-0.682581078947164,5.559109690173369,4.9571416000200035,0.027862412347557656,-1.1449986462104833,-0.23189613379288193,-0.22507379266406463,-0.15112947814982725,-0.37191468820147733,-1.53850835778766,-0.3787846202091894,-0.8206169397792528,-0.25431919050698526,-1.121083903892717,-0.8582301772800381,-1.1442174906631448,-1.0,1
0.40266954287920675,-0.05847076466033954,-0.8812209080826127,-0.682581078947164,2.610663253057731,2.288808259011065,0.19919545544000122,-0.3579792230561304,-0.23189613379288193,-0.22507379266406463,-0.15112947814982725,0.08497342671170552,0.035530488521046066,-0.48769187119861807,-0.7441605527670326,-0.03650468852812796,-1.121083903892717,-0.8582301772800381,-1.1442174906631448,1.0,1
-0.16117730197592636,0.5017607478991917,0.7918805395212415,-0.682581078947164,-0.33778318405790814,-0.37952508199787327,0.3705284985324448,0.822549911675399,-0.23189613379288193,-0.22507379266406463,-0.15112947814982725,0.8274166134456277,0.035530488521046066,-0.0987374033792301,-0.5912477787425927,-0.48769187119861807,-1.121083903892717,-0.8582301772800381,-1.1442174906631448,-1.0,-1
-1.6110691887462687,0.8752484229388792,0.7918805395212415,0.8391905905670761,-0.33778318405790814,-0.37952508199787327,0.3705284985324448,0.822549911675399,-0.23189613379288193,-0.22507379266406463,-0.15112947814982725,2.0838589294568806,2.0030790464069286,1.9549421867071386,0.6320544134529278,-0.7428460020881366,-1.121083903892717,-0.8582301772800381,-1.1442174906631448,-1.0,1
-0.2417268512409454,0.5017607478991917,1.210155901422205,-0.682581078947164,-0.33778318405790814,-0.37952508199787327,0.5418615416248884,0.822549911675399,-0.23189613379288193,-0.22507379266406463,-0.15112947814982725,1.5698598001795498,0.822549911675399,-0.3414449912985281,-0.6677041657548128,-0.3414449912985281,-0.858230177280038,-1.1210839038927172,-1.1442174906631448,1.0,1
-7.820344588833574e-05,0.6885045854190354,0.37360517762027795,-0.682581078947164,-0.33778318405790814,-0.37952508199787327,0.713194584717332,0.822549911675399,-0.23189613379288193,-0.22507379266406463,-0.15112947814982725,-0.029248602016590203,-1.1449986462104833,-0.363226441496414,-0.6677041657548128,-0.3165519053580873,-0.858230177280038,-1.1210839038927172,-1.1442174906631448,-1.0,1
-0.48337549903600247,0.5017607478991917,-1.2994962699835761,0.8391905905670761,-0.33778318405790814,-0.37952508199787327,0.8845276278097756,2.0030790464069286,-0.23189613379288193,-0.22507379266406463,-0.15112947814982725,2.0838589294568806,0.822549911675399,0.1906447206783946,-0.5147913917303727,-0.5810409434752711,-1.121083903892717,-0.8582301772800381,-1.1442174906631448,1.0,0
-1.0472223438911357,-0.05847076466033954,-0.044670184280685594,0.8391905905670761,-0.33778318405790814,-0.37952508199787327,0.9416386421739233,1.2160596232525756,-0.23189613379288193,-0.22507379266406463,-0.15112947814982725,1.7411928432719934,-0.3579792230561304,0.24354252830183137,-0.13250945666927252,-0.6214922081284875,-1.121083903892717,-0.8582301772800381,-1.1442174906631448,-1.0,-1
-0.7250241468310595,1.0619922604587229,0.37360517762027795,0.8391905905670761,-0.33778318405790814,-0.37952508199787327,0.9416386421739233,0.035530488521046066,-0.23189613379288193,-0.22507379266406463,-0.15112947814982725,0.9416386421739233,0.035530488521046066,-0.48769187119861807,-0.5147913917303727,-0.12985376080478117,-1.121083903892717,-0.8582301772800381,-1.1442174906631448,1.0,1
1.7720118803845302,1.0619922604587229,0.7918805395212415,0.8391905905670761,-0.33778318405790814,-0.37952508199787327,1.112971685266367,0.035530488521046066,-0.23189613379288193,-0.22507379266406463,-0.15112947814982725,0.8845276278097756,0.822549911675399,-0.06762104595367903,-0.43833500471815257,-0.5188082286241692,-0.858230177280038,-1.1210839038927172,-1.1442174906631448,-1.0,1
-0.08062775271090736,0.3150169103793479,0.37360517762027795,-0.682581078947164,-0.33778318405790814,-0.37952508199787327,1.2843047283588105,0.822549911675399,3.886259345632435,-0.22507379266406463,6.616842804212003,0.6560835703531841,-1.1449986462104833,-0.3943427989219649,-0.2854222306937127,-0.3414449912985281,-1.121083903892717,-1.1210839038927172,-0.7176724253779333,1.0,-1
0.9665163877343399,-0.431958439700027,-1.2994962699835761,0.8391905905670761,2.610663253057731,2.288808259011065,-1.3428019323919909,-1.53850835778766,-0.23189613379288193,-0.22507379266406463,-0.15112947814982725,-1.3428019323919909,-1.53850835778766,-0.4192358848624057,-0.7441605527670326,-0.19208647565588316,-0.858230177280038,-0.33252272405468025,-1.1442174906631448,-1.0,-1
-0.2417268512409454,-0.6187022772198708,-1.2994962699835761,-0.682581078947164,2.610663253057731,2.288808259011065,-1.3428019323919909,-1.53850835778766,-0.23189613379288193,-0.22507379266406463,-0.15112947814982725,-1.3428019323919909,-1.53850835778766,-0.5965991221880467,-0.3236504241998226,0.1906447206783946,-0.3325227240546802,0.45603845578335656,1.8415979663333353,1.0,1
-0.3222764005059644,-0.9921899522595582,0.37360517762027795,-0.682581078947164,-0.33778318405790814,-0.37952508199787327,-1.1714688892995473,-0.3579792230561304,-0.23189613379288193,-0.22507379266406463,-0.15112947814982725,-1.1143578749353995,0.035530488521046066,-0.5499245860497202,-0.43833500471815257,0.025728026322974037,-1.121083903892717,-1.1210839038927172,-1.1442174906631448,1.0,0
-0.5639250483010215,1.0619922604587229,0.7918805395212415,-0.682581078947164,-0.33778318405790814,-0.37952508199787327,-1.1143578749353995,0.035530488521046066,-0.23189613379288193,-0.22507379266406463,-0.15112947814982725,-0.9430248318429559,1.2160596232525756,2.266105760962649,1.014336348514028,-0.758404180800912,-0.3325227240546802,1.5074533622340722,0.13541770519248952,-1.0,-1
0.40266954287920675,0.5017607478991917,-0.4629455461816491,0.8391905905670761,-0.33778318405790814,-0.37952508199787327,-1.1143578749353995,0.035530488521046066,-0.23189613379288193,-0.22507379266406463,-0.15112947814982725,-0.7716917887505124,1.2160596232525756,-0.4099009776347405,-0.6677041657548128,-0.2232028330814342,-0.06966899744200131,0.45603845578335656,1.4150529010481239,1.0,1
-0.7250241468310595,-0.9921899522595582,-0.4629455461816491,0.8391905905670761,-0.33778318405790814,-0.37952508199787327,-0.9430248318429559,0.035530488521046066,-0.23189613379288193,-0.22507379266406463,-0.15112947814982725,-0.6003587456580688,2.0030790464069286,1.3326150381961177,0.8231953809834779,-0.7335110948604712,-1.121083903892717,2.296014542072109,0.13541770519248952,-1.0,1
-0.48337549903600247,0.3150169103793479,-0.4629455461816491,-0.682581078947164,-0.33778318405790814,-0.37952508199787327,-0.7716917887505124,0.822549911675399,-0.23189613379288193,4.1906596634118705,-0.15112947814982725,-0.8288028031146603,-1.53850835778766,-0.0987374033792301,-0.43833500471815257,-0.5032500499113935,-0.5953764506673591,2.296014542072109,-0.7176724253779333,-1.0,-1
-0.16117730197592636,0.3150169103793479,0.37360517762027795,-0.682581078947164,-0.33778318405790814,-0.37952508199787327,-0.7716917887505124,0.822549911675399,-0.23189613379288193,-0.22507379266406463,-0.15112947814982725,-0.8288028031146603,0.822549911675399,-0.48769187119861807,-0.7059323592609227,-0.06762104595367903,-0.3325227240546802,-0.33252272405468025,-0.2911273600927219,1.0,-1
-0.2417268512409454,-0.431958439700027,-0.044670184280685594,0.8391905905670761,-0.33778318405790814,-0.37952508199787327,-0.7716917887505124,-0.3579792230561304,-0.23189613379288193,-0.22507379266406463,-0.15112947814982725,-0.7145807743863645,0.4290402000982225,0.1501934560251783,-0.3236504241998226,-0.5872642149603814,0.1931847291706776,1.5074533622340722,-0.7176724253779333,-1.0,-1
-0.5639250483010215,-0.6187022772198708,-0.4629455461816491,-0.682581078947164,-0.33778318405790814,-0.37952508199787327,-0.7716917887505124,-1.53850835778766,3.886259345632435,-0.22507379266406463,-0.15112947814982725,-0.37191468820147733,0.822549911675399,-0.28543554793253634,-0.5147913917303727,-0.3943427989219649,-0.06966899744200131,0.1931847291706776,0.9885078357629123,1.0,-1
-0.48337549903600247,0.3150169103793479,-0.4629455461816491,0.8391905905670761,-0.33778318405790814,-0.37952508199787327,-0.7716917887505124,-1.53850835778766,-0.23189613379288193,-0.22507379266406463,-0.15112947814982725,-0.7145807743863645,1.2160596232525756,0.010169847610198573,-0.43833500471815257,-0.5499245860497202,-0.5953764506673591,0.7188921823960355,0.13541770519248952,-1.0,-1
-0.9666727946261165,-0.6187022772198708,0.37360517762027795,-0.682581078947164,-0.33778318405790814,-0.37952508199787327,-0.7716917887505124,-1.53850835778766,-0.23189613379288193,-0.22507379266406463,-0.15112947814982725,-0.37191468820147733,-0.7514889346333069,-0.3943427989219649,-0.6677041657548128,-0.25431919050698526,-0.858230177280038,-0.8582301772800381,-0.2911273600927219,1.0,1
-1.1277718931561547,-0.431958439700027,-0.4629455461816491,2.3609622600813163,-0.33778318405790814,-0.37952508199787327,-0.6003587456580688,-0.3579792230561304,-0.23189613379288193,-0.22507379266406463,-0.15112947814982725,-0.4290257025656252,1.2160596232525756,-0.12985376080478117,-0.5912477787425927,-0.47213369248584247,-0.06966899744200131,0.1931847291706776,-0.7176724253779333,-1.0,1
-1.1277718931561547,-0.6187022772198708,-0.4629455461816491,-0.682581078947164,-0.33778318405790814,-0.37952508199787327,-0.4290257025656252,0.822549911675399,-0.23189613379288193,-0.22507379266406463,-0.15112947814982725,0.31341748416829696,2.0030790464069286,1.643778612451628,0.8231953809834779,-0.7428460020881366,-0.5953764506673591,2.296014542072109,-0.7176724253779333,1.0,-1
-0.7250241468310595,0.1282730728595042,-0.044670184280685594,-0.682581078947164,-0.33778318405790814,-0.37952508199787327,-0.4290257025656252,0.822549911675399,-0.23189613379288193,-0.22507379266406463,-0.15112947814982725,-0.25769265947318165,0.035530488521046066,-0.4192358848624057,-0.5912477787425927,-0.2232028330814342,-0.5953764506673591,0.1931847291706776,-0.7176724253779333,1.0,1
-0.9666727946261165,-1.5524214648190895,-1.7177716318845397,0.8391905905670761,-0.33778318405790814,-0.37952508199787327,-0.25769265947318165,0.822549911675399,-0.23189613379288193,-0.22507379266406463,-0.15112947814982725,0.5989725559890362,2.0030790464069286,2.8884329094736696,2.1611821536973284,-0.7832972667413529,-0.3325227240546802,1.5074533622340722,-0.2911273600927219,-1.0,-1
-7.820344588833574e-05,0.8752484229388792,0.7918805395212415,-0.682581078947164,-0.33778318405790814,-0.37952508199787327,-0.25769265947318165,-0.3579792230561304,-0.23189613379288193,-0.22507379266406463,-0.15112947814982725,-0.7716917887505124,-1.1449986462104833,-0.456575513773067,-0.6677041657548128,-0.12985376080478117,0.7188921823960354,-0.5953764506673592,-0.7176724253779333,-1.0,1
-0.6444745975660405,-0.8054461147397145,-1.2994962699835761,-0.682581078947164,-0.33778318405790814,-0.37952508199787327,-0.029248602016590203,0.035530488521046066,-0.23189613379288193,-0.22507379266406463,-0.15112947814982725,0.8274166134456277,0.4290402000982225,0.4769152089934642,-0.2854222306937127,-0.6432736583263733,-0.3325227240546802,1.7703070888467514,0.13541770519248952,1.0,-1
0.40266954287920675,0.6885045854190354,0.37360517762027795,-0.682581078947164,-0.33778318405790814,-0.37952508199787327,0.14208444107585336,0.035530488521046066,-0.23189613379288193,-0.22507379266406463,-0.15112947814982725,-0.20058164510903378,-1.53850835778766,-0.4099009776347405,-0.6677041657548128,-0.2232028330814342,-1.121083903892717,-1.1210839038927172,-0.7176724253779333,-1.0,-1
0.32211999361418775,0.1282730728595042,2.046706625224132,-0.682581078947164,-0.33778318405790814,-0.37952508199787327,0.14208444107585336,-0.3579792230561304,-0.23189613379288193,-0.22507379266406463,-0.15112947814982725,0.7703055990814798,0.035530488521046066,-0.26365409773465054,-0.5147913917303727,-0.4099009776347405,-0.858230177280038,2.296014542072109,0.13541770519248952,1.0,0
-7.820344588833574e-05,-0.8054461147397145,-0.4629455461816491,2.3609622600813163,-0.33778318405790814,-0.37952508199787327,0.19919545544000122,0.035530488521046066,-0.23189613379288193,-0.22507379266406463,-0.15112947814982725,-0.029248602016590203,-0.3579792230561304,-0.3414449912985281,-0.7059323592609227,-0.3009937266453118,0.1931847291706776,0.45603845578335656,1.4150529010481239,-1.0,1
-0.8055736960960785,-0.05847076466033954,-0.044670184280685594,-0.682581078947164,-0.33778318405790814,-0.37952508199787327,0.3705284985324448,0.035530488521046066,3.886259345632435,-0.22507379266406463,6.616842804212003,-0.08635961638073807,0.822549911675399,-0.5965991221880467,-0.2854222306937127,0.1501934560251783,-0.858230177280038,-0.8582301772800381,-1.1442174906631448,1.0,0
0.9665163877343399,-0.2452146021801833,-1.2994962699835761,0.8391905905670761,-0.33778318405790814,-0.37952508199787327,0.42763951289659263,0.4290402000982225,-0.23189613379288193,-0.22507379266406463,-0.15112947814982725,-0.14347063074488592,1.2160596232525756,-0.3414449912985281,-0.6677041657548128,-0.3165519053580873,-0.06966899744200131,0.45603845578335656,1.8415979663333353,-1.0,-1
0.7248677399392829,1.4354799354984105,-1.2994962699835761,0.8391905905670761,-0.33778318405790814,-0.37952508199787327,0.42763951289659263,0.035530488521046066,-0.23189613379288193,-0.22507379266406463,-0.15112947814982725,-0.48613671692977306,-1.53850835778766,-0.6432736583263733,-0.43833500471815257,0.6324969961212193,-0.858230177280038,-0.06966899744200132,-1.1442174906631448,1.0,-1
-1.2888709916861927,-0.6187022772198708,-0.044670184280685594,0.8391905905670761,-0.33778318405790814,-0.37952508199787327,0.42763951289659263,-1.1449986462104833,-0.23189613379288193,-0.22507379266406463,-0.15112947814982725,0.5418615416248884,0.035530488521046066,-0.06762104595367903,-0.6677041657548128,-0.47213369248584247,-0.5953764506673591,-0.8582301772800381,-0.2911273600927219,-1.0,1
-0.9666727946261165,0.3150169103793479,2.046706625224132,-0.682581078947164,-0.33778318405790814,-0.37952508199787327,0.5989725559890362,-0.3579792230561304,-0.23189613379288193,-0.22507379266406463,-0.15112947814982725,0.6560835703531841,1.2160596232525756,-0.44101733506029156,-0.5147913917303727,-0.2232028330814342,-0.5953764506673591,0.9817459090087144,0.13541770519248952,1.0,1
-0.08062775271090736,0.5017607478991917,2.046706625224132,0.8391905905670761,-0.33778318405790814,-0.37952508199787327,-0.029248602016590203,0.035530488521046066,-0.23189613379288193,-0.22507379266406463,-0.15112947814982725,-0.4290257025656252,-1.53850835778766,-0.3787846202091894,-0.5147913917303727,-0.3165519053580873,-0.858230177280038,-0.8582301772800381,-0.7176724253779333,-1.0,1
0.24157044434916872,0.1282730728595042,1.210155901422205,0.8391905905670761,-0.33778318405790814,-0.37952508199787327,0.7703055990814798,0.822549911675399,-0.23189613379288193,-0.22507379266406463,-0.15112947814982725,1.2271937139946627,0.035530488521046066,-0.12985376080478117,-0.6677041657548128,-0.456575513773067,-0.06966899744200131,0.45603845578335656,0.9885078357629123,-1.0,-1
-0.2417268512409454,-0.8054461147397145,-1.2994962699835761,2.3609622600813163,-0.33778318405790814,-0.37952508199787327,0.7703055990814798,0.822549911675399,-0.23189613379288193,-0.22507379266406463,-0.15112947814982725,1.7411928432719934,0.822549911675399,-0.2232028330814342,-0.6677041657548128,-0.4099009776347405,0.1931847291706776,1.7703070888467514,-0.7176724253779333,1.0,-1
0.08047134581913068,0.3150169103793479,-0.044670184280685594,0.8391905905670761,2.610663253057731,2.288808259011065,0.7703055990814798,-0.3579792230561304,-0.23189613379288193,4.1906596634118705,-0.15112947814982725,1.2843047283588105,-0.3579792230561304,-0.363226441496414,-0.8206169397792528,-0.2232028330814342,-0.3325227240546802,-0.06966899744200132,-0.2911273600927219,-1.0,-1
0.1610208950841497,1.2487360979785667,1.6284312633231686,0.8391905905670761,-0.33778318405790814,-0.37952508199787327,0.7703055990814798,-1.53850835778766,-0.23189613379288193,-0.22507379266406463,-0.15112947814982725,1.912525886364437,0.822549911675399,-0.16097011823033208,-0.5912477787425927,-0.456575513773067,-0.5953764506673591,2.5588682686847877,-0.7176724253779333,1.0,-1
-1.1277718931561547,-0.2452146021801833,-0.4629455461816491,-0.682581078947164,-0.33778318405790814,-0.37952508199787327,0.7703055990814798,-1.53850835778766,-0.23189613379288193,-0.22507379266406463,-0.15112947814982725,1.2271937139946627,0.035530488521046066,-0.3787846202091894,-0.5912477787425927,-0.28543554793253634,-0.3325227240546802,0.1931847291706776,-0.7176724253779333,-1.0,0
-0.40282594977098346,1.622223773018254,0.7918805395212415,-0.682581078947164,-0.33778318405790814,-0.37952508199787327,0.8274166134456277,-1.1449986462104833,-0.23189613379288193,-0.22507379266406463,-0.15112947814982725,-0.14347063074488592,-0.3579792230561304,-0.7210645518902509,0.24977247839182762,1.643778612451628,0.9817459090087143,-0.5953764506673592,-0.7176724253779333,1.0,1
0.08047134581913068,-0.05847076466033954,1.210155901422205,0.8391905905670761,-0.33778318405790814,-0.37952508199787327,0.9987496565380712,0.035530488521046066,-0.23189613379288193,-0.22507379266406463,-0.15112947814982725,0.6560835703531841,1.2160596232525756,-0.4099009776347405,-0.6677041657548128,-0.2232028330814342,-0.858230177280038,-0.5953764506673592,0.13541770519248952,-1.0,1
-0.8055736960960785,-0.6187022772198708,-0.044670184280685594,-0.682581078947164,-0.33778318405790814,-0.37952508199787327,0.7703055990814798,-1.53850835778766,-0.23189613379288193,-0.22507379266406463,-0.15112947814982725,2.9976351592832464,1.2160596232525756,1.1770332510683625,0.4409134459223777,-0.7210645518902509,-0.3325227240546802,1.7703070888467514,-0.2911273600927219,1.0,-1
-0.08062775271090736,0.1282730728595042,-0.044670184280685594,-0.682581078947164,-0.33778318405790814,-0.37952508199787327,1.1700826996305147,1.2160596232525756,-0.23189613379288193,-0.22507379266406463,-0.15112947814982725,1.1700826996305147,1.2160596232525756,-0.5343664073369446,-0.5147913917303727,0.010169847610198573,0.1931847291706776,0.1931847291706776,-0.7176724253779333,1.0,0
1.6914623311195112,1.8089676105380978,2.046706625224132,-0.682581078947164,-0.33778318405790814,-0.37952508199787327,-0.08635961638073807,0.822549911675399,-0.23189613379288193,-0.22507379266406463,-0.15112947814982725,-0.48613671692977306,-0.7514889346333069,-0.5188082286241692,-0.5147913917303727,-0.03650468852812796,-0.5953764506673591,-0.5953764506673592,0.13541770519248952,1.0,0
-1.6916187380112877,-1.5524214648190895,-0.8812209080826127,-0.682581078947164,-0.33778318405790814,-0.37952508199787327,1.2271937139946627,1.2160596232525756,-0.23189613379288193,-0.22507379266406463,-0.15112947814982725,3.7971893603813167,1.2160596232525756,4.133087206495711,2.9257460238195288,-0.7957438097115733,-0.5953764506673591,2.5588682686847877,-0.7176724253779333,-1.0,-1
0.1610208950841497,-1.1789337897794019,-0.4629455461816491,-0.682581078947164,-0.33778318405790814,-0.37952508199787327,-1.3428019323919909,-1.53850835778766,-0.23189613379288193,-0.22507379266406463,-0.15112947814982725,-1.3428019323919909,-1.53850835778766,0.08796074117407617,-0.5147913917303727,-0.5654827647624957,0.4560384557833565,0.9817459090087144,0.5619627704777009,-1.0,-1
-1.0472223438911357,-0.8054461147397145,-0.4629455461816491,2.3609622600813163,-0.33778318405790814,-0.37952508199787327,-1.3428019323919909,-1.53850835778766,-0.23189613379288193,-0.22507379266406463,-0.15112947814982725,-1.1714688892995473,-0.3579792230561304,0.5547061025573418,0.02040331735516768,-0.668166744266814,-0.5953764506673591,1.2445996356213933,1.8415979663333353,1.0,0
1.047065936999359,1.622223773018254,0.37360517762027795,0.8391905905670761,2.610663253057731,2.288808259011065,-1.285690918027843,-1.1449986462104833,-0.23189613379288193,-0.22507379266406463,-0.15112947814982725,-1.3428019323919909,-1.53850835778766,-0.28543554793253634,-0.5912477787425927,-0.3787846202091894,0.4560384557833565,0.45603845578335656,0.5619627704777009,-1.0,0
-0.6444745975660405,-0.2452146021801833,-0.8812209080826127,-0.682581078947164,-0.33778318405790814,-0.37952508199787327,-1.2285799036636953,-0.7514889346333069,-0.23189613379288193,-0.22507379266406463,-0.15112947814982725,-0.9430248318429559,1.2160596232525756,-0.25431919050698526,-0.5147913917303727,-0.4099009776347405,-0.06966899744200131,1.5074533622340722,0.5619627704777009,1.0,0
-1.1277718931561547,-0.431958439700027,-0.8812209080826127,-0.682581078947164,-0.33778318405790814,-0.37952508199787327,-1.1714688892995473,-0.3579792230561304,-0.23189613379288193,-0.22507379266406463,-0.15112947814982725,-0.8288028031146603,2.0030790464069286,4.133087206495711,4.072591829002829,-0.8081903526817937,-0.3325227240546802,2.296014542072109,-0.2911273600927219,-1.0,0
0.5637686414092448,1.0619922604587229,0.7918805395212415,0.8391905905670761,-0.33778318405790814,-0.37952508199787327,-1.1143578749353995,-0.3579792230561304,-0.23189613379288193,-0.22507379266406463,-0.15112947814982725,-1.1714688892995473,-0.3579792230561304,-0.3414449912985281,-0.7441605527670326,-0.28543554793253634,-0.858230177280038,-0.33252272405468025,-0.2911273600927219,1.0,-1
-0.9666727946261165,-1.3656776272992457,-1.2994962699835761,-0.682581078947164,2.610663253057731,2.288808259011065,-1.1143578749353995,-0.7514889346333069,3.886259345632435,-0.22507379266406463,-0.15112947814982725,-0.6003587456580688,0.822549911675399,1.643778612451628,0.4409134459223777,-0.7335110948604712,-0.3325227240546802,1.2445996356213933,1.4150529010481239,-1.0,-1
-0.3222764005059644,1.2487360979785667,-0.044670184280685594,0.8391905905670761,-0.33778318405790814,-0.37952508199787327,-1.1143578749353995,-1.1449986462104833,-0.23189613379288193,-0.22507379266406463,-0.15112947814982725,-1.0001358462071037,0.035530488521046066,-0.44101733506029156,-0.5147913917303727,-0.2232028330814342,-1.121083903892717,-0.5953764506673592,-1.1442174906631448,1.0,1
0.8859668384693209,0.6885045854190354,-0.044670184280685594,-0.682581078947164,-0.33778318405790814,-0.37952508199787327,-0.9430248318429559,-0.3579792230561304,-0.23189613379288193,-0.22507379266406463,-0.15112947814982725,-1.1714688892995473,-0.7514889346333069,-0.5499245860497202,-0.5147913917303727,0.0568443837485251,-0.06966899744200131,0.1931847291706776,0.13541770519248952,1.0,0
0.8054172892043019,-0.05847076466033954,-1.2994962699835761,-0.682581078947164,-0.33778318405790814,-0.37952508199787327,-0.885913817478808,0.035530488521046066,-0.23189613379288193,-0.22507379266406463,-0.15112947814982725,-0.7716917887505124,-0.3579792230561304,-0.44101733506029156,-0.6677041657548128,-0.16097011823033208,-0.06966899744200131,-0.8582301772800381,0.9885078357629123,-1.0,1
0.48321909214422576,-0.6187022772198708,-0.4629455461816491,-0.682581078947164,-0.33778318405790814,-0.37952508199787327,-0.7145807743863645,1.2160596232525756,-0.23189613379288193,-0.22507379266406463,-0.15112947814982725,-0.7716917887505124,-1.53850835778766,-0.5499245860497202,-0.43833500471815257,0.010169847610198573,0.7188921823960354,-0.5953764506673592,0.13541770519248952,1.0,1
0.9665163877343399,0.8752484229388792,0.37360517762027795,-0.682581078947164,-0.33778318405790814,-0.37952508199787327,-0.5432477312939209,1.2160596232525756,-0.23189613379288193,-0.22507379266406463,-0.15112947814982725,-1.0572468605712517,-0.3579792230561304,-0.5188082286241692,-0.5147913917303727,-0.03650468852812796,-0.06966899744200131,-0.5953764506673592,-0.2911273600927219,-1.0,-1
-1.1277718931561547,-0.9921899522595582,-0.4629455461816491,-0.682581078947164,-0.33778318405790814,-0.37952508199787327,-0.5432477312939209,0.822549911675399,-0.23189613379288193,-0.22507379266406463,-0.15112947814982725,0.08497342671170552,0.035530488521046066,1.643778612451628,1.396618283575128,-0.758404180800912,-0.06966899744200131,1.7703070888467514,0.13541770519248952,-1.0,-1
-0.40282594977098346,0.5017607478991917,1.210155901422205,-0.682581078947164,-0.33778318405790814,-0.37952508199787327,-0.5432477312939209,-0.3579792230561304,-0.23189613379288193,-0.22507379266406463,-0.15112947814982725,-0.3148036738373295,0.035530488521046066,-0.4192358848624057,-0.5147913917303727,-0.26365409773465054,-0.06966899744200131,0.45603845578335656,0.5619627704777009,1.0,0
-0.48337549903600247,0.3150169103793479,-0.044670184280685594,0.8391905905670761,-0.33778318405790814,-0.37952508199787327,-0.48613671692977306,-1.1449986462104833,-0.23189613379288193,-0.22507379266406463,-0.15112947814982725,-0.25769265947318165,-0.7514889346333069,-0.3943427989219649,-0.7441605527670326,-0.2232028330814342,-0.3325227240546802,-0.8582301772800381,0.5619627704777009,1.0,0
-0.8861232453610975,-0.2452146021801833,0.7918805395212415,3.8827339295955565,-0.33778318405790814,-0.37952508199787327,-0.4290257025656252,-0.7514889346333069,-0.23189613379288193,-0.22507379266406463,-0.15112947814982725,-0.029248602016590203,-0.3579792230561304,0.5547061025573418,-0.13250945666927252,-0.6557202012965936,-0.3325227240546802,1.2445996356213933,1.4150529010481239,-1.0,-1
-0.7250241468310595,0.5017607478991917,-0.044670184280685594,0.8391905905670761,-0.33778318405790814,-0.37952508199787327,-0.4290257025656252,-0.7514889346333069,-0.23189613379288193,-0.22507379266406463,-0.15112947814982725,-0.25769265947318165,-0.3579792230561304,-0.06762104595367903,-0.6677041657548128,-0.48769187119861807,1.5074533622340722,-0.06966899744200132,-0.2911273600927219,-1.0,0
-0.48337549903600247,-0.431958439700027,0.37360517762027795,-0.682581078947164,2.610663253057731,2.288808259011065,-0.20058164510903378,0.035530488521046066,-0.23189613379288193,-0.22507379266406463,-0.15112947814982725,0.42763951289659263,0.035530488521046066,0.1501934560251783,-0.20896584368149262,-0.5965991221880467,-0.06966899744200131,1.5074533622340722,0.9885078357629123,-1.0,1
-1.2083214424211737,-0.6187022772198708,-0.8812209080826127,-0.682581078947164,-0.33778318405790814,-0.37952508199787327,-0.029248602016590203,1.2160596232525756,3.886259345632435,-0.22507379266406463,6.616842804212003,0.6560835703531841,1.2160596232525756,0.010169847610198573,-0.5147913917303727,-0.5343664073369446,-0.3325227240546802,2.296014542072109,-0.2911273600927219,1.0,0
-0.16117730197592636,-0.05847076466033954,0.7918805395212415,-0.682581078947164,-0.33778318405790814,-0.37952508199787327,-0.37191468820147733,-0.7514889346333069,-0.23189613379288193,-0.22507379266406463,-0.15112947814982725,-0.20058164510903378,0.035530488521046066,-0.5188082286241692,-0.5912477787425927,-0.03650468852812796,-1.121083903892717,-1.1210839038927172,-1.1442174906631448,1.0,1
0.5637686414092448,0.1282730728595042,2.4649819871250958,2.3609622600813163,-0.33778318405790814,-0.37952508199787327,0.027862412347557656,0.035530488521046066,-0.23189613379288193,-0.22507379266406463,-0.15112947814982725,0.42763951289659263,0.822549911675399,-0.0987374033792301,-0.7441605527670326,-0.456575513773067,-0.858230177280038,-0.06966899744200132,-0.2911273600927219,-1.0,-1
-1.9332673858063447,-0.9921899522595582,-0.4629455461816491,-0.682581078947164,-0.33778318405790814,-0.37952508199787327,0.027862412347557656,-1.1449986462104833,-0.23189613379288193,-0.22507379266406463,-0.15112947814982725,1.8554148720002892,2.0030790464069286,1.9549421867071386,1.7789002186362282,-0.7677390880285774,-0.3325227240546802,2.296014542072109,0.13541770519248952,1.0,0
0.1610208950841497,1.9957114480579417,2.046706625224132,-0.682581078947164,-0.33778318405790814,-0.37952508199787327,0.08497342671170552,-1.1449986462104833,-0.23189613379288193,4.1906596634118705,-0.15112947814982725,1.0558606709022191,0.822549911675399,0.5547061025573418,-0.13250945666927252,-0.6588318370391487,-0.3325227240546802,2.296014542072109,0.13541770519248952,-1.0,1
-0.2417268512409454,0.1282730728595042,-0.044670184280685594,-0.682581078947164,-0.33778318405790814,-0.37952508199787327,0.25630646980414906,0.035530488521046066,-0.23189613379288193,-0.22507379266406463,-0.15112947814982725,1.0558606709022191,0.4290402000982225,0.5547061025573418,-0.13250945666927252,-0.6588318370391487,-0.5953764506673591,1.2445996356213933,2.2681430316185467,-1.0,0
0.40266954287920675,1.2487360979785667,2.883257349026059,0.8391905905670761,-0.33778318405790814,-0.37952508199787327,0.31341748416829696,0.4290402000982225,-0.23189613379288193,-0.22507379266406463,-0.15112947814982725,0.14208444107585336,-0.3579792230561304,-0.5032500499113935,-0.5147913917303727,-0.06762104595367903,0.4560384557833565,1.2445996356213933,0.5619627704777009,1.0,1
0.6443181906742638,2.7426867981373166,2.046706625224132,0.8391905905670761,-0.33778318405790814,-0.37952508199787327,0.4847505272607405,1.2160596232525756,-0.23189613379288193,-0.22507379266406463,-0.15112947814982725,-0.37191468820147733,-1.1449986462104833,-0.6806132872370344,0.11979662047105363,0.7102878896850969,-0.06966899744200131,-0.33252272405468025,-0.2911273600927219,1.0,1
0.9665163877343399,-0.2452146021801833,-1.2994962699835761,0.8391905905670761,-0.33778318405790814,-0.37952508199787327,0.6560835703531841,1.2160596232525756,-0.23189613379288193,-0.22507379266406463,-0.15112947814982725,0.5989725559890362,-0.3579792230561304,-0.2232028330814342,-0.5147913917303727,-0.44101733506029156,0.9817459090087143,-0.5953764506673592,0.13541770519248952,-1.0,-1
1.369264134059435,0.3150169103793479,0.37360517762027795,-0.682581078947164,-0.33778318405790814,-0.37952508199787327,0.027862412347557656,1.2160596232525756,-0.23189613379288193,-0.22507379266406463,-0.15112947814982725,-0.7145807743863645,-1.1449986462104833,-0.5343664073369446,-0.3236504241998226,-0.06762104595367903,0.4560384557833565,0.45603845578335656,0.9885078357629123,1.0,-1
1.047065936999359,0.1282730728595042,0.7918805395212415,0.8391905905670761,-0.33778318405790814,-0.37952508199787327,0.6560835703531841,0.822549911675399,-0.23189613379288193,-0.22507379266406463,-0.15112947814982725,-0.25769265947318165,0.035530488521046066,-0.6588318370391487,0.02040331735516768,0.4769152089934642,0.1931847291706776,-0.8582301772800381,0.9885078357629123,1.0,-1
-0.48337549903600247,0.3150169103793479,0.37360517762027795,0.8391905905670761,-0.33778318405790814,-0.37952508199787327,0.6560835703531841,-1.53850835778766,-0.23189613379288193,-0.22507379266406463,-0.15112947814982725,0.31341748416829696,0.822549911675399,-0.3009937266453118,-0.3236504241998226,-0.4192358848624057,-0.858230177280038,-0.5953764506673592,-1.1442174906631448,-1.0,0
-1.6110691887462687,-1.5524214648190895,-1.2994962699835761,-0.682581078947164,-0.33778318405790814,-0.37952508199787327,0.713194584717332,-1.1449986462104833,-0.23189613379288193,-0.22507379266406463,-0.15112947814982725,2.0838589294568806,0.822549911675399,0.025728026322974037,-0.43833500471815257,-0.5499245860497202,-0.3325227240546802,1.5074533622340722,1.4150529010481239,1.0,-1
-2.0138169350713637,-0.6187022772198708,-0.4629455461816491,0.8391905905670761,-0.33778318405790814,-0.37952508199787327,0.713194584717332,-1.1449986462104833,-0.23189613379288193,-0.22507379266406463,-0.15112947814982725,1.912525886364437,-0.3579792230561304,0.025728026322974037,-0.43833500471815257,-0.5499245860497202,-0.3325227240546802,1.5074533622340722,1.4150529010481239,1.0,1
0.48321909214422576,-0.2452146021801833,-0.4629455461816491,0.8391905905670761,-0.33778318405790814,-0.37952508199787327,0.6560835703531841,-0.3579792230561304,-0.23189613379288193,-0.22507379266406463,-0.15112947814982725,0.08497342671170552,-1.1449986462104833,-0.3414449912985281,-0.7059323592609227,-0.3009937266453118,-0.06966899744200131,0.1931847291706776,0.5619627704777009,-1.0,-1
0.1610208950841497,1.0619922604587229,0.37360517762027795,0.8391905905670761,-0.33778318405790814,-0.37952508199787327,0.8845276278097756,0.035530488521046066,-0.23189613379288193,4.1906596634118705,-0.15112947814982725,0.9416386421739233,1.2160596232525756,-0.03650468852812796,-0.5912477787425927,-0.5032500499113935,-0.3325227240546802,-0.8582301772800381,0.9885078357629123,-1.0,0
-0.9666727946261165,-0.8054461147397145,-0.4629455461816491,-0.682581078947164,-0.33778318405790814,-0.37952508199787327,0.9416386421739233,0.035530488521046066,-0.23189613379288193,-0.22507379266406463,-0.15112947814982725,0.8274166134456277,-1.1449986462104833,-0.4099009776347405,-0.6677041657548128,-0.19208647565588316,1.5074533622340722,-0.06966899744200132,0.13541770519248952,1.0,-1
0.7248677399392829,1.2487360979785667,-0.044670184280685594,2.3609622600813163,-0.33778318405790814,-0.37952508199787327,0.9416386421739233,0.035530488521046066,-0.23189613379288193,-0.22507379266406463,-0.15112947814982725,0.9416386421739233,0.035530488521046066,-0.12985376080478117,-0.5147913917303727,-0.48769187119861807,-0.858230177280038,-1.1210839038927172,-1.1442174906631448,-1.0,-1
-1.6110691887462687,-1.5524214648190895,-0.8812209080826127,0.8391905905670761,-0.33778318405790814,-0.37952508199787327,0.9416386421739233,-1.1449986462104833,-0.23189613379288193,-0.22507379266406463,-0.15112947814982725,3.5687453029247247,1.2160596232525756,1.1770332510683625,1.014336348514028,-0.7428460020881366,-0.06966899744200131,2.0331608154594303,0.13541770519248952,1.0,-1
-0.08062775271090736,-1.1789337897794019,-1.2994962699835761,0.8391905905670761,2.610663253057731,2.288808259011065,0.9416386421739233,-1.53850835778766,-0.23189613379288193,-0.22507379266406463,-0.15112947814982725,1.455637771451254,-0.3579792230561304,0.025728026322974037,-0.13250945666927252,-0.5810409434752711,-0.06966899744200131,0.45603845578335656,0.9885078357629123,-1.0,-1
-0.16117730197592636,0.3150169103793479,0.7918805395212415,0.8391905905670761,-0.33778318405790814,-0.37952508199787327,-1.3428019323919909,-1.53850835778766,-0.23189613379288193,-0.22507379266406463,-0.15112947814982725,-1.3428019323919909,-1.53850835778766,-0.5654827647624957,-0.5147913917303727,0.08796074117407617,0.9817459090087143,0.45603845578335656,0.5619627704777009,1.0,1
-1.5305196394812497,0.6885045854190354,1.210155901422205,-0.682581078947164,2.610663253057731,2.288808259011065,-1.1714688892995473,-0.3579792230561304,-0.23189613379288193,-0.22507379266406463,-0.15112947814982725,-1.3428019323919909,-1.53850835778766,-0.2232028330814342,-0.5912477787425927,-0.4192358848624057,-0.858230177280038,-0.8582301772800381,-1.1442174906631448,-1.0,0
-1.2083214424211737,0.1282730728595042,-0.044670184280685594,-0.682581078947164,2.610663253057731,2.288808259011065,-1.1143578749353995,0.035530488521046066,-0.23189613379288193,-0.22507379266406463,-0.15112947814982725,-1.0001358462071037,0.822549911675399,-0.12985376080478117,-0.7441605527670326,-0.44101733506029156,-0.06966899744200131,-0.5953764506673592,-0.2911273600927219,-1.0,1
0.1610208950841497,0.3150169103793479,0.7918805395212415,0.8391905905670761,-0.33778318405790814,-0.37952508199787327,-0.9430248318429559,1.2160596232525756,-0.23189613379288193,-0.22507379266406463,-0.15112947814982725,-1.285690918027843,-1.1449986462104833,-0.6277154796135976,-0.3236504241998226,0.39912431542958654,0.4560384557833565,0.1931847291706776,-0.7176724253779333,1.0,1
-0.40282594977098346,-0.2452146021801833,-1.2994962699835761,0.8391905905670761,-0.33778318405790814,-0.37952508199787327,-0.7716917887505124,1.2160596232525756,-0.23189613379288193,4.1906596634118705,-0.15112947814982725,-1.1143578749353995,0.035530488521046066,-0.2232028330814342,-0.6677041657548128,-0.4099009776347405,0.4560384557833565,-0.06966899744200132,1.4150529010481239,-1.0,-1
-0.2417268512409454,-0.431958439700027,-0.4629455461816491,-0.682581078947164,2.610663253057731,2.288808259011065,-0.7716917887505124,0.822549911675399,-0.23189613379288193,-0.22507379266406463,-0.15112947814982725,-1.3428019323919909,-1.53850835778766,-0.6557202012965936,-0.2854222306937127,0.6324969961212193,-0.3325227240546802,-0.5953764506673592,0.9885078357629123,1.0,1
-1.7721682872763067,-0.05847076466033954,-0.8812209080826127,-0.682581078947164,-0.33778318405790814,-0.37952508199787327,-0.6003587456580688,0.822549911675399,-0.23189613379288193,-0.22507379266406463,-0.15112947814982725,-0.6003587456580688,0.822549911675399,1.1770332510683625,0.11979662047105363,-0.7055063731774752,0.1931847291706776,1.5074533622340722,1.8415979663333353,-1.0,0
-0.8861232453610975,0.5017607478991917,-0.8812209080826127,-0.682581078947164,-0.33778318405790814,-0.37952508199787327,-0.5432477312939209,0.035530488521046066,-0.23189613379288193,-0.22507379266406463,-0.15112947814982725,-0.7145807743863645,-0.3579792230561304,-0.3787846202091894,-0.5912477787425927,-0.28543554793253634,1.7703070888467511,-0.06966899744200132,0.9885078357629123,1.0,-1
-0.08062775271090736,0.5017607478991917,-0.044670184280685594,-0.682581078947164,-0.33778318405790814,-0.37952508199787327,-0.5432477312939209,0.035530488521046066,-0.23189613379288193,-0.22507379266406463,-0.15112947814982725,-0.9430248318429559,-1.1449986462104833,-0.6432736583263733,-0.2854222306937127,0.5547061025573418,-0.06966899744200131,-0.33252272405468025,0.13541770519248952,1.0,-1
-0.8861232453610975,0.3150169103793479,0.37360517762027795,-0.682581078947164,-0.33778318405790814,-0.37952508199787327,-0.5432477312939209,-1.1449986462104833,-0.23189613379288193,-0.22507379266406463,-0.15112947814982725,-0.6003587456580688,1.2160596232525756,-0.06762104595367903,-0.7441605527670326,-0.47213369248584247,0.1931847291706776,-0.5953764506673592,0.13541770519248952,-1.0,-1
-0.40282594977098346,-0.05847076466033954,-0.8812209080826127,-0.682581078947164,-0.33778318405790814,-0.37952508199787327,-0.5432477312939209,-1.53850835778766,3.886259345632435,-0.22507379266406463,-0.15112947814982725,-0.48613671692977306,-0.3579792230561304,-0.19208647565588316,-0.7059323592609227,-0.4192358848624057,-0.06966899744200131,1.2445996356213933,2.694688096903758,1.0,0
-2.1749160336014017,-1.5524214648190895,-1.2994962699835761,0.8391905905670761,-0.33778318405790814,-0.37952508199787327,-0.48613671692977306,-1.1449986462104833,-0.23189613379288193,-0.22507379266406463,-0.15112947814982725,-0.029248602016590203,0.822549911675399,4.755414355006732,2.9257460238195288,-0.8019670811966837,0.1931847291706776,2.0331608154594303,0.9885078357629123,-1.0,-1
0.8054172892043019,0.3150169103793479,0.37360517762027795,0.8391905905670761,-0.33778318405790814,-0.37952508199787327,-0.48613671692977306,-1.1449986462104833,-0.23189613379288193,-0.22507379266406463,-0.15112947814982725,-0.6003587456580688,-1.1449986462104833,-0.0987374033792301,-0.7441605527670326,-0.456575513773067,-1.121083903892717,-1.1210839038927172,-1.1442174906631448,-1.0,-1
-1.3694205409512117,-0.8054461147397145,-0.8812209080826127,0.8391905905670761,-0.33778318405790814,-0.37952508199787327,-0.48613671692977306,-1.1449986462104833,-0.23189613379288193,-0.22507379266406463,-0.15112947814982725,0.25630646980414906,0.822549911675399,1.1770332510683625,0.8231953809834779,-0.7335110948604712,-0.5953764506673591,0.9817459090087144,3.9743232927593923,1.0,-1
-1.0472223438911357,-0.2452146021801833,0.37360517762027795,-0.682581078947164,-0.33778318405790814,-0.37952508199787327,-0.48613671692977306,-1.53850835778766,-0.23189613379288193,-0.22507379266406463,-0.15112947814982725,-0.029248602016590203,-0.3579792230561304,-0.0987374033792301,-0.5147913917303727,-0.5032500499113935,0.1931847291706776,2.0331608154594303,0.9885078357629123,1.0,1
-0.8861232453610975,-0.05847076466033954,0.7918805395212415,0.8391905905670761,-0.33778318405790814,-0.37952508199787327,-0.3148036738373295,-0.3579792230561304,-0.23189613379288193,-0.22507379266406463,-0.15112947814982725,-0.4290257025656252,-1.53850835778766,-0.12985376080478117,-0.7441605527670326,-0.44101733506029156,0.4560384557833565,-0.5953764506673592,2.2681430316185467,-1.0,-1
-2.416564681396459,-1.3656776272992457,-0.4629455461816491,-0.682581078947164,-0.33778318405790814,-0.37952508199787327,-0.3148036738373295,-0.3579792230561304,-0.23189613379288193,-0.22507379266406463,-0.15112947814982725,0.713194584717332,0.822549911675399,2.8884329094736696,1.7789002186362282,-0.7770739952562428,0.4560384557833565,1.7703070888467514,0.5619627704777009,-1.0,0
-7.820344588833574e-05,0.6885045854190354,0.7918805395212415,-0.682581078947164,-0.33778318405790814,2.288808259011065,-0.029248602016590203,0.035530488521046066,-0.23189613379288193,-0.22507379266406463,-0.15112947814982725,0.027862412347557656,0.035530488521046066,-0.3009937266453118,-0.7441605527670326,-0.3414449912985281,0.1931847291706776,-0.5953764506673592,-0.2911273600927219,1.0,-1
0.7248677399392829,-0.05847076466033954,0.37360517762027795,0.8391905905670761,-0.33778318405790814,-0.37952508199787327,-0.029248602016590203,-0.3579792230561304,-0.23189613379288193,4.1906596634118705,-0.15112947814982725,-0.7716917887505124,-1.53850835778766,-0.5343664073369446,-0.5147913917303727,0.010169847610198573,-0.06966899744200131,-0.5953764506673592,0.9885078357629123,-1.0,-1
-7.820344588833574e-05,0.5017607478991917,-1.7177716318845397,2.3609622600813163,-0.33778318405790814,-0.37952508199787327,-0.029248602016590203,-0.3579792230561304,-0.23189613379288193,-0.22507379266406463,-0.15112947814982725,0.19919545544000122,0.035530488521046066,-0.3009937266453118,-0.7059323592609227,-0.3414449912985281,0.4560384557833565,0.1931847291706776,1.4150529010481239,1.0,-1
0.8054172892043019,-0.2452146021801833,-0.8812209080826127,0.8391905905670761,-0.33778318405790814,-0.37952508199787327,-0.029248602016590203,-1.53850835778766,-0.23189613379288193,4.1906596634118705,-0.15112947814982725,-0.3148036738373295,1.2160596232525756,-0.26365409773465054,-0.7059323592609227,-0.3787846202091894,1.7703070888467511,0.45603845578335656,0.13541770519248952,-1.0,-1
-0.6444745975660405,1.622223773018254,2.4649819871250958,-0.682581078947164,-0.33778318405790814,-0.37952508199787327,-0.029248602016590203,-1.53850835778766,-0.23189613379288193,-0.22507379266406463,-0.15112947814982725,-0.029248602016590203,0.035530488521046066,-0.456575513773067,-0.5147913917303727,-0.2232028330814342,-0.858230177280038,-0.8582301772800381,-0.7176724253779333,1.0,1
-0.40282594977098346,-0.6187022772198708,-1.7177716318845397,-0.682581078947164,-0.33778318405790814,-0.37952508199787327,0.14208444107585336,-0.3579792230561304,-0.23189613379288193,-0.22507379266406463,-0.15112947814982725,0.31341748416829696,0.4290402000982225,-0.06762104595367903,-0.5147913917303727,-0.5032500499113935,1.2445996356213933,0.45603845578335656,0.5619627704777009,-1.0,-1
-1.3694205409512117,-1.1789337897794019,-0.8812209080826127,0.8391905905670761,-0.33778318405790814,-0.37952508199787327,0.14208444107585336,-0.3579792230561304,-0.23189613379288193,-0.22507379266406463,-0.15112947814982725,2.255191972549324,0.822549911675399,1.9549421867071386,1.205477316044578,-0.758404180800912,0.1931847291706776,2.296014542072109,0.9885078357629123,1.0,-1
-0.40282594977098346,-1.1789337897794019,-1.7177716318845397,0.8391905905670761,-0.33778318405790814,-0.37952508199787327,0.14208444107585336,-0.3579792230561304,-0.23189613379288193,4.1906596634118705,-0.15112947814982725,1.3985267570871063,0.822549911675399,0.6324969961212193,-0.2854222306937127,-0.668166744266814,-0.06966899744200131,1.2445996356213933,3.1212331621889695,-1.0,-1
-0.8861232453610975,-0.9921899522595582,-0.8812209080826127,0.8391905905670761,-0.33778318405790814,-0.37952508199787327,0.14208444107585336,-1.53850835778766,3.886259345632435,-0.22507379266406463,6.616842804212003,1.112971685266367,-0.3579792230561304,-0.44101733506029156,-0.7441605527670326,-0.12985376080478117,0.1931847291706776,-0.33252272405468025,0.13541770519248952,1.0,-1
-0.8861232453610975,-0.6187022772198708,-0.4629455461816491,0.8391905905670761,-0.33778318405790814,-0.37952508199787327,-0.20058164510903378,-0.7514889346333069,3.886259345632435,-0.22507379266406463,-0.15112947814982725,-0.7145807743863645,-1.1449986462104833,-0.4099009776347405,-0.7059323592609227,-0.19208647565588316,1.7703070888467511,0.7188921823960355,0.13541770519248952,1.0,1
-0.40282594977098346,0.1282730728595042,-0.8812209080826127,-0.682581078947164,-0.33778318405790814,-0.37952508199787327,0.19919545544000122,-1.1449986462104833,3.886259345632435,-0.22507379266406463,6.616842804212003,1.3985267570871063,-0.3579792230561304,0.24354252830183137,-0.2854222306937127,-0.6121573009008222,1.7703070888467511,0.1931847291706776,0.9885078357629123,-1.0,-1
-0.16117730197592636,0.3150169103793479,-0.8812209080826127,-0.682581078947164,5.559109690173369,4.9571416000200035,-0.20058164510903378,-0.7514889346333069,-0.23189613379288193,-0.22507379266406463,-0.15112947814982725,-0.4290257025656252,-0.3579792230561304,-0.26365409773465054,-0.8206169397792528,-0.3414449912985281,0.7188921823960354,0.1931847291706776,-0.7176724253779333,-1.0,-1
-1.3694205409512117,-0.9921899522595582,-0.4629455461816491,-0.682581078947164,-0.33778318405790814,-0.37952508199787327,0.19919545544000122,-1.1449986462104833,-0.23189613379288193,-0.22507379266406463,-0.15112947814982725,1.5698598001795498,0.035530488521046066,0.2746588857273823,-0.3236504241998226,-0.6121573009008222,0.1931847291706776,1.5074533622340722,2.2681430316185467,1.0,1
-1.0472223438911357,0.1282730728595042,-0.4629455461816491,-0.682581078947164,-0.33778318405790814,-0.37952508199787327,-0.25769265947318165,0.035530488521046066,-0.23189613379288193,-0.22507379266406463,-0.15112947814982725,-0.08635961638073807,-0.3579792230561304,-0.456575513773067,-0.5912477787425927,-0.14541193951755663,0.4560384557833565,0.1931847291706776,0.13541770519248952,1.0,0
-2.577663779926497,-0.6187022772198708,-1.2994962699835761,0.8391905905670761,-0.33778318405790814,-0.37952508199787327,0.5418615416248884,0.822549911675399,-0.23189613379288193,-0.22507379266406463,-0.15112947814982725,3.16896820237569,1.2160596232525756,3.5107600579846903,2.1611821536973284,-0.7895205382264632,-0.5953764506673591,1.2445996356213933,3.9743232927593923,-1.0,-1
-2.1749160336014017,-0.6187022772198708,-0.044670184280685594,0.8391905905670761,-0.33778318405790814,-0.37952508199787327,0.5418615416248884,0.822549911675399,-0.23189613379288193,-0.22507379266406463,-0.15112947814982725,2.5978580587342113,2.0030790464069286,0.39912431542958654,-0.43833500471815257,-0.6121573009008222,0.4560384557833565,1.7703070888467514,0.9885078357629123,1.0,1
-1.2888709916861927,-0.431958439700027,-0.044670184280685594,-0.682581078947164,-0.33778318405790814,-0.37952508199787327,0.713194584717332,0.822549911675399,-0.23189613379288193,-0.22507379266406463,-0.15112947814982725,1.2843047283588105,-1.1449986462104833,-0.3009937266453118,-0.6677041657548128,-0.3476682627836383,0.4560384557833565,0.1931847291706776,0.5619627704777009,-1.0,1
0.1610208950841497,0.6885045854190354,0.37360517762027795,-0.682581078947164,-0.33778318405790814,-0.37952508199787327,0.14208444107585336,-1.53850835778766,-0.23189613379288193,-0.22507379266406463,-0.15112947814982725,-0.08635961638073807,0.035530488521046066,-0.5872642149603814,-0.43833500471815257,0.1501934560251783,-0.06966899744200131,-0.06966899744200132,0.13541770519248952,-1.0,0
-1.7721682872763067,-0.6187022772198708,-0.044670184280685594,-0.682581078947164,2.610663253057731,2.288808259011065,0.8845276278097756,0.822549911675399,8.004414825057752,4.1906596634118705,-0.15112947814982725,1.112971685266367,0.035530488521046066,-0.5188082286241692,-0.43833500471815257,-0.06762104595367903,-1.121083903892717,-0.8582301772800381,-1.1442174906631448,1.0,-1
-0.5639250483010215,-0.05847076466033954,0.7918805395212415,0.8391905905670761,-0.33778318405790814,-0.37952508199787327,0.3705284985324448,0.035530488521046066,-0.23189613379288193,-0.22507379266406463,-0.15112947814982725,0.7703055990814798,-0.3579792230561304,-0.5654827647624957,-0.5912477787425927,0.1906447206783946,0.4560384557833565,-0.33252272405468025,2.2681430316185467,1.0,1
-1.8527178365413257,-1.1789337897794019,-0.8812209080826127,-0.682581078947164,-0.33778318405790814,-0.37952508199787327,0.8845276278097756,0.822549911675399,-0.23189613379288193,-0.22507379266406463,-0.15112947814982725,2.4265250156417677,0.822549911675399,1.643778612451628,0.4409134459223777,-0.7335110948604712,0.4560384557833565,2.0331608154594303,0.9885078357629123,-1.0,-1
0.08047134581913068,-0.431958439700027,-0.4629455461816491,-0.682581078947164,-0.33778318405790814,-0.37952508199787327,-1.3428019323919909,-1.53850835778766,-0.23189613379288193,-0.22507379266406463,-0.15112947814982725,-1.3428019323919909,-1.53850835778766,0.6324969961212193,0.24977247839182762,-0.6806132872370344,-1.121083903892717,-0.8582301772800381,-0.7176724253779333,-1.0,-1
1.530363232589473,0.8752484229388792,-0.044670184280685594,-0.682581078947164,-0.33778318405790814,-0.37952508199787327,-1.3428019323919909,-1.53850835778766,-0.23189613379288193,-0.22507379266406463,-0.15112947814982725,-1.1714688892995473,-0.3579792230561304,-0.4192358848624057,-0.5912477787425927,-0.2232028330814342,-0.858230177280038,-0.8582301772800381,-1.1442174906631448,1.0,0
1.127615486264378,-0.05847076466033954,-0.8812209080826127,-0.682581078947164,-0.33778318405790814,-0.37952508199787327,-1.285690918027843,-1.1449986462104833,-0.23189613379288193,-0.22507379266406463,-0.15112947814982725,-1.3428019323919909,-1.53850835778766,-0.456575513773067,-0.5147913917303727,-0.19208647565588316,-0.5953764506673591,-1.1210839038927172,-1.1442174906631448,-1.0,0
-0.48337549903600247,-0.6187022772198708,-0.044670184280685594,-0.682581078947164,-0.33778318405790814,-0.37952508199787327,-1.2285799036636953,-0.7514889346333069,3.886259345632435,-0.22507379266406463,-0.15112947814982725,-0.9430248318429559,1.2160596232525756,0.1906447206783946,-0.13250945666927252,-0.6121573009008222,-1.121083903892717,-0.8582301772800381,-0.7176724253779333,1.0,-1
1.208165035529397,1.8089676105380978,2.046706625224132,-0.682581078947164,-0.33778318405790814,-0.37952508199787327,-1.2285799036636953,-0.7514889346333069,-0.23189613379288193,-0.22507379266406463,-0.15112947814982725,-1.285690918027843,-1.1449986462104833,-0.44101733506029156,-0.43833500471815257,-0.2232028330814342,-0.5953764506673591,-1.1210839038927172,-1.1442174906631448,-1.0,0
0.24157044434916872,0.5017607478991917,0.37360517762027795,-0.682581078947164,-0.33778318405790814,-0.37952508199787327,-1.1714688892995473,-0.7514889346333069,-0.23189613379288193,4.1906596634118705,-0.15112947814982725,-0.885913817478808,-0.7514889346333069,-0.2232028330814342,-0.43833500471815257,-0.456575513773067,-1.121083903892717,-0.5953764506673592,-1.1442174906631448,1.0,-1
1.288714584794416,1.4354799354984105,-0.4629455461816491,0.8391905905670761,-0.33778318405790814,-0.37952508199787327,-1.1714688892995473,-1.1449986462104833,-0.23189613379288193,-0.22507379266406463,-0.15112947814982725,-0.9430248318429559,0.035530488521046066,-0.6277154796135976,-0.13250945666927252,0.32133342186570896,-1.121083903892717,-1.1210839038927172,-1.1442174906631448,1.0,1
0.32211999361418775,-1.7391653023389333,-1.7177716318845397,-0.682581078947164,-0.33778318405790814,-0.37952508199787327,-1.0001358462071037,0.035530488521046066,-0.23189613379288193,-0.22507379266406463,-0.15112947814982725,-1.1143578749353995,-1.1449986462104833,-0.2232028330814342,-0.5147913917303727,-0.44101733506029156,-0.5953764506673591,-1.1210839038927172,-1.1442174906631448,-1.0,-1
0.9665163877343399,0.8752484229388792,-0.4629455461816491,-0.682581078947164,2.610663253057731,2.288808259011065,-1.0001358462071037,-0.3579792230561304,-0.23189613379288193,-0.22507379266406463,-0.15112947814982725,-0.6574697600222167,2.0030790464069286,-0.4099009776347405,-0.5912477787425927,-0.26365409773465054,-1.121083903892717,-0.5953764506673592,-1.1442174906631448,1.0,0
0.1610208950841497,0.1282730728595042,0.37360517762027795,-0.682581078947164,-0.33778318405790814,-0.37952508199787327,-0.9430248318429559,0.035530488521046066,-0.23189613379288193,-0.22507379266406463,-0.15112947814982725,-1.2285799036636953,-0.7514889346333069,-0.5032500499113935,-0.5147913917303727,-0.0987374033792301,-1.121083903892717,-1.1210839038927172,-1.1442174906631448,-1.0,1
0.48321909214422576,1.0619922604587229,0.37360517762027795,0.8391905905670761,-0.33778318405790814,-0.37952508199787327,-0.7716917887505124,0.035530488521046066,-0.23189613379288193,-0.22507379266406463,-0.15112947814982725,-0.5432477312939209,0.822549911675399,-0.28543554793253634,-0.5147913917303727,-0.3943427989219649,-0.858230177280038,-0.8582301772800381,-1.1442174906631448,1.0,0
0.5637686414092448,1.0619922604587229,1.210155901422205,0.8391905905670761,-0.33778318405790814,-0.37952508199787327,-0.7145807743863645,0.4290402000982225,-0.23189613379288193,-0.22507379266406463,-0.15112947814982725,-0.4290257025656252,-1.1449986462104833,0.24354252830183137,0.02040331735516768,-0.6277154796135976,-0.858230177280038,-0.8582301772800381,-1.1442174906631448,-1.0,-1
-0.5639250483010215,-0.2452146021801833,-0.044670184280685594,0.8391905905670761,-0.33778318405790814,-0.37952508199787327,-0.7145807743863645,0.035530488521046066,-0.23189613379288193,-0.22507379266406463,-0.15112947814982725,-0.37191468820147733,-0.7514889346333069,0.010169847610198573,-0.5912477787425927,-0.5188082286241692,-1.121083903892717,-0.5953764506673592,-1.1442174906631448,-1.0,0
0.8859668384693209,0.3150169103793479,-0.8812209080826127,-0.682581078947164,2.610663253057731,2.288808259011065,-0.6574697600222167,-0.7514889346333069,-0.23189613379288193,-0.22507379266406463,-0.15112947814982725,-0.4290257025656252,0.035530488521046066,-0.4099009776347405,-0.6677041657548128,-0.2232028330814342,-0.858230177280038,-0.8582301772800381,-1.1442174906631448,1.0,1
1.047065936999359,0.1282730728595042,0.7918805395212415,-0.682581078947164,-0.33778318405790814,-0.37952508199787327,-0.48613671692977306,0.035530488521046066,-0.23189613379288193,-0.22507379266406463,-0.15112947814982725,-0.4290257025656252,0.035530488521046066,-0.5499245860497202,-0.43833500471815257,0.025728026322974037,-1.121083903892717,-1.1210839038927172,-1.1442174906631448,1.0,0
-0.5639250483010215,-0.2452146021801833,-0.044670184280685594,2.3609622600813163,2.610663253057731,2.288808259011065,-0.4290257025656252,0.4290402000982225,-0.23189613379288193,-0.22507379266406463,-0.15112947814982725,0.5418615416248884,0.035530488521046066,2.5772693352181593,1.205477316044578,-0.7677390880285774,-1.121083903892717,-0.8582301772800381,-0.7176724253779333,-1.0,-1
-1.0472223438911357,-1.1789337897794019,-0.4629455461816491,0.8391905905670761,-0.33778318405790814,-0.37952508199787327,-0.4290257025656252,0.035530488521046066,-0.23189613379288193,-0.22507379266406463,-0.15112947814982725,0.8274166134456277,2.0030790464069286,3.5107600579846903,3.3080279588806287,-0.8019670811966837,-0.858230177280038,-1.1210839038927172,-0.7176724253779333,-1.0,-1
0.08047134581913068,-0.8054461147397145,-1.2994962699835761,-0.682581078947164,2.610663253057731,2.288808259011065,-0.4290257025656252,-1.1449986462104833,-0.23189613379288193,-0.22507379266406463,-0.15112947814982725,0.31341748416829696,0.822549911675399,0.0568443837485251,-0.2854222306937127,-0.5872642149603814,-1.121083903892717,-0.8582301772800381,-0.7176724253779333,1.0,-1
0.40266954287920675,1.8089676105380978,1.210155901422205,-0.682581078947164,-0.33778318405790814,-0.37952508199787327,-0.4290257025656252,-1.53850835778766,-0.23189613379288193,-0.22507379266406463,-0.15112947814982725,-0.25769265947318165,0.035530488521046066,-0.5188082286241692,-0.5147913917303727,-0.06762104595367903,-0.5953764506673591,-1.1210839038927172,-0.7176724253779333,1.0,1
0.1610208950841497,1.0619922604587229,0.37360517762027795,2.3609622600813163,-0.33778318405790814,-0.37952508199787327,-0.25769265947318165,-0.3579792230561304,-0.23189613379288193,-0.22507379266406463,-0.15112947814982725,0.7703055990814798,0.822549911675399,0.39912431542958654,0.02040331735516768,-0.6557202012965936,-1.121083903892717,-0.33252272405468025,-1.1442174906631448,-1.0,1
0.9665163877343399,0.1282730728595042,-0.044670184280685594,-0.682581078947164,-0.33778318405790814,-0.37952508199787327,-0.08635961638073807,0.822549911675399,-0.23189613379288193,-0.22507379266406463,-0.15112947814982725,-0.48613671692977306,0.035530488521046066,-0.5343664073369446,-0.5147913917303727,0.010169847610198573,-0.5953764506673591,-1.1210839038927172,-0.7176724253779333,1.0,-1
0.8054172892043019,0.6885045854190354,1.210155901422205,-0.682581078947164,-0.33778318405790814,-0.37952508199787327,-0.08635961638073807,0.822549911675399,-0.23189613379288193,-0.22507379266406463,-0.15112947814982725,0.3705284985324448,0.035530488521046066,0.1501934560251783,-0.2854222306937127,-0.5965991221880467,-0.858230177280038,-0.8582301772800381,-1.1442174906631448,-1.0,0
0.6443181906742638,-0.9921899522595582,-1.7177716318845397,-0.682581078947164,-0.33778318405790814,-0.37952508199787327,-0.029248602016590203,0.035530488521046066,-0.23189613379288193,-0.22507379266406463,-0.15112947814982725,-0.029248602016590203,-1.53850835778766,-0.2232028330814342,-0.5147913917303727,-0.456575513773067,-0.858230177280038,-0.8582301772800381,-0.7176724253779333,-1.0,-1
0.32211999361418775,0.6885045854190354,0.7918805395212415,-0.682581078947164,-0.33778318405790814,-0.37952508199787327,-0.029248602016590203,-1.1449986462104833,-0.23189613379288193,-0.22507379266406463,-0.15112947814982725,1.112971685266367,0.4290402000982225,0.0568443837485251,-0.2854222306937127,-0.5810409434752711,-1.121083903892717,-0.5953764506673592,-0.7176724253779333,1.0,-1
-1.0472223438911357,-1.7391653023389333,-0.8812209080826127,-0.682581078947164,-0.33778318405790814,-0.37952508199787327,-0.4290257025656252,-1.53850835778766,-0.23189613379288193,-0.22507379266406463,-0.15112947814982725,0.9987496565380712,1.2160596232525756,3.5107600579846903,2.9257460238195288,-0.7957438097115733,-1.121083903892717,-0.5953764506673592,-0.7176724253779333,-1.0,-1
-7.820344588833574e-05,1.2487360979785667,-0.8812209080826127,0.8391905905670761,-0.33778318405790814,-0.37952508199787327,-0.029248602016590203,-1.1449986462104833,-0.23189613379288193,-0.22507379266406463,-0.15112947814982725,1.2271937139946627,-0.3579792230561304,0.1501934560251783,-0.43833500471815257,-0.5810409434752711,-0.858230177280038,-0.5953764506673592,-1.1442174906631448,1.0,-1
-0.08062775271090736,1.2487360979785667,-0.044670184280685594,-0.682581078947164,-0.33778318405790814,-0.37952508199787327,-0.029248602016590203,-1.53850835778766,-0.23189613379288193,-0.22507379266406463,-0.15112947814982725,0.6560835703531841,-0.7514889346333069,0.1501934560251783,-0.13250945666927252,-0.6121573009008222,-0.858230177280038,-0.8582301772800381,-0.7176724253779333,-1.0,-1
0.08047134581913068,-1.5524214648190895,-1.2994962699835761,-0.682581078947164,-0.33778318405790814,-0.37952508199787327,-0.4290257025656252,-1.53850835778766,-0.23189613379288193,-0.22507379266406463,-0.15112947814982725,-0.029248602016590203,0.035530488521046066,-0.3165519053580873,-0.5147913917303727,-0.3787846202091894,-0.858230177280038,-0.8582301772800381,-0.7176724253779333,1.0,-1
0.1610208950841497,0.1282730728595042,1.210155901422205,0.8391905905670761,-0.33778318405790814,-0.37952508199787327,-0.029248602016590203,-1.53850835778766,-0.23189613379288193,-0.22507379266406463,-0.15112947814982725,-0.37191468820147733,-1.53850835778766,-0.6743900157519244,0.02040331735516768,0.6324969961212193,-0.858230177280038,-1.1210839038927172,-1.1442174906631448,1.0,1
0.1610208950841497,0.5017607478991917,0.37360517762027795,0.8391905905670761,-0.33778318405790814,-0.37952508199787327,0.14208444107585336,-0.3579792230561304,-0.23189613379288193,-0.22507379266406463,-0.15112947814982725,1.2843047283588105,-0.3579792230561304,-0.0987374033792301,-0.5147913917303727,-0.5032500499113935,-1.121083903892717,-0.5953764506673592,-0.7176724253779333,-1.0,1
0.48321909214422576,-0.05847076466033954,-0.4629455461816491,-0.682581078947164,-0.33778318405790814,-0.37952508199787327,0.31341748416829696,0.822549911675399,-0.23189613379288193,-0.22507379266406463,-0.15112947814982725,0.6560835703531841,-1.53850835778766,-0.4192358848624057,-0.3236504241998226,-0.3009937266453118,-0.5953764506673591,-0.8582301772800381,-1.1442174906631448,1.0,0
0.08047134581913068,-0.431958439700027,0.37360517762027795,-0.682581078947164,-0.33778318405790814,-0.37952508199787327,0.3705284985324448,1.2160596232525756,-0.23189613379288193,-0.22507379266406463,-0.15112947814982725,-0.029248602016590203,0.035530488521046066,-0.363226441496414,-0.5912477787425927,-0.3165519053580873,-0.858230177280038,-1.1210839038927172,-1.1442174906631448,-1.0,1
-0.2417268512409454,-0.6187022772198708,-0.8812209080826127,-0.682581078947164,-0.33778318405790814,-0.37952508199787327,0.5418615416248884,0.035530488521046066,-0.23189613379288193,-0.22507379266406463,-0.15112947814982725,0.7703055990814798,-0.3579792230561304,-0.06762104595367903,-0.5147913917303727,-0.5188082286241692,-0.5953764506673591,-0.8582301772800381,-1.1442174906631448,-1.0,0
-0.6444745975660405,-0.9921899522595582,-1.2994962699835761,-0.682581078947164,-0.33778318405790814,-0.37952508199787327,0.5989725559890362,0.035530488521046066,-0.23189613379288193,-0.22507379266406463,-0.15112947814982725,3.397412259832281,1.2160596232525756,1.4881968253238729,1.396618283575128,-0.752180909315802,-0.858230177280038,-0.8582301772800381,-0.7176724253779333,1.0,-1
-1.1277718931561547,-1.7391653023389333,-0.8812209080826127,-0.682581078947164,-0.33778318405790814,-0.37952508199787327,0.5989725559890362,-1.1449986462104833,3.886259345632435,-0.22507379266406463,-0.15112947814982725,2.255191972549324,0.822549911675399,1.0214514639406074,0.24977247839182762,-0.7055063731774752,-1.121083903892717,-0.5953764506673592,-0.7176724253779333,-1.0,-1
-1.3694205409512117,-1.3656776272992457,-1.7177716318845397,-0.682581078947164,-0.33778318405790814,-0.37952508199787327,0.5418615416248884,1.2160596232525756,3.886259345632435,-0.22507379266406463,-0.15112947814982725,2.255191972549324,0.822549911675399,0.32133342186570896,0.02040331735516768,-0.6432736583263733,-1.121083903892717,-0.5953764506673592,-0.7176724253779333,1.0,-1
-7.820344588833574e-05,1.2487360979785667,-0.044670184280685594,0.8391905905670761,-0.33778318405790814,-0.37952508199787327,0.5989725559890362,-1.1449986462104833,-0.23189613379288193,-0.22507379266406463,-0.15112947814982725,1.3414157427229585,1.2160596232525756,-0.3414449912985281,-0.5147913917303727,-0.3414449912985281,-1.121083903892717,-0.5953764506673592,-0.7176724253779333,1.0,0
0.08047134581913068,0.1282730728595042,0.37360517762027795,-0.682581078947164,2.610663253057731,2.288808259011065,0.6560835703531841,-1.1449986462104833,-0.23189613379288193,-0.22507379266406463,-0.15112947814982725,1.2843047283588105,0.822549911675399,-0.3414449912985281,-0.2854222306937127,-0.3943427989219649,-1.121083903892717,-1.1210839038927172,-0.7176724253779333,-1.0,1
-1.0472223438911357,0.3150169103793479,-0.4629455461816491,0.8391905905670761,-0.33778318405790814,-0.37952508199787327,-1.3428019323919909,-1.53850835778766,-0.23189613379288193,-0.22507379266406463,-0.15112947814982725,-1.3428019323919909,-1.53850835778766,-0.19208647565588316,-0.8206169397792528,-0.3943427989219649,-0.5953764506673591,-0.8582301772800381,0.9885078357629123,1.0,-1
-1.2083214424211737,-0.6187022772198708,-0.4629455461816491,-0.682581078947164,-0.33778318405790814,-0.37952508199787327,-1.3428019323919909,-1.53850835778766,-0.23189613379288193,-0.22507379266406463,-0.15112947814982725,-1.1714688892995473,-0.3579792230561304,2.8884329094736696,2.5434640887584283,-0.7895205382264632,-0.5953764506673591,0.9817459090087144,-0.2911273600927219,-1.0,-1
-1.1277718931561547,-0.05847076466033954,-0.4629455461816491,-0.682581078947164,-0.33778318405790814,-0.37952508199787327,-1.3428019323919909,-1.53850835778766,-0.23189613379288193,-0.22507379266406463,-0.15112947814982725,-1.285690918027843,-1.1449986462104833,-0.19208647565588316,-0.5147913917303727,-0.456575513773067,-1.121083903892717,-0.5953764506673592,-1.1442174906631448,1.0,0
-0.16117730197592636,-0.2452146021801833,0.7918805395212415,-0.682581078947164,-0.33778318405790814,-0.37952508199787327,-1.285690918027843,-1.1449986462104833,-0.23189613379288193,-0.22507379266406463,-0.15112947814982725,-0.9430248318429559,1.2160596232525756,0.39912431542958654,-0.3236504241998226,-0.6277154796135976,0.1931847291706776,0.45603845578335656,-0.7176724253779333,-1.0,-1
-0.3222764005059644,1.0619922604587229,-0.4629455461816491,-0.682581078947164,-0.33778318405790814,-0.37952508199787327,-1.285690918027843,-1.1449986462104833,-0.23189613379288193,-0.22507379266406463,-0.15112947814982725,-1.1714688892995473,-0.3579792230561304,0.025728026322974037,-0.43833500471815257,-0.5499245860497202,-0.858230177280038,1.2445996356213933,-0.2911273600927219,1.0,-1
-1.2888709916861927,-0.6187022772198708,-0.4629455461816491,0.8391905905670761,-0.33778318405790814,-0.37952508199787327,-1.285690918027843,-1.1449986462104833,-0.23189613379288193,-0.22507379266406463,-0.15112947814982725,-1.0001358462071037,-0.3579792230561304,0.7102878896850969,-0.13250945666927252,-0.668166744266814,-0.3325227240546802,0.45603845578335656,0.13541770519248952,-1.0,0
0.48321909214422576,0.3150169103793479,-0.044670184280685594,0.8391905905670761,-0.33778318405790814,-0.37952508199787327,-1.2285799036636953,-1.1449986462104833,-0.23189613379288193,-0.22507379266406463,-0.15112947814982725,-1.3428019323919909,-1.53850835778766,-0.5810409434752711,-0.43833500471815257,0.1906447206783946,-0.5953764506673591,-1.1210839038927172,-1.1442174906631448,1.0,0
-1.6110691887462687,-0.9921899522595582,-0.8812209080826127,-0.682581078947164,-0.33778318405790814,-0.37952508199787327,-1.1714688892995473,-0.7514889346333069,-0.23189613379288193,-0.22507379266406463,-0.15112947814982725,-0.5432477312939209,0.4290402000982225,4.755414355006732,3.690309893941729,-0.8081903526817937,-0.858230177280038,1.2445996356213933,-0.2911273600927219,-1.0,-1
-0.8861232453610975,-0.6187022772198708,0.37360517762027795,-0.682581078947164,-0.33778318405790814,-0.37952508199787327,-1.1714688892995473,-0.7514889346333069,-0.23189613379288193,-0.22507379266406463,-0.15112947814982725,-0.9430248318429559,-0.3579792230561304,0.0568443837485251,-0.5147913917303727,-0.5499245860497202,0.1931847291706776,-0.06966899744200132,0.13541770519248952,-1.0,0
-0.7250241468310595,0.5017607478991917,0.37360517762027795,0.8391905905670761,-0.33778318405790814,-0.37952508199787327,-1.1143578749353995,-0.7514889346333069,-0.23189613379288193,-0.22507379266406463,-0.15112947814982725,-0.6574697600222167,-0.3579792230561304,-0.3476682627836383,-0.6677041657548128,-0.3009937266453118,-1.121083903892717,-1.1210839038927172,-1.1442174906631448,1.0,1
-1.6110691887462687,-1.3656776272992457,-0.8812209080826127,-0.682581078947164,-0.33778318405790814,-0.37952508199787327,-0.9430248318429559,0.035530488521046066,-0.23189613379288193,-0.22507379266406463,-0.15112947814982725,0.08497342671170552,2.0030790464069286,2.5772693352181593,1.396618283575128,-0.7677390880285774,-0.858230177280038,0.9817459090087144,0.13541770519248952,-1.0,0
-0.8055736960960785,0.5017607478991917,2.046706625224132,0.8391905905670761,-0.33778318405790814,-0.37952508199787327,-0.885913817478808,0.4290402000982225,-0.23189613379288193,-0.22507379266406463,-0.15112947814982725,-0.48613671692977306,1.2160596232525756,-0.3165519053580873,-0.7441605527670326,-0.3165519053580873,0.4560384557833565,0.1931847291706776,-0.7176724253779333,1.0,0
-1.2083214424211737,-1.1789337897794019,-1.2994962699835761,-0.682581078947164,-0.33778318405790814,-0.37952508199787327,-0.6574697600222167,0.4290402000982225,-0.23189613379288193,-0.22507379266406463,-0.15112947814982725,-0.20058164510903378,0.035530488521046066,0.1906447206783946,-0.5147913917303727,-0.5810409434752711,-0.3325227240546802,-0.8582301772800381,-0.2911273600927219,-1.0,0
0.1610208950841497,-0.431958439700027,-1.2994962699835761,2.3609622600813163,-0.33778318405790814,-0.37952508199787327,-0.6003587456580688,0.4290402000982225,-0.23189613379288193,-0.22507379266406463,-0.15112947814982725,-0.9430248318429559,-0.7514889346333069,-0.16097011823033208,-0.6677041657548128,-0.44101733506029156,-0.5953764506673591,-0.06966899744200132,0.5619627704777009,-1.0,-1
-0.8055736960960785,-0.6187022772198708,-1.2994962699835761,-0.682581078947164,-0.33778318405790814,-0.37952508199787327,-0.6003587456580688,0.035530488521046066,-0.23189613379288193,-0.22507379266406463,-0.15112947814982725,0.19919545544000122,0.035530488521046066,-0.03650468852812796,-0.43833500471815257,-0.5343664073369446,-0.06966899744200131,0.7188921823960355,-0.7176724253779333,1.0,0
-0.5639250483010215,-0.431958439700027,-0.4629455461816491,-0.682581078947164,-0.33778318405790814,-0.37952508199787327,-0.25769265947318165,0.4290402000982225,-0.23189613379288193,4.1906596634118705,-0.15112947814982725,0.5989725559890362,1.2160596232525756,1.643778612451628,0.6320544134529278,-0.7335110948604712,-0.858230177280038,0.7188921823960355,0.5619627704777009,-1.0,-1
-0.40282594977098346,-0.8054461147397145,-0.8812209080826127,0.8391905905670761,-0.33778318405790814,-0.37952508199787327,-0.25769265947318165,0.035530488521046066,-0.23189613379288193,-0.22507379266406463,-0.15112947814982725,-0.4290257025656252,-1.53850835778766,-0.06762104595367903,-0.5147913917303727,-0.5188082286241692,-1.121083903892717,-0.5953764506673592,-0.7176724253779333,-1.0,-1
-2.0138169350713637,-0.431958439700027,-1.2994962699835761,-0.682581078947164,-0.33778318405790814,-0.37952508199787327,-0.25769265947318165,-1.53850835778766,-0.23189613379288193,-0.22507379266406463,-0.15112947814982725,0.8274166134456277,-0.3579792230561304,1.643778612451628,0.4409134459223777,-0.7335110948604712,-0.858230177280038,1.5074533622340722,-0.2911273600927219,-1.0,0
0.24157044434916872,0.1282730728595042,-0.8812209080826127,0.8391905905670761,-0.33778318405790814,-0.37952508199787327,-0.5432477312939209,-0.7514889346333069,-0.23189613379288193,-0.22507379266406463,-0.15112947814982725,-0.6003587456580688,-1.53850835778766,-0.47213369248584247,-0.7059323592609227,-0.06762104595367903,0.1931847291706776,-0.5953764506673592,-0.7176724253779333,1.0,0
-1.0472223438911357,-0.6187022772198708,-0.4629455461816491,-0.682581078947164,-0.33778318405790814,-0.37952508199787327,-0.20058164510903378,-1.1449986462104833,-0.23189613379288193,-0.22507379266406463,-0.15112947814982725,0.9987496565380712,0.035530488521046066,0.5547061025573418,-0.13250945666927252,-0.6557202012965936,-0.858230177280038,0.9817459090087144,0.5619627704777009,1.0,0
-1.2888709916861927,-0.8054461147397145,0.37360517762027795,-0.682581078947164,-0.33778318405790814,-0.37952508199787327,-0.14347063074488592,-0.7514889346333069,-0.23189613379288193,-0.22507379266406463,-0.15112947814982725,1.7411928432719934,2.0030790464069286,1.9549421867071386,0.8231953809834779,-0.758404180800912,-0.5953764506673591,1.2445996356213933,-0.2911273600927219,1.0,-1
-1.4499700902162307,-0.431958439700027,-0.044670184280685594,-0.682581078947164,-0.33778318405790814,-0.37952508199787327,-0.14347063074488592,-0.7514889346333069,-0.23189613379288193,-0.22507379266406463,-0.15112947814982725,0.5418615416248884,0.4290402000982225,0.7102878896850969,-0.5147913917303727,-0.640162022583818,-0.5953764506673591,-0.5953764506673592,0.9885078357629123,-1.0,1
-1.2888709916861927,0.5017607478991917,-0.044670184280685594,-0.682581078947164,-0.33778318405790814,-0.37952508199787327,-0.8288028031146603,0.4290402000982225,-0.23189613379288193,-0.22507379266406463,-0.15112947814982725,-0.25769265947318165,0.035530488521046066,0.2746588857273823,-0.2854222306937127,-0.6121573009008222,-0.858230177280038,0.9817459090087144,0.13541770519248952,1.0,1
-0.7250241468310595,-1.3656776272992457,-1.2994962699835761,-0.682581078947164,-0.33778318405790814,-0.37952508199787327,0.027862412347557656,0.035530488521046066,-0.23189613379288193,-0.22507379266406463,-0.15112947814982725,0.31341748416829696,-0.7514889346333069,0.08796074117407617,-0.43833500471815257,-0.5654827647624957,0.4560384557833565,0.1931847291706776,-0.2911273600927219,-1.0,0
-0.40282594977098346,-0.6187022772198708,-0.8812209080826127,-0.682581078947164,-0.33778318405790814,-0.37952508199787327,-0.25769265947318165,-0.3579792230561304,-0.23189613379288193,-0.22507379266406463,-0.15112947814982725,0.31341748416829696,0.822549911675399,-0.25431919050698526,-0.5912477787425927,-0.4099009776347405,-0.3325227240546802,0.45603845578335656,0.5619627704777009,1.0,-1
-1.7721682872763067,-1.1789337897794019,-1.7177716318845397,0.8391905905670761,-0.33778318405790814,-0.37952508199787327,0.08497342671170552,0.035530488521046066,-0.23189613379288193,-0.22507379266406463,-0.15112947814982725,1.5698598001795498,0.035530488521046066,0.8658696768128521,0.11979662047105363,-0.6899481944646998,-0.858230177280038,0.9817459090087144,0.5619627704777009,1.0,-1
-0.40282594977098346,-0.9921899522595582,-1.2994962699835761,0.8391905905670761,-0.33778318405790814,-0.37952508199787327,0.08497342671170552,0.035530488521046066,3.886259345632435,-0.22507379266406463,-0.15112947814982725,0.19919545544000122,-0.3579792230561304,-0.03650468852812796,-0.7441605527670326,-0.48769187119861807,-0.858230177280038,-1.1210839038927172,-1.1442174906631448,-1.0,-1
-2.094366484336383,-1.7391653023389333,-1.2994962699835761,-0.682581078947164,-0.33778318405790814,-0.37952508199787327,0.25630646980414906,-0.3579792230561304,-0.23189613379288193,-0.22507379266406463,-0.15112947814982725,2.826302116190803,1.2160596232525756,3.5107600579846903,1.7789002186362282,-0.7832972667413529,-0.858230177280038,1.5074533622340722,-0.2911273600927219,1.0,-1
0.1610208950841497,0.1282730728595042,-0.044670184280685594,-0.682581078947164,-0.33778318405790814,-0.37952508199787327,-0.4290257025656252,-0.3579792230561304,-0.23189613379288193,-0.22507379266406463,-0.15112947814982725,-0.20058164510903378,-0.7514889346333069,-0.3414449912985281,-0.8206169397792528,-0.26365409773465054,0.1931847291706776,0.7188921823960355,-0.7176724253779333,1.0,1
0.40266954287920675,1.0619922604587229,-0.4629455461816491,0.8391905905670761,-0.33778318405790814,-0.37952508199787327,0.25630646980414906,-0.3579792230561304,-0.23189613379288193,-0.22507379266406463,-0.15112947814982725,-0.3148036738373295,-1.1449986462104833,-0.363226441496414,-0.7441605527670326,-0.26365409773465054,-0.5953764506673591,-1.1210839038927172,-0.7176724253779333,-1.0,-1
-0.8861232453610975,-0.8054461147397145,-1.2994962699835761,-0.682581078947164,-0.33778318405790814,2.288808259011065,0.25630646980414906,-0.3579792230561304,-0.23189613379288193,-0.22507379266406463,-0.15112947814982725,1.5698598001795498,-0.3579792230561304,0.39912431542958654,-0.2854222306937127,-0.6277154796135976,-0.06966899744200131,0.7188921823960355,-0.2911273600927219,-1.0,0
-0.48337549903600247,0.6885045854190354,0.7918805395212415,-0.682581078947164,-0.33778318405790814,-0.37952508199787327,0.08497342671170552,-1.1449986462104833,-0.23189613379288193,-0.22507379266406463,-0.15112947814982725,0.6560835703531841,-0.3579792230561304,-0.3009937266453118,-0.7059323592609227,-0.3414449912985281,0.1931847291706776,-0.06966899744200132,0.5619627704777009,1.0,1
-1.1277718931561547,0.3150169103793479,0.37360517762027795,-0.682581078947164,-0.33778318405790814,-0.37952508199787327,0.31341748416829696,-1.1449986462104833,-0.23189613379288193,-0.22507379266406463,-0.15112947814982725,1.455637771451254,-0.3579792230561304,-0.3165519053580873,-0.8970733267914728,-0.26365409773465054,-0.3325227240546802,-0.8582301772800381,0.13541770519248952,1.0,1
0.24157044434916872,0.8752484229388792,0.7918805395212415,0.8391905905670761,-0.33778318405790814,-0.37952508199787327,0.4847505272607405,0.035530488521046066,-0.23189613379288193,4.1906596634118705,-0.15112947814982725,-0.029248602016590203,-1.53850835778766,-0.3009937266453118,-0.6677041657548128,-0.3476682627836383,0.1931847291706776,-0.5953764506673592,-0.2911273600927219,-1.0,1
-0.08062775271090736,0.3150169103793479,0.7918805395212415,-0.682581078947164,-0.33778318405790814,-0.37952508199787327,0.6560835703531841,1.2160596232525756,-0.23189613379288193,-0.22507379266406463,-0.15112947814982725,0.9987496565380712,0.035530488521046066,-0.2232028330814342,-0.6677041657548128,-0.4099009776347405,-0.5953764506673591,-0.8582301772800381,0.13541770519248952,1.0,-1
-1.4499700902162307,-0.8054461147397145,-1.2994962699835761,-0.682581078947164,-0.33778318405790814,-0.37952508199787327,0.6560835703531841,0.822549911675399,-0.23189613379288193,-0.22507379266406463,-0.15112947814982725,2.3694140012776197,0.4290402000982225,1.643778612451628,0.8231953809834779,-0.7428460020881366,-0.5953764506673591,0.9817459090087144,0.13541770519248952,-1.0,-1
-1.6916187380112877,-0.6187022772198708,-0.4629455461816491,-0.682581078947164,2.610663253057731,2.288808259011065,-0.48613671692977306,-0.7514889346333069,3.886259345632435,-0.22507379266406463,-0.15112947814982725,-0.08635961638073807,0.822549911675399,-0.03650468852812796,-0.5147913917303727,-0.5188082286241692,-0.5953764506673591,-0.5953764506673592,0.13541770519248952,-1.0,0
0.1610208950841497,-0.05847076466033954,-0.044670184280685594,0.8391905905670761,-0.33778318405790814,-0.37952508199787327,0.6560835703531841,-0.3579792230561304,-0.23189613379288193,-0.22507379266406463,-0.15112947814982725,1.2843047283588105,-0.3579792230561304,-0.456575513773067,-0.5912477787425927,-0.16097011823033208,-0.5953764506673591,0.1931847291706776,0.5619627704777009,1.0,-1
-0.9666727946261165,0.1282730728595042,1.210155901422205,-0.682581078947164,-0.33778318405790814,-0.37952508199787327,-1.3428019323919909,-1.53850835778766,-0.23189613379288193,-0.22507379266406463,-0.15112947814982725,-1.3428019323919909,-1.53850835778766,-0.19208647565588316,-0.7441605527670326,-0.4192358848624057,-0.3325227240546802,-0.8582301772800381,-1.1442174906631448,1.0,1
-0.48337549903600247,-0.431958439700027,-1.2994962699835761,-0.682581078947164,-0.33778318405790814,-0.37952508199787327,-1.1714688892995473,-0.3579792230561304,-0.23189613379288193,-0.22507379266406463,-0.15112947814982725,-1.1714688892995473,-0.3579792230561304,0.6324969961212193,-0.5147913917303727,-0.6277154796135976,-0.858230177280038,-0.5953764506673592,0.13541770519248952,-1.0,-1
-0.5639250483010215,-0.6187022772198708,-0.8812209080826127,0.8391905905670761,-0.33778318405790814,-0.37952508199787327,-1.1714688892995473,-0.3579792230561304,-0.23189613379288193,-0.22507379266406463,-0.15112947814982725,-1.0001358462071037,0.822549911675399,1.643778612451628,0.4409134459223777,-0.7335110948604712,-0.858230177280038,0.45603845578335656,0.13541770519248952,-1.0,-1
-0.40282594977098346,-1.1789337897794019,-0.8812209080826127,-0.682581078947164,-0.33778318405790814,-0.37952508199787327,-1.1714688892995473,-0.3579792230561304,-0.23189613379288193,4.1906596634118705,-0.15112947814982725,-1.3428019323919909,-1.53850835778766,-0.0987374033792301,-0.7441605527670326,-0.456575513773067,-0.5953764506673591,-0.5953764506673592,-1.1442174906631448,1.0,-1
0.08047134581913068,-0.05847076466033954,1.6284312633231686,-0.682581078947164,-0.33778318405790814,-0.37952508199787327,-1.1714688892995473,-1.53850835778766,-0.23189613379288193,-0.22507379266406463,-0.15112947814982725,-1.3428019323919909,-1.53850835778766,-0.06762104595367903,-0.6677041657548128,-0.48769187119861807,-0.3325227240546802,-0.8582301772800381,-1.1442174906631448,-1.0,1
0.24157044434916872,0.5017607478991917,-0.044670184280685594,0.8391905905670761,-0.33778318405790814,-0.37952508199787327,-1.0001358462071037,-0.3579792230561304,-0.23189613379288193,-0.22507379266406463,-0.15112947814982725,-1.2285799036636953,-0.7514889346333069,-0.47213369248584247,-0.5912477787425927,-0.12985376080478117,0.1931847291706776,-0.8582301772800381,-0.2911273600927219,1.0,0
-1.2888709916861927,-1.3656776272992457,-1.2994962699835761,-0.682581078947164,-0.33778318405790814,-0.37952508199787327,-0.9430248318429559,0.035530488521046066,-0.23189613379288193,-0.22507379266406463,-0.15112947814982725,-1.1714688892995473,-1.1449986462104833,0.32133342186570896,-0.13250945666927252,-0.6277154796135976,-1.121083903892717,-1.1210839038927172,-1.1442174906631448,-1.0,-1
-2.0138169350713637,-1.1789337897794019,-0.8812209080826127,-0.682581078947164,-0.33778318405790814,-0.37952508199787327,-0.9430248318429559,0.035530488521046066,-0.23189613379288193,-0.22507379266406463,-0.15112947814982725,-0.48613671692977306,0.4290402000982225,1.4881968253238729,1.014336348514028,-0.7428460020881366,-0.5953764506673591,0.7188921823960355,-0.7176724253779333,1.0,-1
0.08047134581913068,1.4354799354984105,1.6284312633231686,-0.682581078947164,-0.33778318405790814,-0.37952508199787327,-0.9430248318429559,-1.1449986462104833,-0.23189613379288193,-0.22507379266406463,-0.15112947814982725,-0.5432477312939209,0.035530488521046066,0.5547061025573418,-0.2854222306937127,-0.6432736583263733,-0.3325227240546802,-0.06966899744200132,0.13541770519248952,-1.0,1
-0.8055736960960785,-0.431958439700027,-0.4629455461816491,0.8391905905670761,-0.33778318405790814,-0.37952508199787327,-0.7716917887505124,-0.3579792230561304,-0.23189613379288193,-0.22507379266406463,-0.15112947814982725,-0.885913817478808,0.035530488521046066,-0.16097011823033208,-0.6677041657548128,-0.44101733506029156,-0.858230177280038,-0.06966899744200132,0.9885078357629123,1.0,-1
-0.8055736960960785,-0.9921899522595582,-1.2994962699835761,-0.682581078947164,-0.33778318405790814,-0.37952508199787327,-0.7716917887505124,-0.3579792230561304,3.886259345632435,-0.22507379266406463,6.616842804212003,-0.37191468820147733,1.2160596232525756,1.4881968253238729,0.4409134459223777,-0.7335110948604712,-0.5953764506673591,0.7188921823960355,-0.7176724253779333,-1.0,-1
-0.8861232453610975,1.2487360979785667,0.7918805395212415,2.3609622600813163,-0.33778318405790814,2.288808259011065,-0.7716917887505124,-0.3579792230561304,-0.23189613379288193,-0.22507379266406463,-0.15112947814982725,-0.37191468820147733,-0.3579792230561304,0.8658696768128521,0.4409134459223777,-0.7055063731774752,-0.5953764506673591,0.9817459090087144,-1.1442174906631448,1.0,1
-0.48337549903600247,0.6885045854190354,-0.044670184280685594,0.8391905905670761,2.610663253057731,2.288808259011065,-0.6003587456580688,-0.3579792230561304,-0.23189613379288193,-0.22507379266406463,-0.15112947814982725,-0.48613671692977306,-1.1449986462104833,0.5547061025573418,-0.13250945666927252,-0.6557202012965936,-0.3325227240546802,0.45603845578335656,-0.7176724253779333,-1.0,-1
0.08047134581913068,0.3150169103793479,0.7918805395212415,2.3609622600813163,-0.33778318405790814,-0.37952508199787327,-0.6003587456580688,-0.3579792230561304,-0.23189613379288193,-0.22507379266406463,-0.15112947814982725,0.3705284985324448,0.4290402000982225,1.9549421867071386,0.8231953809834779,-0.752180909315802,-0.858230177280038,0.7188921823960355,-0.2911273600927219,1.0,-1
-2.1749160336014017,-0.2452146021801833,-0.044670184280685594,0.8391905905670761,-0.33778318405790814,-0.37952508199787327,-0.6003587456580688,-0.3579792230561304,-0.23189613379288193,-0.22507379266406463,-0.15112947814982725,0.4847505272607405,2.0030790464069286,2.5772693352181593,2.1611821536973284,-0.7832972667413529,-1.121083903892717,1.5074533622340722,-1.1442174906631448,1.0,-1
-1.0472223438911357,-1.1789337897794019,-0.8812209080826127,0.8391905905670761,-0.33778318405790814,-0.37952508199787327,-0.6003587456580688,-1.53850835778766,-0.23189613379288193,-0.22507379266406463,-0.15112947814982725,-0.37191468820147733,0.035530488521046066,-0.12985376080478117,-0.6677041657548128,-0.456575513773067,-1.121083903892717,-1.1210839038927172,-1.1442174906631448,-1.0,-1
-0.5639250483010215,0.3150169103793479,0.37360517762027795,-0.682581078947164,-0.33778318405790814,-0.37952508199787327,-0.5432477312939209,-1.1449986462104833,-0.23189613379288193,-0.22507379266406463,-0.15112947814982725,0.42763951289659263,-0.3579792230561304,-0.0987374033792301,-0.43833500471815257,-0.5032500499113935,-0.06966899744200131,0.1931847291706776,-0.7176724253779333,1.0,-1
-1.9332673858063447,-1.1789337897794019,-0.044670184280685594,0.8391905905670761,-0.33778318405790814,-0.37952508199787327,-0.5432477312939209,-1.53850835778766,-0.23189613379288193,-0.22507379266406463,-0.15112947814982725,0.713194584717332,0.4290402000982225,0.39912431542958654,0.02040331735516768,-0.6557202012965936,-0.858230177280038,0.7188921823960355,0.13541770519248952,1.0,-1
-0.16117730197592636,1.0619922604587229,0.37360517762027795,2.3609622600813163,-0.33778318405790814,-0.37952508199787327,-0.5432477312939209,-1.53850835778766,-0.23189613379288193,-0.22507379266406463,-0.15112947814982725,-0.5432477312939209,0.035530488521046066,-0.03650468852812796,-0.43833500471815257,-0.5343664073369446,0.1931847291706776,-0.8582301772800381,0.13541770519248952,-1.0,0
1.369264134059435,0.5017607478991917,-0.4629455461816491,-0.682581078947164,-0.33778318405790814,-0.37952508199787327,-0.48613671692977306,-1.1449986462104833,3.886259345632435,4.1906596634118705,6.616842804212003,-0.6003587456580688,-0.3579792230561304,-0.5343664073369446,-0.5147913917303727,0.010169847610198573,-0.06966899744200131,-0.8582301772800381,-1.1442174906631448,1.0,-1
-0.2417268512409454,-0.2452146021801833,0.37360517762027795,-0.682581078947164,-0.33778318405790814,-0.37952508199787327,-0.6003587456580688,-1.53850835778766,-0.23189613379288193,-0.22507379266406463,-0.15112947814982725,-0.5432477312939209,-0.7514889346333069,-0.06762104595367903,-0.7059323592609227,-0.47213369248584247,-0.5953764506673591,0.1931847291706776,-0.7176724253779333,-1.0,0
-1.1277718931561547,-1.1789337897794019,-1.2994962699835761,-0.682581078947164,-0.33778318405790814,-0.37952508199787327,-0.48613671692977306,-1.1449986462104833,-0.23189613379288193,-0.22507379266406463,-0.15112947814982725,0.7703055990814798,-0.3579792230561304,0.6324969961212193,0.02040331735516768,-0.6743900157519244,-0.06966899744200131,0.45603845578335656,-0.7176724253779333,-1.0,-1
-1.1277718931561547,-0.6187022772198708,-1.2994962699835761,0.8391905905670761,-0.33778318405790814,-0.37952508199787327,-0.48613671692977306,-1.1449986462104833,-0.23189613379288193,-0.22507379266406463,-0.15112947814982725,0.3705284985324448,-0.3579792230561304,-0.06762104595367903,-0.6677041657548128,-0.5188082286241692,-0.858230177280038,-0.33252272405468025,0.13541770519248952,1.0,-1
-0.7250241468310595,-0.8054461147397145,-0.044670184280685594,-0.682581078947164,-0.33778318405790814,-0.37952508199787327,-0.48613671692977306,-1.53850835778766,-0.23189613379288193,-0.22507379266406463,-0.15112947814982725,0.42763951289659263,0.035530488521046066,0.6324969961212193,-0.43833500471815257,-0.6432736583263733,-0.06966899744200131,-0.8582301772800381,-1.1442174906631448,-1.0,1
-0.3222764005059644,-0.8054461147397145,-1.2994962699835761,-0.682581078947164,-0.33778318405790814,-0.37952508199787327,-0.5432477312939209,-1.1449986462104833,-0.23189613379288193,-0.22507379266406463,-0.15112947814982725,-0.20058164510903378,0.035530488521046066,-0.19208647565588316,-0.6677041657548128,-0.44101733506029156,-0.3325227240546802,-0.06966899744200132,0.13541770519248952,1.0,-1
-1.3694205409512117,-0.431958439700027,-0.8812209080826127,-0.682581078947164,-0.33778318405790814,-0.37952508199787327,-0.3148036738373295,-0.3579792230561304,-0.23189613379288193,-0.22507379266406463,-0.15112947814982725,1.2843047283588105,0.4290402000982225,1.7993603995793832,1.014336348514028,-0.752180909315802,-0.3325227240546802,0.9817459090087144,-1.1442174906631448,-1.0,0
-0.48337549903600247,0.1282730728595042,1.210155901422205,2.3609622600813163,-0.33778318405790814,-0.37952508199787327,-0.25769265947318165,0.035530488521046066,-0.23189613379288193,-0.22507379266406463,-0.15112947814982725,1.3985267570871063,0.822549911675399,0.7102878896850969,-0.13250945666927252,-0.668166744266814,-0.5953764506673591,0.9817459090087144,-0.7176724253779333,1.0,-1
-1.2888709916861927,-0.6187022772198708,-1.7177716318845397,2.3609622600813163,-0.33778318405790814,-0.37952508199787327,-0.5432477312939209,-1.1449986462104833,-0.23189613379288193,4.1906596634118705,-0.15112947814982725,0.08497342671170552,0.035530488521046066,0.24354252830183137,-0.43833500471815257,-0.6121573009008222,-0.5953764506673591,-0.33252272405468025,-1.1442174906631448,-1.0,-1
-1.0472223438911357,-0.6187022772198708,0.37360517762027795,-0.682581078947164,-0.33778318405790814,-0.37952508199787327,-0.25769265947318165,0.035530488521046066,-0.23189613379288193,-0.22507379266406463,-0.15112947814982725,0.6560835703531841,0.822549911675399,0.4769152089934642,0.02040331735516768,-0.6588318370391487,-0.858230177280038,0.1931847291706776,0.9885078357629123,-1.0,1
-1.8527178365413257,-1.3656776272992457,-0.8812209080826127,-0.682581078947164,-0.33778318405790814,-0.37952508199787327,-0.029248602016590203,0.035530488521046066,-0.23189613379288193,-0.22507379266406463,-0.15112947814982725,2.769191101826655,2.0030790464069286,4.133087206495711,4.072591829002829,-0.8081903526817937,-0.5953764506673591,0.9817459090087144,-0.7176724253779333,-1.0,-1
-0.08062775271090736,-0.8054461147397145,-1.2994962699835761,0.8391905905670761,-0.33778318405790814,-0.37952508199787327,-0.029248602016590203,0.035530488521046066,-0.23189613379288193,-0.22507379266406463,-0.15112947814982725,0.3705284985324448,1.2160596232525756,-0.3165519053580873,-0.5912477787425927,-0.363226441496414,-1.121083903892717,-0.8582301772800381,-1.1442174906631448,1.0,-1
-7.820344588833574e-05,1.0619922604587229,-0.044670184280685594,2.3609622600813163,-0.33778318405790814,-0.37952508199787327,-0.029248602016590203,-1.1449986462104833,-0.23189613379288193,-0.22507379266406463,-0.15112947814982725,0.713194584717332,0.822549911675399,-0.3165519053580873,-0.6677041657548128,-0.363226441496414,-1.121083903892717,-0.8582301772800381,-1.1442174906631448,1.0,-1
-1.8527178365413257,-1.3656776272992457,-0.8812209080826127,-0.682581078947164,-0.33778318405790814,-0.37952508199787327,-0.029248602016590203,-1.53850835778766,-0.23189613379288193,-0.22507379266406463,-0.15112947814982725,3.2260792167398376,1.2160596232525756,6.933559374795304,4.4548737640639295,-0.8144136241669039,-1.121083903892717,1.7703070888467514,-1.1442174906631448,-1.0,-1
-0.2417268512409454,0.1282730728595042,-1.2994962699835761,0.8391905905670761,-0.33778318405790814,-0.37952508199787327,-0.029248602016590203,-1.53850835778766,-0.23189613379288193,-0.22507379266406463,-0.15112947814982725,0.4847505272607405,0.035530488521046066,-0.3476682627836383,-0.6677041657548128,-0.3009937266453118,-0.5953764506673591,0.1931847291706776,-0.2911273600927219,1.0,-1
-1.3694205409512117,-1.1789337897794019,-1.2994962699835761,-0.682581078947164,-0.33778318405790814,-0.37952508199787327,-0.029248602016590203,-1.53850835778766,3.886259345632435,-0.22507379266406463,6.616842804212003,0.9987496565380712,0.035530488521046066,0.39912431542958654,-0.13250945666927252,-0.6432736583263733,-0.3325227240546802,0.1931847291706776,0.13541770519248952,-1.0,-1
-0.16117730197592636,-1.1789337897794019,-1.7177716318845397,0.8391905905670761,-0.33778318405790814,-0.37952508199787327,-0.08635961638073807,0.035530488521046066,-0.23189613379288193,-0.22507379266406463,-0.15112947814982725,0.14208444107585336,-1.53850835778766,0.1501934560251783,-0.43833500471815257,-0.5872642149603814,-0.06966899744200131,-0.06966899744200132,0.13541770519248952,1.0,0
-0.7250241468310595,0.1282730728595042,0.37360517762027795,-0.682581078947164,-0.33778318405790814,-0.37952508199787327,-0.029248602016590203,-1.53850835778766,-0.23189613379288193,-0.22507379266406463,-0.15112947814982725,1.2843047283588105,-1.1449986462104833,0.025728026322974037,-0.5147913917303727,-0.5499245860497202,-0.3325227240546802,0.7188921823960355,-0.7176724253779333,1.0,-1
-1.6916187380112877,-0.8054461147397145,-0.4629455461816491,0.8391905905670761,-0.33778318405790814,-0.37952508199787327,-0.029248602016590203,-1.53850835778766,-0.23189613379288193,-0.22507379266406463,-0.15112947814982725,2.712080087462507,-0.7514889346333069,3.5107600579846903,2.5434640887584283,-0.7895205382264632,-0.858230177280038,0.9817459090087144,-0.2911273600927219,-1.0,-1
-7.820344588833574e-05,0.3150169103793479,-0.4629455461816491,-0.682581078947164,-0.33778318405790814,-0.37952508199787327,-1.3428019323919909,-1.53850835778766,-0.23189613379288193,-0.22507379266406463,-0.15112947814982725,-1.3428019323919909,-1.53850835778766,1.643778612451628,1.205477316044578,-0.752180909315802,-1.121083903892717,0.9817459090087144,-0.2911273600927219,1.0,-1
-1.3694205409512117,-2.112652977378621,-1.7177716318845397,-0.682581078947164,-0.33778318405790814,-0.37952508199787327,-1.3428019323919909,-1.53850835778766,-0.23189613379288193,4.1906596634118705,-0.15112947814982725,-1.3428019323919909,-1.53850835778766,6.933559374795304,5.2194376341861295,-0.8206368956520141,-0.5953764506673591,0.45603845578335656,-0.2911273600927219,-1.0,-1
-0.40282594977098346,0.1282730728595042,-0.4629455461816491,0.8391905905670761,2.610663253057731,2.288808259011065,-1.3428019323919909,-1.53850835778766,-0.23189613379288193,-0.22507379266406463,-0.15112947814982725,-1.1714688892995473,-0.3579792230561304,0.24354252830183137,-0.5147913917303727,-0.5810409434752711,-0.858230177280038,-0.5953764506673592,-0.7176724253779333,1.0,-1
-0.08062775271090736,-0.431958439700027,-1.2994962699835761,0.8391905905670761,-0.33778318405790814,-0.37952508199787327,-1.3428019323919909,-1.53850835778766,-0.23189613379288193,-0.22507379266406463,-0.15112947814982725,-1.3428019323919909,-1.53850835778766,0.7102878896850969,0.3262288654040474,-0.6899481944646998,-0.858230177280038,0.45603845578335656,0.13541770519248952,-1.0,-1
-0.08062775271090736,-0.05847076466033954,0.37360517762027795,0.8391905905670761,-0.33778318405790814,-0.37952508199787327,-1.3428019323919909,-1.53850835778766,-0.23189613379288193,-0.22507379266406463,-0.15112947814982725,-1.1714688892995473,-1.53850835778766,-0.48769187119861807,-0.6677041657548128,-0.06762104595367903,-0.858230177280038,-0.33252272405468025,-1.1442174906631448,1.0,-1
0.24157044434916872,-0.431958439700027,-0.8812209080826127,0.8391905905670761,-0.33778318405790814,-0.37952508199787327,-1.3428019323919909,-1.53850835778766,-0.23189613379288193,-0.22507379266406463,-0.15112947814982725,-0.7716917887505124,0.822549911675399,0.6324969961212193,-0.2854222306937127,-0.6557202012965936,-0.5953764506673591,-0.33252272405468025,0.9885078357629123,-1.0,-1
-0.48337549903600247,-0.431958439700027,-0.8812209080826127,2.3609622600813163,-0.33778318405790814,-0.37952508199787327,-1.3428019323919909,-1.53850835778766,-0.23189613379288193,-0.22507379266406463,-0.15112947814982725,-1.2285799036636953,-1.1449986462104833,0.1906447206783946,-0.43833500471815257,-0.5810409434752711,-1.121083903892717,-0.5953764506673592,-1.1442174906631448,-1.0,0
-1.1277718931561547,0.5017607478991917,-0.8812209080826127,0.8391905905670761,-0.33778318405790814,-0.37952508199787327,-1.285690918027843,-1.1449986462104833,-0.23189613379288193,-0.22507379266406463,-0.15112947814982725,-0.5432477312939209,0.4290402000982225,-0.03650468852812796,-0.5912477787425927,-0.5032500499113935,-1.121083903892717,-0.5953764506673592,-1.1442174906631448,1.0,0
-0.9666727946261165,-1.7391653023389333,-1.2994962699835761,-0.682581078947164,-0.33778318405790814,-0.37952508199787327,-1.2285799036636953,-0.7514889346333069,3.886259345632435,4.1906596634118705,6.616842804212003,-0.25769265947318165,0.822549911675399,3.5107600579846903,2.1611821536973284,-0.7895205382264632,-1.121083903892717,0.9817459090087144,-0.2911273600927219,-1.0,-1
-0.16117730197592636,0.3150169103793479,-0.4629455461816491,3.8827339295955565,-0.33778318405790814,-0.37952508199787327,-1.2285799036636953,-0.7514889346333069,-0.23189613379288193,-0.22507379266406463,-0.15112947814982725,-0.9430248318429559,0.035530488521046066,-0.0987374033792301,-0.5147913917303727,-0.5032500499113935,-1.121083903892717,-1.1210839038927172,-1.1442174906631448,1.0,-1
-1.1277718931561547,-0.8054461147397145,-0.044670184280685594,0.8391905905670761,2.610663253057731,2.288808259011065,-1.2285799036636953,-1.1449986462104833,-0.23189613379288193,-0.22507379266406463,-0.15112947814982725,-0.6574697600222167,-1.53850835778766,0.6324969961212193,-0.13250945666927252,-0.6588318370391487,-1.121083903892717,-1.1210839038927172,-1.1442174906631448,-1.0,1
-0.9666727946261165,-0.8054461147397145,-0.044670184280685594,-0.682581078947164,-0.33778318405790814,-0.37952508199787327,-1.0572468605712517,-0.3579792230561304,-0.23189613379288193,-0.22507379266406463,-0.15112947814982725,-0.5432477312939209,1.2160596232525756,-0.03650468852812796,-0.5147913917303727,-0.5188082286241692,-0.5953764506673591,-0.06966899744200132,-0.2911273600927219,1.0,1
-0.5639250483010215,0.3150169103793479,-0.044670184280685594,0.8391905905670761,-0.33778318405790814,-0.37952508199787327,-0.885913817478808,0.822549911675399,-0.23189613379288193,-0.22507379266406463,-0.15112947814982725,-0.25769265947318165,0.822549911675399,-0.06762104595367903,-0.6677041657548128,-0.48769187119861807,-0.858230177280038,-0.5953764506673592,-0.7176724253779333,1.0,0
1.449813683324454,0.6885045854190354,0.7918805395212415,0.8391905905670761,-0.33778318405790814,-0.37952508199787327,-0.8288028031146603,1.2160596232525756,-0.23189613379288193,-0.22507379266406463,-0.15112947814982725,-1.0001358462071037,-0.7514889346333069,0.0568443837485251,-0.5147913917303727,-0.5499245860497202,-0.3325227240546802,-0.06966899744200132,0.13541770519248952,-1.0,0
0.7248677399392829,-0.431958439700027,-1.2994962699835761,-0.682581078947164,-0.33778318405790814,-0.37952508199787327,-0.7716917887505124,0.4290402000982225,-0.23189613379288193,-0.22507379266406463,-0.15112947814982725,-0.08635961638073807,0.822549911675399,1.4881968253238729,0.6320544134529278,-0.7335110948604712,-0.5953764506673591,0.1931847291706776,0.13541770519248952,-1.0,-1
-0.16117730197592636,-0.2452146021801833,0.37360517762027795,-0.682581078947164,-0.33778318405790814,-0.37952508199787327,-0.7716917887505124,-0.7514889346333069,-0.23189613379288193,-0.22507379266406463,-0.15112947814982725,0.027862412347557656,1.2160596232525756,1.0214514639406074,0.24977247839182762,-0.7055063731774752,-0.5953764506673591,0.9817459090087144,-1.1442174906631448,1.0,-1
-7.820344588833574e-05,-0.9921899522595582,-0.4629455461816491,-0.682581078947164,-0.33778318405790814,-0.37952508199787327,-0.7716917887505124,-1.1449986462104833,-0.23189613379288193,-0.22507379266406463,-0.15112947814982725,-0.25769265947318165,-0.3579792230561304,-0.12985376080478117,-0.6677041657548128,-0.456575513773067,-0.5953764506673591,0.7188921823960355,-0.7176724253779333,1.0,-1
-1.1277718931561547,-1.5524214648190895,-0.8812209080826127,-0.682581078947164,-0.33778318405790814,-0.37952508199787327,-0.7716917887505124,-1.53850835778766,-0.23189613379288193,-0.22507379266406463,-0.15112947814982725,0.4847505272607405,2.0030790464069286,1.3326150381961177,0.4409134459223777,-0.7210645518902509,-0.858230177280038,0.7188921823960355,0.13541770519248952,1.0,-1
-0.08062775271090736,-0.05847076466033954,-0.8812209080826127,-0.682581078947164,-0.33778318405790814,-0.37952508199787327,-0.7716917887505124,-1.53850835778766,-0.23189613379288193,-0.22507379266406463,-0.15112947814982725,-0.029248602016590203,0.035530488521046066,0.5547061025573418,-0.3236504241998226,-0.6432736583263733,-0.858230177280038,-0.33252272405468025,-0.2911273600927219,-1.0,-1
-0.9666727946261165,-0.9921899522595582,-0.4629455461816491,-0.682581078947164,-0.33778318405790814,-0.37952508199787327,-0.7716917887505124,-1.53850835778766,-0.23189613379288193,-0.22507379266406463,-0.15112947814982725,0.25630646980414906,0.035530488521046066,1.9549421867071386,1.014336348514028,-0.758404180800912,-0.858230177280038,-0.06966899744200132,0.13541770519248952,-1.0,-1
-0.7250241468310595,0.3150169103793479,-0.4629455461816491,-0.682581078947164,-0.33778318405790814,-0.37952508199787327,-0.7716917887505124,-1.53850835778766,-0.23189613379288193,-0.22507379266406463,-0.15112947814982725,-0.029248602016590203,-0.3579792230561304,0.010169847610198573,-0.5147913917303727,-0.5343664073369446,-0.5953764506673591,-0.06966899744200132,0.9885078357629123,1.0,1
-1.3694205409512117,-0.9921899522595582,-0.8812209080826127,0.8391905905670761,-0.33778318405790814,-0.37952508199787327,-0.6003587456580688,-0.3579792230561304,-0.23189613379288193,-0.22507379266406463,-0.15112947814982725,-0.48613671692977306,-1.1449986462104833,0.010169847610198573,-0.5147913917303727,-0.5343664073369446,-0.858230177280038,-0.06966899744200132,-1.1442174906631448,-1.0,1
-1.6110691887462687,-1.3656776272992457,-1.2994962699835761,-0.682581078947164,-0.33778318405790814,-0.37952508199787327,-0.4290257025656252,0.822549911675399,-0.23189613379288193,-0.22507379266406463,-0.15112947814982725,0.19919545544000122,-1.1449986462104833,-0.06762104595367903,-0.7059323592609227,-0.48769187119861807,-0.858230177280038,-0.06966899744200132,-0.2911273600927219,1.0,0
-1.6916187380112877,-0.8054461147397145,-0.4629455461816491,-0.682581078947164,-0.33778318405790814,-0.37952508199787327,-0.37191468820147733,1.2160596232525756,-0.23189613379288193,-0.22507379266406463,-0.15112947814982725,2.0838589294568806,1.2160596232525756,3.5107600579846903,2.9257460238195288,-0.7957438097115733,-0.5953764506673591,0.7188921823960355,-0.2911273600927219,1.0,-1
-1.5305196394812497,-1.1789337897794019,-1.2994962699835761,-0.682581078947164,-0.33778318405790814,-0.37952508199787327,-0.37191468820147733,0.035530488521046066,-0.23189613379288193,-0.22507379266406463,-0.15112947814982725,1.912525886364437,2.0030790464069286,6.000068652028773,3.690309893941729,-0.8144136241669039,-1.121083903892717,1.2445996356213933,-0.2911273600927219,-1.0,-1
-0.6444745975660405,-0.8054461147397145,-1.2994962699835761,-0.682581078947164,-0.33778318405790814,-0.37952508199787327,-0.37191468820147733,-1.1449986462104833,-0.23189613379288193,-0.22507379266406463,-0.15112947814982725,0.4847505272607405,1.2160596232525756,0.7102878896850969,0.11979662047105363,-0.6806132872370344,-0.3325227240546802,-0.06966899744200132,-0.2911273600927219,-1.0,-1
0.8054172892043019,0.5017607478991917,1.210155901422205,-0.682581078947164,-0.33778318405790814,-0.37952508199787327,-0.37191468820147733,-1.53850835778766,-0.23189613379288193,-0.22507379266406463,-0.15112947814982725,0.027862412347557656,-1.1449986462104833,-0.25431919050698526,-0.8206169397792528,-0.3787846202091894,-0.858230177280038,-1.1210839038927172,-1.1442174906631448,1.0,-1
-1.2888709916861927,-0.9921899522595582,-0.8812209080826127,-0.682581078947164,2.610663253057731,2.288808259011065,-0.37191468820147733,-1.53850835778766,-0.23189613379288193,-0.22507379266406463,-0.15112947814982725,1.912525886364437,1.2160596232525756,2.266105760962649,0.4409134459223777,-0.752180909315802,-1.121083903892717,1.2445996356213933,-0.2911273600927219,1.0,-1
-0.16117730197592636,-0.05847076466033954,-0.044670184280685594,0.8391905905670761,-0.33778318405790814,-0.37952508199787327,-0.37191468820147733,-1.53850835778766,-0.23189613379288193,-0.22507379266406463,-0.15112947814982725,-0.029248602016590203,-1.53850835778766,0.6324969961212193,0.02040331735516768,-0.6743900157519244,-1.121083903892717,-0.8582301772800381,-1.1442174906631448,-1.0,-1
-1.0472223438911357,-1.1789337897794019,-1.7177716318845397,-0.682581078947164,-0.33778318405790814,-0.37952508199787327,-0.37191468820147733,-1.53850835778766,-0.23189613379288193,-0.22507379266406463,-0.15112947814982725,0.5418615416248884,-1.53850835778766,1.0214514639406074,-0.13250945666927252,-0.6899481944646998,-1.121083903892717,-0.5953764506673592,-0.7176724253779333,-1.0,0
-0.40282594977098346,0.8752484229388792,0.7918805395212415,-0.682581078947164,-0.33778318405790814,-0.37952508199787327,-0.3148036738373295,-1.1449986462104833,-0.23189613379288193,-0.22507379266406463,-0.15112947814982725,0.25630646980414906,-0.3579792230561304,-0.26365409773465054,-0.7441605527670326,-0.363226441496414,-1.121083903892717,-0.5953764506673592,-0.7176724253779333,1.0,1
-0.8861232453610975,0.5017607478991917,-0.044670184280685594,0.8391905905670761,-0.33778318405790814,-0.37952508199787327,-0.14347063074488592,0.035530488521046066,-0.23189613379288193,-0.22507379266406463,-0.15112947814982725,1.5698598001795498,-1.1449986462104833,1.9549421867071386,1.7789002186362282,-0.7677390880285774,-0.5953764506673591,1.2445996356213933,-1.1442174906631448,-1.0,-1
-0.3222764005059644,-1.3656776272992457,-0.8812209080826127,0.8391905905670761,-0.33778318405790814,-0.37952508199787327,-0.14347063074488592,0.035530488521046066,-0.23189613379288193,-0.22507379266406463,-0.15112947814982725,0.9416386421739233,0.822549911675399,-0.06762104595367903,-0.6677041657548128,-0.48769187119861807,-0.3325227240546802,-0.06966899744200132,0.5619627704777009,1.0,-1
0.40266954287920675,-0.6187022772198708,-0.4629455461816491,-0.682581078947164,-0.33778318405790814,-0.37952508199787327,-0.14347063074488592,-0.3579792230561304,-0.23189613379288193,-0.22507379266406463,-0.15112947814982725,0.8274166134456277,-1.1449986462104833,1.643778612451628,0.24977247839182762,-0.7210645518902509,-0.5953764506673591,0.9817459090087144,-0.7176724253779333,-1.0,-1
-1.0472223438911357,-0.8054461147397145,-0.8812209080826127,0.8391905905670761,-0.33778318405790814,-0.37952508199787327,-0.14347063074488592,-1.53850835778766,-0.23189613379288193,-0.22507379266406463,-0.15112947814982725,1.6269708145436976,-1.1449986462104833,0.24354252830183137,-0.2854222306937127,-0.6121573009008222,-0.858230177280038,0.1931847291706776,0.13541770519248952,1.0,-1
-1.2083214424211737,-0.6187022772198708,0.37360517762027795,-0.682581078947164,-0.33778318405790814,-0.37952508199787327,-0.7716917887505124,-1.53850835778766,-0.23189613379288193,-0.22507379266406463,-0.15112947814982725,0.14208444107585336,0.035530488521046066,1.0214514639406074,0.4409134459223777,-0.7086180089200305,-0.858230177280038,-0.33252272405468025,-0.7176724253779333,-1.0,-1
-1.1277718931561547,-0.2452146021801833,-0.8812209080826127,-0.682581078947164,-0.33778318405790814,-0.37952508199787327,-0.14347063074488592,-1.53850835778766,-0.23189613379288193,-0.22507379266406463,-0.15112947814982725,1.512748785815402,-1.1449986462104833,0.8658696768128521,0.4409134459223777,-0.7055063731774752,-0.858230177280038,-0.5953764506673592,-0.2911273600927219,-1.0,0
-0.7250241468310595,-0.6187022772198708,-1.7177716318845397,-0.682581078947164,-0.33778318405790814,-0.37952508199787327,-0.08635961638073807,-1.1449986462104833,-0.23189613379288193,-0.22507379266406463,-0.15112947814982725,2.5407470443700633,1.2160596232525756,1.7993603995793832,1.7789002186362282,-0.7677390880285774,-0.5953764506673591,0.45603845578335656,0.13541770519248952,1.0,-1
1.208165035529397,0.1282730728595042,1.6284312633231686,2.3609622600813163,2.610663253057731,2.288808259011065,-1.1714688892995473,-0.3579792230561304,-0.23189613379288193,-0.22507379266406463,-0.15112947814982725,-1.1714688892995473,-0.3579792230561304,-0.6899481944646998,0.11979662047105363,0.8658696768128521,-0.06966899744200131,-0.33252272405468025,-0.7176724253779333,-1.0,1
1.7720118803845302,0.6885045854190354,0.37360517762027795,0.8391905905670761,-0.33778318405790814,-0.37952508199787327,-1.0001358462071037,0.822549911675399,-0.23189613379288193,-0.22507379266406463,-0.15112947814982725,-1.0001358462071037,0.822549911675399,-0.758404180800912,1.396618283575128,1.7993603995793832,0.9817459090087143,-0.33252272405468025,-0.7176724253779333,1.0,-1
-0.08062775271090736,1.9957114480579417,-1.2994962699835761,0.8391905905670761,-0.33778318405790814,-0.37952508199787327,-1.0001358462071037,0.822549911675399,-0.23189613379288193,-0.22507379266406463,-0.15112947814982725,-1.0001358462071037,0.822549911675399,-0.7335110948604712,0.8231953809834779,1.1770332510683625,-1.121083903892717,-1.1210839038927172,-1.1442174906631448,-1.0,0
0.6443181906742638,0.1282730728595042,0.37360517762027795,-0.682581078947164,-0.33778318405790814,-0.37952508199787327,-0.9430248318429559,0.035530488521046066,-0.23189613379288193,-0.22507379266406463,-0.15112947814982725,-0.8288028031146603,0.822549911675399,-0.7086180089200305,0.6320544134529278,0.8658696768128521,1.5074533622340722,-0.06966899744200132,1.4150529010481239,1.0,1
1.530363232589473,0.3150169103793479,1.210155901422205,0.8391905905670761,-0.33778318405790814,-0.37952508199787327,-0.7716917887505124,0.035530488521046066,-0.23189613379288193,-0.22507379266406463,-0.15112947814982725,-0.9430248318429559,1.2160596232525756,-0.7335110948604712,0.8231953809834779,1.3326150381961177,2.5588682686847877,-0.5953764506673592,-0.2911273600927219,-1.0,0
1.208165035529397,0.6885045854190354,1.6284312633231686,2.3609622600813163,-0.33778318405790814,-0.37952508199787327,-0.7145807743863645,0.4290402000982225,-0.23189613379288193,-0.22507379266406463,-0.15112947814982725,-1.285690918027843,-1.1449986462104833,-0.758404180800912,1.396618283575128,1.7993603995793832,-0.5953764506673591,-1.1210839038927172,-1.1442174906631448,-1.0,1
0.32211999361418775,-1.1789337897794019,-0.8812209080826127,-0.682581078947164,-0.33778318405790814,2.288808259011065,-0.5432477312939209,1.2160596232525756,-0.23189613379288193,-0.22507379266406463,-0.15112947814982725,-0.4290257025656252,1.2160596232525756,-0.5499245860497202,0.02040331735516768,-0.0987374033792301,0.7188921823960354,0.9817459090087144,0.9885078357629123,1.0,0
1.288714584794416,1.8089676105380978,0.37360517762027795,-0.682581078947164,-0.33778318405790814,-0.37952508199787327,-0.48613671692977306,0.4290402000982225,-0.23189613379288193,-0.22507379266406463,-0.15112947814982725,-0.37191468820147733,2.0030790464069286,-0.5965991221880467,-0.13250945666927252,0.08796074117407617,2.03316081545943,0.1931847291706776,0.13541770519248952,-1.0,-1
1.449813683324454,1.2487360979785667,0.7918805395212415,-0.682581078947164,-0.33778318405790814,-0.37952508199787327,-0.48613671692977306,0.035530488521046066,-0.23189613379288193,-0.22507379266406463,-0.15112947814982725,-1.0572468605712517,0.035530488521046066,-0.7957438097115733,2.5434640887584283,3.821923632240201,0.7188921823960354,-0.8582301772800381,-0.2911273600927219,1.0,1
1.530363232589473,0.3150169103793479,-0.044670184280685594,-0.682581078947164,2.610663253057731,2.288808259011065,-0.3148036738373295,0.035530488521046066,-0.23189613379288193,-0.22507379266406463,-0.15112947814982725,-0.9430248318429559,-0.3579792230561304,-0.8144136241669039,5.2194376341861295,4.755414355006732,0.9817459090087143,-1.1210839038927172,-0.2911273600927219,1.0,1
0.32211999361418775,-0.6187022772198708,-0.8812209080826127,0.8391905905670761,-0.33778318405790814,-0.37952508199787327,-0.14347063074488592,0.822549911675399,-0.23189613379288193,-0.22507379266406463,-0.15112947814982725,-0.08635961638073807,2.0030790464069286,-0.6214922081284875,0.02040331735516768,0.1906447206783946,1.5074533622340722,0.7188921823960355,0.13541770519248952,-1.0,0
2.174759626709625,2.5559429606174726,1.210155901422205,2.3609622600813163,-0.33778318405790814,-0.37952508199787327,-0.08635961638073807,1.2160596232525756,-0.23189613379288193,4.1906596634118705,-0.15112947814982725,-1.0001358462071037,-0.3579792230561304,-0.8175252599094591,5.2194376341861295,5.377741503517752,2.8217219952974664,-1.1210839038927172,-0.7176724253779333,1.0,0
0.1610208950841497,-0.2452146021801833,0.37360517762027795,-0.682581078947164,-0.33778318405790814,-0.37952508199787327,-0.029248602016590203,0.4290402000982225,-0.23189613379288193,-0.22507379266406463,-0.15112947814982725,0.027862412347557656,1.2160596232525756,-0.7086180089200305,0.24977247839182762,1.0214514639406074,1.7703070888467511,-0.33252272405468025,-0.2911273600927219,-1.0,1
1.9331109789145682,-0.2452146021801833,0.7918805395212415,-0.682581078947164,-0.33778318405790814,-0.37952508199787327,0.14208444107585336,0.4290402000982225,-0.23189613379288193,-0.22507379266406463,-0.15112947814982725,-0.3148036738373295,0.035530488521046066,-0.8113019884243488,4.4548737640639295,4.755414355006732,2.8217219952974664,-0.8582301772800381,-0.2911273600927219,1.0,1
-0.3222764005059644,1.0619922604587229,0.7918805395212415,0.8391905905670761,-0.33778318405790814,-0.37952508199787327,0.4847505272607405,2.0030790464069286,-0.23189613379288193,-0.22507379266406463,-0.15112947814982725,0.14208444107585336,0.035530488521046066,-0.47213369248584247,-0.3618786177059325,-0.2232028330814342,1.2445996356213933,0.9817459090087144,0.13541770519248952,-1.0,1
1.208165035529397,0.5017607478991917,0.7918805395212415,-0.682581078947164,-0.33778318405790814,2.288808259011065,0.6560835703531841,2.0030790464069286,-0.23189613379288193,-0.22507379266406463,-0.15112947814982725,-0.5432477312939209,-0.7514889346333069,-0.8019670811966837,3.3080279588806287,3.821923632240201,0.4560384557833565,-1.1210839038927172,-1.1442174906631448,1.0,1
1.6914623311195112,0.1282730728595042,0.7918805395212415,2.3609622600813163,-0.33778318405790814,-0.37952508199787327,0.8274166134456277,2.0030790464069286,-0.23189613379288193,-0.22507379266406463,-0.15112947814982725,-0.029248602016590203,0.4290402000982225,-0.8019670811966837,3.3080279588806287,4.133087206495711,1.5074533622340722,-0.5953764506673592,-0.2911273600927219,1.0,1
1.530363232589473,2.7426867981373166,1.6284312633231686,-0.682581078947164,2.610663253057731,2.288808259011065,-1.3428019323919909,-1.53850835778766,-0.23189613379288193,-0.22507379266406463,-0.15112947814982725,-1.3428019323919909,-1.53850835778766,-0.7770739952562428,1.7789002186362282,2.5772693352181593,1.7703070888467511,-0.5953764506673592,-0.7176724253779333,1.0,1
2.174759626709625,1.0619922604587229,1.210155901422205,-0.682581078947164,-0.33778318405790814,-0.37952508199787327,0.9987496565380712,2.0030790464069286,-0.23189613379288193,-0.22507379266406463,-0.15112947814982725,-0.7145807743863645,-0.3579792230561304,-0.7895205382264632,2.5434640887584283,3.5107600579846903,2.8217219952974664,-1.1210839038927172,-0.2911273600927219,-1.0,1
2.013660528179587,-0.431958439700027,0.37360517762027795,-0.682581078947164,-0.33778318405790814,-0.37952508199787327,1.1700826996305147,2.0030790464069286,-0.23189613379288193,-0.22507379266406463,-0.15112947814982725,-0.885913817478808,0.822549911675399,-0.8081903526817937,3.690309893941729,4.444250780751221,-0.3325227240546802,-1.1210839038927172,-1.1442174906631448,1.0,1
1.9331109789145682,0.1282730728595042,0.7918805395212415,-0.682581078947164,-0.33778318405790814,-0.37952508199787327,1.3414157427229585,2.0030790464069286,-0.23189613379288193,-0.22507379266406463,-0.15112947814982725,-0.029248602016590203,-0.3579792230561304,-0.7832972667413529,2.1611821536973284,2.8884329094736696,0.9817459090087143,-0.8582301772800381,-0.2911273600927219,-1.0,1
-0.48337549903600247,-0.9921899522595582,0.37360517762027795,-0.682581078947164,-0.33778318405790814,2.288808259011065,1.512748785815402,2.0030790464069286,-0.23189613379288193,-0.22507379266406463,-0.15112947814982725,0.9416386421739233,0.822549911675399,-0.5188082286241692,-0.43833500471815257,-0.0987374033792301,0.7188921823960354,0.9817459090087144,1.4150529010481239,-1.0,1
0.8054172892043019,0.3150169103793479,0.37360517762027795,-0.682581078947164,2.610663253057731,2.288808259011065,1.6840818289078456,2.0030790464069286,-0.23189613379288193,-0.22507379266406463,-0.15112947814982725,0.8845276278097756,-0.3579792230561304,-0.758404180800912,1.205477316044578,1.7993603995793832,2.03316081545943,0.45603845578335656,0.13541770519248952,1.0,1
1.6914623311195112,0.6885045854190354,1.210155901422205,-0.682581078947164,-0.33778318405790814,-0.37952508199787327,0.31341748416829696,1.2160596232525756,-0.23189613379288193,-0.22507379266406463,-0.15112947814982725,0.31341748416829696,2.0030790464069286,-0.7428460020881366,1.014336348514028,1.4881968253238729,1.5074533622340722,0.1931847291706776,0.9885078357629123,-1.0,1
0.40266954287920675,0.5017607478991917,-0.4629455461816491,-0.682581078947164,-0.33778318405790814,-0.37952508199787327,1.8554148720002892,2.0030790464069286,-0.23189613379288193,-0.22507379266406463,-0.15112947814982725,0.5989725559890362,-0.3579792230561304,-0.6899481944646998,0.11979662047105363,0.8658696768128521,1.7703070888467511,-0.06966899744200132,1.4150529010481239,-1.0,1
1.047065936999359,-0.431958439700027,-0.4629455461816491,-0.682581078947164,-0.33778318405790814,-0.37952508199787327,2.0267479150927326,2.0030790464069286,-0.23189613379288193,-0.22507379266406463,-0.15112947814982725,1.2271937139946627,1.2160596232525756,-0.7770739952562428,1.7789002186362282,2.5772693352181593,2.5588682686847877,-0.5953764506673592,0.13541770519248952,1.0,1
1.7720118803845302,1.8089676105380978,2.4649819871250958,-0.682581078947164,-0.33778318405790814,-0.37952508199787327,2.3694140012776197,0.822549911675399,-0.23189613379288193,-0.22507379266406463,-0.15112947814982725,0.6560835703531841,-0.7514889346333069,-0.7895205382264632,2.1611821536973284,3.5107600579846903,0.1931847291706776,-0.33252272405468025,-0.7176724253779333,1.0,1
1.288714584794416,1.9957114480579417,0.7918805395212415,0.8391905905670761,-0.33778318405790814,-0.37952508199787327,2.198080958185176,2.0030790464069286,-0.23189613379288193,-0.22507379266406463,-0.15112947814982725,1.512748785815402,0.4290402000982225,-0.7055063731774752,0.24977247839182762,1.0214514639406074,1.5074533622340722,0.7188921823960355,0.5619627704777009,1.0,-1
0.6443181906742638,0.8752484229388792,2.4649819871250958,-0.682581078947164,-0.33778318405790814,-0.37952508199787327,2.8834131305549504,0.822549911675399,-0.23189613379288193,-0.22507379266406463,-0.15112947814982725,0.8845276278097756,0.822549911675399,-0.7895205382264632,2.5434640887584283,3.5107600579846903,2.03316081545943,-0.33252272405468025,-0.2911273600927219,1.0,1
0.32211999361418775,-0.9921899522595582,0.7918805395212415,-0.682581078947164,2.610663253057731,2.288808259011065,2.198080958185176,0.822549911675399,-0.23189613379288193,-0.22507379266406463,-0.15112947814982725,0.14208444107585336,1.2160596232525756,-0.7428460020881366,0.6320544134529278,1.9549421867071386,1.2445996356213933,-1.1210839038927172,-0.2911273600927219,-1.0,1
0.48321909214422576,-0.2452146021801833,-0.044670184280685594,0.8391905905670761,-0.33778318405790814,-0.37952508199787327,2.5407470443700633,0.822549911675399,-0.23189613379288193,-0.22507379266406463,-0.15112947814982725,1.8554148720002892,1.2160596232525756,-0.6806132872370344,0.02040331735516768,0.7102878896850969,0.9817459090087143,-0.06966899744200132,-0.7176724253779333,-1.0,1
1.6914623311195112,3.116174473177004,1.210155901422205,0.8391905905670761,-0.33778318405790814,-0.37952508199787327,2.712080087462507,2.0030790464069286,-0.23189613379288193,-0.22507379266406463,-0.15112947814982725,1.0558606709022191,1.2160596232525756,-0.758404180800912,1.205477316044578,1.9549421867071386,-1.121083903892717,-1.1210839038927172,-0.7176724253779333,1.0,-1
1.7720118803845302,0.1282730728595042,-0.4629455461816491,2.3609622600813163,-0.33778318405790814,-0.37952508199787327,2.712080087462507,0.822549911675399,3.886259345632435,-0.22507379266406463,-0.15112947814982725,1.2271937139946627,-0.3579792230561304,-0.7335110948604712,0.4409134459223777,1.643778612451628,2.03316081545943,-0.5953764506673592,-0.7176724253779333,-1.0,1
1.449813683324454,1.4354799354984105,-0.4629455461816491,0.8391905905670761,-0.33778318405790814,-0.37952508199787327,3.054746173647394,0.822549911675399,-0.23189613379288193,-0.22507379266406463,-0.15112947814982725,0.8274166134456277,-1.53850835778766,-0.7428460020881366,0.6320544134529278,1.9549421867071386,1.7703070888467511,-0.5953764506673592,-0.2911273600927219,-1.0,1
-0.16117730197592636,0.5017607478991917,-0.4629455461816491,-0.682581078947164,-0.33778318405790814,2.288808259011065,3.2260792167398376,2.0030790464069286,-0.23189613379288193,-0.22507379266406463,-0.15112947814982725,2.1409699438210286,1.2160596232525756,-0.5654827647624957,-0.5912477787425927,0.1501934560251783,1.5074533622340722,0.9817459090087144,0.13541770519248952,1.0,-1
2.57750737303472,0.5017607478991917,0.7918805395212415,0.8391905905670761,-0.33778318405790814,-0.37952508199787327,3.2260792167398376,0.822549911675399,-0.23189613379288193,-0.22507379266406463,-0.15112947814982725,0.8845276278097756,0.035530488521046066,-0.7677390880285774,1.396618283575128,2.266105760962649,3.0845757219101455,-0.8582301772800381,-0.2911273600927219,-1.0,1
-1.0472223438911357,-0.8054461147397145,-0.044670184280685594,0.8391905905670761,-0.33778318405790814,-0.37952508199787327,3.397412259832281,0.822549911675399,3.886259345632435,-0.22507379266406463,-0.15112947814982725,0.8274166134456277,0.035530488521046066,-0.7055063731774752,0.24977247839182762,1.0214514639406074,0.7188921823960354,-1.1210839038927172,-1.1442174906631448,-1.0,-1
1.369264134059435,1.622223773018254,2.883257349026059,-0.682581078947164,-0.33778318405790814,-0.37952508199787327,3.397412259832281,-0.3579792230561304,-0.23189613379288193,-0.22507379266406463,-0.15112947814982725,2.0267479150927326,0.822549911675399,-0.7086180089200305,0.6320544134529278,0.8658696768128521,1.7703070888467511,0.1931847291706776,0.9885078357629123,1.0,1
2.013660528179587,0.8752484229388792,-0.044670184280685594,0.8391905905670761,-0.33778318405790814,-0.37952508199787327,-1.1714688892995473,-0.3579792230561304,-0.23189613379288193,-0.22507379266406463,-0.15112947814982725,-1.1714688892995473,-0.3579792230561304,-0.752180909315802,1.014336348514028,1.7993603995793832,1.7703070888467511,-0.8582301772800381,-0.2911273600927219,1.0,-1
-0.2417268512409454,-1.1789337897794019,-0.8812209080826127,-0.682581078947164,2.610663253057731,2.288808259011065,-1.1714688892995473,-0.3579792230561304,-0.23189613379288193,-0.22507379266406463,-0.15112947814982725,-1.1714688892995473,-0.3579792230561304,-0.6214922081284875,-0.3236504241998226,0.32133342186570896,-0.06966899744200131,-0.5953764506673592,-1.1442174906631448,-1.0,1
-0.8861232453610975,-1.5524214648190895,-1.2994962699835761,-0.682581078947164,2.610663253057731,2.288808259011065,-1.0001358462071037,0.822549911675399,3.886259345632435,-0.22507379266406463,-0.15112947814982725,-1.1143578749353995,0.035530488521046066,-0.5810409434752711,-0.2854222306937127,0.08796074117407617,1.2445996356213933,0.45603845578335656,0.9885078357629123,1.0,-1
1.047065936999359,2.7426867981373166,2.883257349026059,-0.682581078947164,-0.33778318405790814,2.288808259011065,-1.0001358462071037,-0.3579792230561304,-0.23189613379288193,4.1906596634118705,-0.15112947814982725,-0.9430248318429559,0.035530488521046066,-0.640162022583818,-0.13250945666927252,0.32133342186570896,1.5074533622340722,-0.06966899744200132,0.5619627704777009,-1.0,1
0.08047134581913068,0.3150169103793479,-0.044670184280685594,-0.682581078947164,-0.33778318405790814,-0.37952508199787327,-0.8288028031146603,0.822549911675399,-0.23189613379288193,-0.22507379266406463,-0.15112947814982725,-0.885913817478808,0.4290402000982225,-0.4192358848624057,-0.43833500471815257,-0.28543554793253634,0.7188921823960354,0.45603845578335656,1.8415979663333353,1.0,0
0.32211999361418775,-0.8054461147397145,-0.8812209080826127,-0.682581078947164,-0.33778318405790814,-0.37952508199787327,-0.7716917887505124,0.035530488521046066,-0.23189613379288193,-0.22507379266406463,-0.15112947814982725,-0.8288028031146603,-0.3579792230561304,-0.5343664073369446,-0.43833500471815257,-0.03650468852812796,1.2445996356213933,0.1931847291706776,1.4150529010481239,1.0,-1
-0.40282594977098346,0.1282730728595042,0.37360517762027795,2.3609622600813163,-0.33778318405790814,-0.37952508199787327,-0.7716917887505124,0.035530488521046066,-0.23189613379288193,-0.22507379266406463,-0.15112947814982725,-0.6003587456580688,-1.1449986462104833,-0.4192358848624057,-0.5147913917303727,-0.25431919050698526,1.2445996356213933,0.1931847291706776,1.4150529010481239,-1.0,1
1.047065936999359,0.6885045854190354,0.7918805395212415,0.8391905905670761,2.610663253057731,2.288808259011065,-0.6003587456580688,0.035530488521046066,-0.23189613379288193,-0.22507379266406463,-0.15112947814982725,-1.1714688892995473,-1.1449986462104833,-0.752180909315802,1.014336348514028,1.7993603995793832,0.9817459090087143,-0.06966899744200132,0.5619627704777009,1.0,1
-7.820344588833574e-05,0.5017607478991917,0.7918805395212415,-0.682581078947164,-0.33778318405790814,-0.37952508199787327,-0.4290257025656252,0.822549911675399,-0.23189613379288193,-0.22507379266406463,-0.15112947814982725,-0.37191468820147733,1.2160596232525756,-0.5499245860497202,-0.5147913917303727,0.08796074117407617,0.7188921823960354,-0.5953764506673592,1.8415979663333353,-1.0,1
0.8054172892043019,0.5017607478991917,0.7918805395212415,-0.682581078947164,-0.33778318405790814,-0.37952508199787327,-0.25769265947318165,2.0030790464069286,-0.23189613379288193,-0.22507379266406463,-0.15112947814982725,-0.37191468820147733,2.0030790464069286,-0.5343664073369446,-0.43833500471815257,-0.03650468852812796,1.2445996356213933,-0.33252272405468025,1.4150529010481239,-1.0,1
-0.3222764005059644,-0.2452146021801833,-0.8812209080826127,0.8391905905670761,-0.33778318405790814,-0.37952508199787327,-0.08635961638073807,2.0030790464069286,-0.23189613379288193,-0.22507379266406463,-0.15112947814982725,-0.14347063074488592,0.822549911675399,0.1906447206783946,0.02040331735516768,-0.6214922081284875,0.7188921823960354,1.5074533622340722,0.13541770519248952,1.0,0
0.8054172892043019,0.5017607478991917,1.6284312633231686,0.8391905905670761,-0.33778318405790814,-0.37952508199787327,-0.029248602016590203,1.2160596232525756,-0.23189613379288193,-0.22507379266406463,-0.15112947814982725,-1.285690918027843,-1.53850835778766,-0.7086180089200305,0.3262288654040474,1.0214514639406074,-0.858230177280038,-1.1210839038927172,-0.7176724253779333,-1.0,1
-0.7250241468310595,2.369199123097629,3.7198080728279863,-0.682581078947164,2.610663253057731,2.288808259011065,0.14208444107585336,1.2160596232525756,-0.23189613379288193,-0.22507379266406463,-0.15112947814982725,-0.37191468820147733,-0.3579792230561304,-0.640162022583818,0.11979662047105363,0.24354252830183137,-1.121083903892717,-1.1210839038927172,-1.1442174906631448,1.0,1
-0.3222764005059644,-0.6187022772198708,-0.044670184280685594,-0.682581078947164,-0.33778318405790814,-0.37952508199787327,0.31341748416829696,1.2160596232525756,-0.23189613379288193,4.1906596634118705,-0.15112947814982725,0.19919545544000122,0.822549911675399,-0.44101733506029156,-0.43833500471815257,-0.25431919050698526,0.9817459090087143,-0.8582301772800381,0.13541770519248952,-1.0,0
0.6443181906742638,-0.2452146021801833,-0.4629455461816491,-0.682581078947164,-0.33778318405790814,-0.37952508199787327,0.3705284985324448,1.2160596232525756,-0.23189613379288193,-0.22507379266406463,-0.15112947814982725,-0.14347063074488592,0.035530488521046066,-0.6806132872370344,0.02040331735516768,0.7880787832489745,-0.3325227240546802,-0.5953764506673592,0.13541770519248952,1.0,1
-0.16117730197592636,1.0619922604587229,1.6284312633231686,-0.682581078947164,2.610663253057731,2.288808259011065,0.5418615416248884,1.2160596232525756,-0.23189613379288193,-0.22507379266406463,-0.15112947814982725,0.31341748416829696,1.2160596232525756,-0.6214922081284875,0.02040331735516768,0.1501934560251783,1.7703070888467511,-1.1210839038927172,0.13541770519248952,1.0,1
0.9665163877343399,0.1282730728595042,1.210155901422205,-0.682581078947164,-0.33778318405790814,-0.37952508199787327,-1.3428019323919909,-1.53850835778766,-0.23189613379288193,-0.22507379266406463,-0.15112947814982725,-1.3428019323919909,-1.53850835778766,-0.7055063731774752,0.24977247839182762,1.0214514639406074,0.1931847291706776,-0.8582301772800381,0.5619627704777009,-1.0,1
-1.2083214424211737,-0.8054461147397145,-0.044670184280685594,2.3609622600813163,-0.33778318405790814,-0.37952508199787327,0.8845276278097756,2.0030790464069286,-0.23189613379288193,-0.22507379266406463,-0.15112947814982725,0.5418615416248884,-1.1449986462104833,-0.03650468852812796,-0.2854222306937127,-0.5499245860497202,1.2445996356213933,0.1931847291706776,1.4150529010481239,-1.0,0
0.9665163877343399,0.5017607478991917,0.37360517762027795,0.8391905905670761,-0.33778318405790814,-0.37952508199787327,0.713194584717332,1.2160596232525756,-0.23189613379288193,-0.22507379266406463,-0.15112947814982725,-0.6003587456580688,-0.3579792230561304,-0.6806132872370344,0.11979662047105363,0.7102878896850969,0.9817459090087143,-1.1210839038927172,-0.2911273600927219,-1.0,1
2.013660528179587,0.6885045854190354,-0.044670184280685594,2.3609622600813163,-0.33778318405790814,-0.37952508199787327,0.9416386421739233,1.2160596232525756,-0.23189613379288193,-0.22507379266406463,-0.15112947814982725,-1.0572468605712517,-0.3579792230561304,-0.7677390880285774,1.396618283575128,2.266105760962649,-0.5953764506673591,-1.1210839038927172,-0.7176724253779333,1.0,-1
0.5637686414092448,0.3150169103793479,-0.4629455461816491,0.8391905905670761,-0.33778318405790814,-0.37952508199787327,0.9416386421739233,0.035530488521046066,-0.23189613379288193,-0.22507379266406463,-0.15112947814982725,0.3705284985324448,1.2160596232525756,-0.3943427989219649,-0.5147913917303727,-0.28543554793253634,1.2445996356213933,0.45603845578335656,1.4150529010481239,-1.0,0
1.9331109789145682,1.9957114480579417,3.7198080728279863,0.8391905905670761,2.610663253057731,2.288808259011065,0.9987496565380712,-0.7514889346333069,-0.23189613379288193,-0.22507379266406463,-0.15112947814982725,0.31341748416829696,-1.53850835778766,-0.7210645518902509,0.4409134459223777,1.0214514639406074,0.9817459090087143,-0.5953764506673592,1.8415979663333353,1.0,1
0.8859668384693209,0.3150169103793479,0.37360517762027795,0.8391905905670761,-0.33778318405790814,-0.37952508199787327,1.1700826996305147,0.035530488521046066,-0.23189613379288193,-0.22507379266406463,-0.15112947814982725,0.7703055990814798,0.035530488521046066,-0.6806132872370344,0.02040331735516768,0.7102878896850969,1.5074533622340722,0.1931847291706776,1.4150529010481239,1.0,0
1.8525614296495492,-0.431958439700027,0.7918805395212415,-0.682581078947164,-0.33778318405790814,-0.37952508199787327,1.2271937139946627,0.4290402000982225,-0.23189613379288193,-0.22507379266406463,-0.15112947814982725,-0.6574697600222167,-1.1449986462104833,-0.752180909315802,1.014336348514028,1.9549421867071386,1.2445996356213933,-0.06966899744200132,0.5619627704777009,-1.0,0
1.6914623311195112,0.3150169103793479,0.7918805395212415,-0.682581078947164,2.610663253057731,2.288808259011065,1.2843047283588105,0.4290402000982225,-0.23189613379288193,-0.22507379266406463,-0.15112947814982725,0.08497342671170552,-0.3579792230561304,-0.758404180800912,1.014336348514028,1.9549421867071386,1.7703070888467511,-0.06966899744200132,0.5619627704777009,1.0,1
-0.5639250483010215,-0.2452146021801833,-0.044670184280685594,0.8391905905670761,-0.33778318405790814,-0.37952508199787327,1.455637771451254,0.4290402000982225,-0.23189613379288193,-0.22507379266406463,-0.15112947814982725,1.112971685266367,1.2160596232525756,-0.0987374033792301,-0.5912477787425927,-0.48769187119861807,0.7188921823960354,0.45603845578335656,2.2681430316185467,-1.0,0
1.047065936999359,-0.2452146021801833,-1.2994962699835761,-0.682581078947164,-0.33778318405790814,-0.37952508199787327,1.8554148720002892,1.2160596232525756,-0.23189613379288193,-0.22507379266406463,-0.15112947814982725,0.713194584717332,0.035530488521046066,-0.7210645518902509,0.4409134459223777,1.3326150381961177,1.7703070888467511,-0.5953764506673592,-0.2911273600927219,-1.0,0
-1.2888709916861927,-0.9921899522595582,0.37360517762027795,-0.682581078947164,2.610663253057731,2.288808259011065,1.512748785815402,0.4290402000982225,-0.23189613379288193,-0.22507379266406463,-0.15112947814982725,2.198080958185176,2.0030790464069286,1.0214514639406074,0.24977247839182762,-0.7055063731774752,0.7188921823960354,1.5074533622340722,0.5619627704777009,-1.0,1
0.8859668384693209,0.5017607478991917,-0.044670184280685594,-0.682581078947164,-0.33778318405790814,-0.37952508199787327,1.6840818289078456,1.2160596232525756,-0.23189613379288193,-0.22507379266406463,-0.15112947814982725,1.3985267570871063,0.822549911675399,-0.5872642149603814,-0.43833500471815257,0.1906447206783946,1.5074533622340722,-0.33252272405468025,1.4150529010481239,1.0,1
0.5637686414092448,0.5017607478991917,1.210155901422205,-0.682581078947164,-0.33778318405790814,-0.37952508199787327,1.912525886364437,1.2160596232525756,-0.23189613379288193,-0.22507379266406463,-0.15112947814982725,0.4847505272607405,0.822549911675399,-0.6557202012965936,-0.13250945666927252,0.5547061025573418,0.1931847291706776,-0.5953764506673592,-1.1442174906631448,1.0,1
0.24157044434916872,-0.05847076466033954,1.210155901422205,-0.682581078947164,-0.33778318405790814,-0.37952508199787327,2.0838589294568806,1.2160596232525756,-0.23189613379288193,-0.22507379266406463,-0.15112947814982725,1.455637771451254,0.035530488521046066,-0.3943427989219649,-0.5912477787425927,-0.26365409773465054,1.2445996356213933,0.7188921823960355,0.9885078357629123,-1.0,1
1.530363232589473,0.8752484229388792,1.6284312633231686,-0.682581078947164,-0.33778318405790814,-0.37952508199787327,2.255191972549324,1.2160596232525756,-0.23189613379288193,-0.22507379266406463,-0.15112947814982725,0.5418615416248884,-1.1449986462104833,-0.7428460020881366,0.8231953809834779,1.643778612451628,0.4560384557833565,-0.8582301772800381,0.5619627704777009,1.0,1
0.48321909214422576,0.6885045854190354,-0.044670184280685594,3.8827339295955565,-0.33778318405790814,-0.37952508199787327,2.4265250156417677,2.0030790464069286,-0.23189613379288193,-0.22507379266406463,-0.15112947814982725,1.2843047283588105,1.2160596232525756,-0.6121573009008222,0.02040331735516768,0.08796074117407617,-0.858230177280038,-1.1210839038927172,-1.1442174906631448,-1.0,0
0.7248677399392829,0.8752484229388792,0.7918805395212415,-0.682581078947164,2.610663253057731,2.288808259011065,2.4836360300059157,0.035530488521046066,-0.23189613379288193,-0.22507379266406463,-0.15112947814982725,1.455637771451254,0.035530488521046066,-0.5965991221880467,-0.2854222306937127,0.1501934560251783,2.03316081545943,-1.1210839038927172,0.13541770519248952,-1.0,1
0.24157044434916872,-1.5524214648190895,-1.2994962699835761,-0.682581078947164,-0.33778318405790814,-0.37952508199787327,2.6549690730983593,0.035530488521046066,-0.23189613379288193,-0.22507379266406463,-0.15112947814982725,2.255191972549324,0.035530488521046066,-0.3787846202091894,-0.5912477787425927,-0.28543554793253634,0.9817459090087143,-0.8582301772800381,0.5619627704777009,1.0,-1
0.24157044434916872,1.0619922604587229,-0.8812209080826127,0.8391905905670761,-0.33778318405790814,-0.37952508199787327,2.4836360300059157,1.2160596232525756,-0.23189613379288193,-0.22507379266406463,-0.15112947814982725,1.7411928432719934,0.4290402000982225,-0.2232028330814342,-0.3236504241998226,-0.47213369248584247,1.2445996356213933,0.1931847291706776,1.8415979663333353,1.0,-1
0.5637686414092448,0.1282730728595042,0.7918805395212415,2.3609622600813163,-0.33778318405790814,-0.37952508199787327,2.6549690730983593,-0.3579792230561304,-0.23189613379288193,-0.22507379266406463,-0.15112947814982725,0.19919545544000122,-1.53850835778766,-0.758404180800912,1.396618283575128,1.643778612451628,1.2445996356213933,-1.1210839038927172,-0.2911273600927219,1.0,0
-0.5639250483010215,-0.8054461147397145,-0.4629455461816491,-0.682581078947164,2.610663253057731,2.288808259011065,2.712080087462507,0.035530488521046066,-0.23189613379288193,-0.22507379266406463,-0.15112947814982725,1.2271937139946627,-0.3579792230561304,-0.3165519053580873,-0.5147913917303727,-0.3787846202091894,-0.06966899744200131,-0.5953764506673592,0.13541770519248952,-1.0,1
-0.08062775271090736,1.4354799354984105,-0.044670184280685594,-0.682581078947164,5.559109690173369,4.9571416000200035,-1.3428019323919909,-1.53850835778766,-0.23189613379288193,-0.22507379266406463,-0.15112947814982725,-1.3428019323919909,-1.53850835778766,-0.758404180800912,1.396618283575128,1.7993603995793832,-1.121083903892717,-1.1210839038927172,-1.1442174906631448,1.0,1
0.8859668384693209,1.0619922604587229,0.37360517762027795,0.8391905905670761,-0.33778318405790814,-0.37952508199787327,-1.1714688892995473,-0.3579792230561304,-0.23189613379288193,-0.22507379266406463,-0.15112947814982725,-1.1714688892995473,-0.3579792230561304,-0.47213369248584247,-0.43833500471815257,-0.19208647565588316,1.2445996356213933,-0.06966899744200132,1.8415979663333353,-1.0,1
1.288714584794416,1.622223773018254,1.6284312633231686,-0.682581078947164,-0.33778318405790814,-0.37952508199787327,-1.0001358462071037,0.822549911675399,-0.23189613379288193,-0.22507379266406463,-0.15112947814982725,-1.0001358462071037,0.822549911675399,-0.7055063731774752,0.4409134459223777,0.8658696768128521,0.7188921823960354,0.1931847291706776,2.2681430316185467,1.0,1
1.530363232589473,0.3150169103793479,1.6284312633231686,0.8391905905670761,-0.33778318405790814,-0.37952508199787327,-0.8288028031146603,2.0030790464069286,-0.23189613379288193,-0.22507379266406463,-0.15112947814982725,-1.0001358462071037,0.822549911675399,-0.752180909315802,1.014336348514028,1.9549421867071386,1.2445996356213933,-0.5953764506673592,-0.2911273600927219,-1.0,-1
0.6443181906742638,1.8089676105380978,1.6284312633231686,2.3609622600813163,-0.33778318405790814,-0.37952508199787327,-0.8288028031146603,0.822549911675399,-0.23189613379288193,-0.22507379266406463,-0.15112947814982725,-0.6574697600222167,2.0030790464069286,-0.5872642149603814,0.02040331735516768,0.010169847610198573,0.9817459090087143,-0.8582301772800381,3.547778227474181,-1.0,0
0.9665163877343399,0.8752484229388792,0.37360517762027795,0.8391905905670761,-0.33778318405790814,-0.37952508199787327,-0.7716917887505124,0.035530488521046066,-0.23189613379288193,-0.22507379266406463,-0.15112947814982725,-1.285690918027843,-1.1449986462104833,-0.7770739952562428,1.7789002186362282,2.5772693352181593,-0.5953764506673591,-1.1210839038927172,-1.1442174906631448,1.0,1
1.7720118803845302,-0.8054461147397145,-0.044670184280685594,0.8391905905670761,2.610663253057731,2.288808259011065,-0.6003587456580688,0.035530488521046066,-0.23189613379288193,-0.22507379266406463,-0.15112947814982725,-0.885913817478808,0.4290402000982225,-0.7335110948604712,0.8231953809834779,1.1770332510683625,1.7703070888467511,-0.06966899744200132,0.13541770519248952,1.0,1
-0.3222764005059644,-0.6187022772198708,-0.8812209080826127,0.8391905905670761,2.610663253057731,2.288808259011065,-0.4290257025656252,1.2160596232525756,-0.23189613379288193,-0.22507379266406463,-0.15112947814982725,-0.5432477312939209,1.2160596232525756,-0.0987374033792301,0.02040331735516768,-0.5499245860497202,0.9817459090087143,0.7188921823960355,0.9885078357629123,-1.0,0
0.48321909214422576,2.1824552855777855,2.883257349026059,-0.682581078947164,-0.33778318405790814,-0.37952508199787327,-0.37191468820147733,1.2160596232525756,-0.23189613379288193,-0.22507379266406463,-0.15112947814982725,-0.3148036738373295,2.0030790464069286,-0.5810409434752711,-0.13250945666927252,0.025728026322974037,0.9817459090087143,-0.5953764506673592,-0.2911273600927219,1.0,1
0.8054172892043019,-1.1789337897794019,-0.8812209080826127,-0.682581078947164,-0.33778318405790814,-0.37952508199787327,-0.20058164510903378,1.2160596232525756,-0.23189613379288193,-0.22507379266406463,-0.15112947814982725,-0.8288028031146603,0.035530488521046066,-0.668166744266814,0.02040331735516768,0.5547061025573418,0.4560384557833565,-1.1210839038927172,-1.1442174906631448,-1.0,0
0.8054172892043019,-0.2452146021801833,0.7918805395212415,0.8391905905670761,-0.33778318405790814,-0.37952508199787327,-0.14347063074488592,0.4290402000982225,-0.23189613379288193,-0.22507379266406463,-0.15112947814982725,-0.37191468820147733,0.035530488521046066,-0.6899481944646998,0.11979662047105363,0.8658696768128521,0.7188921823960354,-0.8582301772800381,-1.1442174906631448,1.0,1
1.9331109789145682,-0.2452146021801833,0.37360517762027795,0.8391905905670761,2.610663253057731,2.288808259011065,0.027862412347557656,1.2160596232525756,-0.23189613379288193,-0.22507379266406463,-0.15112947814982725,-0.9430248318429559,-0.3579792230561304,-0.752180909315802,1.014336348514028,1.643778612451628,0.9817459090087143,-0.5953764506673592,-1.1442174906631448,-1.0,0
2.013660528179587,0.8752484229388792,2.883257349026059,-0.682581078947164,-0.33778318405790814,-0.37952508199787327,0.08497342671170552,0.4290402000982225,-0.23189613379288193,-0.22507379266406463,-0.15112947814982725,0.08497342671170552,0.4290402000982225,-0.6121573009008222,-0.2854222306937127,0.24354252830183137,1.5074533622340722,0.1931847291706776,0.9885078357629123,1.0,1
1.127615486264378,0.3150169103793479,1.210155901422205,0.8391905905670761,-0.33778318405790814,-0.37952508199787327,0.25630646980414906,1.2160596232525756,-0.23189613379288193,-0.22507379266406463,-0.15112947814982725,-0.3148036738373295,0.4290402000982225,-0.6899481944646998,0.11979662047105363,0.8658696768128521,1.2445996356213933,-0.06966899744200132,-0.7176724253779333,-1.0,1
2.174759626709625,0.8752484229388792,-0.8812209080826127,2.3609622600813163,-0.33778318405790814,-0.37952508199787327,0.42763951289659263,1.2160596232525756,-0.23189613379288193,-0.22507379266406463,-0.15112947814982725,-0.9430248318429559,-1.1449986462104833,-0.8113019884243488,4.4548737640639295,4.755414355006732,0.4560384557833565,-0.06966899744200132,1.4150529010481239,1.0,0
1.7720118803845302,-0.2452146021801833,-0.044670184280685594,-0.682581078947164,-0.33778318405790814,-0.37952508199787327,0.4847505272607405,1.2160596232525756,-0.23189613379288193,-0.22507379266406463,-0.15112947814982725,-0.3148036738373295,-1.1449986462104833,-0.7677390880285774,1.396618283575128,2.5772693352181593,1.5074533622340722,-0.06966899744200132,0.5619627704777009,-1.0,0
1.288714584794416,0.8752484229388792,-1.2994962699835761,-0.682581078947164,-0.33778318405790814,-0.37952508199787327,0.5418615416248884,0.4290402000982225,-0.23189613379288193,-0.22507379266406463,-0.15112947814982725,0.14208444107585336,-0.7514889346333069,-0.6557202012965936,0.11979662047105363,0.39912431542958654,1.5074533622340722,-0.33252272405468025,0.13541770519248952,-1.0,-1
1.208165035529397,0.8752484229388792,-0.4629455461816491,-0.682581078947164,-0.33778318405790814,-0.37952508199787327,0.5418615416248884,-1.1449986462104833,-0.23189613379288193,-0.22507379266406463,-0.15112947814982725,0.8845276278097756,2.0030790464069286,-0.5499245860497202,-0.2854222306937127,-0.03650468852812796,0.1931847291706776,1.2445996356213933,1.4150529010481239,1.0,0
1.7720118803845302,2.7426867981373166,0.7918805395212415,-0.682581078947164,-0.33778318405790814,-0.37952508199787327,0.5418615416248884,-0.7514889346333069,-0.23189613379288193,-0.22507379266406463,-0.15112947814982725,-0.37191468820147733,0.035530488521046066,-0.7895205382264632,2.5434640887584283,3.5107600579846903,0.7188921823960354,-0.8582301772800381,-0.2911273600927219,1.0,-1
-7.820344588833574e-05,0.3150169103793479,1.210155901422205,-0.682581078947164,-0.33778318405790814,-0.37952508199787327,0.5989725559890362,-1.1449986462104833,-0.23189613379288193,-0.22507379266406463,-0.15112947814982725,0.713194584717332,2.0030790464069286,-0.47213369248584247,-0.43833500471815257,-0.16097011823033208,1.7703070888467511,0.1931847291706776,0.9885078357629123,-1.0,1
1.369264134059435,0.3150169103793479,0.37360517762027795,-0.682581078947164,-0.33778318405790814,-0.37952508199787327,0.7703055990814798,0.035530488521046066,-0.23189613379288193,-0.22507379266406463,-0.15112947814982725,0.6560835703531841,2.0030790464069286,-0.6121573009008222,-0.13250945666927252,0.1906447206783946,2.03316081545943,-0.06966899744200132,0.13541770519248952,-1.0,1
1.047065936999359,-0.2452146021801833,-1.2994962699835761,-0.682581078947164,-0.33778318405790814,-0.37952508199787327,0.9416386421739233,1.2160596232525756,-0.23189613379288193,-0.22507379266406463,-0.15112947814982725,-0.14347063074488592,1.2160596232525756,-0.7428460020881366,0.8231953809834779,1.643778612451628,0.4560384557833565,-1.1210839038927172,-0.7176724253779333,1.0,-1
0.48321909214422576,-0.9921899522595582,-0.8812209080826127,0.8391905905670761,2.610663253057731,2.288808259011065,0.9416386421739233,0.822549911675399,-0.23189613379288193,-0.22507379266406463,-0.15112947814982725,1.512748785815402,2.0030790464069286,-0.0987374033792301,-0.43833500471815257,-0.5188082286241692,0.9817459090087143,0.7188921823960355,1.4150529010481239,1.0,-1
0.9665163877343399,0.5017607478991917,-0.044670184280685594,2.3609622600813163,-0.33778318405790814,-0.37952508199787327,0.9416386421739233,-0.3579792230561304,-0.23189613379288193,-0.22507379266406463,-0.15112947814982725,1.112971685266367,0.035530488521046066,-0.5032500499113935,-0.5912477787425927,-0.06762104595367903,1.2445996356213933,-0.5953764506673592,-0.2911273600927219,-1.0,-1
1.6914623311195112,0.5017607478991917,0.7918805395212415,0.8391905905670761,-0.33778318405790814,-0.37952508199787327,0.9416386421739233,-1.53850835778766,-0.23189613379288193,-0.22507379266406463,-0.15112947814982725,0.8274166134456277,0.035530488521046066,-0.7086180089200305,0.24977247839182762,1.0214514639406074,0.9817459090087143,-0.8582301772800381,3.9743232927593923,1.0,-1
0.8054172892043019,0.6885045854190354,1.6284312633231686,-0.682581078947164,-0.33778318405790814,-0.37952508199787327,0.9416386421739233,-1.53850835778766,-0.23189613379288193,-0.22507379266406463,-0.15112947814982725,-0.7145807743863645,-1.53850835778766,-0.7335110948604712,0.6320544134529278,1.3326150381961177,-0.3325227240546802,-1.1210839038927172,-1.1442174906631448,-1.0,1
0.32211999361418775,-0.9921899522595582,-1.2994962699835761,-0.682581078947164,-0.33778318405790814,-0.37952508199787327,1.2843047283588105,0.822549911675399,-0.23189613379288193,-0.22507379266406463,-0.15112947814982725,1.3985267570871063,0.4290402000982225,-0.456575513773067,-0.43833500471815257,-0.2232028330814342,1.5074533622340722,-0.06966899744200132,1.8415979663333353,1.0,-1
1.047065936999359,0.6885045854190354,-0.4629455461816491,0.8391905905670761,-0.33778318405790814,-0.37952508199787327,1.112971685266367,-0.3579792230561304,-0.23189613379288193,-0.22507379266406463,-0.15112947814982725,-0.029248602016590203,1.2160596232525756,-0.7335110948604712,0.6320544134529278,1.4881968253238729,0.9817459090087143,-0.5953764506673592,-0.7176724253779333,1.0,-1
-0.2417268512409454,-0.05847076466033954,-0.044670184280685594,-0.682581078947164,-0.33778318405790814,-0.37952508199787327,1.112971685266367,-0.3579792230561304,-0.23189613379288193,-0.22507379266406463,-0.15112947814982725,0.6560835703531841,0.4290402000982225,-0.6214922081284875,-0.3236504241998226,0.32133342186570896,0.9817459090087143,-0.8582301772800381,-1.1442174906631448,-1.0,1
1.127615486264378,0.6885045854190354,1.210155901422205,-0.682581078947164,-0.33778318405790814,-0.37952508199787327,1.2843047283588105,-0.3579792230561304,-0.23189613379288193,-0.22507379266406463,-0.15112947814982725,1.0558606709022191,0.4290402000982225,-0.48769187119861807,-0.3618786177059325,-0.19208647565588316,0.9817459090087143,0.1931847291706776,2.2681430316185467,-1.0,1
1.208165035529397,1.9957114480579417,2.4649819871250958,0.8391905905670761,-0.33778318405790814,-0.37952508199787327,1.455637771451254,0.822549911675399,-0.23189613379288193,-0.22507379266406463,-0.15112947814982725,1.2271937139946627,0.035530488521046066,-0.6899481944646998,0.11979662047105363,0.8658696768128521,1.2445996356213933,-0.33252272405468025,-0.2911273600927219,1.0,1
-0.8861232453610975,0.8752484229388792,1.210155901422205,-0.682581078947164,-0.33778318405790814,-0.37952508199787327,1.6269708145436976,0.822549911675399,-0.23189613379288193,-0.22507379266406463,-0.15112947814982725,1.2271937139946627,2.0030790464069286,-0.640162022583818,0.11979662047105363,0.24354252830183137,-0.858230177280038,-1.1210839038927172,-1.1442174906631448,-1.0,0
1.449813683324454,1.8089676105380978,2.046706625224132,0.8391905905670761,-0.33778318405790814,-0.37952508199787327,1.6840818289078456,1.2160596232525756,-0.23189613379288193,-0.22507379266406463,-0.15112947814982725,0.6560835703531841,1.2160596232525756,-0.7770739952562428,1.7789002186362282,2.5772693352181593,1.5074533622340722,-0.06966899744200132,0.9885078357629123,1.0,0
0.32211999361418775,0.3150169103793479,0.7918805395212415,-0.682581078947164,-0.33778318405790814,-0.37952508199787327,1.912525886364437,0.4290402000982225,-0.23189613379288193,-0.22507379266406463,-0.15112947814982725,0.9416386421739233,0.035530488521046066,-0.7677390880285774,1.396618283575128,2.266105760962649,1.5074533622340722,-0.06966899744200132,0.13541770519248952,1.0,1
-0.2417268512409454,0.8752484229388792,1.6284312633231686,-0.682581078947164,-0.33778318405790814,-0.37952508199787327,1.7411928432719934,0.4290402000982225,-0.23189613379288193,-0.22507379266406463,-0.15112947814982725,2.4836360300059157,1.2160596232525756,-0.47213369248584247,-0.3236504241998226,-0.2232028330814342,0.1931847291706776,1.2445996356213933,1.8415979663333353,-1.0,1
2.094210077444606,2.5559429606174726,0.7918805395212415,0.8391905905670761,-0.33778318405790814,-0.37952508199787327,2.0838589294568806,1.2160596232525756,-0.23189613379288193,-0.22507379266406463,-0.15112947814982725,0.14208444107585336,-0.7514889346333069,-0.7770739952562428,1.7789002186362282,2.5772693352181593,0.4560384557833565,-0.06966899744200132,1.8415979663333353,-1.0,1
0.7248677399392829,1.4354799354984105,-0.4629455461816491,0.8391905905670761,-0.33778318405790814,-0.37952508199787327,2.255191972549324,2.0030790464069286,-0.23189613379288193,-0.22507379266406463,-0.15112947814982725,0.8845276278097756,-0.3579792230561304,-0.7770739952562428,2.1611821536973284,2.266105760962649,0.7188921823960354,-0.5953764506673592,-0.2911273600927219,-1.0,1
1.530363232589473,1.2487360979785667,0.37360517762027795,0.8391905905670761,-0.33778318405790814,-0.37952508199787327,2.4265250156417677,2.0030790464069286,-0.23189613379288193,-0.22507379266406463,-0.15112947814982725,1.1700826996305147,0.822549911675399,-0.8019670811966837,3.3080279588806287,3.5107600579846903,1.5074533622340722,-0.06966899744200132,-0.7176724253779333,1.0,1
-0.16117730197592636,-0.6187022772198708,-0.044670184280685594,-0.682581078947164,2.610663253057731,2.288808259011065,-1.3428019323919909,-1.53850835778766,-0.23189613379288193,-0.22507379266406463,-0.15112947814982725,-1.3428019323919909,-1.53850835778766,-0.6557202012965936,0.11979662047105363,0.39912431542958654,0.1931847291706776,-1.1210839038927172,-0.7176724253779333,-1.0,1
-0.8861232453610975,-1.5524214648190895,-0.8812209080826127,-0.682581078947164,-0.33778318405790814,2.288808259011065,-1.1714688892995473,-0.3579792230561304,3.886259345632435,-0.22507379266406463,-0.15112947814982725,-1.1714688892995473,-0.3579792230561304,-0.19208647565588316,-0.43833500471815257,-0.47213369248584247,-0.06966899744200131,1.2445996356213933,1.8415979663333353,1.0,-1
2.013660528179587,1.8089676105380978,2.4649819871250958,0.8391905905670761,-0.33778318405790814,-0.37952508199787327,-1.1714688892995473,-0.3579792230561304,-0.23189613379288193,-0.22507379266406463,-0.15112947814982725,-1.3428019323919909,-1.53850835778766,-0.7335110948604712,0.4409134459223777,1.643778612451628,1.5074533622340722,-0.33252272405468025,0.13541770519248952,-1.0,0
1.6109127818544922,0.5017607478991917,-0.044670184280685594,-0.682581078947164,5.559109690173369,4.9571416000200035,-1.1143578749353995,0.035530488521046066,-0.23189613379288193,-0.22507379266406463,-0.15112947814982725,-1.0001358462071037,0.822549911675399,-0.7210645518902509,0.4409134459223777,1.3326150381961177,1.5074533622340722,-0.06966899744200132,-1.1442174906631448,1.0,1
0.24157044434916872,-0.2452146021801833,0.37360517762027795,-0.682581078947164,-0.33778318405790814,-0.37952508199787327,-0.9430248318429559,0.035530488521046066,-0.23189613379288193,-0.22507379266406463,-0.15112947814982725,-1.0001358462071037,0.822549911675399,-0.7055063731774752,0.4409134459223777,0.8658696768128521,1.2445996356213933,-0.33252272405468025,0.5619627704777009,1.0,0
-0.08062775271090736,-1.1789337897794019,-1.2994962699835761,-0.682581078947164,-0.33778318405790814,-0.37952508199787327,-0.885913817478808,0.4290402000982225,-0.23189613379288193,-0.22507379266406463,-0.15112947814982725,-0.8288028031146603,0.822549911675399,-0.28543554793253634,-0.43833500471815257,-0.4192358848624057,0.4560384557833565,0.7188921823960355,1.8415979663333353,-1.0,0
1.047065936999359,0.3150169103793479,2.046706625224132,0.8391905905670761,-0.33778318405790814,-0.37952508199787327,-0.8288028031146603,0.4290402000982225,-0.23189613379288193,-0.22507379266406463,-0.15112947814982725,-1.285690918027843,-1.1449986462104833,-0.6899481944646998,0.24977247839182762,0.7102878896850969,0.4560384557833565,-0.8582301772800381,0.13541770519248952,-1.0,1
1.530363232589473,1.4354799354984105,2.046706625224132,0.8391905905670761,-0.33778318405790814,-0.37952508199787327,-0.6574697600222167,0.4290402000982225,-0.23189613379288193,-0.22507379266406463,-0.15112947814982725,-1.285690918027843,-1.1449986462104833,-0.7335110948604712,0.6320544134529278,1.4881968253238729,-1.121083903892717,-0.8582301772800381,-0.7176724253779333,1.0,1
1.6109127818544922,0.3150169103793479,-0.4629455461816491,-0.682581078947164,-0.33778318405790814,-0.37952508199787327,-0.48613671692977306,1.2160596232525756,-0.23189613379288193,-0.22507379266406463,-0.15112947814982725,-0.7145807743863645,0.035530488521046066,-0.7055063731774752,0.4409134459223777,0.8658696768128521,1.2445996356213933,0.45603845578335656,0.13541770519248952,-1.0,1
0.8054172892043019,0.1282730728595042,-0.4629455461816491,-0.682581078947164,-0.33778318405790814,-0.37952508199787327,-0.3148036738373295,2.0030790464069286,-0.23189613379288193,-0.22507379266406463,-0.15112947814982725,-0.20058164510903378,2.0030790464069286,-0.5188082286241692,-0.5147913917303727,-0.03650468852812796,1.2445996356213933,-0.06966899744200132,1.8415979663333353,1.0,0
-0.3222764005059644,1.9957114480579417,2.4649819871250958,-0.682581078947164,-0.33778318405790814,-0.37952508199787327,-0.25769265947318165,1.2160596232525756,-0.23189613379288193,-0.22507379266406463,-0.15112947814982725,-0.5432477312939209,0.035530488521046066,-0.6899481944646998,0.24977247839182762,0.7102878896850969,-1.121083903892717,-1.1210839038927172,-1.1442174906631448,1.0,1
1.6914623311195112,-0.431958439700027,-0.4629455461816491,2.3609622600813163,-0.33778318405790814,-0.37952508199787327,-0.08635961638073807,1.2160596232525756,-0.23189613379288193,-0.22507379266406463,-0.15112947814982725,-0.37191468820147733,0.035530488521046066,-0.6277154796135976,0.02040331735516768,0.1906447206783946,1.5074533622340722,0.1931847291706776,0.5619627704777009,-1.0,-1
0.40266954287920675,0.1282730728595042,-0.4629455461816491,0.8391905905670761,-0.33778318405790814,-0.37952508199787327,-0.08635961638073807,0.035530488521046066,-0.23189613379288193,-0.22507379266406463,-0.15112947814982725,-0.37191468820147733,-0.3579792230561304,-0.640162022583818,-0.2854222306937127,0.4769152089934642,0.1931847291706776,-0.5953764506673592,-0.7176724253779333,-1.0,-1
0.24157044434916872,-0.2452146021801833,1.210155901422205,-0.682581078947164,-0.33778318405790814,-0.37952508199787327,-0.08635961638073807,-0.3579792230561304,-0.23189613379288193,-0.22507379266406463,-0.15112947814982725,-0.14347063074488592,0.035530488521046066,-0.7086180089200305,0.6320544134529278,0.7880787832489745,1.2445996356213933,0.1931847291706776,0.5619627704777009,1.0,1
0.8054172892043019,1.0619922604587229,-0.8812209080826127,0.8391905905670761,-0.33778318405790814,2.288808259011065,0.08497342671170552,-0.3579792230561304,-0.23189613379288193,-0.22507379266406463,-0.15112947814982725,-0.5432477312939209,-1.1449986462104833,-0.5654827647624957,-0.43833500471815257,0.08796074117407617,1.5074533622340722,-0.06966899744200132,1.4150529010481239,-1.0,-1
1.047065936999359,0.6885045854190354,0.37360517762027795,-0.682581078947164,-0.33778318405790814,-0.37952508199787327,0.08497342671170552,-0.3579792230561304,-0.23189613379288193,-0.22507379266406463,-0.15112947814982725,0.25630646980414906,1.2160596232525756,-0.6557202012965936,0.02040331735516768,0.39912431542958654,1.5074533622340722,-0.5953764506673592,-0.2911273600927219,1.0,0
0.32211999361418775,-0.6187022772198708,-0.8812209080826127,0.8391905905670761,-0.33778318405790814,-0.37952508199787327,0.14208444107585336,0.035530488521046066,-0.23189613379288193,-0.22507379266406463,-0.15112947814982725,0.4847505272607405,2.0030790464069286,-0.2232028330814342,-0.3618786177059325,-0.47213369248584247,0.9817459090087143,1.2445996356213933,0.13541770519248952,1.0,-1
1.530363232589473,1.622223773018254,0.7918805395212415,-0.682581078947164,-0.33778318405790814,-0.37952508199787327,0.14208444107585336,-1.1449986462104833,-0.23189613379288193,-0.22507379266406463,-0.15112947814982725,-0.6003587456580688,-0.7514889346333069,-0.6899481944646998,0.11979662047105363,0.8658696768128521,0.4560384557833565,-1.1210839038927172,0.5619627704777009,-1.0,1
1.127615486264378,-0.6187022772198708,0.37360517762027795,0.8391905905670761,-0.33778318405790814,-0.37952508199787327,0.14208444107585336,-1.1449986462104833,-0.23189613379288193,-0.22507379266406463,-0.15112947814982725,0.4847505272607405,0.4290402000982225,-0.3943427989219649,-0.5912477787425927,-0.26365409773465054,0.1931847291706776,-0.5953764506673592,0.9885078357629123,-1.0,-1
2.255309175974644,0.3150169103793479,0.37360517762027795,-0.682581078947164,-0.33778318405790814,-0.37952508199787327,0.31341748416829696,-0.3579792230561304,-0.23189613379288193,-0.22507379266406463,-0.15112947814982725,-0.08635961638073807,-1.1449986462104833,-0.6588318370391487,0.02040331735516768,0.4769152089934642,0.1931847291706776,-0.33252272405468025,-0.7176724253779333,1.0,0
1.6109127818544922,1.2487360979785667,1.6284312633231686,-0.682581078947164,-0.33778318405790814,-0.37952508199787327,0.3705284985324448,0.035530488521046066,-0.23189613379288193,-0.22507379266406463,-0.15112947814982725,-0.029248602016590203,0.822549911675399,-0.7428460020881366,0.6320544134529278,1.7993603995793832,0.7188921823960354,-0.8582301772800381,0.13541770519248952,1.0,1
0.6443181906742638,0.5017607478991917,-1.2994962699835761,-0.682581078947164,2.610663253057731,2.288808259011065,0.5418615416248884,1.2160596232525756,-0.23189613379288193,-0.22507379266406463,-0.15112947814982725,0.713194584717332,-0.3579792230561304,-0.5032500499113935,-0.5912477787425927,-0.06762104595367903,1.2445996356213933,-0.06966899744200132,2.2681430316185467,-1.0,1
1.449813683324454,-0.8054461147397145,-1.2994962699835761,-0.682581078947164,2.610663253057731,2.288808259011065,0.713194584717332,1.2160596232525756,-0.23189613379288193,4.1906596634118705,-0.15112947814982725,-0.7145807743863645,0.822549911675399,-0.7055063731774752,0.24977247839182762,1.0214514639406074,-0.858230177280038,-0.8582301772800381,-0.7176724253779333,-1.0,1
1.127615486264378,1.0619922604587229,0.37360517762027795,-0.682581078947164,-0.33778318405790814,-0.37952508199787327,0.8845276278097756,2.0030790464069286,-0.23189613379288193,-0.22507379266406463,-0.15112947814982725,0.08497342671170552,0.822549911675399,-0.7770739952562428,1.7789002186362282,2.5772693352181593,1.5074533622340722,0.45603845578335656,0.13541770519248952,1.0,1
1.6109127818544922,-0.8054461147397145,-0.8812209080826127,0.8391905905670761,2.610663253057731,2.288808259011065,1.0558606709022191,2.0030790464069286,-0.23189613379288193,-0.22507379266406463,-0.15112947814982725,0.31341748416829696,-1.53850835778766,-0.6277154796135976,-0.2854222306937127,0.39912431542958654,1.2445996356213933,-0.33252272405468025,0.9885078357629123,-1.0,0
0.5637686414092448,1.0619922604587229,0.7918805395212415,-0.682581078947164,-0.33778318405790814,-0.37952508199787327,1.112971685266367,1.2160596232525756,-0.23189613379288193,-0.22507379266406463,-0.15112947814982725,1.455637771451254,0.4290402000982225,-0.48769187119861807,-0.5912477787425927,-0.0987374033792301,0.4560384557833565,0.7188921823960355,2.2681430316185467,1.0,0
-0.3222764005059644,-0.2452146021801833,-0.044670184280685594,-0.682581078947164,-0.33778318405790814,-0.37952508199787327,1.3985267570871063,0.4290402000982225,-0.23189613379288193,-0.22507379266406463,-0.15112947814982725,1.2843047283588105,0.822549911675399,-0.2232028330814342,-0.43833500471815257,-0.456575513773067,-0.06966899744200131,1.5074533622340722,1.8415979663333353,-1.0,1
1.208165035529397,1.0619922604587229,1.6284312633231686,0.8391905905670761,2.610663253057731,2.288808259011065,1.1700826996305147,0.4290402000982225,-0.23189613379288193,-0.22507379266406463,-0.15112947814982725,1.1700826996305147,0.822549911675399,-0.6806132872370344,-0.13250945666927252,0.8658696768128521,1.5074533622340722,0.45603845578335656,0.5619627704777009,1.0,1
0.9665163877343399,0.5017607478991917,1.6284312633231686,-0.682581078947164,-0.33778318405790814,-0.37952508199787327,1.3414157427229585,0.4290402000982225,-0.23189613379288193,-0.22507379266406463,-0.15112947814982725,0.6560835703531841,-1.53850835778766,-0.6277154796135976,-0.13250945666927252,0.32133342186570896,-0.858230177280038,-1.1210839038927172,-1.1442174906631448,-1.0,0
1.208165035529397,1.0619922604587229,1.210155901422205,2.3609622600813163,-0.33778318405790814,-0.37952508199787327,1.5698598001795498,1.2160596232525756,3.886259345632435,-0.22507379266406463,6.616842804212003,-0.3148036738373295,-1.1449986462104833,-0.7770739952562428,1.396618283575128,3.5107600579846903,1.5074533622340722,-0.33252272405468025,0.5619627704777009,1.0,-1
1.127615486264378,1.9957114480579417,2.046706625224132,-0.682581078947164,-0.33778318405790814,-0.37952508199787327,1.5698598001795498,0.035530488521046066,-0.23189613379288193,-0.22507379266406463,-0.15112947814982725,0.8274166134456277,0.4290402000982225,-0.6806132872370344,-0.2854222306937127,1.0214514639406074,1.7703070888467511,-0.06966899744200132,-1.1442174906631448,-1.0,1
1.127615486264378,-0.9921899522595582,-0.044670184280685594,-0.682581078947164,-0.33778318405790814,-0.37952508199787327,1.7411928432719934,0.822549911675399,-0.23189613379288193,-0.22507379266406463,-0.15112947814982725,0.5418615416248884,0.035530488521046066,-0.668166744266814,-0.13250945666927252,0.7102878896850969,0.4560384557833565,-1.1210839038927172,-0.7176724253779333,1.0,0
0.40266954287920675,0.8752484229388792,0.7918805395212415,0.8391905905670761,-0.33778318405790814,-0.37952508199787327,1.7983038576361412,0.035530488521046066,-0.23189613379288193,-0.22507379266406463,-0.15112947814982725,1.7983038576361412,0.822549911675399,-0.6121573009008222,-0.43833500471815257,0.32133342186570896,1.5074533622340722,0.1931847291706776,0.5619627704777009,-1.0,1
-0.08062775271090736,-0.6187022772198708,0.37360517762027795,0.8391905905670761,-0.33778318405790814,-0.37952508199787327,1.9696369007285848,1.2160596232525756,-0.23189613379288193,-0.22507379266406463,-0.15112947814982725,0.19919545544000122,-1.1449986462104833,-0.7086180089200305,0.17331609137960788,1.1770332510683625,0.7188921823960354,-1.1210839038927172,0.5619627704777009,1.0,1
0.1610208950841497,-0.05847076466033954,0.37360517762027795,0.8391905905670761,-0.33778318405790814,-0.37952508199787327,2.1409699438210286,1.2160596232525756,-0.23189613379288193,-0.22507379266406463,-0.15112947814982725,3.2260792167398376,2.0030790464069286,0.1501934560251783,-0.5912477787425927,-0.5654827647624957,0.9817459090087143,1.5074533622340722,0.13541770519248952,-1.0,1
1.369264134059435,1.2487360979785667,-0.044670184280685594,-0.682581078947164,-0.33778318405790814,-0.37952508199787327,2.312302986913472,2.0030790464069286,-0.23189613379288193,-0.22507379266406463,-0.15112947814982725,1.6269708145436976,0.822549911675399,-0.6432736583263733,-0.13250945666927252,0.39912431542958654,1.5074533622340722,0.1931847291706776,1.4150529010481239,1.0,-1
0.6443181906742638,0.6885045854190354,0.37360517762027795,-0.682581078947164,2.610663253057731,2.288808259011065,2.312302986913472,0.822549911675399,-0.23189613379288193,-0.22507379266406463,-0.15112947814982725,2.4265250156417677,0.035530488521046066,-0.6277154796135976,-0.3236504241998226,0.39912431542958654,0.1931847291706776,-0.33252272405468025,0.9885078357629123,1.0,1
1.6914623311195112,1.9957114480579417,1.210155901422205,-0.682581078947164,-0.33778318405790814,-0.37952508199787327,2.4836360300059157,0.822549911675399,3.886259345632435,-0.22507379266406463,-0.15112947814982725,1.6269708145436976,-0.3579792230561304,-0.7055063731774752,0.3262288654040474,0.8658696768128521,1.5074533622340722,-0.5953764506673592,0.13541770519248952,-1.0,-1
1.127615486264378,-0.2452146021801833,0.37360517762027795,0.8391905905670761,5.559109690173369,4.9571416000200035,-1.3428019323919909,-1.53850835778766,-0.23189613379288193,-0.22507379266406463,-0.15112947814982725,-1.3428019323919909,-1.53850835778766,-0.5499245860497202,-0.43833500471815257,0.025728026322974037,-0.06966899744200131,-0.5953764506673592,-0.2911273600927219,-1.0,1
1.369264134059435,0.3150169103793479,0.7918805395212415,-0.682581078947164,-0.33778318405790814,-0.37952508199787327,-1.1714688892995473,-0.3579792230561304,-0.23189613379288193,-0.22507379266406463,-0.15112947814982725,-1.3428019323919909,-1.53850835778766,-0.6557202012965936,-0.13250945666927252,0.5547061025573418,0.1931847291706776,-0.33252272405468025,-0.2911273600927219,1.0,1
-1.7721682872763067,-1.5524214648190895,-0.044670184280685594,-0.682581078947164,8.507556127289009,7.6254749410289415,-1.0001358462071037,0.822549911675399,-0.23189613379288193,-0.22507379266406463,-0.15112947814982725,-1.0001358462071037,0.822549911675399,1.7993603995793832,1.396618283575128,-0.758404180800912,-0.3325227240546802,0.9817459090087144,-0.7176724253779333,-1.0,1
1.530363232589473,-1.5524214648190895,-1.7177716318845397,-0.682581078947164,-0.33778318405790814,-0.37952508199787327,-0.8288028031146603,2.0030790464069286,-0.23189613379288193,-0.22507379266406463,-0.15112947814982725,-1.1714688892995473,-0.3579792230561304,-0.6557202012965936,0.02040331735516768,0.4769152089934642,0.4560384557833565,-0.5953764506673592,0.5619627704777009,1.0,-1
-7.820344588833574e-05,-0.2452146021801833,0.37360517762027795,2.3609622600813163,-0.33778318405790814,-0.37952508199787327,-0.8288028031146603,0.822549911675399,-0.23189613379288193,-0.22507379266406463,-0.15112947814982725,-0.8288028031146603,2.0030790464069286,-0.5872642149603814,-0.2854222306937127,0.1190770985996271,-0.06966899744200131,-0.8582301772800381,-0.7176724253779333,1.0,-1
-0.48337549903600247,-1.1789337897794019,-0.8812209080826127,0.8391905905670761,-0.33778318405790814,-0.37952508199787327,-0.8288028031146603,-0.3579792230561304,-0.23189613379288193,-0.22507379266406463,-0.15112947814982725,-0.8288028031146603,-0.3579792230561304,0.025728026322974037,-0.3236504241998226,-0.5654827647624957,-0.3325227240546802,0.45603845578335656,0.13541770519248952,-1.0,1
-1.3694205409512117,-0.6187022772198708,1.210155901422205,-0.682581078947164,2.610663253057731,2.288808259011065,-0.6574697600222167,-0.3579792230561304,-0.23189613379288193,-0.22507379266406463,-0.15112947814982725,-0.7716917887505124,0.035530488521046066,-0.3414449912985281,-0.43833500471815257,-0.3787846202091894,-1.121083903892717,-1.1210839038927172,-1.1442174906631448,-1.0,1
-0.08062775271090736,-0.8054461147397145,-1.2994962699835761,-0.682581078947164,2.610663253057731,4.9571416000200035,-0.48613671692977306,0.822549911675399,-0.23189613379288193,-0.22507379266406463,-0.15112947814982725,-0.6003587456580688,1.2160596232525756,-0.44101733506029156,-0.7441605527670326,-0.14541193951755663,-0.858230177280038,-0.8582301772800381,-0.2911273600927219,1.0,1
-0.48337549903600247,-0.2452146021801833,-0.044670184280685594,-0.682581078947164,-0.33778318405790814,-0.37952508199787327,-0.3148036738373295,2.0030790464069286,-0.23189613379288193,4.1906596634118705,-0.15112947814982725,-0.37191468820147733,1.2160596232525756,0.025728026322974037,-0.13250945666927252,-0.5810409434752711,-0.5953764506673591,0.9817459090087144,-0.2911273600927219,-1.0,-1
1.449813683324454,0.6885045854190354,-0.4629455461816491,0.8391905905670761,-0.33778318405790814,-0.37952508199787327,-0.3148036738373295,0.822549911675399,-0.23189613379288193,-0.22507379266406463,-0.15112947814982725,-1.1143578749353995,-0.3579792230561304,-0.6899481944646998,0.11979662047105363,0.8658696768128521,-0.858230177280038,-1.1210839038927172,-0.7176724253779333,1.0,-1
1.530363232589473,0.1282730728595042,-0.044670184280685594,0.8391905905670761,-0.33778318405790814,-0.37952508199787327,-0.3148036738373295,-0.3579792230561304,-0.23189613379288193,-0.22507379266406463,-0.15112947814982725,-1.285690918027843,-1.53850835778766,-0.5499245860497202,-0.5147913917303727,0.025728026322974037,-0.5953764506673591,-1.1210839038927172,-1.1442174906631448,-1.0,1
0.32211999361418775,0.5017607478991917,0.7918805395212415,-0.682581078947164,-0.33778318405790814,-0.37952508199787327,-0.14347063074488592,-0.3579792230561304,-0.23189613379288193,-0.22507379266406463,-0.15112947814982725,-0.7716917887505124,0.035530488521046066,-0.5343664073369446,-0.5147913917303727,0.025728026322974037,-0.06966899744200131,-1.1210839038927172,-0.2911273600927219,1.0,1
0.8859668384693209,0.3150169103793479,-0.8812209080826127,-0.682581078947164,-0.33778318405790814,-0.37952508199787327,0.027862412347557656,0.822549911675399,-0.23189613379288193,-0.22507379266406463,-0.15112947814982725,-0.20058164510903378,0.035530488521046066,-0.48769187119861807,-0.43833500471815257,-0.14541193951755663,0.1931847291706776,0.1931847291706776,-0.2911273600927219,1.0,-1
-0.48337549903600247,0.6885045854190354,-0.4629455461816491,-0.682581078947164,2.610663253057731,2.288808259011065,0.027862412347557656,0.822549911675399,-0.23189613379288193,-0.22507379266406463,-0.15112947814982725,0.08497342671170552,0.035530488521046066,-0.03650468852812796,-0.5147913917303727,-0.5188082286241692,-0.3325227240546802,0.7188921823960355,-0.2911273600927219,-1.0,1
0.32211999361418775,-0.431958439700027,-0.8812209080826127,0.8391905905670761,-0.33778318405790814,-0.37952508199787327,0.19919545544000122,0.822549911675399,-0.23189613379288193,-0.22507379266406463,-0.15112947814982725,0.31341748416829696,1.2160596232525756,-0.25431919050698526,-0.43833500471815257,-0.44101733506029156,-0.858230177280038,0.9817459090087144,0.13541770519248952,1.0,0
1.288714584794416,0.6885045854190354,-0.8812209080826127,2.3609622600813163,-0.33778318405790814,2.288808259011065,0.25630646980414906,0.035530488521046066,-0.23189613379288193,-0.22507379266406463,-0.15112947814982725,-0.3148036738373295,-1.1449986462104833,-0.5343664073369446,-0.5147913917303727,0.010169847610198573,0.1931847291706776,0.45603845578335656,-0.7176724253779333,-1.0,0
0.48321909214422576,-0.6187022772198708,-0.4629455461816491,-0.682581078947164,-0.33778318405790814,-0.37952508199787327,0.31341748416829696,0.4290402000982225,-0.23189613379288193,-0.22507379266406463,-0.15112947814982725,-0.25769265947318165,-0.7514889346333069,-0.6557202012965936,0.02040331735516768,0.4769152089934642,0.7188921823960354,-0.33252272405468025,-1.1442174906631448,-1.0,1
-0.2417268512409454,0.6885045854190354,-0.044670184280685594,-0.682581078947164,-0.33778318405790814,-0.37952508199787327,0.6560835703531841,1.2160596232525756,-0.23189613379288193,-0.22507379266406463,-0.15112947814982725,0.31341748416829696,0.035530488521046066,-0.5965991221880467,-0.3236504241998226,0.24354252830183137,0.1931847291706776,-0.06966899744200132,0.13541770519248952,1.0,1
-1.1277718931561547,-0.8054461147397145,0.7918805395212415,-0.682581078947164,-0.33778318405790814,-0.37952508199787327,0.4847505272607405,0.4290402000982225,-0.23189613379288193,-0.22507379266406463,-0.15112947814982725,0.14208444107585336,-1.1449986462104833,-0.26365409773465054,-0.5912477787425927,-0.3943427989219649,-0.5953764506673591,0.1931847291706776,0.9885078357629123,1.0,1
1.208165035529397,1.2487360979785667,0.7918805395212415,2.3609622600813163,-0.33778318405790814,-0.37952508199787327,0.8274166134456277,2.0030790464069286,-0.23189613379288193,-0.22507379266406463,-0.15112947814982725,0.5418615416248884,0.035530488521046066,-0.363226441496414,-0.6677041657548128,-0.28543554793253634,0.1931847291706776,0.45603845578335656,-0.2911273600927219,-1.0,0
0.08047134581913068,1.0619922604587229,1.6284312633231686,0.8391905905670761,-0.33778318405790814,-0.37952508199787327,0.8845276278097756,1.2160596232525756,-0.23189613379288193,-0.22507379266406463,-0.15112947814982725,0.31341748416829696,0.822549911675399,-0.5965991221880467,-0.13250945666927252,0.1501934560251783,-0.858230177280038,-1.1210839038927172,-1.1442174906631448,1.0,-1
-0.5639250483010215,-0.6187022772198708,0.37360517762027795,-0.682581078947164,-0.33778318405790814,-0.37952508199787327,0.8845276278097756,0.035530488521046066,-0.23189613379288193,-0.22507379266406463,-0.15112947814982725,-0.48613671692977306,-0.7514889346333069,-0.5654827647624957,-0.5147913917303727,0.08796074117407617,-0.858230177280038,-0.8582301772800381,-0.7176724253779333,-1.0,1
0.48321909214422576,0.1282730728595042,-0.4629455461816491,0.8391905905670761,-0.33778318405790814,-0.37952508199787327,1.0558606709022191,0.035530488521046066,-0.23189613379288193,-0.22507379266406463,-0.15112947814982725,0.14208444107585336,0.035530488521046066,-0.5032500499113935,-0.5912477787425927,-0.06762104595367903,-0.5953764506673591,-0.8582301772800381,-0.2911273600927219,-1.0,0
-0.9666727946261165,-0.2452146021801833,0.7918805395212415,0.8391905905670761,-0.33778318405790814,-0.37952508199787327,1.112971685266367,0.035530488521046066,-0.23189613379288193,-0.22507379266406463,-0.15112947814982725,0.9416386421739233,-0.3579792230561304,-0.06762104595367903,-0.5912477787425927,-0.5032500499113935,-0.5953764506673591,1.2445996356213933,-0.2911273600927219,1.0,1
-0.08062775271090736,0.6885045854190354,1.210155901422205,0.8391905905670761,-0.33778318405790814,-0.37952508199787327,1.2843047283588105,1.2160596232525756,-0.23189613379288193,-0.22507379266406463,-0.15112947814982725,0.7703055990814798,0.035530488521046066,-0.4099009776347405,-0.5147913917303727,-0.26365409773465054,-0.06966899744200131,-0.5953764506673592,-0.7176724253779333,-1.0,1
-0.48337549903600247,-0.8054461147397145,-0.4629455461816491,-0.682581078947164,-0.33778318405790814,-0.37952508199787327,1.455637771451254,1.2160596232525756,-0.23189613379288193,-0.22507379266406463,-0.15112947814982725,0.5989725559890362,-0.3579792230561304,-0.3787846202091894,-0.5912477787425927,-0.28543554793253634,-0.06966899744200131,0.45603845578335656,0.13541770519248952,1.0,-1
0.8859668384693209,0.6885045854190354,-0.044670184280685594,-0.682581078947164,-0.33778318405790814,-0.37952508199787327,1.7983038576361412,0.822549911675399,-0.23189613379288193,-0.22507379266406463,-0.15112947814982725,0.4847505272607405,0.035530488521046066,-0.5343664073369446,-0.7059323592609227,0.08796074117407617,0.4560384557833565,-0.33252272405468025,-0.2911273600927219,-1.0,0
1.047065936999359,-0.8054461147397145,-0.044670184280685594,-0.682581078947164,-0.33778318405790814,-0.37952508199787327,1.455637771451254,0.822549911675399,-0.23189613379288193,-0.22507379266406463,-0.15112947814982725,0.14208444107585336,-1.1449986462104833,-0.28543554793253634,-0.7059323592609227,-0.363226441496414,0.1931847291706776,-1.1210839038927172,-0.2911273600927219,-1.0,1
1.6914623311195112,1.2487360979785667,2.046706625224132,-0.682581078947164,-0.33778318405790814,-0.37952508199787327,1.6269708145436976,0.822549911675399,-0.23189613379288193,-0.22507379266406463,-0.15112947814982725,-0.7145807743863645,-1.53850835778766,-0.6899481944646998,0.02040331735516768,0.8658696768128521,-0.3325227240546802,-1.1210839038927172,-1.1442174906631448,1.0,1
-0.48337549903600247,-1.3656776272992457,-0.8812209080826127,-0.682581078947164,-0.33778318405790814,-0.37952508199787327,1.8554148720002892,1.2160596232525756,-0.23189613379288193,-0.22507379266406463,-0.15112947814982725,2.5407470443700633,0.822549911675399,0.7102878896850969,0.02040331735516768,-0.6806132872370344,-0.06966899744200131,0.9817459090087144,-0.7176724253779333,1.0,-1
1.047065936999359,0.5017607478991917,-0.044670184280685594,-0.682581078947164,-0.33778318405790814,-0.37952508199787327,1.8554148720002892,0.035530488521046066,-0.23189613379288193,-0.22507379266406463,-0.15112947814982725,1.6269708145436976,0.035530488521046066,-0.4192358848624057,-0.6677041657548128,-0.2232028330814342,0.4560384557833565,-0.33252272405468025,0.5619627704777009,-1.0,-1
1.7720118803845302,0.8752484229388792,1.210155901422205,0.8391905905670761,-0.33778318405790814,-0.37952508199787327,1.8554148720002892,-1.1449986462104833,-0.23189613379288193,-0.22507379266406463,-0.15112947814982725,0.027862412347557656,0.822549911675399,-0.6806132872370344,-0.2854222306937127,0.7102878896850969,0.1931847291706776,-0.5953764506673592,-0.2911273600927219,1.0,1
1.288714584794416,0.1282730728595042,0.37360517762027795,0.8391905905670761,-0.33778318405790814,-0.37952508199787327,2.0267479150927326,-0.3579792230561304,-0.23189613379288193,-0.22507379266406463,-0.15112947814982725,0.8274166134456277,-1.1449986462104833,-0.7210645518902509,0.11979662047105363,1.4881968253238729,0.1931847291706776,0.45603845578335656,-0.2911273600927219,1.0,1
1.6109127818544922,1.9957114480579417,2.046706625224132,0.8391905905670761,-0.33778318405790814,-0.37952508199787327,2.198080958185176,0.822549911675399,-0.23189613379288193,-0.22507379266406463,-0.15112947814982725,0.8845276278097756,-0.3579792230561304,-0.5654827647624957,-0.2854222306937127,0.025728026322974037,0.4560384557833565,-0.06966899744200132,0.13541770519248952,-1.0,0
1.449813683324454,2.369199123097629,2.046706625224132,0.8391905905670761,-0.33778318405790814,-0.37952508199787327,2.255191972549324,1.2160596232525756,-0.23189613379288193,-0.22507379266406463,-0.15112947814982725,0.713194584717332,0.035530488521046066,-0.7210645518902509,0.4409134459223777,1.3326150381961177,0.9817459090087143,-0.33252272405468025,-1.1442174906631448,1.0,-1
-0.2417268512409454,-0.05847076466033954,-0.4629455461816491,0.8391905905670761,-0.33778318405790814,-0.37952508199787327,2.255191972549324,0.035530488521046066,-0.23189613379288193,-0.22507379266406463,-0.15112947814982725,2.6549690730983593,0.035530488521046066,-0.28543554793253634,-0.5912477787425927,-0.3787846202091894,-0.858230177280038,0.9817459090087144,0.5619627704777009,-1.0,1
-0.6444745975660405,-0.9921899522595582,-0.4629455461816491,-0.682581078947164,-0.33778318405790814,-0.37952508199787327,2.4265250156417677,0.035530488521046066,-0.23189613379288193,-0.22507379266406463,-0.15112947814982725,2.312302986913472,0.822549911675399,0.39912431542958654,-0.3236504241998226,-0.6277154796135976,-0.3325227240546802,0.1931847291706776,0.9885078357629123,-1.0,-1
-0.2417268512409454,-0.8054461147397145,-0.044670184280685594,-0.682581078947164,5.559109690173369,4.9571416000200035,2.4265250156417677,-0.3579792230561304,-0.23189613379288193,4.1906596634118705,-0.15112947814982725,2.0267479150927326,-0.3579792230561304,-0.5343664073369446,-0.13250945666927252,-0.12985376080478117,-0.06966899744200131,0.7188921823960355,-0.2911273600927219,1.0,-1
0.6443181906742638,0.5017607478991917,-0.4629455461816491,-0.682581078947164,-0.33778318405790814,-0.37952508199787327,-1.3428019323919909,-1.53850835778766,-0.23189613379288193,-0.22507379266406463,-0.15112947814982725,-1.3428019323919909,-1.53850835778766,-0.48769187119861807,-0.5912477787425927,-0.0987374033792301,0.1931847291706776,0.9817459090087144,0.13541770519248952,1.0,-1
-0.9666727946261165,0.3150169103793479,-0.8812209080826127,0.8391905905670761,-0.33778318405790814,-0.37952508199787327,-1.3428019323919909,-1.53850835778766,-0.23189613379288193,-0.22507379266406463,-0.15112947814982725,-1.1714688892995473,-0.3579792230561304,0.5547061025573418,0.24977247839182762,-0.6806132872370344,-0.5953764506673591,2.5588682686847877,-0.2911273600927219,-1.0,-1
-1.0472223438911357,0.5017607478991917,1.210155901422205,-0.682581078947164,-0.33778318405790814,-0.37952508199787327,-1.3428019323919909,-1.53850835778766,-0.23189613379288193,-0.22507379266406463,-0.15112947814982725,-1.1714688892995473,-0.3579792230561304,-0.03650468852812796,-0.5147913917303727,-0.5188082286241692,-0.858230177280038,-0.06966899744200132,-0.7176724253779333,1.0,1
-1.5305196394812497,0.3150169103793479,0.7918805395212415,-0.682581078947164,-0.33778318405790814,-0.37952508199787327,-1.1714688892995473,-0.3579792230561304,-0.23189613379288193,-0.22507379266406463,-0.15112947814982725,-0.8288028031146603,2.0030790464069286,0.4769152089934642,0.02040331735516768,-0.6557202012965936,-0.5953764506673591,0.45603845578335656,0.5619627704777009,-1.0,1
-7.820344588833574e-05,0.1282730728595042,-0.044670184280685594,0.8391905905670761,-0.33778318405790814,-0.37952508199787327,-1.0001358462071037,0.822549911675399,-0.23189613379288193,-0.22507379266406463,-0.15112947814982725,-0.9430248318429559,1.2160596232525756,0.5547061025573418,0.11979662047105363,-0.668166744266814,0.4560384557833565,1.2445996356213933,0.13541770519248952,-1.0,0
-1.5305196394812497,-1.1789337897794019,-0.8812209080826127,-0.682581078947164,-0.33778318405790814,-0.37952508199787327,-0.9430248318429559,1.2160596232525756,-0.23189613379288193,-0.22507379266406463,-0.15112947814982725,-0.7716917887505124,0.035530488521046066,1.3326150381961177,0.8231953809834779,-0.7335110948604712,-0.5953764506673591,2.5588682686847877,-0.2911273600927219,1.0,0
-1.7721682872763067,-1.5524214648190895,-0.4629455461816491,-0.682581078947164,-0.33778318405790814,-0.37952508199787327,-0.885913817478808,0.4290402000982225,-0.23189613379288193,-0.22507379266406463,-0.15112947814982725,-0.6003587456580688,0.035530488521046066,1.1770332510683625,0.8231953809834779,-0.7335110948604712,-0.06966899744200131,1.7703070888467514,0.13541770519248952,-1.0,-1
0.24157044434916872,0.6885045854190354,1.210155901422205,0.8391905905670761,-0.33778318405790814,-0.37952508199787327,-0.885913817478808,-0.7514889346333069,-0.23189613379288193,-0.22507379266406463,-0.15112947814982725,-1.1143578749353995,0.035530488521046066,-0.5872642149603814,-0.3236504241998226,0.1501934560251783,0.1931847291706776,-0.5953764506673592,-0.7176724253779333,1.0,1
-0.08062775271090736,0.5017607478991917,-0.4629455461816491,-0.682581078947164,-0.33778318405790814,-0.37952508199787327,-0.7145807743863645,0.035530488521046066,-0.23189613379288193,-0.22507379266406463,-0.15112947814982725,-1.285690918027843,-1.53850835778766,-0.4099009776347405,-0.7059323592609227,-0.2232028330814342,-1.121083903892717,-0.8582301772800381,-0.7176724253779333,-1.0,1
-1.2888709916861927,-1.1789337897794019,-0.8812209080826127,-0.682581078947164,-0.33778318405790814,-0.37952508199787327,-0.5432477312939209,0.822549911675399,-0.23189613379288193,-0.22507379266406463,-0.15112947814982725,-0.48613671692977306,-0.3579792230561304,-0.456575513773067,-0.43833500471815257,-0.2232028330814342,-0.3325227240546802,-0.06966899744200132,0.9885078357629123,1.0,1
-0.8055736960960785,1.2487360979785667,0.7918805395212415,0.8391905905670761,-0.33778318405790814,-0.37952508199787327,-0.37191468820147733,2.0030790464069286,-0.23189613379288193,-0.22507379266406463,-0.15112947814982725,-0.25769265947318165,2.0030790464069286,-0.03650468852812796,-0.43833500471815257,-0.5343664073369446,-0.3325227240546802,1.2445996356213933,1.4150529010481239,1.0,-1
-1.0472223438911357,1.2487360979785667,1.6284312633231686,0.8391905905670761,-0.33778318405790814,-0.37952508199787327,-0.37191468820147733,0.822549911675399,-0.23189613379288193,-0.22507379266406463,-0.15112947814982725,-0.5432477312939209,0.035530488521046066,-0.19208647565588316,-0.3618786177059325,-0.48769187119861807,-1.121083903892717,-1.1210839038927172,-1.1442174906631448,-1.0,1
0.1610208950841497,-0.6187022772198708,-0.8812209080826127,0.8391905905670761,-0.33778318405790814,-0.37952508199787327,-0.20058164510903378,0.822549911675399,-0.23189613379288193,-0.22507379266406463,-0.15112947814982725,-0.37191468820147733,0.035530488521046066,-0.5188082286241692,-0.5912477787425927,-0.03650468852812796,0.1931847291706776,0.1931847291706776,0.5619627704777009,1.0,0
-0.2417268512409454,-1.1789337897794019,-1.7177716318845397,-0.682581078947164,-0.33778318405790814,-0.37952508199787327,-0.14347063074488592,0.035530488521046066,-0.23189613379288193,-0.22507379266406463,-0.15112947814982725,-0.08635961638073807,-0.3579792230561304,0.7880787832489745,0.6320544134529278,-0.7086180089200305,0.1931847291706776,1.2445996356213933,0.5619627704777009,-1.0,-1
-0.48337549903600247,-0.2452146021801833,-0.044670184280685594,-0.682581078947164,-0.33778318405790814,-0.37952508199787327,-0.14347063074488592,0.035530488521046066,-0.23189613379288193,-0.22507379266406463,-0.15112947814982725,-0.6574697600222167,-0.7514889346333069,-0.44101733506029156,-0.5912477787425927,-0.19208647565588316,-1.121083903892717,-0.33252272405468025,0.13541770519248952,1.0,0
-0.9666727946261165,-0.8054461147397145,-0.4629455461816491,-0.682581078947164,-0.33778318405790814,-0.37952508199787327,-0.08635961638073807,-0.7514889346333069,-0.23189613379288193,-0.22507379266406463,-0.15112947814982725,0.08497342671170552,-0.7514889346333069,-0.0987374033792301,-0.43833500471815257,-0.5032500499113935,1.2445996356213933,-0.06966899744200132,0.13541770519248952,-1.0,0
-0.8055736960960785,-0.2452146021801833,0.37360517762027795,0.8391905905670761,-0.33778318405790814,-0.37952508199787327,-0.029248602016590203,-0.7514889346333069,-0.23189613379288193,-0.22507379266406463,-0.15112947814982725,0.31341748416829696,0.822549911675399,-0.06762104595367903,-0.5147913917303727,-0.5032500499113935,-0.3325227240546802,1.5074533622340722,0.9885078357629123,-1.0,1
-0.40282594977098346,0.5017607478991917,-0.4629455461816491,0.8391905905670761,-0.33778318405790814,-0.37952508199787327,0.31341748416829696,1.2160596232525756,-0.23189613379288193,-0.22507379266406463,-0.15112947814982725,-0.20058164510903378,1.2160596232525756,-0.5965991221880467,-0.5147913917303727,0.32133342186570896,0.1931847291706776,-0.06966899744200132,-0.7176724253779333,1.0,1
0.7248677399392829,0.3150169103793479,0.7918805395212415,0.8391905905670761,-0.33778318405790814,-0.37952508199787327,0.14208444107585336,0.4290402000982225,-0.23189613379288193,-0.22507379266406463,-0.15112947814982725,-0.885913817478808,-1.1449986462104833,-0.668166744266814,0.02040331735516768,0.5547061025573418,-0.06966899744200131,-0.5953764506673592,2.2681430316185467,1.0,1
-0.3222764005059644,0.8752484229388792,1.210155901422205,-0.682581078947164,-0.33778318405790814,-0.37952508199787327,0.4847505272607405,2.0030790464069286,-0.23189613379288193,-0.22507379266406463,-0.15112947814982725,-0.029248602016590203,0.035530488521046066,-0.4192358848624057,-0.7059323592609227,-0.19208647565588316,0.1931847291706776,0.1931847291706776,0.9885078357629123,-1.0,1
-1.3694205409512117,-0.8054461147397145,-0.8812209080826127,-0.682581078947164,-0.33778318405790814,-0.37952508199787327,0.6560835703531841,2.0030790464069286,-0.23189613379288193,-0.22507379266406463,-0.15112947814982725,0.7703055990814798,0.035530488521046066,0.1906447206783946,-0.13250945666927252,-0.6121573009008222,-0.06966899744200131,2.0331608154594303,0.13541770519248952,1.0,-1
-0.48337549903600247,1.4354799354984105,2.046706625224132,0.8391905905670761,-0.33778318405790814,-0.37952508199787327,0.6560835703531841,0.822549911675399,-0.23189613379288193,-0.22507379266406463,-0.15112947814982725,0.5418615416248884,0.035530488521046066,-0.14541193951755663,-0.5912477787425927,-0.47213369248584247,-0.06966899744200131,-0.06966899744200132,0.9885078357629123,-1.0,1
-0.8055736960960785,-0.8054461147397145,-1.2994962699835761,0.8391905905670761,-0.33778318405790814,-0.37952508199787327,0.8274166134456277,0.822549911675399,3.886259345632435,-0.22507379266406463,-0.15112947814982725,-0.48613671692977306,-0.7514889346333069,-0.5188082286241692,-0.5147913917303727,-0.03650468852812796,0.4560384557833565,-0.5953764506673592,-0.7176724253779333,-1.0,0
-0.3222764005059644,-0.05847076466033954,1.6284312633231686,2.3609622600813163,2.610663253057731,2.288808259011065,0.8845276278097756,0.035530488521046066,-0.23189613379288193,-0.22507379266406463,-0.15112947814982725,-0.7145807743863645,-0.3579792230561304,-0.640162022583818,-0.3236504241998226,0.4769152089934642,-0.858230177280038,-0.8582301772800381,-0.7176724253779333,1.0,1
-1.4499700902162307,-1.5524214648190895,-0.044670184280685594,-0.682581078947164,-0.33778318405790814,-0.37952508199787327,1.0558606709022191,1.2160596232525756,-0.23189613379288193,-0.22507379266406463,-0.15112947814982725,0.8845276278097756,-0.3579792230561304,-0.3414449912985281,-0.5912477787425927,-0.3165519053580873,0.4560384557833565,1.2445996356213933,0.5619627704777009,1.0,1
-1.0472223438911357,-0.6187022772198708,-0.4629455461816491,-0.682581078947164,-0.33778318405790814,-0.37952508199787327,1.2271937139946627,1.2160596232525756,-0.23189613379288193,-0.22507379266406463,-0.15112947814982725,2.0267479150927326,2.0030790464069286,2.5772693352181593,1.7789002186362282,-0.7770739952562428,-0.5953764506673591,2.5588682686847877,0.13541770519248952,-1.0,-1
-1.2083214424211737,0.5017607478991917,-0.044670184280685594,0.8391905905670761,-0.33778318405790814,2.288808259011065,1.2271937139946627,0.822549911675399,-0.23189613379288193,-0.22507379266406463,-0.15112947814982725,0.6560835703531841,-1.53850835778766,-0.5188082286241692,-0.43833500471815257,-0.06762104595367903,-0.858230177280038,-1.1210839038927172,-1.1442174906631448,1.0,1
-0.8861232453610975,-0.9921899522595582,-1.7177716318845397,-0.682581078947164,-0.33778318405790814,-0.37952508199787327,1.3985267570871063,0.822549911675399,-0.23189613379288193,4.1906596634118705,-0.15112947814982725,1.6840818289078456,1.2160596232525756,0.1906447206783946,-0.43833500471815257,-0.5872642149603814,-0.3325227240546802,1.5074533622340722,1.4150529010481239,-1.0,-1
-0.9666727946261165,0.5017607478991917,0.37360517762027795,-0.682581078947164,-0.33778318405790814,-0.37952508199787327,1.3985267570871063,-0.3579792230561304,-0.23189613379288193,8.606393119487805,-0.15112947814982725,0.9987496565380712,1.2160596232525756,-0.28543554793253634,-0.5147913917303727,-0.3943427989219649,-0.5953764506673591,2.821721995297467,-0.2911273600927219,1.0,0
-1.2083214424211737,-0.6187022772198708,0.7918805395212415,-0.682581078947164,-0.33778318405790814,-0.37952508199787327,1.455637771451254,0.035530488521046066,-0.23189613379288193,-0.22507379266406463,-0.15112947814982725,0.6560835703531841,-1.1449986462104833,-0.363226441496414,-0.7441605527670326,-0.26365409773465054,-0.5953764506673591,-0.06966899744200132,-0.7176724253779333,-1.0,1
-1.0472223438911357,-1.5524214648190895,-0.044670184280685594,-0.682581078947164,-0.33778318405790814,-0.37952508199787327,1.6269708145436976,0.035530488521046066,-0.23189613379288193,-0.22507379266406463,-0.15112947814982725,1.8554148720002892,0.035530488521046066,-0.2232028330814342,-0.6677041657548128,-0.4192358848624057,-0.3325227240546802,0.45603845578335656,0.5619627704777009,1.0,1
1.288714584794416,0.5017607478991917,0.37360517762027795,-0.682581078947164,2.610663253057731,2.288808259011065,1.7983038576361412,1.2160596232525756,3.886259345632435,4.1906596634118705,6.616842804212003,0.4847505272607405,0.035530488521046066,-0.5188082286241692,-0.5147913917303727,-0.06762104595367903,0.1931847291706776,1.2445996356213933,0.13541770519248952,-1.0,-1
-0.40282594977098346,-0.6187022772198708,-0.8812209080826127,0.8391905905670761,-0.33778318405790814,-0.37952508199787327,1.7983038576361412,0.822549911675399,3.886259345632435,-0.22507379266406463,-0.15112947814982725,1.7983038576361412,0.035530488521046066,0.32133342186570896,-0.43833500471815257,-0.6121573009008222,0.1931847291706776,1.5074533622340722,0.5619627704777009,1.0,-1
0.40266954287920675,1.8089676105380978,-0.044670184280685594,0.8391905905670761,-0.33778318405790814,-0.37952508199787327,1.7983038576361412,-0.3579792230561304,-0.23189613379288193,-0.22507379266406463,-0.15112947814982725,0.713194584717332,-0.3579792230561304,-0.47213369248584247,-0.43833500471815257,-0.19208647565588316,0.4560384557833565,-0.06966899744200132,-0.7176724253779333,-1.0,1
1.449813683324454,-0.2452146021801833,-1.7177716318845397,-0.682581078947164,-0.33778318405790814,-0.37952508199787327,1.9696369007285848,-0.3579792230561304,-0.23189613379288193,-0.22507379266406463,-0.15112947814982725,1.6840818289078456,0.035530488521046066,-0.47213369248584247,-0.5147913917303727,-0.16097011823033208,-0.06966899744200131,1.5074533622340722,0.9885078357629123,1.0,-1
-0.08062775271090736,0.5017607478991917,-0.8812209080826127,-0.682581078947164,-0.33778318405790814,-0.37952508199787327,1.9696369007285848,-0.3579792230561304,-0.23189613379288193,-0.22507379266406463,-0.15112947814982725,0.7703055990814798,-0.3579792230561304,-0.44101733506029156,-0.43833500471815257,-0.25431919050698526,-1.121083903892717,-0.33252272405468025,0.5619627704777009,-1.0,0
-0.16117730197592636,1.4354799354984105,2.046706625224132,0.8391905905670761,-0.33778318405790814,2.288808259011065,2.0267479150927326,0.035530488521046066,-0.23189613379288193,-0.22507379266406463,-0.15112947814982725,0.14208444107585336,-1.1449986462104833,-0.6588318370391487,0.11979662047105363,0.39912431542958654,0.1931847291706776,-0.5953764506673592,2.2681430316185467,-1.0,1
-0.9666727946261165,0.3150169103793479,1.210155901422205,-0.682581078947164,-0.33778318405790814,-0.37952508199787327,2.198080958185176,0.035530488521046066,-0.23189613379288193,-0.22507379266406463,-0.15112947814982725,1.112971685266367,-0.3579792230561304,-0.6432736583263733,-0.13250945666927252,0.39912431542958654,1.2445996356213933,-0.06966899744200132,0.5619627704777009,1.0,1
0.1610208950841497,-0.6187022772198708,0.37360517762027795,-0.682581078947164,-0.33778318405790814,-0.37952508199787327,-1.3428019323919909,-1.53850835778766,-0.23189613379288193,-0.22507379266406463,-0.15112947814982725,-1.3428019323919909,-1.53850835778766,-0.5872642149603814,-0.43833500471815257,0.1906447206783946,1.2445996356213933,-0.33252272405468025,2.2681430316185467,1.0,-1
-0.08062775271090736,-0.6187022772198708,0.7918805395212415,-0.682581078947164,-0.33778318405790814,-0.37952508199787327,-1.3428019323919909,-1.53850835778766,-0.23189613379288193,-0.22507379266406463,-0.15112947814982725,-1.3428019323919909,-1.53850835778766,-0.4192358848624057,-0.6677041657548128,-0.2232028330814342,1.7703070888467511,-0.33252272405468025,-0.2911273600927219,-1.0,1
1.288714584794416,1.9957114480579417,3.3015327109270225,2.3609622600813163,-0.33778318405790814,-0.37952508199787327,-1.1714688892995473,-0.3579792230561304,-0.23189613379288193,-0.22507379266406463,-0.15112947814982725,-1.1714688892995473,-0.3579792230561304,-0.7055063731774752,0.24977247839182762,1.0214514639406074,1.5074533622340722,0.45603845578335656,-0.2911273600927219,1.0,0
0.8859668384693209,1.622223773018254,1.210155901422205,0.8391905905670761,2.610663253057731,2.288808259011065,-1.1143578749353995,0.035530488521046066,-0.23189613379288193,-0.22507379266406463,-0.15112947814982725,-1.0001358462071037,0.822549911675399,0.08796074117407617,-0.2854222306937127,-0.5810409434752711,0.4560384557833565,1.2445996356213933,0.9885078357629123,-1.0,1
-7.820344588833574e-05,-0.2452146021801833,0.7918805395212415,0.8391905905670761,-0.33778318405790814,-0.37952508199787327,-0.9430248318429559,1.2160596232525756,-0.23189613379288193,4.1906596634118705,-0.15112947814982725,-1.0001358462071037,0.822549911675399,-0.668166744266814,0.11979662047105363,0.5547061025573418,1.2445996356213933,0.45603845578335656,0.13541770519248952,1.0,0
0.8859668384693209,-0.6187022772198708,-0.4629455461816491,-0.682581078947164,-0.33778318405790814,-0.37952508199787327,-0.885913817478808,0.4290402000982225,-0.23189613379288193,-0.22507379266406463,-0.15112947814982725,-1.285690918027843,-1.1449986462104833,-0.6588318370391487,-0.13250945666927252,0.6324969961212193,0.4560384557833565,-0.8582301772800381,0.13541770519248952,-1.0,1
-0.48337549903600247,-0.8054461147397145,-0.8812209080826127,0.8391905905670761,2.610663253057731,2.288808259011065,-0.7145807743863645,1.2160596232525756,-0.23189613379288193,-0.22507379266406463,-0.15112947814982725,-1.0572468605712517,-0.7514889346333069,-0.6557202012965936,-0.13250945666927252,0.5547061025573418,-0.06966899744200131,-0.8582301772800381,-0.7176724253779333,1.0,1
0.6443181906742638,1.2487360979785667,0.37360517762027795,0.8391905905670761,-0.33778318405790814,-0.37952508199787327,-0.5432477312939209,1.2160596232525756,-0.23189613379288193,-0.22507379266406463,-0.15112947814982725,-1.1714688892995473,-0.7514889346333069,-0.7055063731774752,0.11979662047105363,1.0214514639406074,0.1931847291706776,-0.5953764506673592,2.694688096903758,-1.0,1
-1.2888709916861927,-1.5524214648190895,-0.8812209080826127,0.8391905905670761,-0.33778318405790814,-0.37952508199787327,-0.37191468820147733,2.0030790464069286,-0.23189613379288193,-0.22507379266406463,-0.15112947814982725,-0.48613671692977306,0.4290402000982225,0.08796074117407617,-0.13250945666927252,-0.5965991221880467,0.1931847291706776,2.0331608154594303,0.13541770519248952,1.0,1
-0.8055736960960785,-1.3656776272992457,-1.2994962699835761,0.8391905905670761,-0.33778318405790814,-0.37952508199787327,-0.20058164510903378,2.0030790464069286,-0.23189613379288193,-0.22507379266406463,-0.15112947814982725,-0.3148036738373295,2.0030790464069286,-0.03650468852812796,-0.5147913917303727,-0.5188082286241692,-0.06966899744200131,1.2445996356213933,1.8415979663333353,-1.0,0
-1.5305196394812497,-1.3656776272992457,-0.4629455461816491,0.8391905905670761,-0.33778318405790814,-0.37952508199787327,-0.14347063074488592,1.2160596232525756,-0.23189613379288193,-0.22507379266406463,-0.15112947814982725,-0.6003587456580688,-1.1449986462104833,-0.5499245860497202,-0.43833500471815257,0.025728026322974037,0.7188921823960354,0.45603845578335656,1.8415979663333353,1.0,1
0.48321909214422576,0.3150169103793479,0.7918805395212415,3.8827339295955565,-0.33778318405790814,-0.37952508199787327,0.027862412347557656,1.2160596232525756,-0.23189613379288193,-0.22507379266406463,-0.15112947814982725,-0.4290257025656252,-0.3579792230561304,-0.6214922081284875,-0.20896584368149262,0.24354252830183137,1.7703070888467511,-0.8582301772800381,-0.2911273600927219,-1.0,0
-2.0138169350713637,-0.8054461147397145,-0.8812209080826127,0.8391905905670761,-0.33778318405790814,-0.37952508199787327,0.08497342671170552,0.4290402000982225,-0.23189613379288193,-0.22507379266406463,-0.15112947814982725,0.08497342671170552,0.4290402000982225,0.24354252830183137,-0.2854222306937127,-0.6121573009008222,0.1931847291706776,1.5074533622340722,0.9885078357629123,-1.0,-1
0.48321909214422576,-0.8054461147397145,-0.4629455461816491,2.3609622600813163,-0.33778318405790814,-0.37952508199787327,0.08497342671170552,0.035530488521046066,-0.23189613379288193,4.1906596634118705,-0.15112947814982725,0.027862412347557656,0.822549911675399,-0.5188082286241692,-0.5147913917303727,-0.03650468852812796,0.7188921823960354,-0.33252272405468025,-0.2911273600927219,1.0,-1
-0.40282594977098346,-1.1789337897794019,-0.4629455461816491,0.8391905905670761,-0.33778318405790814,-0.37952508199787327,0.08497342671170552,-1.1449986462104833,-0.23189613379288193,-0.22507379266406463,-0.15112947814982725,-0.20058164510903378,-0.3579792230561304,-0.48769187119861807,-0.7059323592609227,-0.03650468852812796,-0.06966899744200131,-0.5953764506673592,-0.2911273600927219,-1.0,0
-1.0472223438911357,1.2487360979785667,0.7918805395212415,-0.682581078947164,2.610663253057731,2.288808259011065,0.19919545544000122,-0.7514889346333069,3.886259345632435,-0.22507379266406463,6.616842804212003,-0.029248602016590203,0.822549911675399,-0.6121573009008222,-0.056053069657052756,0.1501934560251783,-1.121083903892717,-1.1210839038927172,-1.1442174906631448,1.0,1
0.24157044434916872,0.5017607478991917,0.7918805395212415,0.8391905905670761,-0.33778318405790814,-0.37952508199787327,0.14208444107585336,-1.1449986462104833,-0.23189613379288193,-0.22507379266406463,-0.15112947814982725,-0.7145807743863645,-0.3579792230561304,-0.7335110948604712,0.6320544134529278,1.4881968253238729,1.2445996356213933,-0.8582301772800381,-1.1442174906631448,1.0,0
0.5637686414092448,0.3150169103793479,0.37360517762027795,-0.682581078947164,-0.33778318405790814,-0.37952508199787327,0.5418615416248884,1.2160596232525756,-0.23189613379288193,-0.22507379266406463,-0.15112947814982725,-1.0572468605712517,-0.3579792230561304,-0.6588318370391487,-0.3236504241998226,0.7880787832489745,-1.121083903892717,-0.8582301772800381,-0.7176724253779333,-1.0,1
-7.820344588833574e-05,-1.7391653023389333,-0.8812209080826127,-0.682581078947164,-0.33778318405790814,-0.37952508199787327,0.713194584717332,2.0030790464069286,-0.23189613379288193,-0.22507379266406463,-0.15112947814982725,0.5989725559890362,-1.1449986462104833,-0.16097011823033208,-0.43833500471815257,-0.47213369248584247,0.1931847291706776,1.7703070888467514,0.9885078357629123,1.0,-1
0.5637686414092448,-0.8054461147397145,-0.044670184280685594,0.8391905905670761,-0.33778318405790814,-0.37952508199787327,0.713194584717332,0.822549911675399,-0.23189613379288193,-0.22507379266406463,-0.15112947814982725,-0.3148036738373295,0.035530488521046066,-0.456575513773067,-0.5912477787425927,-0.16097011823033208,0.1931847291706776,-0.8582301772800381,-0.7176724253779333,-1.0,-1
-0.5639250483010215,-0.9921899522595582,-0.8812209080826127,0.8391905905670761,-0.33778318405790814,-0.37952508199787327,0.713194584717332,-0.3579792230561304,-0.23189613379288193,-0.22507379266406463,-0.15112947814982725,0.5418615416248884,1.2160596232525756,-0.06762104595367903,-0.5912477787425927,-0.5032500499113935,-0.06966899744200131,1.2445996356213933,2.2681430316185467,1.0,-1
1.208165035529397,0.1282730728595042,0.7918805395212415,-0.682581078947164,-0.33778318405790814,-0.37952508199787327,0.713194584717332,-1.53850835778766,-0.23189613379288193,-0.22507379266406463,-0.15112947814982725,-0.6574697600222167,-1.1449986462104833,-0.7055063731774752,0.24977247839182762,1.0214514639406074,0.4560384557833565,-0.5953764506673592,2.694688096903758,1.0,1
-0.8055736960960785,-0.9921899522595582,-0.4629455461816491,0.8391905905670761,-0.33778318405790814,-0.37952508199787327,0.8845276278097756,-0.3579792230561304,-0.23189613379288193,-0.22507379266406463,-0.15112947814982725,1.6840818289078456,2.0030790464069286,1.7993603995793832,1.205477316044578,-0.758404180800912,0.4560384557833565,2.0331608154594303,0.13541770519248952,-1.0,-1
1.449813683324454,1.4354799354984105,-0.044670184280685594,2.3609622600813163,-0.33778318405790814,-0.37952508199787327,0.8845276278097756,-0.3579792230561304,-0.23189613379288193,-0.22507379266406463,-0.15112947814982725,1.0558606709022191,1.2160596232525756,-0.3165519053580873,-0.5912477787425927,-0.3414449912985281,1.2445996356213933,0.45603845578335656,0.5619627704777009,-1.0,-1
0.6443181906742638,0.6885045854190354,1.210155901422205,-0.682581078947164,-0.33778318405790814,-0.37952508199787327,0.8845276278097756,-0.3579792230561304,-0.23189613379288193,-0.22507379266406463,-0.15112947814982725,0.25630646980414906,0.4290402000982225,-0.6806132872370344,-0.13250945666927252,0.8658696768128521,0.7188921823960354,-0.8582301772800381,0.13541770519248952,1.0,1
-0.8055736960960785,-0.6187022772198708,-0.8812209080826127,2.3609622600813163,-0.33778318405790814,-0.37952508199787327,1.512748785815402,-0.7514889346333069,-0.23189613379288193,-0.22507379266406463,-0.15112947814982725,0.19919545544000122,-1.1449986462104833,-0.5654827647624957,-0.43833500471815257,0.08796074117407617,1.2445996356213933,-0.8582301772800381,-0.7176724253779333,-1.0,1
1.047065936999359,-0.05847076466033954,0.37360517762027795,0.8391905905670761,-0.33778318405790814,-0.37952508199787327,1.0558606709022191,-0.3579792230561304,-0.23189613379288193,-0.22507379266406463,-0.15112947814982725,0.5418615416248884,0.035530488521046066,-0.7055063731774752,0.24977247839182762,1.0214514639406074,1.7703070888467511,-0.8582301772800381,0.13541770519248952,1.0,1
-0.16117730197592636,-1.1789337897794019,-0.4629455461816491,2.3609622600813163,-0.33778318405790814,-0.37952508199787327,1.2271937139946627,0.822549911675399,3.886259345632435,-0.22507379266406463,6.616842804212003,0.8274166134456277,0.035530488521046066,-0.3009937266453118,-0.5912477787425927,-0.363226441496414,0.9817459090087143,0.45603845578335656,1.8415979663333353,-1.0,-1
-7.820344588833574e-05,-0.8054461147397145,-0.8812209080826127,-0.682581078947164,2.610663253057731,2.288808259011065,0.3705284985324448,0.4290402000982225,-0.23189613379288193,-0.22507379266406463,-0.15112947814982725,0.31341748416829696,0.035530488521046066,-0.3943427989219649,-0.6677041657548128,-0.25431919050698526,2.03316081545943,-0.8582301772800381,-0.7176724253779333,-1.0,1
0.6443181906742638,-0.2452146021801833,-0.044670184280685594,3.8827339295955565,-0.33778318405790814,-0.37952508199787327,1.3985267570871063,0.822549911675399,-0.23189613379288193,-0.22507379266406463,-0.15112947814982725,0.25630646980414906,-0.7514889346333069,-0.6588318370391487,-0.13250945666927252,0.5547061025573418,1.5074533622340722,0.45603845578335656,0.13541770519248952,-1.0,0
-0.2417268512409454,-0.05847076466033954,-0.4629455461816491,-0.682581078947164,-0.33778318405790814,-0.37952508199787327,1.455637771451254,0.035530488521046066,-0.23189613379288193,-0.22507379266406463,-0.15112947814982725,2.0838589294568806,1.2160596232525756,-0.26365409773465054,-0.5912477787425927,-0.3943427989219649,0.7188921823960354,1.2445996356213933,0.9885078357629123,1.0,-1
-0.2417268512409454,-0.05847076466033954,-0.4629455461816491,-0.682581078947164,-0.33778318405790814,-0.37952508199787327,1.455637771451254,0.035530488521046066,-0.23189613379288193,-0.22507379266406463,-0.15112947814982725,1.455637771451254,0.4290402000982225,-0.5032500499113935,-0.5147913917303727,-0.0987374033792301,1.2445996356213933,-0.06966899744200132,2.2681430316185467,-1.0,0
0.9665163877343399,-0.2452146021801833,-0.8812209080826127,0.8391905905670761,2.610663253057731,2.288808259011065,1.2271937139946627,0.822549911675399,-0.23189613379288193,-0.22507379266406463,-0.15112947814982725,0.5418615416248884,-0.3579792230561304,-0.6121573009008222,-0.2854222306937127,0.24354252830183137,2.03316081545943,-0.33252272405468025,-0.2911273600927219,1.0,1
1.288714584794416,1.4354799354984105,2.4649819871250958,2.3609622600813163,-0.33778318405790814,-0.37952508199787327,1.6840818289078456,0.035530488521046066,-0.23189613379288193,-0.22507379266406463,-0.15112947814982725,-0.37191468820147733,-0.3579792230561304,-0.7677390880285774,1.396618283575128,2.5772693352181593,-0.858230177280038,-0.8582301772800381,-0.7176724253779333,1.0,1
-0.2417268512409454,-0.2452146021801833,-0.4629455461816491,0.8391905905670761,-0.33778318405790814,-0.37952508199787327,1.8554148720002892,1.2160596232525756,-0.23189613379288193,-0.22507379266406463,-0.15112947814982725,1.3414157427229585,-0.7514889346333069,-0.5343664073369446,-0.2854222306937127,-0.0987374033792301,-0.858230177280038,-1.1210839038927172,-1.1442174906631448,-1.0,-1
0.9665163877343399,2.1824552855777855,2.883257349026059,0.8391905905670761,-0.33778318405790814,-0.37952508199787327,1.8554148720002892,0.822549911675399,-0.23189613379288193,-0.22507379266406463,-0.15112947814982725,1.2271937139946627,0.035530488521046066,-0.6899481944646998,0.11979662047105363,0.8658696768128521,-0.06966899744200131,-0.5953764506673592,0.13541770519248952,1.0,1
0.8054172892043019,-0.431958439700027,-0.044670184280685594,-0.682581078947164,-0.33778318405790814,-0.37952508199787327,2.0267479150927326,0.822549911675399,-0.23189613379288193,4.1906596634118705,-0.15112947814982725,1.455637771451254,-0.3579792230561304,-0.6899481944646998,0.24977247839182762,0.7102878896850969,2.2960145420721085,-0.8582301772800381,-0.7176724253779333,1.0,-1
0.24157044434916872,-0.2452146021801833,-0.044670184280685594,-0.682581078947164,-0.33778318405790814,-0.37952508199787327,2.0267479150927326,-0.3579792230561304,-0.23189613379288193,-0.22507379266406463,-0.15112947814982725,2.4265250156417677,-0.3579792230561304,-0.12985376080478117,-0.13250945666927252,-0.5343664073369446,0.7188921823960354,-0.06966899744200132,-0.2911273600927219,-1.0,1
0.32211999361418775,0.1282730728595042,0.37360517762027795,2.3609622600813163,-0.33778318405790814,-0.37952508199787327,-1.3428019323919909,-1.53850835778766,-0.23189613379288193,-0.22507379266406463,-0.15112947814982725,-1.3428019323919909,-1.53850835778766,-0.6806132872370344,0.11979662047105363,0.7102878896850969,0.4560384557833565,-0.8582301772800381,-0.2911273600927219,-1.0,1
0.9665163877343399,-0.9921899522595582,-0.4629455461816491,-0.682581078947164,-0.33778318405790814,-0.37952508199787327,-1.1714688892995473,-0.3579792230561304,-0.23189613379288193,-0.22507379266406463,-0.15112947814982725,-1.3428019323919909,-1.53850835778766,-0.6806132872370344,0.24977247839182762,0.5547061025573418,2.5588682686847877,-0.5953764506673592,-0.2911273600927219,1.0,1
-1.2888709916861927,-1.5524214648190895,-0.4629455461816491,-0.682581078947164,-0.33778318405790814,-0.37952508199787327,-1.0001358462071037,0.822549911675399,-0.23189613379288193,-0.22507379266406463,-0.15112947814982725,-1.0001358462071037,0.822549911675399,0.8658696768128521,0.4409134459223777,-0.7055063731774752,0.1931847291706776,0.7188921823960355,2.2681430316185467,-1.0,-1
1.127615486264378,-1.1789337897794019,0.37360517762027795,-0.682581078947164,-0.33778318405790814,-0.37952508199787327,-1.0001358462071037,0.822549911675399,-0.23189613379288193,-0.22507379266406463,-0.15112947814982725,-1.3428019323919909,-1.53850835778766,-0.668166744266814,-0.13250945666927252,0.7102878896850969,-1.121083903892717,-0.8582301772800381,-0.7176724253779333,1.0,1
-0.6444745975660405,-0.2452146021801833,-0.4629455461816491,2.3609622600813163,-0.33778318405790814,-0.37952508199787327,-0.8288028031146603,0.822549911675399,-0.23189613379288193,-0.22507379266406463,-0.15112947814982725,-0.9430248318429559,0.035530488521046066,0.8658696768128521,0.6320544134529278,-0.7086180089200305,-0.06966899744200131,1.5074533622340722,1.4150529010481239,-1.0,-1
0.48321909214422576,-0.05847076466033954,-0.044670184280685594,0.8391905905670761,-0.33778318405790814,-0.37952508199787327,-0.8288028031146603,-0.3579792230561304,-0.23189613379288193,-0.22507379266406463,-0.15112947814982725,-0.8288028031146603,-0.3579792230561304,-0.5654827647624957,-0.3236504241998226,0.025728026322974037,0.4560384557833565,-0.33252272405468025,0.13541770519248952,1.0,-1
-0.3222764005059644,-1.1789337897794019,-1.2994962699835761,-0.682581078947164,2.610663253057731,2.288808259011065,-0.8288028031146603,-0.3579792230561304,-0.23189613379288193,-0.22507379266406463,-0.15112947814982725,-0.7716917887505124,0.035530488521046066,-0.03650468852812796,-0.43833500471815257,-0.5343664073369446,0.1931847291706776,1.2445996356213933,1.4150529010481239,-1.0,1
0.7248677399392829,0.1282730728595042,-0.8812209080826127,-0.682581078947164,-0.33778318405790814,-0.37952508199787327,-0.6574697600222167,-0.3579792230561304,-0.23189613379288193,4.1906596634118705,-0.15112947814982725,-0.6574697600222167,-0.3579792230561304,-0.6432736583263733,-0.056053069657052756,0.39912431542958654,1.5074533622340722,-0.33252272405468025,-0.7176724253779333,1.0,-1
-1.2888709916861927,-0.6187022772198708,-0.8812209080826127,2.3609622600813163,-0.33778318405790814,-0.37952508199787327,-0.6574697600222167,-0.3579792230561304,3.886259345632435,-0.22507379266406463,-0.15112947814982725,-0.7716917887505124,-0.3579792230561304,-0.47213369248584247,-0.3236504241998226,-0.2232028330814342,-1.121083903892717,-1.1210839038927172,-1.1442174906631448,-1.0,0
0.48321909214422576,0.1282730728595042,-0.8812209080826127,2.3609622600813163,-0.33778318405790814,-0.37952508199787327,-0.6003587456580688,0.035530488521046066,-0.23189613379288193,-0.22507379266406463,-0.15112947814982725,-0.5432477312939209,0.035530488521046066,-0.5188082286241692,-0.5912477787425927,0.010169847610198573,-0.06966899744200131,-0.8582301772800381,0.13541770519248952,1.0,-1
1.530363232589473,-0.2452146021801833,-0.8812209080826127,0.8391905905670761,-0.33778318405790814,-0.37952508199787327,-0.6003587456580688,-1.1449986462104833,-0.23189613379288193,-0.22507379266406463,-0.15112947814982725,-0.14347063074488592,1.2160596232525756,0.025728026322974037,-0.43833500471815257,-0.5499245860497202,0.4560384557833565,0.7188921823960355,1.8415979663333353,-1.0,-1
1.208165035529397,1.0619922604587229,0.7918805395212415,-0.682581078947164,-0.33778318405790814,-0.37952508199787327,-0.6003587456580688,-1.1449986462104833,3.886259345632435,4.1906596634118705,-0.15112947814982725,-1.0001358462071037,0.035530488521046066,-0.6806132872370344,0.02040331735516768,0.7880787832489745,1.2445996356213933,-1.1210839038927172,-0.7176724253779333,1.0,-1
-1.1277718931561547,-0.6187022772198708,-0.044670184280685594,-0.682581078947164,-0.33778318405790814,-0.37952508199787327,-0.6003587456580688,-1.53850835778766,3.886259345632435,-0.22507379266406463,6.616842804212003,-0.029248602016590203,0.822549911675399,-0.456575513773067,-0.5147913917303727,-0.19208647565588316,0.9817459090087143,-0.33252272405468025,0.9885078357629123,1.0,0
0.5637686414092448,-0.05847076466033954,-1.2994962699835761,0.8391905905670761,2.610663253057731,2.288808259011065,-0.5432477312939209,-1.1449986462104833,-0.23189613379288193,4.1906596634118705,-0.15112947814982725,-0.029248602016590203,1.2160596232525756,-0.28543554793253634,-0.5147913917303727,-0.3943427989219649,2.03316081545943,-0.33252272405468025,0.9885078357629123,-1.0,-1
-0.8055736960960785,0.3150169103793479,0.7918805395212415,0.8391905905670761,2.610663253057731,2.288808259011065,-0.5432477312939209,-1.1449986462104833,-0.23189613379288193,-0.22507379266406463,-0.15112947814982725,0.08497342671170552,-0.3579792230561304,0.08796074117407617,-0.43833500471815257,-0.5654827647624957,-0.06966899744200131,1.5074533622340722,1.4150529010481239,1.0,1
-7.820344588833574e-05,-0.2452146021801833,-0.4629455461816491,0.8391905905670761,-0.33778318405790814,-0.37952508199787327,-0.37191468820147733,0.035530488521046066,-0.23189613379288193,-0.22507379266406463,-0.15112947814982725,-0.6003587456580688,-0.3579792230561304,-0.47213369248584247,-0.5147913917303727,-0.14541193951755663,-0.858230177280038,-0.33252272405468025,-0.2911273600927219,-1.0,1
0.8859668384693209,1.622223773018254,2.883257349026059,-0.682581078947164,-0.33778318405790814,-0.37952508199787327,-0.20058164510903378,0.822549911675399,-0.23189613379288193,-0.22507379266406463,-0.15112947814982725,-0.885913817478808,-1.1449986462104833,-0.668166744266814,-0.13250945666927252,0.6324969961212193,1.5074533622340722,-0.33252272405468025,0.13541770519248952,-1.0,1
1.369264134059435,-0.2452146021801833,-0.044670184280685594,-0.682581078947164,-0.33778318405790814,-0.37952508199787327,-0.029248602016590203,2.0030790464069286,-0.23189613379288193,-0.22507379266406463,-0.15112947814982725,-0.08635961638073807,0.035530488521046066,-0.6806132872370344,-0.13250945666927252,0.8658696768128521,0.9817459090087143,-0.5953764506673592,0.5619627704777009,1.0,0
1.288714584794416,1.4354799354984105,0.7918805395212415,0.8391905905670761,-0.33778318405790814,-0.37952508199787327,0.027862412347557656,1.2160596232525756,-0.23189613379288193,-0.22507379266406463,-0.15112947814982725,-0.25769265947318165,-1.1449986462104833,-0.7210645518902509,0.24977247839182762,1.3326150381961177,2.5588682686847877,-0.5953764506673592,-0.2911273600927219,1.0,1
-0.6444745975660405,-0.6187022772198708,-0.044670184280685594,-0.682581078947164,-0.33778318405790814,-0.37952508199787327,0.19919545544000122,1.2160596232525756,-0.23189613379288193,-0.22507379266406463,-0.15112947814982725,0.31341748416829696,-0.3579792230561304,-0.5188082286241692,-0.43833500471815257,-0.06762104595367903,0.9817459090087143,-0.33252272405468025,1.4150529010481239,-1.0,1
-0.5639250483010215,0.8752484229388792,-0.4629455461816491,3.8827339295955565,-0.33778318405790814,-0.37952508199787327,0.3705284985324448,1.2160596232525756,-0.23189613379288193,-0.22507379266406463,-0.15112947814982725,0.9416386421739233,0.035530488521046066,-0.28543554793253634,-0.5147913917303727,-0.3943427989219649,0.4560384557833565,1.2445996356213933,1.4150529010481239,1.0,0
-0.40282594977098346,-0.6187022772198708,-0.4629455461816491,-0.682581078947164,-0.33778318405790814,-0.37952508199787327,0.42763951289659263,1.2160596232525756,8.004414825057752,-0.22507379266406463,-0.15112947814982725,-0.029248602016590203,-1.1449986462104833,-0.5032500499113935,-0.6677041657548128,-0.03650468852812796,-0.06966899744200131,-0.5953764506673592,0.13541770519248952,-1.0,-1
1.208165035529397,0.3150169103793479,-0.4629455461816491,0.8391905905670761,-0.33778318405790814,-0.37952508199787327,0.42763951289659263,0.035530488521046066,-0.23189613379288193,-0.22507379266406463,-0.15112947814982725,0.5418615416248884,-0.3579792230561304,-0.3476682627836383,-0.5147913917303727,-0.3414449912985281,1.5074533622340722,-0.06966899744200132,-0.7176724253779333,-1.0,-1
-0.3222764005059644,-0.05847076466033954,-0.044670184280685594,-0.682581078947164,2.610663253057731,2.288808259011065,0.42763951289659263,-1.1449986462104833,-0.23189613379288193,-0.22507379266406463,-0.15112947814982725,0.6560835703531841,0.822549911675399,-0.5872642149603814,-0.2854222306937127,0.08796074117407617,-1.121083903892717,-1.1210839038927172,-0.7176724253779333,1.0,1
-0.40282594977098346,-0.9921899522595582,-1.2994962699835761,-0.682581078947164,-0.33778318405790814,-0.37952508199787327,0.5989725559890362,-0.3579792230561304,-0.23189613379288193,-0.22507379266406463,-0.15112947814982725,1.8554148720002892,2.0030790464069286,0.8658696768128521,0.11979662047105363,-0.6899481944646998,-0.06966899744200131,1.7703070888467514,1.4150529010481239,1.0,-1
0.48321909214422576,-0.2452146021801833,-0.4629455461816491,-0.682581078947164,2.610663253057731,2.288808259011065,0.5989725559890362,-0.3579792230561304,-0.23189613379288193,-0.22507379266406463,-0.15112947814982725,1.455637771451254,1.2160596232525756,-0.28543554793253634,-0.5912477787425927,-0.3787846202091894,0.4560384557833565,-0.06966899744200132,0.13541770519248952,-1.0,1
0.7248677399392829,0.5017607478991917,-0.8812209080826127,-0.682581078947164,-0.33778318405790814,-0.37952508199787327,0.7703055990814798,0.822549911675399,-0.23189613379288193,-0.22507379266406463,-0.15112947814982725,0.25630646980414906,0.035530488521046066,-0.6557202012965936,-0.13250945666927252,0.5547061025573418,1.2445996356213933,-0.8582301772800381,-0.7176724253779333,-1.0,0
0.1610208950841497,-0.05847076466033954,-0.8812209080826127,-0.682581078947164,2.610663253057731,2.288808259011065,0.8274166134456277,0.035530488521046066,-0.23189613379288193,-0.22507379266406463,-0.15112947814982725,1.2271937139946627,0.822549911675399,-0.363226441496414,-0.5912477787425927,-0.3009937266453118,0.4560384557833565,0.9817459090087144,1.8415979663333353,1.0,1
0.9665163877343399,0.6885045854190354,0.7918805395212415,-0.682581078947164,-0.33778318405790814,-0.37952508199787327,0.9987496565380712,1.2160596232525756,-0.23189613379288193,-0.22507379266406463,-0.15112947814982725,1.3985267570871063,-0.3579792230561304,-0.3943427989219649,-0.5147913917303727,-0.28543554793253634,2.8217219952974664,-0.5953764506673592,-0.2911273600927219,-1.0,0
-1.1277718931561547,-1.7391653023389333,-0.8812209080826127,-0.682581078947164,-0.33778318405790814,-0.37952508199787327,1.0558606709022191,0.4290402000982225,-0.23189613379288193,-0.22507379266406463,-0.15112947814982725,1.2843047283588105,-0.3579792230561304,-0.19208647565588316,-0.3618786177059325,-0.48769187119861807,0.1931847291706776,0.9817459090087144,2.2681430316185467,1.0,-1
0.40266954287920675,0.3150169103793479,0.37360517762027795,0.8391905905670761,-0.33778318405790814,-0.37952508199787327,1.0558606709022191,0.035530488521046066,-0.23189613379288193,-0.22507379266406463,-0.15112947814982725,-0.5432477312939209,-0.3579792230561304,-0.668166744266814,-0.3236504241998226,0.8658696768128521,-0.858230177280038,-0.8582301772800381,-0.7176724253779333,-1.0,1
1.530363232589473,1.0619922604587229,0.37360517762027795,0.8391905905670761,-0.33778318405790814,-0.37952508199787327,1.2271937139946627,0.035530488521046066,-0.23189613379288193,-0.22507379266406463,-0.15112947814982725,0.14208444107585336,-1.53850835778766,-0.6277154796135976,-0.2854222306937127,0.33689160057848444,0.7188921823960354,-0.8582301772800381,-0.2911273600927219,1.0,0
0.7248677399392829,0.3150169103793479,-0.4629455461816491,-0.682581078947164,-0.33778318405790814,-0.37952508199787327,1.2843047283588105,0.035530488521046066,-0.23189613379288193,4.1906596634118705,-0.15112947814982725,1.512748785815402,-0.3579792230561304,-0.5343664073369446,-0.5147913917303727,0.010169847610198573,2.03316081545943,-0.06966899744200132,0.9885078357629123,1.0,-1
0.8859668384693209,1.2487360979785667,-0.044670184280685594,0.8391905905670761,-0.33778318405790814,-0.37952508199787327,1.2843047283588105,0.035530488521046066,-0.23189613379288193,-0.22507379266406463,-0.15112947814982725,0.713194584717332,1.2160596232525756,-0.5343664073369446,-0.43833500471815257,-0.03650468852812796,2.8217219952974664,-0.5953764506673592,-0.2911273600927219,-1.0,1
1.208165035529397,0.5017607478991917,1.210155901422205,0.8391905905670761,-0.33778318405790814,-0.37952508199787327,1.455637771451254,0.035530488521046066,-0.23189613379288193,-0.22507379266406463,-0.15112947814982725,0.14208444107585336,-0.7514889346333069,-0.7086180089200305,0.24977247839182762,1.0214514639406074,1.7703070888467511,-0.33252272405468025,0.13541770519248952,1.0,1
-1.3694205409512117,-1.3656776272992457,-0.8812209080826127,-0.682581078947164,-0.33778318405790814,-0.37952508199787327,1.6269708145436976,0.822549911675399,-0.23189613379288193,-0.22507379266406463,-0.15112947814982725,2.312302986913472,2.0030790464069286,0.39912431542958654,-0.13250945666927252,-0.6432736583263733,0.1931847291706776,1.5074533622340722,1.4150529010481239,-1.0,1
1.449813683324454,-1.1789337897794019,-0.4629455461816491,-0.682581078947164,-0.33778318405790814,-0.37952508199787327,1.7983038576361412,2.0030790464069286,-0.23189613379288193,-0.22507379266406463,-0.15112947814982725,1.1700826996305147,0.822549911675399,-0.6899481944646998,0.24977247839182762,0.7102878896850969,0.9817459090087143,-0.5953764506673592,0.9885078357629123,-1.0,1
0.32211999361418775,0.6885045854190354,0.37360517762027795,0.8391905905670761,-0.33778318405790814,-0.37952508199787327,1.9696369007285848,2.0030790464069286,-0.23189613379288193,-0.22507379266406463,-0.15112947814982725,0.9987496565380712,0.035530488521046066,-0.668166744266814,0.11979662047105363,0.4769152089934642,-0.5953764506673591,-0.33252272405468025,-0.2911273600927219,1.0,1
0.08047134581913068,-1.1789337897794019,-0.4629455461816491,0.8391905905670761,-0.33778318405790814,-0.37952508199787327,-1.3428019323919909,-1.53850835778766,-0.23189613379288193,-0.22507379266406463,-0.15112947814982725,-1.3428019323919909,-1.53850835778766,1.7993603995793832,1.396618283575128,-0.758404180800912,-1.121083903892717,-1.1210839038927172,-1.1442174906631448,-1.0,-1
0.08047134581913068,-0.6187022772198708,0.7918805395212415,0.8391905905670761,2.610663253057731,2.288808259011065,-1.3428019323919909,-1.53850835778766,-0.23189613379288193,-0.22507379266406463,-0.15112947814982725,-1.3428019323919909,-1.53850835778766,-0.6557202012965936,-0.20896584368149262,0.6324969961212193,-1.121083903892717,-1.1210839038927172,-1.1442174906631448,1.0,1
1.127615486264378,0.8752484229388792,1.6284312633231686,-0.682581078947164,-0.33778318405790814,-0.37952508199787327,-1.1714688892995473,-0.3579792230561304,-0.23189613379288193,-0.22507379266406463,-0.15112947814982725,-1.3428019323919909,-1.53850835778766,-0.3414449912985281,-0.6677041657548128,-0.3165519053580873,-1.121083903892717,-1.1210839038927172,-1.1442174906631448,-1.0,1
0.08047134581913068,-0.05847076466033954,1.210155901422205,-0.682581078947164,-0.33778318405790814,-0.37952508199787327,-1.0001358462071037,0.822549911675399,-0.23189613379288193,-0.22507379266406463,-0.15112947814982725,-1.0001358462071037,0.822549911675399,1.1770332510683625,0.8231953809834779,-0.7335110948604712,-1.121083903892717,-1.1210839038927172,-1.1442174906631448,1.0,0
1.288714584794416,0.1282730728595042,-0.8812209080826127,-0.682581078947164,-0.33778318405790814,-0.37952508199787327,-0.9430248318429559,1.2160596232525756,-0.23189613379288193,-0.22507379266406463,-0.15112947814982725,-1.0001358462071037,-0.3579792230561304,-0.3787846202091894,-0.6677041657548128,-0.26365409773465054,-1.121083903892717,-1.1210839038927172,-1.1442174906631448,1.0,-1
0.7248677399392829,2.7426867981373166,2.046706625224132,0.8391905905670761,-0.33778318405790814,-0.37952508199787327,-0.9430248318429559,0.035530488521046066,-0.23189613379288193,-0.22507379266406463,-0.15112947814982725,-0.6574697600222167,2.0030790464069286,-0.12985376080478117,-0.3236504241998226,-0.5188082286241692,-1.121083903892717,-1.1210839038927172,-1.1442174906631448,-1.0,1
1.369264134059435,-0.2452146021801833,-0.044670184280685594,-0.682581078947164,-0.33778318405790814,-0.37952508199787327,-0.7716917887505124,0.035530488521046066,-0.23189613379288193,-0.22507379266406463,-0.15112947814982725,-0.6574697600222167,-0.3579792230561304,-0.3787846202091894,-0.43833500471815257,-0.3414449912985281,-1.121083903892717,-1.1210839038927172,-1.1442174906631448,1.0,-1
1.127615486264378,-0.6187022772198708,-0.4629455461816491,0.8391905905670761,-0.33778318405790814,-0.37952508199787327,-0.7716917887505124,-0.3579792230561304,-0.23189613379288193,4.1906596634118705,-0.15112947814982725,-0.7716917887505124,0.035530488521046066,-0.3943427989219649,-0.5912477787425927,-0.26365409773465054,-1.121083903892717,-1.1210839038927172,-1.1442174906631448,-1.0,-1
1.288714584794416,2.369199123097629,-0.044670184280685594,-0.682581078947164,-0.33778318405790814,-0.37952508199787327,-0.7716917887505124,-0.3579792230561304,-0.23189613379288193,-0.22507379266406463,-0.15112947814982725,-0.6574697600222167,-0.3579792230561304,-0.2232028330814342,-0.3236504241998226,-0.47213369248584247,-1.121083903892717,-1.1210839038927172,-1.1442174906631448,1.0,0
0.7248677399392829,1.9957114480579417,0.7918805395212415,-0.682581078947164,-0.33778318405790814,-0.37952508199787327,-0.7145807743863645,-1.1449986462104833,-0.23189613379288193,-0.22507379266406463,-0.15112947814982725,-0.4290257025656252,-0.3579792230561304,-0.03650468852812796,-0.2854222306937127,-0.5499245860497202,-1.121083903892717,-1.1210839038927172,-1.1442174906631448,-1.0,1
0.32211999361418775,-0.8054461147397145,-0.4629455461816491,-0.682581078947164,-0.33778318405790814,-0.37952508199787327,-0.5432477312939209,0.035530488521046066,-0.23189613379288193,-0.22507379266406463,-0.15112947814982725,-0.25769265947318165,1.2160596232525756,0.7102878896850969,0.24977247839182762,-0.6899481944646998,-1.121083903892717,-1.1210839038927172,-1.1442174906631448,-1.0,-1
1.047065936999359,-0.05847076466033954,0.7918805395212415,-0.682581078947164,2.610663253057731,2.288808259011065,-0.5432477312939209,0.035530488521046066,-0.23189613379288193,-0.22507379266406463,-0.15112947814982725,-0.37191468820147733,0.822549911675399,-0.48769187119861807,-0.3618786177059325,-0.19208647565588316,-1.121083903892717,-1.1210839038927172,-1.1442174906631448,1.0,-1
1.449813683324454,2.369199123097629,2.4649819871250958,-0.682581078947164,-0.33778318405790814,-0.37952508199787327,-0.5432477312939209,-0.3579792230561304,-0.23189613379288193,-0.22507379266406463,-0.15112947814982725,-0.37191468820147733,0.822549911675399,-0.6121573009008222,-0.13250945666927252,0.1906447206783946,-1.121083903892717,-1.1210839038927172,-1.1442174906631448,1.0,1
0.7248677399392829,0.8752484229388792,-0.044670184280685594,-0.682581078947164,-0.33778318405790814,-0.37952508199787327,-0.37191468820147733,-0.3579792230561304,-0.23189613379288193,-0.22507379266406463,-0.15112947814982725,0.14208444107585336,1.2160596232525756,0.24354252830183137,0.11979662047105363,-0.640162022583818,-1.121083903892717,-1.1210839038927172,-1.1442174906631448,-1.0,-1
0.08047134581913068,-0.431958439700027,-0.4629455461816491,-0.682581078947164,2.610663253057731,2.288808259011065,-0.37191468820147733,-0.3579792230561304,-0.23189613379288193,-0.22507379266406463,-0.15112947814982725,-0.6003587456580688,1.2160596232525756,-0.6214922081284875,-0.13250945666927252,0.1906447206783946,-1.121083903892717,-1.1210839038927172,-1.1442174906631448,1.0,1
2.013660528179587,0.3150169103793479,0.7918805395212415,-0.682581078947164,-0.33778318405790814,-0.37952508199787327,-0.20058164510903378,0.822549911675399,-0.23189613379288193,-0.22507379266406463,-0.15112947814982725,-0.885913817478808,-0.7514889346333069,-0.5343664073369446,-0.43833500471815257,-0.03650468852812796,-1.121083903892717,-1.1210839038927172,-1.1442174906631448,-1.0,1
1.047065936999359,1.0619922604587229,0.37360517762027795,-0.682581078947164,-0.33778318405790814,-0.37952508199787327,-0.029248602016590203,0.822549911675399,-0.23189613379288193,-0.22507379266406463,-0.15112947814982725,0.19919545544000122,-0.7514889346333069,0.1501934560251783,-0.056053069657052756,-0.6121573009008222,-1.121083903892717,-1.1210839038927172,-1.1442174906631448,-1.0,-1
1.288714584794416,-0.9921899522595582,-0.8812209080826127,-0.682581078947164,-0.33778318405790814,-0.37952508199787327,0.14208444107585336,0.822549911675399,-0.23189613379288193,-0.22507379266406463,-0.15112947814982725,-0.5432477312939209,-1.1449986462104833,-0.5032500499113935,-0.5147913917303727,-0.0987374033792301,-1.121083903892717,-1.1210839038927172,-1.1442174906631448,1.0,-1
0.6443181906742638,-0.6187022772198708,-0.8812209080826127,-0.682581078947164,-0.33778318405790814,-0.37952508199787327,0.14208444107585336,-0.3579792230561304,-0.23189613379288193,-0.22507379266406463,-0.15112947814982725,-0.25769265947318165,-1.53850835778766,-0.5810409434752711,-0.2854222306937127,0.0568443837485251,-0.858230177280038,-1.1210839038927172,-1.1442174906631448,-1.0,1
-0.08062775271090736,-0.8054461147397145,0.7918805395212415,-0.682581078947164,-0.33778318405790814,-0.37952508199787327,0.31341748416829696,0.822549911675399,-0.23189613379288193,-0.22507379266406463,-0.15112947814982725,0.8845276278097756,1.2160596232525756,0.1501934560251783,-0.13250945666927252,-0.5965991221880467,-1.121083903892717,-0.8582301772800381,-1.1442174906631448,-1.0,1
1.047065936999359,0.6885045854190354,1.210155901422205,-0.682581078947164,-0.33778318405790814,-0.37952508199787327,0.4847505272607405,0.822549911675399,-0.23189613379288193,-0.22507379266406463,-0.15112947814982725,0.5989725559890362,-0.7514889346333069,-0.3787846202091894,-0.5147913917303727,-0.3165519053580873,-0.858230177280038,-1.1210839038927172,-1.1442174906631448,1.0,-1
1.369264134059435,0.8752484229388792,1.210155901422205,0.8391905905670761,-0.33778318405790814,-0.37952508199787327,0.4847505272607405,0.822549911675399,-0.23189613379288193,-0.22507379266406463,-0.15112947814982725,0.31341748416829696,0.822549911675399,-0.5965991221880467,-0.2854222306937127,0.1501934560251783,-1.121083903892717,-0.8582301772800381,-1.1442174906631448,1.0,1
0.32211999361418775,-0.6187022772198708,0.37360517762027795,-0.682581078947164,-0.33778318405790814,-0.37952508199787327,0.6560835703531841,0.822549911675399,-0.23189613379288193,-0.22507379266406463,-0.15112947814982725,0.42763951289659263,-1.1449986462104833,0.08796074117407617,-0.2854222306937127,-0.5872642149603814,-1.121083903892717,-1.1210839038927172,-0.7176724253779333,-1.0,-1
0.6443181906742638,1.0619922604587229,1.210155901422205,-0.682581078947164,-0.33778318405790814,-0.37952508199787327,0.6560835703531841,-0.3579792230561304,-0.23189613379288193,4.1906596634118705,-0.15112947814982725,0.3705284985324448,1.2160596232525756,-0.2232028330814342,-0.6677041657548128,-0.4192358848624057,-1.121083903892717,-0.8582301772800381,-1.1442174906631448,-1.0,-1
-0.3222764005059644,-0.2452146021801833,1.210155901422205,0.8391905905670761,-0.33778318405790814,-0.37952508199787327,-0.029248602016590203,0.822549911675399,-0.23189613379288193,-0.22507379266406463,-0.15112947814982725,0.31341748416829696,0.4290402000982225,-0.456575513773067,-0.5147913917303727,-0.19208647565588316,-1.121083903892717,-1.1210839038927172,-1.1442174906631448,1.0,1
1.530363232589473,0.1282730728595042,-0.4629455461816491,-0.682581078947164,-0.33778318405790814,-0.37952508199787327,0.6560835703531841,-0.3579792230561304,-0.23189613379288193,-0.22507379266406463,-0.15112947814982725,0.7703055990814798,0.035530488521046066,-0.48769187119861807,-0.43833500471815257,-0.16097011823033208,-0.858230177280038,-1.1210839038927172,-1.1442174906631448,1.0,-1
1.208165035529397,0.8752484229388792,-0.8812209080826127,-0.682581078947164,-0.33778318405790814,-0.37952508199787327,0.6560835703531841,-1.53850835778766,-0.23189613379288193,-0.22507379266406463,-0.15112947814982725,1.2271937139946627,0.822549911675399,-0.06762104595367903,-0.43833500471815257,-0.5188082286241692,-1.121083903892717,-0.8582301772800381,-1.1442174906631448,-1.0,-1
-0.9666727946261165,-0.9921899522595582,-0.044670184280685594,-0.682581078947164,-0.33778318405790814,-0.37952508199787327,0.6560835703531841,-1.53850835778766,-0.23189613379288193,-0.22507379266406463,-0.15112947814982725,1.3414157427229585,0.4290402000982225,0.32133342186570896,-0.13250945666927252,-0.6277154796135976,-1.121083903892717,-0.8582301772800381,-1.1442174906631448,1.0,0
-0.08062775271090736,0.1282730728595042,-0.044670184280685594,0.8391905905670761,-0.33778318405790814,-0.37952508199787327,0.713194584717332,-1.1449986462104833,-0.23189613379288193,-0.22507379266406463,-0.15112947814982725,0.14208444107585336,0.035530488521046066,-0.2232028330814342,-0.5912477787425927,-0.4192358848624057,-0.858230177280038,-1.1210839038927172,-1.1442174906631448,-1.0,1
0.32211999361418775,1.9957114480579417,1.6284312633231686,0.8391905905670761,-0.33778318405790814,-0.37952508199787327,0.8845276278097756,0.035530488521046066,-0.23189613379288193,-0.22507379266406463,-0.15112947814982725,-0.5432477312939209,-0.3579792230561304,-0.6899481944646998,0.11979662047105363,0.8658696768128521,-0.858230177280038,-1.1210839038927172,-1.1442174906631448,1.0,1
-1.6916187380112877,-1.9259091398587769,-0.8812209080826127,-0.682581078947164,-0.33778318405790814,-0.37952508199787327,1.0558606709022191,1.2160596232525756,3.886259345632435,-0.22507379266406463,-0.15112947814982725,2.712080087462507,2.0030790464069286,1.9549421867071386,1.205477316044578,-0.758404180800912,-1.121083903892717,-1.1210839038927172,-0.7176724253779333,-1.0,1
0.8859668384693209,-0.05847076466033954,0.37360517762027795,-0.682581078947164,-0.33778318405790814,-0.37952508199787327,1.2271937139946627,2.0030790464069286,-0.23189613379288193,-0.22507379266406463,-0.15112947814982725,1.6269708145436976,0.822549911675399,0.24354252830183137,0.11979662047105363,-0.640162022583818,-1.121083903892717,-0.8582301772800381,-1.1442174906631448,1.0,0
-0.48337549903600247,-1.1789337897794019,-0.4629455461816491,-0.682581078947164,-0.33778318405790814,-0.37952508199787327,1.2843047283588105,1.2160596232525756,-0.23189613379288193,-0.22507379266406463,-0.15112947814982725,2.4265250156417677,2.0030790464069286,0.08796074117407617,0.02040331735516768,-0.6121573009008222,-1.121083903892717,-0.8582301772800381,-1.1442174906631448,1.0,0
0.6443181906742638,-0.2452146021801833,-0.8812209080826127,-0.682581078947164,-0.33778318405790814,-0.37952508199787327,1.3414157427229585,0.4290402000982225,-0.23189613379288193,-0.22507379266406463,-0.15112947814982725,0.5989725559890362,-0.7514889346333069,-0.06762104595367903,-0.5147913917303727,-0.5188082286241692,-1.121083903892717,-0.8582301772800381,-1.1442174906631448,-1.0,-1
0.24157044434916872,0.6885045854190354,1.210155901422205,-0.682581078947164,-0.33778318405790814,-0.37952508199787327,1.3414157427229585,-0.7514889346333069,-0.23189613379288193,-0.22507379266406463,-0.15112947814982725,1.8554148720002892,1.2160596232525756,-0.0987374033792301,-0.2854222306937127,-0.5343664073369446,-1.121083903892717,-0.8582301772800381,-1.1442174906631448,1.0,1
0.1610208950841497,0.6885045854190354,0.7918805395212415,-0.682581078947164,-0.33778318405790814,-0.37952508199787327,1.512748785815402,0.035530488521046066,-0.23189613379288193,-0.22507379266406463,-0.15112947814982725,0.8845276278097756,0.822549911675399,-0.5032500499113935,-0.3236504241998226,-0.16097011823033208,-0.858230177280038,-1.1210839038927172,-1.1442174906631448,-1.0,1
-0.08062775271090736,0.5017607478991917,1.210155901422205,-0.682581078947164,-0.33778318405790814,-0.37952508199787327,1.6840818289078456,0.822549911675399,-0.23189613379288193,-0.22507379266406463,-0.15112947814982725,1.112971685266367,0.035530488521046066,-0.3787846202091894,-0.20896584368149262,-0.363226441496414,-0.858230177280038,-1.1210839038927172,-1.1442174906631448,-1.0,1
1.127615486264378,0.6885045854190354,1.6284312633231686,0.8391905905670761,2.610663253057731,2.288808259011065,1.8554148720002892,2.0030790464069286,-0.23189613379288193,-0.22507379266406463,-0.15112947814982725,0.14208444107585336,-1.53850835778766,-0.7210645518902509,0.8231953809834779,0.8658696768128521,-0.858230177280038,-1.1210839038927172,-1.1442174906631448,1.0,1
-0.16117730197592636,0.5017607478991917,-0.044670184280685594,-0.682581078947164,-0.33778318405790814,-0.37952508199787327,-1.3428019323919909,-1.53850835778766,-0.23189613379288193,-0.22507379266406463,-0.15112947814982725,-1.3428019323919909,-1.53850835778766,0.1906447206783946,-0.43833500471815257,-0.5872642149603814,-0.3325227240546802,1.2445996356213933,2.2681430316185467,-1.0,1
1.6914623311195112,0.8752484229388792,1.210155901422205,0.8391905905670761,-0.33778318405790814,-0.37952508199787327,-1.1714688892995473,-0.3579792230561304,-0.23189613379288193,-0.22507379266406463,-0.15112947814982725,-1.3428019323919909,-1.53850835778766,-0.6899481944646998,0.02040331735516768,0.8658696768128521,0.7188921823960354,-0.06966899744200132,0.9885078357629123,1.0,1
0.6443181906742638,-0.6187022772198708,-0.044670184280685594,0.8391905905670761,2.610663253057731,2.288808259011065,-1.0001358462071037,0.822549911675399,-0.23189613379288193,-0.22507379266406463,-0.15112947814982725,-1.0001358462071037,0.822549911675399,-0.5032500499113935,-0.7059323592609227,0.010169847610198573,0.1931847291706776,-0.5953764506673592,1.8415979663333353,-1.0,1
-0.5639250483010215,-0.2452146021801833,0.7918805395212415,-0.682581078947164,-0.33778318405790814,-0.37952508199787327,-0.8288028031146603,2.0030790464069286,-0.23189613379288193,-0.22507379266406463,-0.15112947814982725,-1.1714688892995473,-0.3579792230561304,-0.6214922081284875,-0.3236504241998226,0.33689160057848444,-0.3325227240546802,-0.5953764506673592,-0.7176724253779333,1.0,1
-0.6444745975660405,-0.2452146021801833,0.37360517762027795,-0.682581078947164,-0.33778318405790814,-0.37952508199787327,-0.6574697600222167,2.0030790464069286,3.886259345632435,-0.22507379266406463,-0.15112947814982725,-0.8288028031146603,0.822549911675399,0.010169847610198573,0.02040331735516768,-0.5872642149603814,-0.858230177280038,0.9817459090087144,3.547778227474181,1.0,0
-0.3222764005059644,-1.1789337897794019,-0.8812209080826127,0.8391905905670761,-0.33778318405790814,-0.37952508199787327,-0.6003587456580688,1.2160596232525756,3.886259345632435,-0.22507379266406463,-0.15112947814982725,-0.9430248318429559,1.2160596232525756,-0.363226441496414,-0.5912477787425927,-0.3009937266453118,0.7188921823960354,0.1931847291706776,0.5619627704777009,-1.0,-1
0.8859668384693209,0.5017607478991917,-0.044670184280685594,-0.682581078947164,-0.33778318405790814,-0.37952508199787327,-0.6003587456580688,0.035530488521046066,-0.23189613379288193,-0.22507379266406463,-0.15112947814982725,-0.885913817478808,0.035530488521046066,-0.5188082286241692,-0.5912477787425927,-0.005388331102576891,1.7703070888467511,-0.06966899744200132,0.13541770519248952,-1.0,-1
0.40266954287920675,-0.9921899522595582,-1.2994962699835761,-0.682581078947164,-0.33778318405790814,-0.37952508199787327,-0.6003587456580688,-1.1449986462104833,-0.23189613379288193,-0.22507379266406463,-0.15112947814982725,-0.7716917887505124,0.035530488521046066,-0.25431919050698526,-0.5147913917303727,-0.4192358848624057,0.1931847291706776,1.2445996356213933,1.4150529010481239,1.0,-1
-0.3222764005059644,-0.6187022772198708,1.210155901422205,-0.682581078947164,-0.33778318405790814,-0.37952508199787327,-0.6003587456580688,-1.53850835778766,-0.23189613379288193,-0.22507379266406463,-0.15112947814982725,-1.1143578749353995,-0.3579792230561304,-0.5810409434752711,-0.20896584368149262,0.0568443837485251,0.7188921823960354,-0.8582301772800381,-0.2911273600927219,-1.0,1
-0.7250241468310595,0.5017607478991917,1.6284312633231686,-0.682581078947164,-0.33778318405790814,-0.37952508199787327,-0.4290257025656252,-0.3579792230561304,-0.23189613379288193,-0.22507379266406463,-0.15112947814982725,-0.7145807743863645,-1.1449986462104833,-0.5499245860497202,-0.2854222306937127,-0.03650468852812796,-1.121083903892717,-1.1210839038927172,-1.1442174906631448,1.0,-1
0.6443181906742638,0.1282730728595042,0.7918805395212415,-0.682581078947164,-0.33778318405790814,-0.37952508199787327,-0.4290257025656252,-0.3579792230561304,-0.23189613379288193,-0.22507379266406463,-0.15112947814982725,-1.0572468605712517,0.035530488521046066,-0.5654827647624957,-0.5147913917303727,0.08796074117407617,0.4560384557833565,-0.06966899744200132,-1.1442174906631448,-1.0,0
-1.6916187380112877,-0.8054461147397145,-0.4629455461816491,0.8391905905670761,2.610663253057731,2.288808259011065,-0.37191468820147733,0.035530488521046066,-0.23189613379288193,-0.22507379266406463,-0.15112947814982725,-0.08635961638073807,1.2160596232525756,0.1906447206783946,0.02040331735516768,-0.6277154796135976,0.1931847291706776,1.5074533622340722,0.5619627704777009,1.0,1
-0.8861232453610975,-0.2452146021801833,0.7918805395212415,-0.682581078947164,-0.33778318405790814,-0.37952508199787327,-0.20058164510903378,0.035530488521046066,-0.23189613379288193,-0.22507379266406463,-0.15112947814982725,0.027862412347557656,0.822549911675399,-0.14541193951755663,-0.43833500471815257,-0.48769187119861807,0.1931847291706776,0.1931847291706776,-0.2911273600927219,-1.0,1
-0.5639250483010215,-0.6187022772198708,-0.8812209080826127,0.8391905905670761,-0.33778318405790814,-0.37952508199787327,-0.029248602016590203,1.2160596232525756,-0.23189613379288193,-0.22507379266406463,-0.15112947814982725,-0.5432477312939209,-1.1449986462104833,-0.3943427989219649,-0.5147913917303727,-0.28543554793253634,-0.3325227240546802,2.0331608154594303,0.9885078357629123,1.0,1
0.48321909214422576,-0.9921899522595582,-0.4629455461816491,-0.682581078947164,-0.33778318405790814,-0.37952508199787327,0.14208444107585336,2.0030790464069286,-0.23189613379288193,-0.22507379266406463,-0.15112947814982725,-1.2285799036636953,-1.1449986462104833,-0.5810409434752711,-0.43833500471815257,0.1501934560251783,-0.858230177280038,-0.8582301772800381,-1.1442174906631448,-1.0,1
0.8054172892043019,-0.431958439700027,-0.8812209080826127,-0.682581078947164,-0.33778318405790814,-0.37952508199787327,0.31341748416829696,0.822549911675399,-0.23189613379288193,-0.22507379266406463,-0.15112947814982725,-0.029248602016590203,-0.7514889346333069,-0.5032500499113935,-0.5147913917303727,-0.06762104595367903,1.5074533622340722,-0.33252272405468025,0.9885078357629123,1.0,-1
-0.16117730197592636,-1.3656776272992457,-0.4629455461816491,-0.682581078947164,-0.33778318405790814,-0.37952508199787327,0.31341748416829696,-0.3579792230561304,-0.23189613379288193,-0.22507379266406463,-0.15112947814982725,-0.08635961638073807,-0.7514889346333069,-0.19208647565588316,-0.8206169397792528,-0.3943427989219649,-0.3325227240546802,-0.5953764506673592,0.13541770519248952,-1.0,1
-1.2083214424211737,-0.8054461147397145,-0.8812209080826127,-0.682581078947164,-0.33778318405790814,-0.37952508199787327,0.5418615416248884,0.035530488521046066,-0.23189613379288193,-0.22507379266406463,-0.15112947814982725,0.8274166134456277,2.0030790464069286,-0.28543554793253634,-0.6677041657548128,-0.363226441496414,0.4560384557833565,0.1931847291706776,-0.2911273600927219,1.0,0
0.8054172892043019,-0.2452146021801833,-0.4629455461816491,-0.682581078947164,-0.33778318405790814,-0.37952508199787327,0.5989725559890362,0.4290402000982225,-0.23189613379288193,-0.22507379266406463,-0.15112947814982725,-0.25769265947318165,-1.53850835778766,-0.6743900157519244,-0.13250945666927252,0.8658696768128521,1.7703070888467511,0.1931847291706776,0.13541770519248952,1.0,-1
-1.0472223438911357,-0.431958439700027,0.7918805395212415,-0.682581078947164,-0.33778318405790814,-0.37952508199787327,0.5989725559890362,-0.7514889346333069,-0.23189613379288193,-0.22507379266406463,-0.15112947814982725,0.4847505272607405,0.822549911675399,-0.3165519053580873,-0.5147913917303727,-0.3787846202091894,-1.121083903892717,-0.8582301772800381,-1.1442174906631448,-1.0,1
-0.8861232453610975,-1.1789337897794019,-0.4629455461816491,-0.682581078947164,-0.33778318405790814,-0.37952508199787327,0.7703055990814798,0.035530488521046066,-0.23189613379288193,-0.22507379266406463,-0.15112947814982725,1.1700826996305147,0.035530488521046066,0.7102878896850969,0.02040331735516768,-0.6806132872370344,0.1931847291706776,1.5074533622340722,1.4150529010481239,-1.0,0
-7.820344588833574e-05,-0.9921899522595582,-0.8812209080826127,-0.682581078947164,-0.33778318405790814,-0.37952508199787327,0.8274166134456277,0.035530488521046066,-0.23189613379288193,-0.22507379266406463,-0.15112947814982725,-0.4290257025656252,-0.7514889346333069,-0.5810409434752711,-0.43833500471815257,0.1501934560251783,0.9817459090087143,-0.8582301772800381,-0.2911273600927219,1.0,-1
-1.6916187380112877,-1.7391653023389333,-0.8812209080826127,-0.682581078947164,-0.33778318405790814,-0.37952508199787327,0.31341748416829696,2.0030790464069286,-0.23189613379288193,-0.22507379266406463,-0.15112947814982725,0.31341748416829696,1.2160596232525756,1.4881968253238729,1.014336348514028,-0.7428460020881366,0.1931847291706776,1.5074533622340722,0.9885078357629123,1.0,-1
-1.6916187380112877,-0.8054461147397145,0.37360517762027795,0.8391905905670761,2.610663253057731,2.288808259011065,0.8274166134456277,0.035530488521046066,-0.23189613379288193,-0.22507379266406463,-0.15112947814982725,0.9416386421739233,-1.53850835778766,1.0214514639406074,0.24977247839182762,-0.7086180089200305,-0.858230177280038,0.9817459090087144,3.9743232927593923,-1.0,1
-0.2417268512409454,-0.9921899522595582,-1.2994962699835761,0.8391905905670761,-0.33778318405790814,-0.37952508199787327,0.9987496565380712,0.035530488521046066,-0.23189613379288193,-0.22507379266406463,-0.15112947814982725,0.3705284985324448,-1.1449986462104833,-0.48769187119861807,-0.5147913917303727,-0.12985376080478117,0.7188921823960354,0.45603845578335656,0.5619627704777009,1.0,1
0.08047134581913068,-0.2452146021801833,-0.4629455461816491,-0.682581078947164,-0.33778318405790814,-0.37952508199787327,1.1700826996305147,-0.3579792230561304,-0.23189613379288193,-0.22507379266406463,-0.15112947814982725,-0.3148036738373295,0.035530488521046066,-0.5872642149603814,-0.43833500471815257,0.1906447206783946,0.9817459090087143,-0.06966899744200132,0.9885078357629123,-1.0,1
-1.2083214424211737,-0.9921899522595582,-1.2994962699835761,0.8391905905670761,-0.33778318405790814,-0.37952508199787327,1.1700826996305147,0.822549911675399,-0.23189613379288193,4.1906596634118705,-0.15112947814982725,1.1700826996305147,0.4290402000982225,0.8658696768128521,-0.13250945666927252,-0.6806132872370344,0.4560384557833565,1.5074533622340722,0.5619627704777009,-1.0,-1
1.208165035529397,0.3150169103793479,-0.044670184280685594,-0.682581078947164,-0.33778318405790814,-0.37952508199787327,1.1700826996305147,0.822549911675399,-0.23189613379288193,-0.22507379266406463,-0.15112947814982725,0.31341748416829696,-0.7514889346333069,-0.5872642149603814,-0.5147913917303727,0.24354252830183137,0.4560384557833565,-0.06966899744200132,-0.7176724253779333,1.0,-1
-0.16117730197592636,0.5017607478991917,1.210155901422205,0.8391905905670761,-0.33778318405790814,-0.37952508199787327,1.3414157427229585,-0.3579792230561304,-0.23189613379288193,-0.22507379266406463,-0.15112947814982725,0.7703055990814798,0.035530488521046066,-0.6121573009008222,-0.5147913917303727,0.39912431542958654,0.4560384557833565,-0.5953764506673592,1.8415979663333353,1.0,0
-0.40282594977098346,-0.8054461147397145,-1.2994962699835761,0.8391905905670761,-0.33778318405790814,-0.37952508199787327,1.3985267570871063,0.035530488521046066,-0.23189613379288193,-0.22507379266406463,-0.15112947814982725,0.4847505272607405,0.822549911675399,-0.12985376080478117,-0.6677041657548128,-0.456575513773067,-0.06966899744200131,-0.5953764506673592,-0.7176724253779333,-1.0,0
0.24157044434916872,0.8752484229388792,0.7918805395212415,0.8391905905670761,2.610663253057731,2.288808259011065,1.455637771451254,0.4290402000982225,-0.23189613379288193,-0.22507379266406463,-0.15112947814982725,1.455637771451254,0.035530488521046066,-0.0987374033792301,-0.5147913917303727,-0.5032500499113935,-0.06966899744200131,1.2445996356213933,2.2681430316185467,1.0,0
-0.7250241468310595,-0.8054461147397145,-1.2994962699835761,2.3609622600813163,-0.33778318405790814,-0.37952508199787327,1.512748785815402,-0.3579792230561304,-0.23189613379288193,-0.22507379266406463,-0.15112947814982725,1.2843047283588105,0.035530488521046066,0.010169847610198573,-0.5147913917303727,-0.5343664073369446,-0.06966899744200131,2.0331608154594303,0.9885078357629123,-1.0,1
-0.2417268512409454,0.6885045854190354,-0.4629455461816491,-0.682581078947164,-0.33778318405790814,-0.37952508199787327,1.6840818289078456,0.4290402000982225,-0.23189613379288193,-0.22507379266406463,-0.15112947814982725,1.2843047283588105,-1.1449986462104833,-0.5499245860497202,-0.43833500471815257,0.025728026322974037,0.4560384557833565,-0.33252272405468025,0.9885078357629123,1.0,-1
-1.4499700902162307,-0.6187022772198708,-0.4629455461816491,0.8391905905670761,-0.33778318405790814,-0.37952508199787327,1.6840818289078456,0.035530488521046066,-0.23189613379288193,-0.22507379266406463,-0.15112947814982725,1.9696369007285848,-0.3579792230561304,-0.16097011823033208,-0.5147913917303727,-0.47213369248584247,1.5074533622340722,-0.06966899744200132,0.9885078357629123,-1.0,1
-0.6444745975660405,0.5017607478991917,0.37360517762027795,0.8391905905670761,-0.33778318405790814,-0.37952508199787327,0.4847505272607405,-0.3579792230561304,-0.23189613379288193,-0.22507379266406463,-0.15112947814982725,0.31341748416829696,-1.1449986462104833,-0.3476682627836383,-0.5912477787425927,-0.3165519053580873,0.4560384557833565,-0.06966899744200132,0.9885078357629123,-1.0,0
0.9665163877343399,0.6885045854190354,0.7918805395212415,-0.682581078947164,-0.33778318405790814,-0.37952508199787327,1.8554148720002892,0.822549911675399,-0.23189613379288193,-0.22507379266406463,-0.15112947814982725,-0.37191468820147733,-0.3579792230561304,-0.7335110948604712,0.4409134459223777,1.4881968253238729,-0.5953764506673591,-0.8582301772800381,-1.1442174906631448,1.0,-1
-0.7250241468310595,0.3150169103793479,-0.044670184280685594,-0.682581078947164,-0.33778318405790814,-0.37952508199787327,1.8554148720002892,-0.3579792230561304,-0.23189613379288193,-0.22507379266406463,-0.15112947814982725,1.2271937139946627,0.035530488521046066,-0.5810409434752711,-0.43833500471815257,0.1501934560251783,-0.06966899744200131,-0.5953764506673592,0.13541770519248952,1.0,1
-1.3694205409512117,-0.9921899522595582,-0.8812209080826127,-0.682581078947164,-0.33778318405790814,2.288808259011065,2.0267479150927326,0.822549911675399,-0.23189613379288193,-0.22507379266406463,-0.15112947814982725,3.397412259832281,-0.3579792230561304,0.8658696768128521,0.6320544134529278,-0.7086180089200305,0.1931847291706776,1.7703070888467514,0.9885078357629123,-1.0,-1
1.6914623311195112,1.0619922604587229,-0.8812209080826127,-0.682581078947164,-0.33778318405790814,-0.37952508199787327,-1.3428019323919909,-1.53850835778766,-0.23189613379288193,-0.22507379266406463,-0.15112947814982725,-1.3428019323919909,-1.53850835778766,-0.3165519053580873,-0.8206169397792528,-0.3009937266453118,-1.121083903892717,-0.8582301772800381,-0.7176724253779333,1.0,1
-1.1277718931561547,-0.05847076466033954,0.37360517762027795,-0.682581078947164,-0.33778318405790814,-0.37952508199787327,-1.1714688892995473,-0.3579792230561304,-0.23189613379288193,-0.22507379266406463,-0.15112947814982725,-1.3428019323919909,-1.53850835778766,-0.3787846202091894,-0.7059323592609227,-0.25431919050698526,-0.858230177280038,-0.33252272405468025,0.5619627704777009,-1.0,1
-1.5305196394812497,1.0619922604587229,2.883257349026059,-0.682581078947164,-0.33778318405790814,-0.37952508199787327,-1.0001358462071037,0.822549911675399,-0.23189613379288193,-0.22507379266406463,-0.15112947814982725,-0.8288028031146603,2.0030790464069286,1.9549421867071386,1.014336348514028,-0.752180909315802,-0.5953764506673591,1.2445996356213933,-0.2911273600927219,1.0,1
-7.820344588833574e-05,-0.431958439700027,-0.044670184280685594,0.8391905905670761,-0.33778318405790814,-0.37952508199787327,-0.8288028031146603,2.0030790464069286,-0.23189613379288193,-0.22507379266406463,-0.15112947814982725,-0.8288028031146603,0.822549911675399,0.1190770985996271,-0.2854222306937127,-0.5872642149603814,-0.858230177280038,-0.06966899744200132,-0.7176724253779333,-1.0,1
-0.7250241468310595,-0.05847076466033954,-0.4629455461816491,-0.682581078947164,-0.33778318405790814,-0.37952508199787327,-0.6574697600222167,2.0030790464069286,-0.23189613379288193,-0.22507379266406463,-0.15112947814982725,-0.9430248318429559,0.035530488521046066,-0.5188082286241692,-0.3236504241998226,-0.12985376080478117,-1.121083903892717,-1.1210839038927172,-1.1442174906631448,1.0,-1
0.48321909214422576,1.0619922604587229,2.046706625224132,0.8391905905670761,2.610663253057731,2.288808259011065,-0.6574697600222167,0.822549911675399,-0.23189613379288193,-0.22507379266406463,-0.15112947814982725,-0.7716917887505124,1.2160596232525756,-0.3943427989219649,-0.5147913917303727,-0.28543554793253634,-0.858230177280038,0.45603845578335656,0.13541770519248952,1.0,-1
-0.7250241468310595,0.5017607478991917,0.37360517762027795,-0.682581078947164,-0.33778318405790814,-0.37952508199787327,-0.6574697600222167,-0.3579792230561304,-0.23189613379288193,-0.22507379266406463,-0.15112947814982725,-0.6574697600222167,-0.3579792230561304,0.39912431542958654,-0.056053069657052756,-0.6432736583263733,-0.3325227240546802,1.5074533622340722,-0.7176724253779333,-1.0,1
0.48321909214422576,0.5017607478991917,-0.044670184280685594,-0.682581078947164,-0.33778318405790814,-0.37952508199787327,-0.48613671692977306,-0.3579792230561304,-0.23189613379288193,-0.22507379266406463,-0.15112947814982725,-1.0001358462071037,-0.7514889346333069,-0.48769187119861807,-0.43833500471815257,-0.16097011823033208,-0.858230177280038,-1.1210839038927172,-0.7176724253779333,1.0,-1
1.288714584794416,0.5017607478991917,0.7918805395212415,2.3609622600813163,-0.33778318405790814,2.288808259011065,-0.48613671692977306,-0.3579792230561304,-0.23189613379288193,-0.22507379266406463,-0.15112947814982725,-0.5432477312939209,0.822549911675399,-0.2232028330814342,-0.43833500471815257,-0.456575513773067,-0.06966899744200131,-0.33252272405468025,0.9885078357629123,-1.0,-1
-7.820344588833574e-05,-0.05847076466033954,-1.2994962699835761,0.8391905905670761,2.610663253057731,2.288808259011065,-0.3148036738373295,-0.3579792230561304,3.886259345632435,-0.22507379266406463,6.616842804212003,-0.37191468820147733,0.035530488521046066,-0.14541193951755663,-0.7059323592609227,-0.456575513773067,-0.5953764506673591,-0.33252272405468025,-0.7176724253779333,-1.0,1
0.7248677399392829,2.7426867981373166,0.7918805395212415,0.8391905905670761,-0.33778318405790814,-0.37952508199787327,-0.14347063074488592,0.822549911675399,-0.23189613379288193,-0.22507379266406463,-0.15112947814982725,-0.8288028031146603,0.035530488521046066,-0.6121573009008222,-0.2854222306937127,0.24354252830183137,-0.858230177280038,-0.8582301772800381,-0.2911273600927219,1.0,0
1.369264134059435,1.0619922604587229,2.046706625224132,0.8391905905670761,2.610663253057731,2.288808259011065,-0.08635961638073807,1.2160596232525756,-0.23189613379288193,-0.22507379266406463,-0.15112947814982725,-0.9430248318429559,-1.1449986462104833,-0.5499245860497202,-0.2854222306937127,-0.03650468852812796,-0.3325227240546802,-0.06966899744200132,0.9885078357629123,-1.0,1
-0.8861232453610975,1.4354799354984105,2.046706625224132,-0.682581078947164,-0.33778318405790814,-0.37952508199787327,0.08497342671170552,1.2160596232525756,3.886259345632435,-0.22507379266406463,6.616842804212003,-0.3148036738373295,-0.7514889346333069,-0.5654827647624957,-0.3236504241998226,0.025728026322974037,-0.3325227240546802,-0.06966899744200132,-0.7176724253779333,1.0,1
-1.0472223438911357,-0.431958439700027,-0.8812209080826127,-0.682581078947164,-0.33778318405790814,-0.37952508199787327,0.25630646980414906,1.2160596232525756,-0.23189613379288193,-0.22507379266406463,-0.15112947814982725,0.08497342671170552,-0.3579792230561304,0.39912431542958654,0.02040331735516768,-0.6557202012965936,-0.5953764506673591,1.5074533622340722,-0.2911273600927219,-1.0,0
0.1610208950841497,0.5017607478991917,0.37360517762027795,0.8391905905670761,-0.33778318405790814,-0.37952508199787327,0.31341748416829696,1.2160596232525756,-0.23189613379288193,-0.22507379266406463,-0.15112947814982725,0.5418615416248884,1.2160596232525756,0.1501934560251783,0.02040331735516768,-0.6214922081284875,-1.121083903892717,1.7703070888467514,0.13541770519248952,-1.0,-1
-1.5305196394812497,-0.2452146021801833,-0.044670184280685594,0.8391905905670761,-0.33778318405790814,-0.37952508199787327,-1.3428019323919909,-1.53850835778766,-0.23189613379288193,-0.22507379266406463,-0.15112947814982725,-1.3428019323919909,-1.53850835778766,2.5772693352181593,1.7789002186362282,-0.7770739952562428,-0.5953764506673591,1.7703070888467514,-0.7176724253779333,-1.0,-1
0.6443181906742638,0.3150169103793479,0.37360517762027795,-0.682581078947164,-0.33778318405790814,-0.37952508199787327,-0.48613671692977306,-0.3579792230561304,-0.23189613379288193,-0.22507379266406463,-0.15112947814982725,-0.5432477312939209,-0.3579792230561304,-0.7055063731774752,0.4409134459223777,0.8658696768128521,-0.5953764506673591,0.45603845578335656,1.4150529010481239,1.0,1
0.8859668384693209,1.0619922604587229,2.4649819871250958,0.8391905905670761,-0.33778318405790814,-0.37952508199787327,0.3705284985324448,-1.1449986462104833,-0.23189613379288193,-0.22507379266406463,-0.15112947814982725,-0.20058164510903378,0.035530488521046066,-0.5499245860497202,-0.5147913917303727,0.025728026322974037,-0.858230177280038,-0.8582301772800381,0.13541770519248952,-1.0,-1
-0.7250241468310595,-0.8054461147397145,-0.044670184280685594,-0.682581078947164,-0.33778318405790814,-0.37952508199787327,0.3705284985324448,-1.1449986462104833,-0.23189613379288193,-0.22507379266406463,-0.15112947814982725,0.31341748416829696,-1.53850835778766,-0.4192358848624057,-0.43833500471815257,-0.28543554793253634,-0.858230177280038,0.7188921823960355,0.13541770519248952,-1.0,1
0.48321909214422576,-0.6187022772198708,-0.8812209080826127,0.8391905905670761,-0.33778318405790814,-0.37952508199787327,0.5418615416248884,0.035530488521046066,-0.23189613379288193,-0.22507379266406463,-0.15112947814982725,0.6560835703531841,0.822549911675399,-0.47213369248584247,-0.5912477787425927,-0.14541193951755663,-0.06966899744200131,-0.06966899744200132,0.9885078357629123,1.0,-1
-1.2083214424211737,-0.05847076466033954,1.6284312633231686,-0.682581078947164,-0.33778318405790814,-0.37952508199787327,0.5418615416248884,-0.3579792230561304,-0.23189613379288193,-0.22507379266406463,-0.15112947814982725,0.42763951289659263,0.035530488521046066,-0.3414449912985281,-0.5147913917303727,-0.3476682627836383,-0.06966899744200131,1.5074533622340722,-0.7176724253779333,1.0,1
-0.6444745975660405,-1.5524214648190895,-1.2994962699835761,-0.682581078947164,-0.33778318405790814,-0.37952508199787327,0.713194584717332,0.822549911675399,-0.23189613379288193,-0.22507379266406463,-0.15112947814982725,0.08497342671170552,1.2160596232525756,-0.3787846202091894,-0.5147913917303727,-0.3165519053580873,-0.858230177280038,-0.8582301772800381,-0.7176724253779333,-1.0,0
0.08047134581913068,-0.2452146021801833,-0.8812209080826127,-0.682581078947164,-0.33778318405790814,-0.37952508199787327,0.7703055990814798,0.035530488521046066,-0.23189613379288193,-0.22507379266406463,-0.15112947814982725,1.2843047283588105,1.2160596232525756,-0.26365409773465054,-0.5147913917303727,-0.4099009776347405,-0.5953764506673591,-0.06966899744200132,-0.7176724253779333,1.0,-1
-1.5305196394812497,-0.6187022772198708,-0.044670184280685594,-0.682581078947164,-0.33778318405790814,-0.37952508199787327,0.7703055990814798,0.035530488521046066,-0.23189613379288193,-0.22507379266406463,-0.15112947814982725,0.6560835703531841,-0.3579792230561304,-0.16097011823033208,-0.43833500471815257,-0.48769187119861807,-1.121083903892717,-0.8582301772800381,-1.1442174906631448,-1.0,1
1.7720118803845302,0.6885045854190354,-0.044670184280685594,0.8391905905670761,-0.33778318405790814,-0.37952508199787327,1.0558606709022191,0.4290402000982225,-0.23189613379288193,-0.22507379266406463,-0.15112947814982725,-0.7145807743863645,-1.53850835778766,-0.5188082286241692,-0.5912477787425927,0.010169847610198573,-0.858230177280038,-0.8582301772800381,-0.7176724253779333,-1.0,-1
-0.08062775271090736,-0.6187022772198708,-1.2994962699835761,-0.682581078947164,-0.33778318405790814,-0.37952508199787327,0.9416386421739233,0.035530488521046066,-0.23189613379288193,-0.22507379266406463,-0.15112947814982725,0.5989725559890362,1.2160596232525756,-0.4192358848624057,-0.7059323592609227,-0.19208647565588316,-0.3325227240546802,-0.33252272405468025,-0.7176724253779333,1.0,0
0.08047134581913068,0.5017607478991917,0.7918805395212415,-0.682581078947164,-0.33778318405790814,-0.37952508199787327,0.9987496565380712,0.035530488521046066,-0.23189613379288193,-0.22507379266406463,-0.15112947814982725,0.19919545544000122,-0.7514889346333069,-0.5188082286241692,-0.6677041657548128,0.025728026322974037,-0.3325227240546802,0.45603845578335656,1.4150529010481239,-1.0,0
-7.820344588833574e-05,-0.8054461147397145,-1.2994962699835761,-0.682581078947164,-0.33778318405790814,-0.37952508199787327,0.31341748416829696,0.035530488521046066,-0.23189613379288193,-0.22507379266406463,-0.15112947814982725,0.3705284985324448,0.4290402000982225,-0.25431919050698526,-0.6677041657548128,-0.3943427989219649,-0.858230177280038,2.0331608154594303,-0.7176724253779333,1.0,-1
0.24157044434916872,0.3150169103793479,-0.044670184280685594,-0.682581078947164,-0.33778318405790814,-0.37952508199787327,1.0558606709022191,-0.7514889346333069,-0.23189613379288193,-0.22507379266406463,-0.15112947814982725,0.14208444107585336,-0.3579792230561304,-0.456575513773067,-0.6677041657548128,-0.12985376080478117,-0.5953764506673591,-0.33252272405468025,0.5619627704777009,1.0,1
-1.2083214424211737,-0.6187022772198708,0.37360517762027795,-0.682581078947164,-0.33778318405790814,-0.37952508199787327,1.2271937139946627,0.035530488521046066,-0.23189613379288193,-0.22507379266406463,-0.15112947814982725,1.455637771451254,0.822549911675399,0.8658696768128521,0.11979662047105363,-0.6899481944646998,-0.3325227240546802,1.2445996356213933,-0.2911273600927219,-1.0,-1
-1.7721682872763067,-0.8054461147397145,-0.4629455461816491,-0.682581078947164,-0.33778318405790814,-0.37952508199787327,1.2271937139946627,-0.3579792230561304,3.886259345632435,-0.22507379266406463,6.616842804212003,2.712080087462507,0.822549911675399,1.643778612451628,0.4409134459223777,-0.7335110948604712,-0.5953764506673591,2.0331608154594303,-0.7176724253779333,1.0,-1
1.6109127818544922,1.9957114480579417,2.4649819871250958,-0.682581078947164,2.610663253057731,2.288808259011065,1.2271937139946627,-0.3579792230561304,-0.23189613379288193,4.1906596634118705,-0.15112947814982725,0.027862412347557656,0.822549911675399,-0.5810409434752711,-0.43833500471815257,0.1501934560251783,-0.06966899744200131,-0.06966899744200132,0.9885078357629123,1.0,0
0.24157044434916872,0.1282730728595042,0.37360517762027795,0.8391905905670761,-0.33778318405790814,-0.37952508199787327,1.2843047283588105,-1.1449986462104833,-0.23189613379288193,-0.22507379266406463,-0.15112947814982725,1.6840818289078456,0.4290402000982225,0.025728026322974037,-0.43833500471815257,-0.5499245860497202,-0.3325227240546802,0.45603845578335656,0.9885078357629123,-1.0,1
-0.7250241468310595,-0.2452146021801833,0.37360517762027795,-0.682581078947164,-0.33778318405790814,-0.37952508199787327,1.455637771451254,0.035530488521046066,3.886259345632435,-0.22507379266406463,6.616842804212003,2.4836360300059157,0.035530488521046066,0.1501934560251783,-0.2854222306937127,-0.5965991221880467,-1.121083903892717,2.0331608154594303,0.13541770519248952,1.0,-1
0.6443181906742638,0.1282730728595042,-0.8812209080826127,0.8391905905670761,-0.33778318405790814,-0.37952508199787327,0.31341748416829696,-1.1449986462104833,-0.23189613379288193,-0.22507379266406463,-0.15112947814982725,0.4847505272607405,-0.3579792230561304,-0.3165519053580873,-0.5912477787425927,-0.3476682627836383,-0.06966899744200131,0.45603845578335656,0.9885078357629123,1.0,0
0.40266954287920675,1.2487360979785667,0.37360517762027795,2.3609622600813163,-0.33778318405790814,-0.37952508199787327,1.455637771451254,0.035530488521046066,-0.23189613379288193,-0.22507379266406463,-0.15112947814982725,0.9987496565380712,-0.3579792230561304,-0.456575513773067,-0.43833500471815257,-0.2232028330814342,-0.06966899744200131,-0.06966899744200132,-0.7176724253779333,-1.0,-1
-0.8055736960960785,1.4354799354984105,-0.044670184280685594,-0.682581078947164,-0.33778318405790814,-0.37952508199787327,1.455637771451254,-0.3579792230561304,-0.23189613379288193,-0.22507379266406463,-0.15112947814982725,2.0267479150927326,0.822549911675399,0.7102878896850969,0.24977247839182762,-0.6899481944646998,-0.858230177280038,2.296014542072109,-0.7176724253779333,-1.0,1
-1.6916187380112877,-1.3656776272992457,-0.8812209080826127,-0.682581078947164,2.610663253057731,2.288808259011065,1.6269708145436976,-0.3579792230561304,-0.23189613379288193,-0.22507379266406463,-0.15112947814982725,2.4836360300059157,0.822549911675399,0.8658696768128521,0.3262288654040474,-0.7055063731774752,-0.5953764506673591,1.5074533622340722,0.13541770519248952,1.0,1
-0.6444745975660405,0.5017607478991917,-0.8812209080826127,0.8391905905670761,-0.33778318405790814,-0.37952508199787327,-1.3428019323919909,-1.53850835778766,-0.23189613379288193,-0.22507379266406463,-0.15112947814982725,-1.3428019323919909,-1.53850835778766,-0.0987374033792301,-0.5912477787425927,-0.48769187119861807,0.9817459090087143,0.1931847291706776,0.13541770519248952,-1.0,1
-0.2417268512409454,-1.1789337897794019,-1.7177716318845397,-0.682581078947164,-0.33778318405790814,-0.37952508199787327,-1.1714688892995473,-0.3579792230561304,-0.23189613379288193,-0.22507379266406463,-0.15112947814982725,-1.3428019323919909,-1.53850835778766,-0.3476682627836383,-0.8206169397792528,-0.26365409773465054,-1.121083903892717,-0.5953764506673592,0.5619627704777009,1.0,-1
-1.2888709916861927,-1.3656776272992457,-1.7177716318845397,-0.682581078947164,2.610663253057731,2.288808259011065,-1.1714688892995473,-0.3579792230561304,-0.23189613379288193,-0.22507379266406463,-0.15112947814982725,-1.1714688892995473,-0.3579792230561304,1.0214514639406074,0.24977247839182762,-0.7055063731774752,0.4560384557833565,1.5074533622340722,-0.2911273600927219,-1.0,0
-0.16117730197592636,-0.6187022772198708,-0.044670184280685594,-0.682581078947164,2.610663253057731,2.288808259011065,-1.1143578749353995,0.035530488521046066,-0.23189613379288193,-0.22507379266406463,-0.15112947814982725,-1.3428019323919909,-1.53850835778766,-0.4099009776347405,-0.7441605527670326,-0.19208647565588316,-0.5953764506673591,-0.5953764506673592,0.5619627704777009,1.0,1
-1.0472223438911357,-0.9921899522595582,-0.044670184280685594,-0.682581078947164,-0.33778318405790814,-0.37952508199787327,-0.9430248318429559,0.035530488521046066,-0.23189613379288193,-0.22507379266406463,-0.15112947814982725,-1.0001358462071037,-0.3579792230561304,0.32133342186570896,-0.13250945666927252,-0.640162022583818,-0.06966899744200131,1.5074533622340722,0.5619627704777009,1.0,-1
-1.0472223438911357,-1.3656776272992457,-0.8812209080826127,0.8391905905670761,-0.33778318405790814,-0.37952508199787327,-0.9430248318429559,0.035530488521046066,-0.23189613379288193,-0.22507379266406463,-0.15112947814982725,-0.8288028031146603,0.822549911675399,0.4769152089934642,-0.5147913917303727,-0.6121573009008222,-0.5953764506673591,-0.8582301772800381,0.9885078357629123,-1.0,0
-0.8861232453610975,-0.431958439700027,-0.4629455461816491,-0.682581078947164,2.610663253057731,2.288808259011065,-0.885913817478808,0.035530488521046066,-0.23189613379288193,-0.22507379266406463,-0.15112947814982725,-0.6003587456580688,0.035530488521046066,-0.005388331102576891,-0.5912477787425927,-0.5188082286241692,-0.06966899744200131,1.7703070888467514,0.13541770519248952,1.0,1
-0.8861232453610975,-1.5524214648190895,-0.8812209080826127,0.8391905905670761,-0.33778318405790814,-0.37952508199787327,-0.7145807743863645,0.035530488521046066,-0.23189613379288193,-0.22507379266406463,-0.15112947814982725,-0.6003587456580688,1.2160596232525756,-0.005388331102576891,-0.43833500471815257,-0.5343664073369446,0.1931847291706776,0.1931847291706776,0.5619627704777009,-1.0,-1
-1.6110691887462687,-0.8054461147397145,-1.2994962699835761,-0.682581078947164,-0.33778318405790814,-0.37952508199787327,-0.7145807743863645,0.035530488521046066,-0.23189613379288193,4.1906596634118705,-0.15112947814982725,-0.48613671692977306,1.2160596232525756,0.8658696768128521,0.4409134459223777,-0.7055063731774752,0.4560384557833565,1.2445996356213933,0.13541770519248952,1.0,-1
-0.5639250483010215,0.3150169103793479,1.210155901422205,2.3609622600813163,-0.33778318405790814,-0.37952508199787327,-0.7145807743863645,-0.3579792230561304,-0.23189613379288193,-0.22507379266406463,-0.15112947814982725,-0.6003587456580688,-0.3579792230561304,0.010169847610198573,-0.7059323592609227,-0.5188082286241692,0.1931847291706776,-0.33252272405468025,0.5619627704777009,-1.0,1
-0.3222764005059644,-0.05847076466033954,0.7918805395212415,-0.682581078947164,-0.33778318405790814,-0.37952508199787327,-0.5432477312939209,-0.3579792230561304,-0.23189613379288193,-0.22507379266406463,-0.15112947814982725,-1.0001358462071037,-0.3579792230561304,-0.3943427989219649,-0.7441605527670326,-0.2232028330814342,0.1931847291706776,0.1931847291706776,0.13541770519248952,1.0,1
-1.4499700902162307,-0.431958439700027,-0.044670184280685594,0.8391905905670761,-0.33778318405790814,-0.37952508199787327,-0.37191468820147733,0.822549911675399,-0.23189613379288193,-0.22507379266406463,-0.15112947814982725,-0.5432477312939209,-0.3579792230561304,0.1906447206783946,-0.13250945666927252,-0.6121573009008222,-1.121083903892717,-1.1210839038927172,-1.1442174906631448,-1.0,-1
-0.08062775271090736,-0.2452146021801833,-0.044670184280685594,2.3609622600813163,2.610663253057731,2.288808259011065,-0.37191468820147733,-0.3579792230561304,-0.23189613379288193,4.1906596634118705,-0.15112947814982725,-0.8288028031146603,-0.7514889346333069,-0.3787846202091894,-0.7059323592609227,-0.25431919050698526,-0.06966899744200131,-0.06966899744200132,-0.2911273600927219,1.0,0
-1.9332673858063447,-0.9921899522595582,-0.8812209080826127,-0.682581078947164,-0.33778318405790814,-0.37952508199787327,-0.3148036738373295,0.035530488521046066,-0.23189613379288193,-0.22507379266406463,-0.15112947814982725,0.14208444107585336,0.4290402000982225,4.755414355006732,4.4548737640639295,-0.8113019884243488,-0.858230177280038,2.821721995297467,-0.2911273600927219,-1.0,-1
-1.7721682872763067,-0.8054461147397145,-0.8812209080826127,-0.682581078947164,-0.33778318405790814,-0.37952508199787327,-0.3148036738373295,-1.1449986462104833,-0.23189613379288193,-0.22507379266406463,-0.15112947814982725,0.4847505272607405,1.2160596232525756,2.5772693352181593,1.396618283575128,-0.7677390880285774,-0.06966899744200131,1.5074533622340722,0.5619627704777009,1.0,0
-0.48337549903600247,-0.8054461147397145,-0.8812209080826127,-0.682581078947164,-0.33778318405790814,-0.37952508199787327,-0.25769265947318165,-0.7514889346333069,-0.23189613379288193,-0.22507379266406463,-0.15112947814982725,0.31341748416829696,0.4290402000982225,0.4769152089934642,0.02040331735516768,-0.6557202012965936,-0.3325227240546802,0.7188921823960355,-1.1442174906631448,1.0,-1
-1.2083214424211737,-0.9921899522595582,-0.4629455461816491,2.3609622600813163,-0.33778318405790814,-0.37952508199787327,-0.25769265947318165,-1.1449986462104833,3.886259345632435,-0.22507379266406463,6.616842804212003,-1.2285799036636953,-1.53850835778766,-0.19208647565588316,-0.8206169397792528,-0.3943427989219649,-0.5953764506673591,-1.1210839038927172,-1.1442174906631448,-1.0,-1
-1.2888709916861927,-1.5524214648190895,-1.2994962699835761,-0.682581078947164,-0.33778318405790814,-0.37952508199787327,-0.25769265947318165,-1.1449986462104833,-0.23189613379288193,-0.22507379266406463,-0.15112947814982725,0.027862412347557656,1.2160596232525756,1.3326150381961177,0.24977247839182762,-0.7210645518902509,-0.5953764506673591,2.5588682686847877,-0.2911273600927219,-1.0,-1
-0.6444745975660405,-0.9921899522595582,-1.2994962699835761,-0.682581078947164,-0.33778318405790814,-0.37952508199787327,-0.5432477312939209,-0.3579792230561304,-0.23189613379288193,-0.22507379266406463,-0.15112947814982725,-0.48613671692977306,-0.3579792230561304,0.8658696768128521,0.4409134459223777,-0.7055063731774752,0.4560384557833565,-0.5953764506673592,1.4150529010481239,-1.0,-1
-0.6444745975660405,1.8089676105380978,0.37360517762027795,5.404505599109797,-0.33778318405790814,-0.37952508199787327,-0.25769265947318165,-1.53850835778766,-0.23189613379288193,-0.22507379266406463,-0.15112947814982725,0.14208444107585336,-0.3579792230561304,0.0568443837485251,-0.2854222306937127,-0.5810409434752711,-1.121083903892717,-0.8582301772800381,-1.1442174906631448,1.0,-1
-0.8055736960960785,0.1282730728595042,-0.4629455461816491,2.3609622600813163,-0.33778318405790814,-0.37952508199787327,-0.25769265947318165,-1.53850835778766,-0.23189613379288193,-0.22507379266406463,-0.15112947814982725,0.5989725559890362,0.4290402000982225,0.8658696768128521,-0.13250945666927252,-0.6743900157519244,0.1931847291706776,1.7703070888467514,0.13541770519248952,-1.0,1
0.8859668384693209,1.622223773018254,0.37360517762027795,0.8391905905670761,-0.33778318405790814,-0.37952508199787327,-0.08635961638073807,-0.3579792230561304,-0.23189613379288193,-0.22507379266406463,-0.15112947814982725,0.14208444107585336,-0.3579792230561304,-0.28543554793253634,-0.7441605527670326,-0.3476682627836383,0.4560384557833565,-0.33252272405468025,0.5619627704777009,1.0,-1
-1.8527178365413257,-1.1789337897794019,-0.044670184280685594,0.8391905905670761,-0.33778318405790814,-0.37952508199787327,-0.08635961638073807,-0.3579792230561304,3.886259345632435,-0.22507379266406463,6.616842804212003,0.31341748416829696,-1.53850835778766,-0.2232028330814342,-0.6677041657548128,-0.4099009776347405,0.1931847291706776,0.45603845578335656,0.5619627704777009,1.0,1
-1.1277718931561547,-0.431958439700027,-0.044670184280685594,0.8391905905670761,-0.33778318405790814,-0.37952508199787327,0.08497342671170552,0.822549911675399,-0.23189613379288193,-0.22507379266406463,-0.15112947814982725,0.8845276278097756,2.0030790464069286,2.5772693352181593,1.7789002186362282,-0.7770739952562428,0.4560384557833565,1.5074533622340722,0.13541770519248952,-1.0,-1
-1.6916187380112877,-0.431958439700027,0.7918805395212415,-0.682581078947164,-0.33778318405790814,-0.37952508199787327,0.08497342671170552,-0.3579792230561304,-0.23189613379288193,-0.22507379266406463,-0.15112947814982725,1.2843047283588105,0.4290402000982225,1.9549421867071386,1.014336348514028,-0.758404180800912,-0.06966899744200131,1.7703070888467514,0.5619627704777009,-1.0,-1
-0.16117730197592636,1.2487360979785667,0.7918805395212415,0.8391905905670761,-0.33778318405790814,-0.37952508199787327,0.08497342671170552,-0.3579792230561304,-0.23189613379288193,-0.22507379266406463,-0.15112947814982725,0.5418615416248884,1.2160596232525756,-0.06762104595367903,-0.7441605527670326,-0.47213369248584247,-0.5953764506673591,-0.8582301772800381,1.4150529010481239,1.0,0
-0.2417268512409454,-0.6187022772198708,0.37360517762027795,-0.682581078947164,-0.33778318405790814,-0.37952508199787327,0.14208444107585336,-1.1449986462104833,-0.23189613379288193,-0.22507379266406463,-0.15112947814982725,-0.37191468820147733,0.4290402000982225,-0.19208647565588316,-0.7441605527670326,-0.4192358848624057,0.4560384557833565,0.1931847291706776,0.13541770519248952,-1.0,0
-0.08062775271090736,-0.05847076466033954,-0.4629455461816491,-0.682581078947164,-0.33778318405790814,-0.37952508199787327,0.19919545544000122,-0.7514889346333069,-0.23189613379288193,4.1906596634118705,-0.15112947814982725,0.9987496565380712,0.035530488521046066,0.025728026322974037,-0.6677041657548128,-0.5188082286241692,0.4560384557833565,-0.33252272405468025,1.4150529010481239,1.0,0
-1.2083214424211737,-1.7391653023389333,-1.2994962699835761,-0.682581078947164,-0.33778318405790814,-0.37952508199787327,0.25630646980414906,-0.3579792230561304,-0.23189613379288193,-0.22507379266406463,-0.15112947814982725,0.31341748416829696,-0.3579792230561304,0.7102878896850969,-0.5147913917303727,-0.640162022583818,-1.121083903892717,-0.33252272405468025,0.5619627704777009,-1.0,-1
-0.6444745975660405,1.8089676105380978,0.7918805395212415,-0.682581078947164,-0.33778318405790814,-0.37952508199787327,0.25630646980414906,-0.7514889346333069,-0.23189613379288193,-0.22507379266406463,-0.15112947814982725,1.3985267570871063,0.822549911675399,0.5547061025573418,-0.13250945666927252,-0.6588318370391487,0.4560384557833565,1.5074533622340722,0.13541770519248952,1.0,0
-0.48337549903600247,-0.431958439700027,-0.044670184280685594,-0.682581078947164,-0.33778318405790814,-0.37952508199787327,0.31341748416829696,-0.7514889346333069,-0.23189613379288193,-0.22507379266406463,-0.15112947814982725,0.5418615416248884,0.035530488521046066,-0.0987374033792301,-0.8206169397792528,-0.44101733506029156,-0.3325227240546802,-0.5953764506673592,0.5619627704777009,-1.0,1
-1.2888709916861927,0.6885045854190354,0.7918805395212415,-0.682581078947164,-0.33778318405790814,-0.37952508199787327,0.4847505272607405,0.035530488521046066,-0.23189613379288193,-0.22507379266406463,-0.15112947814982725,1.7983038576361412,1.2160596232525756,-0.06762104595367903,-0.5147913917303727,-0.5188082286241692,1.2445996356213933,0.1931847291706776,0.13541770519248952,1.0,1
-1.4499700902162307,-0.9921899522595582,-0.044670184280685594,-0.682581078947164,-0.33778318405790814,-0.37952508199787327,0.6560835703531841,1.2160596232525756,-0.23189613379288193,-0.22507379266406463,-0.15112947814982725,1.6840818289078456,1.2160596232525756,2.5772693352181593,1.7789002186362282,-0.7770739952562428,-0.06966899744200131,1.5074533622340722,0.9885078357629123,-1.0,0
-0.8861232453610975,-1.3656776272992457,-1.2994962699835761,-0.682581078947164,-0.33778318405790814,-0.37952508199787327,0.713194584717332,1.2160596232525756,3.886259345632435,-0.22507379266406463,-0.15112947814982725,1.2843047283588105,0.035530488521046066,-0.03650468852812796,-0.43833500471815257,-0.5343664073369446,-0.5953764506673591,2.821721995297467,-0.2911273600927219,1.0,-1
-1.4499700902162307,0.3150169103793479,0.7918805395212415,2.3609622600813163,-0.33778318405790814,-0.37952508199787327,0.713194584717332,0.035530488521046066,-0.23189613379288193,-0.22507379266406463,-0.15112947814982725,2.255191972549324,1.2160596232525756,1.3326150381961177,0.4409134459223777,-0.7210645518902509,-0.3325227240546802,0.9817459090087144,-1.1442174906631448,-1.0,1
-2.577663779926497,-0.6187022772198708,-0.4629455461816491,0.8391905905670761,2.610663253057731,4.9571416000200035,0.8845276278097756,0.035530488521046066,-0.23189613379288193,-0.22507379266406463,-0.15112947814982725,3.2260792167398376,0.822549911675399,2.266105760962649,1.396618283575128,-0.7677390880285774,-0.858230177280038,3.0845757219101455,-0.2911273600927219,1.0,-1
0.08047134581913068,0.6885045854190354,0.37360517762027795,2.3609622600813163,-0.33778318405790814,-0.37952508199787327,0.8845276278097756,-0.3579792230561304,-0.23189613379288193,-0.22507379266406463,-0.15112947814982725,-0.20058164510903378,-0.3579792230561304,-0.6214922081284875,-0.2854222306937127,0.32133342186570896,-0.5953764506673591,-0.8582301772800381,-1.1442174906631448,1.0,1
-1.1277718931561547,-0.6187022772198708,-0.4629455461816491,-0.682581078947164,2.610663253057731,2.288808259011065,1.0558606709022191,0.822549911675399,-0.23189613379288193,-0.22507379266406463,-0.15112947814982725,0.25630646980414906,-1.1449986462104833,-0.12985376080478117,-0.2854222306937127,-0.5188082286241692,-0.06966899744200131,-0.06966899744200132,0.13541770519248952,-1.0,1
-0.40282594977098346,-0.2452146021801833,-0.044670184280685594,-0.682581078947164,-0.33778318405790814,-0.37952508199787327,-1.3428019323919909,-1.53850835778766,-0.23189613379288193,-0.22507379266406463,-0.15112947814982725,-1.3428019323919909,-1.53850835778766,-0.4192358848624057,-0.8206169397792528,-0.14541193951755663,-1.121083903892717,-0.8582301772800381,-0.7176724253779333,-1.0,1
-1.2083214424211737,-0.431958439700027,-1.2994962699835761,-0.682581078947164,-0.33778318405790814,-0.37952508199787327,-1.1714688892995473,-0.3579792230561304,-0.23189613379288193,-0.22507379266406463,-0.15112947814982725,-1.1714688892995473,-0.3579792230561304,0.8658696768128521,0.11979662047105363,-0.6899481944646998,-0.3325227240546802,-0.06966899744200132,-0.7176724253779333,1.0,-1
1.047065936999359,-0.2452146021801833,-0.8812209080826127,-0.682581078947164,-0.33778318405790814,-0.37952508199787327,-1.1714688892995473,-0.3579792230561304,-0.23189613379288193,4.1906596634118705,-0.15112947814982725,-1.3428019323919909,-1.53850835778766,-0.5188082286241692,-0.5147913917303727,-0.03650468852812796,-0.06966899744200131,-0.8582301772800381,-0.7176724253779333,-1.0,-1
-0.16117730197592636,0.3150169103793479,0.37360517762027795,0.8391905905670761,-0.33778318405790814,-0.37952508199787327,-1.1714688892995473,-0.3579792230561304,-0.23189613379288193,-0.22507379266406463,-0.15112947814982725,-1.3428019323919909,-1.53850835778766,-0.6899481944646998,-0.13250945666927252,1.1770332510683625,-0.5953764506673591,-0.5953764506673592,-0.2911273600927219,1.0,1
-1.2888709916861927,-0.9921899522595582,-0.4629455461816491,-0.682581078947164,-0.33778318405790814,-0.37952508199787327,-1.0001358462071037,-0.3579792230561304,-0.23189613379288193,-0.22507379266406463,-0.15112947814982725,-0.9430248318429559,1.2160596232525756,-0.26365409773465054,-0.6677041657548128,-0.3787846202091894,-1.121083903892717,-1.1210839038927172,-1.1442174906631448,-1.0,1
1.047065936999359,0.6885045854190354,-0.4629455461816491,-0.682581078947164,-0.33778318405790814,-0.37952508199787327,-0.8288028031146603,0.822549911675399,-0.23189613379288193,-0.22507379266406463,-0.15112947814982725,-0.9430248318429559,0.035530488521046066,-0.6121573009008222,-0.5147913917303727,0.4769152089934642,-0.858230177280038,-0.5953764506673592,0.9885078357629123,1.0,0
-0.40282594977098346,0.5017607478991917,0.37360517762027795,-0.682581078947164,-0.33778318405790814,-0.37952508199787327,-0.7716917887505124,1.2160596232525756,-0.23189613379288193,-0.22507379266406463,-0.15112947814982725,-0.7716917887505124,0.035530488521046066,-0.5343664073369446,-0.7441605527670326,0.1906447206783946,-0.5953764506673591,-0.8582301772800381,-0.7176724253779333,1.0,1
0.08047134581913068,-0.8054461147397145,-0.8812209080826127,0.8391905905670761,-0.33778318405790814,-0.37952508199787327,-0.6003587456580688,1.2160596232525756,-0.23189613379288193,-0.22507379266406463,-0.15112947814982725,-0.48613671692977306,0.822549911675399,-0.14541193951755663,-0.7441605527670326,-0.44101733506029156,-0.858230177280038,-0.8582301772800381,-0.2911273600927219,-1.0,-1
-0.3222764005059644,1.4354799354984105,2.046706625224132,0.8391905905670761,-0.33778318405790814,-0.37952508199787327,-0.6003587456580688,0.035530488521046066,-0.23189613379288193,-0.22507379266406463,-0.15112947814982725,-0.4290257025656252,2.0030790464069286,-0.44101733506029156,-0.7059323592609227,-0.14541193951755663,-0.5953764506673591,-0.8582301772800381,-0.7176724253779333,1.0,0
-0.48337549903600247,-0.2452146021801833,0.37360517762027795,-0.682581078947164,-0.33778318405790814,-0.37952508199787327,-0.5432477312939209,0.035530488521046066,-0.23189613379288193,-0.22507379266406463,-0.15112947814982725,-0.6003587456580688,0.035530488521046066,0.010169847610198573,-0.5912477787425927,-0.5188082286241692,-0.858230177280038,-0.06966899744200132,0.13541770519248952,-1.0,1
-0.8055736960960785,-0.6187022772198708,-0.4629455461816491,0.8391905905670761,-0.33778318405790814,-0.37952508199787327,-0.37191468820147733,0.035530488521046066,-0.23189613379288193,4.1906596634118705,-0.15112947814982725,-0.14347063074488592,0.4290402000982225,0.8658696768128521,0.11979662047105363,-0.6899481944646998,-0.858230177280038,0.7188921823960355,-1.1442174906631448,-1.0,-1
-7.820344588833574e-05,0.6885045854190354,1.210155901422205,0.8391905905670761,-0.33778318405790814,-0.37952508199787327,-0.37191468820147733,0.035530488521046066,3.886259345632435,-0.22507379266406463,6.616842804212003,-0.3148036738373295,-0.3579792230561304,-0.456575513773067,-0.7059323592609227,-0.14541193951755663,-0.3325227240546802,-0.5953764506673592,-0.7176724253779333,1.0,-1
-0.40282594977098346,-0.05847076466033954,-0.044670184280685594,-0.682581078947164,-0.33778318405790814,-0.37952508199787327,-0.37191468820147733,-0.3579792230561304,-0.23189613379288193,-0.22507379266406463,-0.15112947814982725,-0.08635961638073807,0.035530488521046066,0.4769152089934642,-0.2854222306937127,-0.640162022583818,-0.5953764506673591,0.1931847291706776,-0.7176724253779333,1.0,1
1.047065936999359,0.3150169103793479,-0.8812209080826127,2.3609622600813163,2.610663253057731,2.288808259011065,-0.20058164510903378,-0.3579792230561304,-0.23189613379288193,-0.22507379266406463,-0.15112947814982725,-0.7716917887505124,0.4290402000982225,-0.47213369248584247,-0.7059323592609227,-0.06762104595367903,-0.858230177280038,-0.8582301772800381,-0.2911273600927219,-1.0,-1
0.40266954287920675,-0.2452146021801833,0.7918805395212415,0.8391905905670761,-0.33778318405790814,-0.37952508199787327,-0.20058164510903378,-0.3579792230561304,-0.23189613379288193,-0.22507379266406463,-0.15112947814982725,0.08497342671170552,-1.1449986462104833,-0.03650468852812796,-0.7059323592609227,-0.48769187119861807,-0.5953764506673591,-0.06966899744200132,-0.2911273600927219,1.0,0
-0.6444745975660405,-0.6187022772198708,0.37360517762027795,-0.682581078947164,-0.33778318405790814,-0.37952508199787327,-0.14347063074488592,0.035530488521046066,-0.23189613379288193,-0.22507379266406463,-0.15112947814982725,0.3705284985324448,1.2160596232525756,0.7880787832489745,0.02040331735516768,-0.6806132872370344,-0.5953764506673591,-0.33252272405468025,0.13541770519248952,-1.0,-1
-0.3222764005059644,-0.431958439700027,-0.4629455461816491,-0.682581078947164,2.610663253057731,2.288808259011065,-0.14347063074488592,-1.1449986462104833,-0.23189613379288193,-0.22507379266406463,-0.15112947814982725,-0.6003587456580688,-0.7514889346333069,-0.3009937266453118,-0.7059323592609227,-0.3414449912985281,-1.121083903892717,-0.8582301772800381,0.13541770519248952,-1.0,0
0.1610208950841497,-0.05847076466033954,-0.4629455461816491,0.8391905905670761,-0.33778318405790814,-0.37952508199787327,-0.08635961638073807,-0.7514889346333069,-0.23189613379288193,-0.22507379266406463,-0.15112947814982725,0.31341748416829696,-0.3579792230561304,-0.3943427989219649,-0.8206169397792528,-0.19208647565588316,-0.5953764506673591,-0.33252272405468025,0.13541770519248952,1.0,-1
1.369264134059435,1.9957114480579417,0.7918805395212415,0.8391905905670761,-0.33778318405790814,-0.37952508199787327,-0.08635961638073807,-1.1449986462104833,-0.23189613379288193,-0.22507379266406463,-0.15112947814982725,-0.885913817478808,-1.53850835778766,-0.6588318370391487,-0.5147913917303727,1.0214514639406074,-0.858230177280038,-0.5953764506673592,-0.7176724253779333,1.0,-1
-2.255465582866421,-1.5524214648190895,-1.7177716318845397,0.8391905905670761,-0.33778318405790814,-0.37952508199787327,-0.08635961638073807,-1.1449986462104833,-0.23189613379288193,-0.22507379266406463,-0.15112947814982725,0.31341748416829696,-0.3579792230561304,0.4769152089934642,0.02040331735516768,-0.6588318370391487,-0.3325227240546802,0.1931847291706776,-0.7176724253779333,-1.0,0
0.1610208950841497,-1.1789337897794019,-0.044670184280685594,-0.682581078947164,-0.33778318405790814,-0.37952508199787327,-0.029248602016590203,-1.1449986462104833,-0.23189613379288193,-0.22507379266406463,-0.15112947814982725,-0.029248602016590203,-1.1449986462104833,-0.363226441496414,-0.7441605527670326,-0.26365409773465054,-0.3325227240546802,-0.8582301772800381,-0.7176724253779333,-1.0,-1
0.40266954287920675,-0.431958439700027,0.7918805395212415,-0.682581078947164,2.610663253057731,2.288808259011065,-0.029248602016590203,-1.1449986462104833,-0.23189613379288193,-0.22507379266406463,-0.15112947814982725,0.42763951289659263,1.2160596232525756,-0.03650468852812796,-0.6677041657548128,-0.5032500499113935,-0.5953764506673591,-0.06966899744200132,0.13541770519248952,1.0,1
-0.48337549903600247,0.1282730728595042,-1.2994962699835761,0.8391905905670761,-0.33778318405790814,-0.37952508199787327,0.14208444107585336,0.035530488521046066,-0.23189613379288193,-0.22507379266406463,-0.15112947814982725,1.0558606709022191,0.035530488521046066,-0.06762104595367903,-0.5912477787425927,-0.5032500499113935,-0.858230177280038,-0.5953764506673592,-0.2911273600927219,1.0,0
-0.08062775271090736,-0.6187022772198708,-0.4629455461816491,-0.682581078947164,2.610663253057731,2.288808259011065,0.19919545544000122,0.035530488521046066,-0.23189613379288193,-0.22507379266406463,-0.15112947814982725,0.31341748416829696,-1.53850835778766,-0.19208647565588316,-0.7441605527670326,-0.4192358848624057,-0.5953764506673591,-0.8582301772800381,-0.2911273600927219,-1.0,1
-0.6444745975660405,0.5017607478991917,0.37360517762027795,-0.682581078947164,-0.33778318405790814,-0.37952508199787327,0.3705284985324448,1.2160596232525756,-0.23189613379288193,-0.22507379266406463,-0.15112947814982725,0.6560835703531841,-0.3579792230561304,-0.4192358848624057,-0.6677041657548128,-0.2232028330814342,-0.858230177280038,-1.1210839038927172,-1.1442174906631448,1.0,1
0.1610208950841497,0.3150169103793479,-0.044670184280685594,0.8391905905670761,-0.33778318405790814,-0.37952508199787327,0.5418615416248884,1.2160596232525756,-0.23189613379288193,-0.22507379266406463,-0.15112947814982725,0.08497342671170552,-0.3579792230561304,-0.47213369248584247,-0.7441605527670326,-0.06762104595367903,-0.858230177280038,-0.5953764506673592,1.4150529010481239,-1.0,0
-1.7721682872763067,-1.1789337897794019,-1.2994962699835761,-0.682581078947164,-0.33778318405790814,-0.37952508199787327,0.6560835703531841,-0.7514889346333069,-0.23189613379288193,4.1906596634118705,-0.15112947814982725,2.3694140012776197,0.822549911675399,3.5107600579846903,2.1611821536973284,-0.7895205382264632,-0.3325227240546802,0.1931847291706776,-0.7176724253779333,-1.0,-1
0.08047134581913068,-0.431958439700027,-0.8812209080826127,0.8391905905670761,-0.33778318405790814,-0.37952508199787327,0.5989725559890362,1.2160596232525756,-0.23189613379288193,-0.22507379266406463,-0.15112947814982725,0.9416386421739233,0.035530488521046066,-0.19208647565588316,-0.7059323592609227,-0.4192358848624057,-0.3325227240546802,-0.33252272405468025,-0.7176724253779333,-1.0,0
0.24157044434916872,-0.431958439700027,0.37360517762027795,0.8391905905670761,-0.33778318405790814,-0.37952508199787327,0.6560835703531841,0.4290402000982225,-0.23189613379288193,-0.22507379266406463,-0.15112947814982725,1.112971685266367,-0.3579792230561304,0.32133342186570896,-0.3236504241998226,-0.6214922081284875,-0.858230177280038,0.9817459090087144,-1.1442174906631448,1.0,-1
1.208165035529397,1.4354799354984105,0.37360517762027795,-0.682581078947164,-0.33778318405790814,-0.37952508199787327,0.6560835703531841,-1.1449986462104833,-0.23189613379288193,-0.22507379266406463,-0.15112947814982725,1.455637771451254,0.035530488521046066,-0.26365409773465054,-0.7441605527670326,-0.363226441496414,-0.06966899744200131,-0.5953764506673592,-0.7176724253779333,1.0,-1
-7.820344588833574e-05,-0.9921899522595582,-0.4629455461816491,0.8391905905670761,-0.33778318405790814,-0.37952508199787327,0.6560835703531841,-1.53850835778766,-0.23189613379288193,-0.22507379266406463,-0.15112947814982725,0.14208444107585336,-1.53850835778766,-0.19208647565588316,-0.8970733267914728,-0.3787846202091894,-0.3325227240546802,-0.5953764506673592,-0.2911273600927219,-1.0,1
-0.16117730197592636,-0.431958439700027,-0.044670184280685594,-0.682581078947164,-0.33778318405790814,-0.37952508199787327,0.8274166134456277,-0.3579792230561304,-0.23189613379288193,-0.22507379266406463,-0.15112947814982725,-0.5432477312939209,-0.3579792230561304,-0.640162022583818,-0.5147913917303727,0.6324969961212193,-0.858230177280038,-0.8582301772800381,-0.7176724253779333,1.0,1
0.6443181906742638,-0.05847076466033954,-0.8812209080826127,0.8391905905670761,-0.33778318405790814,-0.37952508199787327,0.9987496565380712,0.822549911675399,-0.23189613379288193,-0.22507379266406463,-0.15112947814982725,0.5418615416248884,-1.53850835778766,-0.5343664073369446,-0.5912477787425927,0.0568443837485251,-0.858230177280038,-0.5953764506673592,-0.2911273600927219,1.0,-1
0.5637686414092448,1.4354799354984105,2.4649819871250958,-0.682581078947164,-0.33778318405790814,-0.37952508199787327,0.9987496565380712,0.822549911675399,-0.23189613379288193,-0.22507379266406463,-0.15112947814982725,0.08497342671170552,0.035530488521046066,-0.3787846202091894,-0.7441605527670326,-0.25431919050698526,-0.858230177280038,-0.33252272405468025,-0.7176724253779333,-1.0,0
0.8859668384693209,0.6885045854190354,0.7918805395212415,0.8391905905670761,-0.33778318405790814,-0.37952508199787327,1.0558606709022191,0.035530488521046066,-0.23189613379288193,-0.22507379266406463,-0.15112947814982725,0.7703055990814798,0.035530488521046066,-0.12985376080478117,-0.6677041657548128,-0.47213369248584247,-1.121083903892717,-0.8582301772800381,0.5619627704777009,1.0,1
-0.9666727946261165,0.5017607478991917,-0.4629455461816491,-0.682581078947164,-0.33778318405790814,-0.37952508199787327,1.2271937139946627,0.035530488521046066,-0.23189613379288193,-0.22507379266406463,-0.15112947814982725,1.8554148720002892,0.822549911675399,0.8658696768128521,0.11979662047105363,-0.6899481944646998,-0.5953764506673591,-0.06966899744200132,0.13541770519248952,-1.0,-1
0.7248677399392829,-0.6187022772198708,-0.4629455461816491,-0.682581078947164,-0.33778318405790814,-0.37952508199787327,1.2271937139946627,0.035530488521046066,-0.23189613379288193,-0.22507379266406463,-0.15112947814982725,1.8554148720002892,-0.3579792230561304,0.1501934560251783,-0.43833500471815257,-0.5810409434752711,-0.5953764506673591,-0.06966899744200132,0.13541770519248952,-1.0,-1
0.5637686414092448,0.3150169103793479,-0.044670184280685594,-0.682581078947164,-0.33778318405790814,-0.37952508199787327,1.2271937139946627,-0.3579792230561304,-0.23189613379288193,-0.22507379266406463,-0.15112947814982725,2.712080087462507,0.035530488521046066,-0.3787846202091894,-0.5147913917303727,-0.3165519053580873,-0.5953764506673591,-0.06966899744200132,0.13541770519248952,1.0,-1
-1.5305196394812497,-1.3656776272992457,-0.4629455461816491,-0.682581078947164,-0.33778318405790814,-0.37952508199787327,-1.3428019323919909,-1.53850835778766,-0.23189613379288193,-0.22507379266406463,-0.15112947814982725,-1.3428019323919909,-1.53850835778766,-0.19208647565588316,-0.7059323592609227,-0.4192358848624057,-0.3325227240546802,1.2445996356213933,-0.2911273600927219,1.0,1
-2.0138169350713637,0.1282730728595042,-0.044670184280685594,-0.682581078947164,2.610663253057731,2.288808259011065,-1.1714688892995473,-0.3579792230561304,-0.23189613379288193,-0.22507379266406463,-0.15112947814982725,-1.1714688892995473,-0.3579792230561304,1.7993603995793832,1.014336348514028,-0.752180909315802,-0.858230177280038,1.7703070888467514,-0.2911273600927219,-1.0,1
-0.6444745975660405,-0.8054461147397145,-1.2994962699835761,-0.682581078947164,-0.33778318405790814,-0.37952508199787327,-1.0001358462071037,0.822549911675399,-0.23189613379288193,-0.22507379266406463,-0.15112947814982725,-1.0001358462071037,0.822549911675399,0.010169847610198573,-0.7059323592609227,-0.5032500499113935,-0.5953764506673591,0.1931847291706776,1.8415979663333353,1.0,-1
-1.6110691887462687,-1.5524214648190895,-1.7177716318845397,-0.682581078947164,-0.33778318405790814,-0.37952508199787327,-1.0001358462071037,0.822549911675399,-0.23189613379288193,-0.22507379266406463,-0.15112947814982725,-1.1143578749353995,0.035530488521046066,1.3326150381961177,0.4409134459223777,-0.7210645518902509,-0.06966899744200131,1.5074533622340722,-1.1442174906631448,-1.0,-1
-1.2888709916861927,-2.2993968148984645,-1.7177716318845397,-0.682581078947164,2.610663253057731,2.288808259011065,-1.0001358462071037,-0.3579792230561304,-0.23189613379288193,-0.22507379266406463,-0.15112947814982725,-1.1714688892995473,-0.3579792230561304,-0.3414449912985281,-0.6677041657548128,-0.3165519053580873,-0.5953764506673591,-0.5953764506673592,-0.2911273600927219,1.0,0
-1.1277718931561547,0.3150169103793479,2.4649819871250958,0.8391905905670761,-0.33778318405790814,-0.37952508199787327,-0.9430248318429559,-1.1449986462104833,-0.23189613379288193,-0.22507379266406463,-0.15112947814982725,-1.285690918027843,-1.1449986462104833,-0.3165519053580873,-0.8206169397792528,-0.3009937266453118,-0.5953764506673591,-0.8582301772800381,-0.7176724253779333,-1.0,1
0.40266954287920675,-0.2452146021801833,-0.8812209080826127,2.3609622600813163,-0.33778318405790814,-0.37952508199787327,-0.7716917887505124,0.035530488521046066,3.886259345632435,-0.22507379266406463,-0.15112947814982725,-0.7716917887505124,1.2160596232525756,0.1906447206783946,-0.7441605527670326,-0.5343664073369446,-0.858230177280038,-0.5953764506673592,-0.7176724253779333,-1.0,-1
-1.1277718931561547,-0.431958439700027,0.7918805395212415,0.8391905905670761,-0.33778318405790814,-0.37952508199787327,-0.7716917887505124,0.035530488521046066,-0.23189613379288193,-0.22507379266406463,-0.15112947814982725,-0.7716917887505124,-0.3579792230561304,-0.26365409773465054,-0.5912477787425927,-0.3943427989219649,-1.121083903892717,-1.1210839038927172,-1.1442174906631448,1.0,1
0.32211999361418775,0.5017607478991917,0.37360517762027795,-0.682581078947164,-0.33778318405790814,-0.37952508199787327,-0.6003587456580688,0.822549911675399,-0.23189613379288193,-0.22507379266406463,-0.15112947814982725,-1.2285799036636953,-1.1449986462104833,-0.3009937266453118,-0.8206169397792528,-0.3009937266453118,0.1931847291706776,-0.06966899744200132,-0.7176724253779333,-1.0,-1
0.5637686414092448,-0.05847076466033954,-0.4629455461816491,0.8391905905670761,-0.33778318405790814,-0.37952508199787327,-0.6003587456580688,-0.3579792230561304,-0.23189613379288193,-0.22507379266406463,-0.15112947814982725,-0.7145807743863645,-0.3579792230561304,-0.5188082286241692,-0.7059323592609227,0.010169847610198573,-0.3325227240546802,0.1931847291706776,0.5619627704777009,1.0,-1
-7.820344588833574e-05,1.0619922604587229,0.7918805395212415,-0.682581078947164,-0.33778318405790814,-0.37952508199787327,-0.6003587456580688,-0.3579792230561304,-0.23189613379288193,-0.22507379266406463,-0.15112947814982725,-1.0001358462071037,-0.3579792230561304,-0.363226441496414,-0.7441605527670326,-0.26365409773465054,-0.06966899744200131,-0.06966899744200132,-0.2911273600927219,-1.0,1
-0.48337549903600247,0.6885045854190354,0.37360517762027795,2.3609622600813163,-0.33778318405790814,-0.37952508199787327,-0.4290257025656252,-0.3579792230561304,-0.23189613379288193,-0.22507379266406463,-0.15112947814982725,0.027862412347557656,1.2160596232525756,0.24354252830183137,-0.20896584368149262,-0.6214922081284875,-0.858230177280038,1.7703070888467514,-0.2911273600927219,1.0,0
-0.16117730197592636,-0.8054461147397145,-0.8812209080826127,-0.682581078947164,-0.33778318405790814,-0.37952508199787327,-0.37191468820147733,0.035530488521046066,3.886259345632435,-0.22507379266406463,6.616842804212003,-0.20058164510903378,0.822549911675399,-0.03650468852812796,-0.5912477787425927,-0.5188082286241692,0.1931847291706776,0.1931847291706776,0.5619627704777009,-1.0,0
-1.1277718931561547,-1.3656776272992457,-0.4629455461816491,-0.682581078947164,-0.33778318405790814,-0.37952508199787327,-0.3148036738373295,0.4290402000982225,-0.23189613379288193,-0.22507379266406463,-0.15112947814982725,0.25630646980414906,1.2160596232525756,0.8658696768128521,0.11979662047105363,-0.6899481944646998,-0.06966899744200131,1.2445996356213933,-0.7176724253779333,1.0,-1
0.8859668384693209,0.1282730728595042,0.7918805395212415,2.3609622600813163,-0.33778318405790814,-0.37952508199787327,-0.3148036738373295,-0.7514889346333069,-0.23189613379288193,-0.22507379266406463,-0.15112947814982725,0.08497342671170552,1.2160596232525756,0.025728026322974037,-0.3236504241998226,-0.5654827647624957,-0.06966899744200131,-0.33252272405468025,-0.7176724253779333,-1.0,-1
-1.2888709916861927,-1.5524214648190895,-1.2994962699835761,-0.682581078947164,-0.33778318405790814,-0.37952508199787327,-0.3148036738373295,-1.1449986462104833,-0.23189613379288193,-0.22507379266406463,-0.15112947814982725,0.25630646980414906,0.035530488521046066,0.010169847610198573,-0.5147913917303727,-0.5343664073369446,0.4560384557833565,0.1931847291706776,-0.7176724253779333,1.0,0
-0.48337549903600247,-0.6187022772198708,-0.044670184280685594,-0.682581078947164,-0.33778318405790814,-0.37952508199787327,-0.25769265947318165,-1.1449986462104833,-0.23189613379288193,-0.22507379266406463,-0.15112947814982725,-1.2285799036636953,-1.1449986462104833,-0.5499245860497202,-0.5147913917303727,0.0568443837485251,-1.121083903892717,-0.5953764506673592,-1.1442174906631448,1.0,1
-1.3694205409512117,-0.05847076466033954,-0.8812209080826127,0.8391905905670761,-0.33778318405790814,-0.37952508199787327,-0.08635961638073807,0.035530488521046066,-0.23189613379288193,-0.22507379266406463,-0.15112947814982725,-0.029248602016590203,2.0030790464069286,0.8658696768128521,-0.13250945666927252,-0.6806132872370344,-0.5953764506673591,0.9817459090087144,0.5619627704777009,-1.0,0
-1.6916187380112877,-1.9259091398587769,-1.7177716318845397,-0.682581078947164,-0.33778318405790814,-0.37952508199787327,-0.029248602016590203,0.4290402000982225,-0.23189613379288193,-0.22507379266406463,-0.15112947814982725,0.8274166134456277,2.0030790464069286,4.133087206495711,3.3080279588806287,-0.8019670811966837,-0.5953764506673591,1.5074533622340722,-0.2911273600927219,-1.0,-1
0.32211999361418775,-1.1789337897794019,-0.4629455461816491,-0.682581078947164,-0.33778318405790814,-0.37952508199787327,-0.029248602016590203,0.035530488521046066,-0.23189613379288193,-0.22507379266406463,-0.15112947814982725,0.4847505272607405,2.0030790464069286,-0.19208647565588316,-0.7059323592609227,-0.4192358848624057,0.1931847291706776,0.1931847291706776,0.9885078357629123,1.0,-1
-0.16117730197592636,-0.2452146021801833,-0.8812209080826127,2.3609622600813163,-0.33778318405790814,-0.37952508199787327,-0.029248602016590203,-1.1449986462104833,-0.23189613379288193,-0.22507379266406463,-0.15112947814982725,-0.029248602016590203,-1.1449986462104833,-0.26365409773465054,-0.7441605527670326,-0.363226441496414,-0.858230177280038,-0.33252272405468025,-0.7176724253779333,1.0,1
-0.8861232453610975,-1.1789337897794019,-0.4629455461816491,-0.682581078947164,-0.33778318405790814,-0.37952508199787327,0.14208444107585336,-0.3579792230561304,-0.23189613379288193,-0.22507379266406463,-0.15112947814982725,-0.08635961638073807,-0.3579792230561304,-0.3476682627836383,-0.7441605527670326,-0.28543554793253634,-0.3325227240546802,0.45603845578335656,0.5619627704777009,-1.0,1
-1.3694205409512117,-0.8054461147397145,-0.4629455461816491,-0.682581078947164,-0.33778318405790814,-0.37952508199787327,0.31341748416829696,0.822549911675399,-0.23189613379288193,-0.22507379266406463,-0.15112947814982725,0.4847505272607405,0.822549911675399,0.1501934560251783,-0.2854222306937127,-0.5965991221880467,-0.858230177280038,-1.1210839038927172,-1.1442174906631448,-1.0,-1
0.32211999361418775,0.1282730728595042,-0.4629455461816491,-0.682581078947164,-0.33778318405790814,-0.37952508199787327,0.31341748416829696,0.822549911675399,-0.23189613379288193,-0.22507379266406463,-0.15112947814982725,0.027862412347557656,-1.1449986462104833,-0.4192358848624057,-0.8206169397792528,-0.16097011823033208,0.1931847291706776,0.1931847291706776,-0.7176724253779333,1.0,-1
-1.9332673858063447,-1.7391653023389333,-0.8812209080826127,-0.682581078947164,-0.33778318405790814,-0.37952508199787327,0.31341748416829696,-0.3579792230561304,-0.23189613379288193,-0.22507379266406463,-0.15112947814982725,0.14208444107585336,0.4290402000982225,0.5547061025573418,-0.5147913917303727,-0.6277154796135976,-0.5953764506673591,-0.5953764506673592,0.13541770519248952,-1.0,1
-0.8055736960960785,-1.7391653023389333,-1.7177716318845397,-0.682581078947164,-0.33778318405790814,-0.37952508199787327,0.4847505272607405,-0.3579792230561304,-0.23189613379288193,-0.22507379266406463,-0.15112947814982725,-0.08635961638073807,1.2160596232525756,-0.06762104595367903,-0.7441605527670326,-0.47213369248584247,-0.3325227240546802,-0.8582301772800381,-0.7176724253779333,1.0,0
-1.0472223438911357,-0.8054461147397145,-0.8812209080826127,0.8391905905670761,-0.33778318405790814,-0.37952508199787327,0.713194584717332,0.035530488521046066,-0.23189613379288193,-0.22507379266406463,-0.15112947814982725,1.8554148720002892,1.2160596232525756,1.3326150381961177,0.4409134459223777,-0.7210645518902509,-0.5953764506673591,1.7703070888467514,-0.2911273600927219,1.0,0
-1.0472223438911357,-1.3656776272992457,-1.2994962699835761,-0.682581078947164,-0.33778318405790814,-0.37952508199787327,0.5418615416248884,0.035530488521046066,-0.23189613379288193,-0.22507379266406463,-0.15112947814982725,1.0558606709022191,-0.3579792230561304,1.0214514639406074,0.24977247839182762,-0.7055063731774752,-0.858230177280038,1.7703070888467514,0.13541770519248952,-1.0,-1
-0.40282594977098346,-1.3656776272992457,-0.4629455461816491,-0.682581078947164,2.610663253057731,2.288808259011065,0.5418615416248884,0.035530488521046066,-0.23189613379288193,-0.22507379266406463,-0.15112947814982725,-0.3148036738373295,0.4290402000982225,-0.48769187119861807,-0.7441605527670326,-0.03650468852812796,0.1931847291706776,-0.06966899744200132,-0.2911273600927219,1.0,1
0.1610208950841497,0.1282730728595042,0.7918805395212415,-0.682581078947164,-0.33778318405790814,-0.37952508199787327,0.7703055990814798,0.035530488521046066,-0.23189613379288193,-0.22507379266406463,-0.15112947814982725,1.3414157427229585,-0.3579792230561304,0.39912431542958654,-0.5147913917303727,-0.6121573009008222,-0.5953764506673591,0.45603845578335656,1.8415979663333353,-1.0,0
-1.1277718931561547,-2.112652977378621,-1.2994962699835761,-0.682581078947164,-0.33778318405790814,-0.37952508199787327,0.8274166134456277,0.4290402000982225,-0.23189613379288193,-0.22507379266406463,-0.15112947814982725,1.5698598001795498,0.035530488521046066,1.0214514639406074,-0.2854222306937127,-0.6806132872370344,-0.06966899744200131,1.7703070888467514,-1.1442174906631448,1.0,-1
-1.2888709916861927,-1.5524214648190895,-0.8812209080826127,-0.682581078947164,-0.33778318405790814,-0.37952508199787327,0.8274166134456277,-1.1449986462104833,-0.23189613379288193,-0.22507379266406463,-0.15112947814982725,2.0267479150927326,-0.3579792230561304,1.4881968253238729,0.11979662047105363,-0.7210645518902509,0.4560384557833565,0.1931847291706776,-0.2911273600927219,-1.0,-1
-1.4499700902162307,-0.6187022772198708,-0.044670184280685594,-0.682581078947164,-0.33778318405790814,-0.37952508199787327,0.8274166134456277,-1.53850835778766,-0.23189613379288193,-0.22507379266406463,-0.15112947814982725,3.054746173647394,0.822549911675399,1.9549421867071386,0.6320544134529278,-0.7428460020881366,-0.5953764506673591,1.7703070888467514,-0.2911273600927219,1.0,-1
-7.820344588833574e-05,1.622223773018254,1.6284312633231686,0.8391905905670761,-0.33778318405790814,-0.37952508199787327,0.8274166134456277,-1.53850835778766,-0.23189613379288193,-0.22507379266406463,-0.15112947814982725,-0.37191468820147733,-0.3579792230561304,-0.3943427989219649,-0.7441605527670326,-0.2232028330814342,-0.858230177280038,-0.5953764506673592,-1.1442174906631448,-1.0,1
-0.9666727946261165,-0.431958439700027,-0.4629455461816491,0.8391905905670761,-0.33778318405790814,2.288808259011065,0.8274166134456277,-0.7514889346333069,-0.23189613379288193,-0.22507379266406463,-0.15112947814982725,0.713194584717332,-0.3579792230561304,-0.06762104595367903,-0.43833500471815257,-0.5188082286241692,-0.06966899744200131,1.2445996356213933,-0.2911273600927219,-1.0,-1
-0.40282594977098346,1.9957114480579417,1.6284312633231686,2.3609622600813163,-0.33778318405790814,-0.37952508199787327,0.9987496565380712,-0.3579792230561304,-0.23189613379288193,-0.22507379266406463,-0.15112947814982725,1.455637771451254,0.035530488521046066,-0.2232028330814342,-0.43833500471815257,-0.456575513773067,-0.06966899744200131,-0.06966899744200132,-0.7176724253779333,1.0,1
-1.4499700902162307,-0.05847076466033954,0.7918805395212415,-0.682581078947164,-0.33778318405790814,-0.37952508199787327,1.1700826996305147,0.822549911675399,-0.23189613379288193,-0.22507379266406463,-0.15112947814982725,1.7983038576361412,2.0030790464069286,0.7102878896850969,0.24977247839182762,-0.6899481944646998,-0.5953764506673591,0.9817459090087144,0.9885078357629123,1.0,-1
-1.5305196394812497,-1.3656776272992457,-0.044670184280685594,0.8391905905670761,-0.33778318405790814,-0.37952508199787327,1.1700826996305147,0.822549911675399,-0.23189613379288193,-0.22507379266406463,-0.15112947814982725,2.4265250156417677,2.0030790464069286,3.5107600579846903,3.3080279588806287,-0.8019670811966837,-0.06966899744200131,1.5074533622340722,-0.7176724253779333,-1.0,-1
1.530363232589473,-0.6187022772198708,0.37360517762027795,2.3609622600813163,-0.33778318405790814,-0.37952508199787327,-1.3428019323919909,-1.53850835778766,-0.23189613379288193,-0.22507379266406463,-0.15112947814982725,-1.3428019323919909,-1.53850835778766,-0.4192358848624057,-0.7059323592609227,-0.19208647565588316,1.2445996356213933,-0.33252272405468025,-0.2911273600927219,-1.0,-1
0.08047134581913068,0.1282730728595042,0.7918805395212415,0.8391905905670761,2.610663253057731,2.288808259011065,-1.3428019323919909,-1.53850835778766,-0.23189613379288193,-0.22507379266406463,-0.15112947814982725,-1.3428019323919909,-1.53850835778766,-0.2232028330814342,-0.6677041657548128,-0.4192358848624057,-0.3325227240546802,1.7703070888467514,-0.2911273600927219,1.0,-1
-0.2417268512409454,-1.3656776272992457,-1.2994962699835761,-0.682581078947164,-0.33778318405790814,-0.37952508199787327,-1.3428019323919909,-1.53850835778766,-0.23189613379288193,-0.22507379266406463,-0.15112947814982725,-1.3428019323919909,-1.53850835778766,-0.44101733506029156,-0.6677041657548128,-0.16097011823033208,-0.5953764506673591,0.1931847291706776,0.13541770519248952,-1.0,1
0.9665163877343399,0.1282730728595042,1.210155901422205,-0.682581078947164,-0.33778318405790814,-0.37952508199787327,-1.1714688892995473,-0.3579792230561304,-0.23189613379288193,-0.22507379266406463,-0.15112947814982725,-1.285690918027843,-1.1449986462104833,-0.6214922081284875,-0.2854222306937127,0.32133342186570896,0.4560384557833565,-0.06966899744200132,-0.2911273600927219,1.0,1
-0.2417268512409454,0.1282730728595042,0.7918805395212415,-0.682581078947164,-0.33778318405790814,-0.37952508199787327,-1.0001358462071037,0.822549911675399,-0.23189613379288193,-0.22507379266406463,-0.15112947814982725,-0.9430248318429559,0.035530488521046066,0.8658696768128521,0.4409134459223777,-0.7055063731774752,-0.3325227240546802,1.2445996356213933,0.5619627704777009,-1.0,0
0.32211999361418775,0.1282730728595042,0.7918805395212415,-0.682581078947164,-0.33778318405790814,-0.37952508199787327,-0.9430248318429559,1.2160596232525756,-0.23189613379288193,-0.22507379266406463,-0.15112947814982725,-0.6003587456580688,1.2160596232525756,-0.3009937266453118,-0.5912477787425927,-0.363226441496414,0.1931847291706776,0.7188921823960355,0.5619627704777009,1.0,1
-0.48337549903600247,-0.6187022772198708,-0.044670184280685594,2.3609622600813163,-0.33778318405790814,-0.37952508199787327,-0.7716917887505124,1.2160596232525756,-0.23189613379288193,-0.22507379266406463,-0.15112947814982725,-0.6574697600222167,0.822549911675399,-0.28543554793253634,-0.5147913917303727,-0.3943427989219649,0.4560384557833565,-0.8582301772800381,0.13541770519248952,-1.0,1
0.8859668384693209,0.5017607478991917,1.210155901422205,-0.682581078947164,-0.33778318405790814,-0.37952508199787327,-0.6003587456580688,1.2160596232525756,-0.23189613379288193,-0.22507379266406463,-0.15112947814982725,-0.7145807743863645,0.035530488521046066,-0.5343664073369446,-0.43833500471815257,-0.005388331102576891,0.1931847291706776,0.1931847291706776,0.5619627704777009,1.0,1
0.32211999361418775,-0.9921899522595582,-0.8812209080826127,-0.682581078947164,-0.33778318405790814,-0.37952508199787327,-0.4290257025656252,2.0030790464069286,-0.23189613379288193,-0.22507379266406463,-0.15112947814982725,-0.6003587456580688,0.035530488521046066,-0.14541193951755663,-0.7059323592609227,-0.44101733506029156,-0.858230177280038,-0.5953764506673592,-0.7176724253779333,-1.0,0
-7.820344588833574e-05,-0.431958439700027,0.37360517762027795,0.8391905905670761,-0.33778318405790814,-0.37952508199787327,-0.37191468820147733,1.2160596232525756,-0.23189613379288193,-0.22507379266406463,-0.15112947814982725,-0.4290257025656252,0.822549911675399,0.08796074117407617,-0.5147913917303727,-0.5499245860497202,-0.5953764506673591,0.7188921823960355,1.8415979663333353,1.0,-1
0.1610208950841497,-0.6187022772198708,-0.8812209080826127,-0.682581078947164,2.610663253057731,2.288808259011065,-0.37191468820147733,0.035530488521046066,-0.23189613379288193,-0.22507379266406463,-0.15112947814982725,-0.7716917887505124,0.4290402000982225,-0.25431919050698526,-0.5912477787425927,-0.3943427989219649,-0.5953764506673591,-1.1210839038927172,0.5619627704777009,-1.0,1
1.369264134059435,0.6885045854190354,0.7918805395212415,0.8391905905670761,-0.33778318405790814,-0.37952508199787327,-0.20058164510903378,0.035530488521046066,-0.23189613379288193,-0.22507379266406463,-0.15112947814982725,-1.285690918027843,-1.53850835778766,-0.6277154796135976,-0.3236504241998226,0.39912431542958654,-0.5953764506673591,-1.1210839038927172,-1.1442174906631448,1.0,1
1.127615486264378,0.1282730728595042,-0.4629455461816491,-0.682581078947164,-0.33778318405790814,-0.37952508199787327,-0.029248602016590203,0.822549911675399,-0.23189613379288193,-0.22507379266406463,-0.15112947814982725,-0.6003587456580688,-1.53850835778766,-0.19208647565588316,-0.5147913917303727,-0.456575513773067,-0.3325227240546802,0.9817459090087144,0.9885078357629123,-1.0,0
-0.16117730197592636,-0.6187022772198708,-0.4629455461816491,-0.682581078947164,-0.33778318405790814,-0.37952508199787327,0.027862412347557656,1.2160596232525756,-0.23189613379288193,-0.22507379266406463,-0.15112947814982725,-0.029248602016590203,0.4290402000982225,1.0214514639406074,0.24977247839182762,-0.7086180089200305,-0.3325227240546802,1.7703070888467514,-0.2911273600927219,1.0,-1
0.24157044434916872,-1.7391653023389333,-0.8812209080826127,0.8391905905670761,-0.33778318405790814,-0.37952508199787327,0.027862412347557656,0.035530488521046066,-0.23189613379288193,-0.22507379266406463,-0.15112947814982725,-0.7716917887505124,-0.3579792230561304,-0.44101733506029156,-0.6677041657548128,-0.16097011823033208,-0.3325227240546802,-0.8582301772800381,-0.2911273600927219,-1.0,0
0.9665163877343399,-0.8054461147397145,-0.4629455461816491,0.8391905905670761,-0.33778318405790814,-0.37952508199787327,0.08497342671170552,-0.7514889346333069,-0.23189613379288193,-0.22507379266406463,-0.15112947814982725,-0.08635961638073807,-0.7514889346333069,-0.5032500499113935,-0.43833500471815257,-0.0987374033792301,-0.06966899744200131,1.2445996356213933,0.13541770519248952,1.0,0
-1.2888709916861927,-0.9921899522595582,-0.8812209080826127,-0.682581078947164,-0.33778318405790814,-0.37952508199787327,0.14208444107585336,-0.7514889346333069,-0.23189613379288193,-0.22507379266406463,-0.15112947814982725,0.5418615416248884,0.4290402000982225,0.39912431542958654,0.11979662047105363,-0.6557202012965936,-0.3325227240546802,1.5074533622340722,0.13541770519248952,1.0,1
0.24157044434916872,-0.8054461147397145,-0.4629455461816491,-0.682581078947164,-0.33778318405790814,-0.37952508199787327,0.31341748416829696,0.035530488521046066,-0.23189613379288193,-0.22507379266406463,-0.15112947814982725,0.6560835703531841,1.2160596232525756,0.24354252830183137,-0.3236504241998226,-0.5965991221880467,-0.06966899744200131,0.1931847291706776,0.13541770519248952,-1.0,-1
0.6443181906742638,0.1282730728595042,0.37360517762027795,0.8391905905670761,-0.33778318405790814,-0.37952508199787327,0.31341748416829696,-0.3579792230561304,-0.23189613379288193,-0.22507379266406463,-0.15112947814982725,0.19919545544000122,1.2160596232525756,-0.06762104595367903,-0.43833500471815257,-0.5188082286241692,-0.3325227240546802,0.9817459090087144,1.4150529010481239,1.0,-1
0.7248677399392829,1.4354799354984105,-0.044670184280685594,0.8391905905670761,-0.33778318405790814,-0.37952508199787327,0.31341748416829696,-1.53850835778766,-0.23189613379288193,-0.22507379266406463,-0.15112947814982725,0.3705284985324448,-1.1449986462104833,-0.28543554793253634,-0.43833500471815257,-0.4192358848624057,0.7188921823960354,-0.8582301772800381,0.13541770519248952,1.0,-1
-1.9332673858063447,-1.7391653023389333,-1.2994962699835761,0.8391905905670761,-0.33778318405790814,-0.37952508199787327,0.31341748416829696,-1.53850835778766,8.004414825057752,4.1906596634118705,-0.15112947814982725,0.9987496565380712,-0.7514889346333069,1.0214514639406074,0.4409134459223777,-0.7210645518902509,-0.5953764506673591,0.9817459090087144,1.8415979663333353,-1.0,-1
1.8525614296495492,0.3150169103793479,0.37360517762027795,0.8391905905670761,-0.33778318405790814,-0.37952508199787327,0.31341748416829696,-1.53850835778766,-0.23189613379288193,-0.22507379266406463,-0.15112947814982725,-0.08635961638073807,-0.3579792230561304,-0.4099009776347405,-0.6677041657548128,-0.2232028330814342,0.4560384557833565,0.1931847291706776,0.5619627704777009,-1.0,-1
0.08047134581913068,-0.9921899522595582,-0.4629455461816491,-0.682581078947164,-0.33778318405790814,-0.37952508199787327,0.31341748416829696,-1.53850835778766,-0.23189613379288193,-0.22507379266406463,-0.15112947814982725,0.19919545544000122,0.035530488521046066,-0.4192358848624057,-0.7441605527670326,-0.19208647565588316,-0.858230177280038,-0.5953764506673592,-0.2911273600927219,1.0,-1
-1.6110691887462687,-1.5524214648190895,-1.2994962699835761,-0.682581078947164,-0.33778318405790814,-0.37952508199787327,0.31341748416829696,-1.53850835778766,-0.23189613379288193,-0.22507379266406463,-0.15112947814982725,1.0558606709022191,2.0030790464069286,0.39912431542958654,-0.2854222306937127,-0.6277154796135976,-0.3325227240546802,1.2445996356213933,0.9885078357629123,1.0,0
0.32211999361418775,0.1282730728595042,0.37360517762027795,-0.682581078947164,-0.33778318405790814,-0.37952508199787327,0.31341748416829696,0.4290402000982225,-0.23189613379288193,-0.22507379266406463,-0.15112947814982725,-0.029248602016590203,0.822549911675399,-0.19208647565588316,-0.5147913917303727,-0.456575513773067,-1.121083903892717,-1.1210839038927172,-1.1442174906631448,-1.0,-1
0.24157044434916872,-0.6187022772198708,-1.2994962699835761,-0.682581078947164,-0.33778318405790814,-0.37952508199787327,0.3705284985324448,-1.1449986462104833,-0.23189613379288193,-0.22507379266406463,-0.15112947814982725,0.9987496565380712,0.035530488521046066,-0.12985376080478117,-0.5147913917303727,-0.48769187119861807,0.4560384557833565,0.7188921823960355,0.5619627704777009,-1.0,-1
-0.08062775271090736,0.3150169103793479,0.7918805395212415,-0.682581078947164,2.610663253057731,2.288808259011065,0.3705284985324448,-1.1449986462104833,-0.23189613379288193,-0.22507379266406463,-0.15112947814982725,-0.7145807743863645,-1.53850835778766,-0.5343664073369446,-0.5147913917303727,-0.03650468852812796,-0.3325227240546802,-1.1210839038927172,-1.1442174906631448,-1.0,1
-0.6444745975660405,-0.431958439700027,0.37360517762027795,2.3609622600813163,2.610663253057731,2.288808259011065,0.8845276278097756,0.822549911675399,-0.23189613379288193,-0.22507379266406463,-0.15112947814982725,2.8834131305549504,0.822549911675399,3.5107600579846903,2.5434640887584283,-0.7895205382264632,-0.3325227240546802,2.0331608154594303,-0.2911273600927219,-1.0,-1
0.7248677399392829,-0.6187022772198708,-0.044670184280685594,0.8391905905670761,-0.33778318405790814,-0.37952508199787327,0.5418615416248884,0.035530488521046066,-0.23189613379288193,-0.22507379266406463,-0.15112947814982725,0.14208444107585336,-1.53850835778766,-0.25431919050698526,-0.8206169397792528,-0.3787846202091894,-0.3325227240546802,-1.1210839038927172,0.5619627704777009,1.0,-1
0.24157044434916872,2.1824552855777855,1.6284312633231686,-0.682581078947164,-0.33778318405790814,-0.37952508199787327,0.5418615416248884,-0.3579792230561304,-0.23189613379288193,-0.22507379266406463,-0.15112947814982725,0.5418615416248884,0.4290402000982225,-0.5188082286241692,-0.6677041657548128,0.025728026322974037,-0.3325227240546802,0.1931847291706776,0.13541770519248952,1.0,1
0.8054172892043019,0.1282730728595042,-0.4629455461816491,0.8391905905670761,-0.33778318405790814,2.288808259011065,0.713194584717332,-0.3579792230561304,-0.23189613379288193,-0.22507379266406463,-0.15112947814982725,-0.14347063074488592,-0.3579792230561304,-0.5032500499113935,-0.6677041657548128,-0.03650468852812796,0.7188921823960354,-0.06966899744200132,-0.2911273600927219,-1.0,-1
-0.9666727946261165,-0.431958439700027,0.37360517762027795,-0.682581078947164,-0.33778318405790814,-0.37952508199787327,0.5418615416248884,-0.3579792230561304,-0.23189613379288193,-0.22507379266406463,-0.15112947814982725,1.2271937139946627,0.822549911675399,0.24354252830183137,-0.2854222306937127,-0.6121573009008222,-0.3325227240546802,2.0331608154594303,-0.2911273600927219,-1.0,-1
-1.6110691887462687,-1.5524214648190895,-0.8812209080826127,-0.682581078947164,2.610663253057731,2.288808259011065,0.8845276278097756,-0.3579792230561304,3.886259345632435,-0.22507379266406463,-0.15112947814982725,2.198080958185176,0.822549911675399,0.025728026322974037,-0.2854222306937127,-0.5654827647624957,-0.06966899744200131,0.45603845578335656,0.13541770519248952,1.0,0
-0.3222764005059644,-0.05847076466033954,0.7918805395212415,-0.682581078947164,-0.33778318405790814,-0.37952508199787327,0.9416386421739233,0.035530488521046066,-0.23189613379288193,-0.22507379266406463,-0.15112947814982725,1.912525886364437,0.4290402000982225,2.266105760962649,1.396618283575128,-0.7677390880285774,-0.06966899744200131,1.5074533622340722,0.13541770519248952,-1.0,-1
0.9665163877343399,0.1282730728595042,0.7918805395212415,0.8391905905670761,-0.33778318405790814,-0.37952508199787327,0.713194584717332,-0.3579792230561304,-0.23189613379288193,-0.22507379266406463,-0.15112947814982725,0.8274166134456277,-0.7514889346333069,-0.5188082286241692,-0.43833500471815257,-0.06762104595367903,1.2445996356213933,-0.06966899744200132,-0.2911273600927219,1.0,1
-0.2417268512409454,-0.2452146021801833,0.7918805395212415,0.8391905905670761,-0.33778318405790814,-0.37952508199787327,0.9416386421739233,-1.1449986462104833,-0.23189613379288193,-0.22507379266406463,-0.15112947814982725,0.19919545544000122,-1.53850835778766,-0.5343664073369446,-0.43833500471815257,-0.03650468852812796,-0.3325227240546802,-0.8582301772800381,0.13541770519248952,1.0,1
0.08047134581913068,1.0619922604587229,-0.4629455461816491,0.8391905905670761,-0.33778318405790814,-0.37952508199787327,1.112971685266367,0.035530488521046066,-0.23189613379288193,-0.22507379266406463,-0.15112947814982725,1.6840818289078456,0.822549911675399,-0.363226441496414,-0.20896584368149262,-0.3787846202091894,-1.121083903892717,-0.8582301772800381,-1.1442174906631448,1.0,-1
0.9665163877343399,0.8752484229388792,0.37360517762027795,-0.682581078947164,-0.33778318405790814,-0.37952508199787327,1.112971685266367,-0.3579792230561304,-0.23189613379288193,-0.22507379266406463,-0.15112947814982725,2.198080958185176,0.035530488521046066,0.39912431542958654,-0.13250945666927252,-0.6432736583263733,-0.06966899744200131,1.2445996356213933,0.5619627704777009,-1.0,-1
0.1610208950841497,0.1282730728595042,-0.4629455461816491,-0.682581078947164,-0.33778318405790814,-0.37952508199787327,-1.3428019323919909,-1.53850835778766,-0.23189613379288193,-0.22507379266406463,-0.15112947814982725,-1.3428019323919909,-1.53850835778766,0.39912431542958654,0.11979662047105363,-0.6557202012965936,-1.121083903892717,0.1931847291706776,-0.7176724253779333,1.0,-1
0.24157044434916872,-0.05847076466033954,0.37360517762027795,-0.682581078947164,2.610663253057731,2.288808259011065,-1.3428019323919909,-1.53850835778766,3.886259345632435,-0.22507379266406463,-0.15112947814982725,-1.1714688892995473,-0.3579792230561304,-0.26365409773465054,-0.8206169397792528,-0.3476682627836383,-0.5953764506673591,-1.1210839038927172,0.5619627704777009,-1.0,1
0.24157044434916872,0.8752484229388792,-0.044670184280685594,-0.682581078947164,2.610663253057731,2.288808259011065,-1.1714688892995473,-0.3579792230561304,-0.23189613379288193,4.1906596634118705,-0.15112947814982725,-1.1714688892995473,-0.3579792230561304,0.32133342186570896,-0.3236504241998226,-0.6214922081284875,-0.5953764506673591,-0.06966899744200132,-1.1442174906631448,1.0,-1
0.5637686414092448,-0.2452146021801833,-0.4629455461816491,0.8391905905670761,-0.33778318405790814,-0.37952508199787327,-1.1714688892995473,-0.3579792230561304,-0.23189613379288193,-0.22507379266406463,-0.15112947814982725,-0.8288028031146603,2.0030790464069286,0.33689160057848444,-0.3236504241998226,-0.6214922081284875,-0.5953764506673591,-0.33252272405468025,-0.7176724253779333,-1.0,-1
1.288714584794416,1.4354799354984105,-0.4629455461816491,-0.682581078947164,-0.33778318405790814,-0.37952508199787327,-1.1714688892995473,-0.3579792230561304,3.886259345632435,-0.22507379266406463,-0.15112947814982725,-1.0001358462071037,-0.3579792230561304,-0.3165519053580873,-0.6677041657548128,-0.3414449912985281,-0.5953764506673591,-0.5953764506673592,-0.2911273600927219,-1.0,0
-7.820344588833574e-05,-1.3656776272992457,-0.4629455461816491,-0.682581078947164,-0.33778318405790814,-0.37952508199787327,-1.1143578749353995,-1.1449986462104833,-0.23189613379288193,-0.22507379266406463,-0.15112947814982725,-1.2285799036636953,-0.7514889346333069,-0.6277154796135976,-0.13250945666927252,0.32133342186570896,-0.858230177280038,-0.8582301772800381,-1.1442174906631448,1.0,0
0.48321909214422576,-1.1789337897794019,-0.8812209080826127,-0.682581078947164,-0.33778318405790814,-0.37952508199787327,-1.0572468605712517,-0.7514889346333069,-0.23189613379288193,-0.22507379266406463,-0.15112947814982725,-0.7145807743863645,1.2160596232525756,0.5547061025573418,-0.13250945666927252,-0.6557202012965936,-0.858230177280038,-0.06966899744200132,-0.7176724253779333,-1.0,-1
0.7248677399392829,1.2487360979785667,-0.4629455461816491,0.8391905905670761,-0.33778318405790814,-0.37952508199787327,-1.0572468605712517,-0.7514889346333069,-0.23189613379288193,-0.22507379266406463,-0.15112947814982725,-1.285690918027843,-1.1449986462104833,-0.5810409434752711,-0.5147913917303727,0.1906447206783946,-0.858230177280038,-0.5953764506673592,0.13541770519248952,1.0,0
-0.48337549903600247,-0.9921899522595582,-0.4629455461816491,-0.682581078947164,-0.33778318405790814,-0.37952508199787327,-1.0001358462071037,-0.7514889346333069,3.886259345632435,-0.22507379266406463,6.616842804212003,-0.48613671692977306,-0.3579792230561304,-0.16097011823033208,-0.43833500471815257,-0.48769187119861807,-1.121083903892717,-0.8582301772800381,-0.7176724253779333,-1.0,1
-0.8055736960960785,-0.6187022772198708,-0.8812209080826127,0.8391905905670761,2.610663253057731,4.9571416000200035,-0.8288028031146603,0.035530488521046066,-0.23189613379288193,-0.22507379266406463,-0.15112947814982725,-0.20058164510903378,1.2160596232525756,0.5547061025573418,0.02040331735516768,-0.668166744266814,-1.121083903892717,0.45603845578335656,-1.1442174906631448,1.0,0
-0.16117730197592636,-0.2452146021801833,-0.4629455461816491,-0.682581078947164,2.610663253057731,2.288808259011065,-0.7716917887505124,0.4290402000982225,-0.23189613379288193,-0.22507379266406463,-0.15112947814982725,-0.37191468820147733,0.035530488521046066,-0.3943427989219649,-0.5912477787425927,-0.25431919050698526,-1.121083903892717,-0.5953764506673592,0.5619627704777009,1.0,-1
-0.3222764005059644,-0.05847076466033954,-0.044670184280685594,-0.682581078947164,-0.33778318405790814,-0.37952508199787327,-0.7716917887505124,0.035530488521046066,-0.23189613379288193,-0.22507379266406463,-0.15112947814982725,-0.14347063074488592,-0.3579792230561304,0.025728026322974037,-0.5147913917303727,-0.5343664073369446,-1.121083903892717,-0.06966899744200132,-0.2911273600927219,-1.0,-1
0.32211999361418775,-0.6187022772198708,-0.044670184280685594,0.8391905905670761,-0.33778318405790814,-0.37952508199787327,-0.7716917887505124,-1.1449986462104833,-0.23189613379288193,-0.22507379266406463,-0.15112947814982725,-0.885913817478808,0.035530488521046066,-0.3787846202091894,-0.6677041657548128,-0.26365409773465054,-1.121083903892717,-0.8582301772800381,-0.7176724253779333,-1.0,0
1.8525614296495492,1.622223773018254,-0.044670184280685594,-0.682581078947164,-0.33778318405790814,-0.37952508199787327,-0.7145807743863645,-1.1449986462104833,-0.23189613379288193,-0.22507379266406463,-0.15112947814982725,-1.285690918027843,-1.53850835778766,-0.6432736583263733,-0.3236504241998226,0.5547061025573418,-1.121083903892717,-0.8582301772800381,-0.7176724253779333,1.0,0
0.48321909214422576,0.1282730728595042,-0.044670184280685594,-0.682581078947164,-0.33778318405790814,-0.37952508199787327,-0.6574697600222167,-0.7514889346333069,-0.23189613379288193,-0.22507379266406463,-0.15112947814982725,-0.14347063074488592,0.035530488521046066,-0.19208647565588316,-0.5912477787425927,-0.44101733506029156,-0.3325227240546802,-1.1210839038927172,0.13541770519248952,-1.0,0
-7.820344588833574e-05,0.1282730728595042,-0.8812209080826127,-0.682581078947164,-0.33778318405790814,-0.37952508199787327,-0.6003587456580688,-0.3579792230561304,-0.23189613379288193,-0.22507379266406463,-0.15112947814982725,-0.37191468820147733,0.035530488521046066,-0.14541193951755663,-0.5147913917303727,-0.47213369248584247,-0.3325227240546802,-0.8582301772800381,-0.2911273600927219,1.0,-1
0.32211999361418775,-0.05847076466033954,-0.4629455461816491,-0.682581078947164,2.610663253057731,2.288808259011065,-0.6003587456580688,-0.7514889346333069,-0.23189613379288193,4.1906596634118705,-0.15112947814982725,-0.14347063074488592,-1.1449986462104833,-0.3414449912985281,-0.7059323592609227,-0.3009937266453118,-0.858230177280038,-1.1210839038927172,0.13541770519248952,1.0,0
-1.2083214424211737,-1.3656776272992457,-1.2994962699835761,-0.682581078947164,-0.33778318405790814,-0.37952508199787327,-0.5432477312939209,-0.7514889346333069,-0.23189613379288193,-0.22507379266406463,-0.15112947814982725,0.6560835703531841,2.0030790464069286,3.821923632240201,3.3080279588806287,-0.8019670811966837,-1.121083903892717,0.45603845578335656,-1.1442174906631448,-1.0,-1
-1.2888709916861927,-0.9921899522595582,-0.8812209080826127,-0.682581078947164,-0.33778318405790814,-0.37952508199787327,-0.5432477312939209,-1.1449986462104833,-0.23189613379288193,-0.22507379266406463,-0.15112947814982725,0.14208444107585336,0.822549911675399,-0.0987374033792301,-0.5147913917303727,-0.5032500499113935,-1.121083903892717,-1.1210839038927172,-1.1442174906631448,-1.0,1
-7.820344588833574e-05,0.6885045854190354,0.37360517762027795,0.8391905905670761,-0.33778318405790814,-0.37952508199787327,-0.37191468820147733,0.035530488521046066,-0.23189613379288193,-0.22507379266406463,-0.15112947814982725,-0.6003587456580688,-1.1449986462104833,-0.5188082286241692,-0.5912477787425927,0.010169847610198573,-1.121083903892717,-0.8582301772800381,-0.2911273600927219,1.0,0
-0.5639250483010215,0.6885045854190354,-0.4629455461816491,-0.682581078947164,-0.33778318405790814,-0.37952508199787327,-0.3148036738373295,0.035530488521046066,-0.23189613379288193,-0.22507379266406463,-0.15112947814982725,0.713194584717332,0.822549911675399,-0.16097011823033208,-0.5912477787425927,-0.456575513773067,-0.858230177280038,0.1931847291706776,-0.7176724253779333,1.0,1
-1.0472223438911357,0.1282730728595042,-0.044670184280685594,-0.682581078947164,-0.33778318405790814,-0.37952508199787327,-0.14347063074488592,1.2160596232525756,-0.23189613379288193,-0.22507379266406463,-0.15112947814982725,0.9416386421739233,1.2160596232525756,1.643778612451628,0.8231953809834779,-0.7428460020881366,-1.121083903892717,0.45603845578335656,-0.7176724253779333,-1.0,1
-0.40282594977098346,-0.431958439700027,-0.8812209080826127,0.8391905905670761,-0.33778318405790814,-0.37952508199787327,0.027862412347557656,1.2160596232525756,-0.23189613379288193,-0.22507379266406463,-0.15112947814982725,-0.029248602016590203,-0.3579792230561304,-0.47213369248584247,-0.8206169397792528,-0.03650468852812796,-0.858230177280038,-0.5953764506673592,0.5619627704777009,-1.0,0
0.6443181906742638,2.5559429606174726,2.046706625224132,3.8827339295955565,-0.33778318405790814,-0.37952508199787327,0.08497342671170552,1.2160596232525756,-0.23189613379288193,-0.22507379266406463,-0.15112947814982725,0.713194584717332,0.822549911675399,-0.3165519053580873,-0.5147913917303727,-0.3787846202091894,-0.858230177280038,-0.8582301772800381,-0.7176724253779333,1.0,0
1.9331109789145682,2.369199123097629,0.37360517762027795,-0.682581078947164,-0.33778318405790814,-0.37952508199787327,0.14208444107585336,0.4290402000982225,-0.23189613379288193,-0.22507379266406463,-0.15112947814982725,0.31341748416829696,-0.3579792230561304,-0.6277154796135976,-0.5147913917303727,0.5547061025573418,-0.5953764506673591,-0.5953764506673592,0.13541770519248952,1.0,-1
1.449813683324454,0.1282730728595042,0.7918805395212415,0.8391905905670761,-0.33778318405790814,4.9571416000200035,0.14208444107585336,-0.7514889346333069,-0.23189613379288193,-0.22507379266406463,-0.15112947814982725,-0.5432477312939209,-0.7514889346333069,-0.5499245860497202,-0.6677041657548128,0.1501934560251783,-0.858230177280038,-0.8582301772800381,-0.7176724253779333,-1.0,-1
-1.0472223438911357,-0.9921899522595582,-0.8812209080826127,-0.682581078947164,-0.33778318405790814,-0.37952508199787327,0.14208444107585336,-1.1449986462104833,-0.23189613379288193,-0.22507379266406463,-0.15112947814982725,1.455637771451254,0.822549911675399,-0.363226441496414,-0.7059323592609227,-0.28543554793253634,-1.121083903892717,0.1931847291706776,-0.2911273600927219,1.0,-1
-0.7250241468310595,-0.8054461147397145,0.7918805395212415,0.8391905905670761,-0.33778318405790814,-0.37952508199787327,0.14208444107585336,-1.53850835778766,-0.23189613379288193,-0.22507379266406463,-0.15112947814982725,0.5418615416248884,0.035530488521046066,-0.3787846202091894,-0.8206169397792528,-0.25431919050698526,-1.121083903892717,-0.33252272405468025,0.5619627704777009,-1.0,1
1.208165035529397,-0.2452146021801833,0.7918805395212415,-0.682581078947164,-0.33778318405790814,-0.37952508199787327,0.31341748416829696,-0.3579792230561304,-0.23189613379288193,-0.22507379266406463,-0.15112947814982725,0.25630646980414906,-0.3579792230561304,-0.640162022583818,-0.5147913917303727,0.7102878896850969,-0.3325227240546802,-1.1210839038927172,0.5619627704777009,1.0,1
-0.5639250483010215,-1.3656776272992457,-0.4629455461816491,-0.682581078947164,-0.33778318405790814,-0.37952508199787327,0.4847505272607405,0.822549911675399,-0.23189613379288193,-0.22507379266406463,-0.15112947814982725,1.912525886364437,1.2160596232525756,0.5547061025573418,-0.13250945666927252,-0.6557202012965936,-0.5953764506673591,0.1931847291706776,-1.1442174906631448,-1.0,-1
0.40266954287920675,1.9957114480579417,-0.4629455461816491,2.3609622600813163,-0.33778318405790814,-0.37952508199787327,0.4847505272607405,0.822549911675399,-0.23189613379288193,-0.22507379266406463,-0.15112947814982725,1.3985267570871063,0.035530488521046066,-0.456575513773067,-0.6677041657548128,-0.12985376080478117,-0.5953764506673591,-0.06966899744200132,-0.7176724253779333,1.0,0
-1.1277718931561547,-0.2452146021801833,-0.8812209080826127,0.8391905905670761,-0.33778318405790814,-0.37952508199787327,0.5418615416248884,0.035530488521046066,3.886259345632435,-0.22507379266406463,6.616842804212003,1.7411928432719934,0.822549911675399,0.7102878896850969,-0.13250945666927252,-0.668166744266814,-1.121083903892717,0.45603845578335656,-0.7176724253779333,-1.0,0
1.449813683324454,0.8752484229388792,-0.044670184280685594,-0.682581078947164,-0.33778318405790814,-0.37952508199787327,0.5989725559890362,-0.7514889346333069,-0.23189613379288193,-0.22507379266406463,-0.15112947814982725,-0.5432477312939209,-1.53850835778766,-0.6121573009008222,-0.5912477787425927,0.4769152089934642,-1.121083903892717,-0.8582301772800381,-0.2911273600927219,-1.0,-1
-0.6444745975660405,0.6885045854190354,-0.044670184280685594,-0.682581078947164,2.610663253057731,2.288808259011065,0.5989725559890362,-0.7514889346333069,-0.23189613379288193,-0.22507379266406463,-0.15112947814982725,1.3414157427229585,0.4290402000982225,-0.5188082286241692,-0.5147913917303727,-0.06762104595367903,-0.858230177280038,-1.1210839038927172,-1.1442174906631448,1.0,1
-0.8861232453610975,-1.3656776272992457,-0.4629455461816491,-0.682581078947164,-0.33778318405790814,-0.37952508199787327,0.7703055990814798,0.035530488521046066,8.004414825057752,-0.22507379266406463,-0.15112947814982725,1.0558606709022191,0.035530488521046066,-0.47213369248584247,-0.6677041657548128,-0.12985376080478117,-0.858230177280038,-1.1210839038927172,0.5619627704777009,-1.0,-1
0.08047134581913068,-0.431958439700027,-0.8812209080826127,-0.682581078947164,-0.33778318405790814,-0.37952508199787327,0.7703055990814798,-0.3579792230561304,-0.23189613379288193,-0.22507379266406463,-0.15112947814982725,1.9696369007285848,-0.3579792230561304,-0.25431919050698526,-0.43833500471815257,-0.44101733506029156,-0.3325227240546802,-1.1210839038927172,0.5619627704777009,1.0,0
1.047065936999359,1.2487360979785667,0.7918805395212415,0.8391905905670761,-0.33778318405790814,-0.37952508199787327,0.8274166134456277,0.035530488521046066,-0.23189613379288193,-0.22507379266406463,-0.15112947814982725,3.397412259832281,0.822549911675399,1.0214514639406074,0.24977247839182762,-0.7055063731774752,-1.121083903892717,0.7188921823960355,-1.1442174906631448,1.0,1
-0.3222764005059644,-1.3656776272992457,-1.2994962699835761,-0.682581078947164,-0.33778318405790814,-0.37952508199787327,0.9987496565380712,0.035530488521046066,-0.23189613379288193,-0.22507379266406463,-0.15112947814982725,1.9696369007285848,2.0030790464069286,0.4769152089934642,0.11979662047105363,-0.668166744266814,-0.3325227240546802,-0.5953764506673592,-0.2911273600927219,-1.0,-1
-1.3694205409512117,0.6885045854190354,0.37360517762027795,0.8391905905670761,-0.33778318405790814,-0.37952508199787327,-1.3428019323919909,-1.53850835778766,-0.23189613379288193,4.1906596634118705,-0.15112947814982725,-1.1714688892995473,-0.3579792230561304,0.5547061025573418,-0.13250945666927252,-0.6557202012965936,-0.3325227240546802,0.1931847291706776,-0.2911273600927219,-1.0,-1
0.24157044434916872,-0.431958439700027,-0.8812209080826127,0.8391905905670761,-0.33778318405790814,-0.37952508199787327,-1.3428019323919909,-1.53850835778766,-0.23189613379288193,-0.22507379266406463,-0.15112947814982725,-1.3428019323919909,-1.53850835778766,-0.16097011823033208,-0.6677041657548128,-0.44101733506029156,0.1931847291706776,-0.5953764506673592,0.13541770519248952,1.0,-1
0.1610208950841497,-0.9921899522595582,-0.4629455461816491,-0.682581078947164,-0.33778318405790814,-0.37952508199787327,-1.3428019323919909,-1.53850835778766,-0.23189613379288193,-0.22507379266406463,-0.15112947814982725,-1.1143578749353995,0.035530488521046066,-0.19208647565588316,-0.7441605527670326,-0.4099009776347405,-0.5953764506673591,-0.5953764506673592,0.5619627704777009,-1.0,-1
-0.5639250483010215,-0.6187022772198708,-0.044670184280685594,0.8391905905670761,-0.33778318405790814,-0.37952508199787327,-1.3428019323919909,-1.53850835778766,-0.23189613379288193,-0.22507379266406463,-0.15112947814982725,-1.285690918027843,-1.1449986462104833,-0.25431919050698526,-0.6677041657548128,-0.3943427989219649,-0.858230177280038,-0.33252272405468025,-0.2911273600927219,-1.0,0
-0.8861232453610975,0.1282730728595042,-0.4629455461816491,0.8391905905670761,-0.33778318405790814,-0.37952508199787327,-1.285690918027843,-1.1449986462104833,-0.23189613379288193,-0.22507379266406463,-0.15112947814982725,-0.885913817478808,0.4290402000982225,0.6324969961212193,-0.13250945666927252,-0.6588318370391487,-0.858230177280038,0.45603845578335656,0.13541770519248952,1.0,-1
-1.0472223438911357,-1.3656776272992457,-1.7177716318845397,-0.682581078947164,-0.33778318405790814,-0.37952508199787327,-1.285690918027843,-1.1449986462104833,-0.23189613379288193,-0.22507379266406463,-0.15112947814982725,-0.8288028031146603,0.4290402000982225,0.7102878896850969,0.24977247839182762,-0.6899481944646998,-0.858230177280038,0.45603845578335656,0.13541770519248952,1.0,-1
-0.7250241468310595,-1.5524214648190895,-1.2994962699835761,-0.682581078947164,-0.33778318405790814,-0.37952508199787327,-1.285690918027843,-1.1449986462104833,-0.23189613379288193,-0.22507379266406463,-0.15112947814982725,-1.0572468605712517,-0.7514889346333069,0.1906447206783946,-0.5147913917303727,-0.5810409434752711,-0.5953764506673591,-0.8582301772800381,0.13541770519248952,-1.0,0
-0.3222764005059644,-0.431958439700027,-0.044670184280685594,-0.682581078947164,-0.33778318405790814,-0.37952508199787327,-1.2285799036636953,-1.1449986462104833,-0.23189613379288193,-0.22507379266406463,-0.15112947814982725,-0.6003587456580688,0.822549911675399,-0.3009937266453118,-0.8206169397792528,-0.3009937266453118,-0.06966899744200131,0.1931847291706776,-0.7176724253779333,1.0,1
-1.4499700902162307,-0.6187022772198708,-1.2994962699835761,0.8391905905670761,-0.33778318405790814,-0.37952508199787327,-1.0572468605712517,0.035530488521046066,-0.23189613379288193,-0.22507379266406463,-0.15112947814982725,-0.48613671692977306,0.035530488521046066,3.821923632240201,2.5434640887584283,-0.7957438097115733,-0.858230177280038,0.7188921823960355,-0.2911273600927219,-1.0,-1
-0.6444745975660405,-0.8054461147397145,-0.4629455461816491,-0.682581078947164,-0.33778318405790814,-0.37952508199787327,-1.0572468605712517,0.035530488521046066,-0.23189613379288193,-0.22507379266406463,-0.15112947814982725,-0.4290257025656252,-0.3579792230561304,0.08796074117407617,-0.5147913917303727,-0.5654827647624957,-0.06966899744200131,0.45603845578335656,-1.1442174906631448,1.0,0
-1.2083214424211737,-0.431958439700027,-0.8812209080826127,-0.682581078947164,-0.33778318405790814,-0.37952508199787327,-1.0001358462071037,0.035530488521046066,-0.23189613379288193,-0.22507379266406463,-0.15112947814982725,-0.6003587456580688,-1.1449986462104833,0.7880787832489745,0.02040331735516768,-0.6806132872370344,-1.121083903892717,1.2445996356213933,-0.7176724253779333,-1.0,1
-0.7250241468310595,-1.1789337897794019,-0.044670184280685594,0.8391905905670761,-0.33778318405790814,-0.37952508199787327,-0.8288028031146603,0.035530488521046066,-0.23189613379288193,-0.22507379266406463,-0.15112947814982725,-0.14347063074488592,0.822549911675399,0.24354252830183137,-0.2854222306937127,-0.6121573009008222,-0.858230177280038,-0.8582301772800381,-0.2911273600927219,-1.0,0
-1.0472223438911357,-0.431958439700027,-0.044670184280685594,0.8391905905670761,-0.33778318405790814,-0.37952508199787327,-0.7716917887505124,0.4290402000982225,-0.23189613379288193,-0.22507379266406463,-0.15112947814982725,-0.20058164510903378,-0.3579792230561304,-0.06762104595367903,-0.7059323592609227,-0.47213369248584247,-0.858230177280038,-0.8582301772800381,-0.2911273600927219,1.0,1
-0.08062775271090736,0.3150169103793479,0.7918805395212415,-0.682581078947164,-0.33778318405790814,-0.37952508199787327,-0.6003587456580688,1.2160596232525756,-0.23189613379288193,-0.22507379266406463,-0.15112947814982725,-0.37191468820147733,-0.3579792230561304,0.1906447206783946,-0.13250945666927252,-0.6214922081284875,-1.121083903892717,-1.1210839038927172,-1.1442174906631448,-1.0,-1
-1.0472223438911357,-1.3656776272992457,-0.4629455461816491,0.8391905905670761,-0.33778318405790814,-0.37952508199787327,-0.6003587456580688,0.035530488521046066,-0.23189613379288193,-0.22507379266406463,-0.15112947814982725,-1.2285799036636953,-1.1449986462104833,-0.4192358848624057,-0.8206169397792528,-0.14541193951755663,-1.121083903892717,-0.8582301772800381,-0.7176724253779333,1.0,1
-0.9666727946261165,-0.2452146021801833,-1.7177716318845397,-0.682581078947164,-0.33778318405790814,-0.37952508199787327,-1.3428019323919909,-1.53850835778766,-0.23189613379288193,-0.22507379266406463,-0.15112947814982725,-1.3428019323919909,-1.53850835778766,1.0214514639406074,0.24977247839182762,-0.7055063731774752,-0.858230177280038,0.1931847291706776,0.5619627704777009,1.0,-1
0.40266954287920675,-0.431958439700027,-0.8812209080826127,0.8391905905670761,-0.33778318405790814,-0.37952508199787327,-0.20058164510903378,1.2160596232525756,-0.23189613379288193,-0.22507379266406463,-0.15112947814982725,0.31341748416829696,1.2160596232525756,0.32133342186570896,-0.5147913917303727,-0.5965991221880467,-0.06966899744200131,0.1931847291706776,-0.7176724253779333,-1.0,-1
-1.7721682872763067,-1.3656776272992457,-0.4629455461816491,-0.682581078947164,2.610663253057731,2.288808259011065,-0.37191468820147733,0.035530488521046066,-0.23189613379288193,-0.22507379266406463,-0.15112947814982725,0.5418615416248884,-0.7514889346333069,3.5107600579846903,2.5434640887584283,-0.7895205382264632,-0.858230177280038,0.7188921823960355,-0.2911273600927219,-1.0,1
-0.8861232453610975,-0.431958439700027,0.37360517762027795,-0.682581078947164,-0.33778318405790814,-0.37952508199787327,-0.20058164510903378,0.035530488521046066,-0.23189613379288193,-0.22507379266406463,-0.15112947814982725,0.3705284985324448,-1.1449986462104833,0.025728026322974037,-0.5147913917303727,-0.5499245860497202,-0.858230177280038,-0.8582301772800381,0.13541770519248952,1.0,1
-1.6110691887462687,-2.112652977378621,-1.7177716318845397,-0.682581078947164,-0.33778318405790814,-0.37952508199787327,-0.029248602016590203,0.822549911675399,-0.23189613379288193,-0.22507379266406463,-0.15112947814982725,0.3705284985324448,0.035530488521046066,1.7993603995793832,0.6320544134529278,-0.7428460020881366,-0.858230177280038,0.7188921823960355,0.13541770519248952,-1.0,-1
-1.9332673858063447,-1.9259091398587769,-1.7177716318845397,-0.682581078947164,-0.33778318405790814,-0.37952508199787327,-0.029248602016590203,-0.3579792230561304,-0.23189613379288193,-0.22507379266406463,-0.15112947814982725,1.3414157427229585,2.0030790464069286,2.8884329094736696,2.1611821536973284,-0.7832972667413529,-0.858230177280038,0.9817459090087144,-0.2911273600927219,1.0,-1
0.40266954287920675,1.4354799354984105,1.210155901422205,0.8391905905670761,-0.33778318405790814,-0.37952508199787327,-0.029248602016590203,-0.3579792230561304,-0.23189613379288193,-0.22507379266406463,-0.15112947814982725,0.027862412347557656,1.2160596232525756,-0.03650468852812796,-0.8206169397792528,-0.47213369248584247,-0.5953764506673591,-0.8582301772800381,0.5619627704777009,1.0,0
-0.3222764005059644,0.6885045854190354,-0.044670184280685594,-0.682581078947164,-0.33778318405790814,-0.37952508199787327,0.027862412347557656,-1.1449986462104833,-0.23189613379288193,-0.22507379266406463,-0.15112947814982725,0.31341748416829696,0.822549911675399,-0.16097011823033208,-0.8206169397792528,-0.4192358848624057,0.1931847291706776,0.1931847291706776,-0.7176724253779333,-1.0,1
-0.2417268512409454,-0.8054461147397145,-0.4629455461816491,-0.682581078947164,-0.33778318405790814,-0.37952508199787327,-0.4290257025656252,0.822549911675399,-0.23189613379288193,-0.22507379266406463,-0.15112947814982725,-0.6574697600222167,-0.3579792230561304,-0.3009937266453118,-0.7441605527670326,-0.3165519053580873,-0.858230177280038,-0.8582301772800381,-1.1442174906631448,1.0,0
0.9665163877343399,-1.1789337897794019,-1.2994962699835761,0.8391905905670761,-0.33778318405790814,-0.37952508199787327,0.19919545544000122,0.035530488521046066,-0.23189613379288193,-0.22507379266406463,-0.15112947814982725,-0.6003587456580688,-1.1449986462104833,-0.5343664073369446,-0.6677041657548128,0.08796074117407617,-0.858230177280038,-0.33252272405468025,0.13541770519248952,1.0,0
-0.6444745975660405,-0.431958439700027,-0.4629455461816491,-0.682581078947164,-0.33778318405790814,-0.37952508199787327,0.25630646980414906,0.4290402000982225,-0.23189613379288193,-0.22507379266406463,-0.15112947814982725,0.8845276278097756,-0.3579792230561304,0.8658696768128521,-0.13250945666927252,-0.6806132872370344,-0.858230177280038,0.7188921823960355,0.13541770519248952,-1.0,-1
-0.8861232453610975,-0.05847076466033954,1.210155901422205,0.8391905905670761,-0.33778318405790814,-0.37952508199787327,0.4847505272607405,0.035530488521046066,-0.23189613379288193,-0.22507379266406463,-0.15112947814982725,1.7983038576361412,0.822549911675399,0.08796074117407617,-0.7059323592609227,-0.5343664073369446,-0.3325227240546802,0.45603845578335656,-0.2911273600927219,1.0,0
-0.7250241468310595,-0.6187022772198708,0.37360517762027795,-0.682581078947164,-0.33778318405790814,-0.37952508199787327,0.25630646980414906,0.035530488521046066,-0.23189613379288193,-0.22507379266406463,-0.15112947814982725,0.7703055990814798,0.822549911675399,0.5547061025573418,-0.13250945666927252,-0.6557202012965936,-0.858230177280038,1.2445996356213933,-0.7176724253779333,1.0,0
-1.2083214424211737,0.3150169103793479,0.37360517762027795,0.8391905905670761,-0.33778318405790814,-0.37952508199787327,0.31341748416829696,-0.7514889346333069,-0.23189613379288193,-0.22507379266406463,-0.15112947814982725,1.1700826996305147,0.822549911675399,0.24354252830183137,-0.5147913917303727,-0.5872642149603814,-0.06966899744200131,0.45603845578335656,-0.7176724253779333,-1.0,1
-0.2417268512409454,-1.1789337897794019,-0.044670184280685594,-0.682581078947164,2.610663253057731,2.288808259011065,0.5418615416248884,0.4290402000982225,-0.23189613379288193,-0.22507379266406463,-0.15112947814982725,0.5418615416248884,-0.3579792230561304,0.025728026322974037,-0.6677041657548128,-0.5188082286241692,0.1931847291706776,-0.33252272405468025,0.13541770519248952,-1.0,-1
0.48321909214422576,2.1824552855777855,-0.044670184280685594,0.8391905905670761,-0.33778318405790814,-0.37952508199787327,0.5418615416248884,0.035530488521046066,-0.23189613379288193,-0.22507379266406463,-0.15112947814982725,0.31341748416829696,-0.7514889346333069,-0.44101733506029156,-0.8206169397792528,-0.0987374033792301,-0.5953764506673591,-0.33252272405468025,0.5619627704777009,1.0,-1
-1.5305196394812497,-0.431958439700027,-0.4629455461816491,-0.682581078947164,-0.33778318405790814,-0.37952508199787327,0.5418615416248884,-1.1449986462104833,-0.23189613379288193,-0.22507379266406463,-0.15112947814982725,2.255191972549324,1.2160596232525756,1.643778612451628,0.8231953809834779,-0.7428460020881366,-0.858230177280038,0.45603845578335656,0.5619627704777009,-1.0,-1
-0.6444745975660405,0.3150169103793479,1.210155901422205,-0.682581078947164,-0.33778318405790814,-0.37952508199787327,0.5418615416248884,-1.53850835778766,-0.23189613379288193,-0.22507379266406463,-0.15112947814982725,0.9987496565380712,0.822549911675399,0.0568443837485251,-0.5912477787425927,-0.5343664073369446,-0.5953764506673591,-0.8582301772800381,-0.2911273600927219,-1.0,1
-0.40282594977098346,-0.9921899522595582,-1.2994962699835761,-0.682581078947164,2.610663253057731,2.288808259011065,0.713194584717332,-0.3579792230561304,-0.23189613379288193,-0.22507379266406463,-0.15112947814982725,1.7983038576361412,-0.3579792230561304,-0.19208647565588316,-0.43833500471815257,-0.47213369248584247,-0.06966899744200131,0.45603845578335656,-0.7176724253779333,1.0,-1
-1.4499700902162307,0.3150169103793479,0.37360517762027795,-0.682581078947164,-0.33778318405790814,-0.37952508199787327,0.713194584717332,-0.3579792230561304,-0.23189613379288193,-0.22507379266406463,-0.15112947814982725,0.19919545544000122,-1.1449986462104833,-0.12985376080478117,-0.5912477787425927,-0.47213369248584247,-0.858230177280038,-0.8582301772800381,-0.7176724253779333,-1.0,1
-0.16117730197592636,0.6885045854190354,-0.044670184280685594,0.8391905905670761,-0.33778318405790814,-0.37952508199787327,0.8845276278097756,0.822549911675399,-0.23189613379288193,-0.22507379266406463,-0.15112947814982725,1.512748785815402,0.035530488521046066,-0.16097011823033208,-0.3236504241998226,-0.5032500499113935,-1.121083903892717,-0.8582301772800381,-1.1442174906631448,1.0,-1
-0.7250241468310595,-0.431958439700027,-0.4629455461816491,-0.682581078947164,-0.33778318405790814,-0.37952508199787327,0.8845276278097756,-0.3579792230561304,-0.23189613379288193,-0.22507379266406463,-0.15112947814982725,2.255191972549324,2.0030790464069286,2.266105760962649,2.1611821536973284,-0.7770739952562428,-0.5953764506673591,0.7188921823960355,-0.2911273600927219,1.0,-1
0.5637686414092448,-0.431958439700027,-0.4629455461816491,-0.682581078947164,-0.33778318405790814,-0.37952508199787327,0.8845276278097756,-0.3579792230561304,-0.23189613379288193,-0.22507379266406463,-0.15112947814982725,-0.20058164510903378,-0.3579792230561304,-0.4099009776347405,-0.43833500471815257,-0.28543554793253634,-0.858230177280038,-0.8582301772800381,-0.7176724253779333,-1.0,-1
-0.3222764005059644,-1.3656776272992457,-0.8812209080826127,-0.682581078947164,-0.33778318405790814,-0.37952508199787327,-1.3428019323919909,-1.53850835778766,-0.23189613379288193,-0.22507379266406463,-0.15112947814982725,-1.3428019323919909,-1.53850835778766,0.7102878896850969,0.11979662047105363,-0.6806132872370344,-0.858230177280038,0.45603845578335656,-0.2911273600927219,1.0,-1
-0.08062775271090736,0.1282730728595042,0.37360517762027795,0.8391905905670761,2.610663253057731,2.288808259011065,-1.3428019323919909,-1.53850835778766,-0.23189613379288193,-0.22507379266406463,-0.15112947814982725,-1.3428019323919909,-1.53850835778766,0.6324969961212193,-0.20896584368149262,-0.6557202012965936,-1.121083903892717,-1.1210839038927172,-1.1442174906631448,-1.0,-1
1.127615486264378,0.6885045854190354,-0.8812209080826127,-0.682581078947164,-0.33778318405790814,-0.37952508199787327,-1.3428019323919909,-1.53850835778766,-0.23189613379288193,-0.22507379266406463,-0.15112947814982725,-1.1714688892995473,-0.3579792230561304,-0.25431919050698526,-0.7059323592609227,-0.3787846202091894,-0.3325227240546802,-0.8582301772800381,0.5619627704777009,1.0,-1
0.1610208950841497,-0.431958439700027,-0.8812209080826127,0.8391905905670761,-0.33778318405790814,-0.37952508199787327,-1.3428019323919909,-1.53850835778766,-0.23189613379288193,-0.22507379266406463,-0.15112947814982725,-1.1714688892995473,-0.3579792230561304,1.1770332510683625,-0.13250945666927252,-0.6899481944646998,-0.5953764506673591,-0.5953764506673592,-0.2911273600927219,-1.0,-1
0.6443181906742638,0.3150169103793479,0.7918805395212415,0.8391905905670761,-0.33778318405790814,2.288808259011065,-1.3428019323919909,-1.53850835778766,-0.23189613379288193,-0.22507379266406463,-0.15112947814982725,-1.3428019323919909,-1.53850835778766,-0.005388331102576891,-0.6677041657548128,-0.5032500499113935,-1.121083903892717,-1.1210839038927172,-1.1442174906631448,-1.0,0
1.127615486264378,0.6885045854190354,-0.4629455461816491,-0.682581078947164,-0.33778318405790814,-0.37952508199787327,-1.285690918027843,-1.1449986462104833,3.886259345632435,-0.22507379266406463,-0.15112947814982725,-0.9430248318429559,-1.1449986462104833,-0.3009937266453118,-0.8206169397792528,-0.3165519053580873,-0.858230177280038,-0.5953764506673592,-0.7176724253779333,1.0,-1
-0.2417268512409454,0.1282730728595042,-0.044670184280685594,-0.682581078947164,-0.33778318405790814,-0.37952508199787327,-1.285690918027843,-1.1449986462104833,-0.23189613379288193,-0.22507379266406463,-0.15112947814982725,-1.1714688892995473,-0.7514889346333069,-0.4099009776347405,-0.6677041657548128,-0.2232028330814342,-0.3325227240546802,-0.8582301772800381,0.5619627704777009,1.0,1
-0.2417268512409454,-0.05847076466033954,-0.8812209080826127,2.3609622600813163,-0.33778318405790814,2.288808259011065,-1.1143578749353995,0.035530488521046066,-0.23189613379288193,-0.22507379266406463,-0.15112947814982725,-0.885913817478808,-0.7514889346333069,0.1501934560251783,-0.3236504241998226,-0.5872642149603814,-0.5953764506673591,0.1931847291706776,-0.7176724253779333,-1.0,-1
0.32211999361418775,0.1282730728595042,0.7918805395212415,-0.682581078947164,-0.33778318405790814,2.288808259011065,-1.1143578749353995,-0.3579792230561304,-0.23189613379288193,-0.22507379266406463,-0.15112947814982725,-0.6003587456580688,-1.53850835778766,0.0568443837485251,-0.20896584368149262,-0.5810409434752711,-0.858230177280038,0.7188921823960355,-0.2911273600927219,1.0,-1
-1.4499700902162307,-0.6187022772198708,-0.044670184280685594,0.8391905905670761,2.610663253057731,2.288808259011065,-1.1143578749353995,-0.3579792230561304,-0.23189613379288193,-0.22507379266406463,-0.15112947814982725,-0.3148036738373295,0.822549911675399,0.8658696768128521,0.11979662047105363,-0.6899481944646998,-1.121083903892717,-0.8582301772800381,-0.7176724253779333,-1.0,1
-1.5305196394812497,-1.1789337897794019,-1.2994962699835761,-0.682581078947164,-0.33778318405790814,-0.37952508199787327,-0.9430248318429559,-0.3579792230561304,-0.23189613379288193,-0.22507379266406463,-0.15112947814982725,-0.3148036738373295,0.035530488521046066,4.755414355006732,5.2194376341861295,-0.8144136241669039,-1.121083903892717,0.9817459090087144,-0.2911273600927219,-1.0,-1
-1.9332673858063447,-0.431958439700027,0.37360517762027795,-0.682581078947164,-0.33778318405790814,-0.37952508199787327,-0.9430248318429559,-0.3579792230561304,-0.23189613379288193,-0.22507379266406463,-0.15112947814982725,0.027862412347557656,1.2160596232525756,1.643778612451628,1.014336348514028,-0.752180909315802,-0.5953764506673591,0.9817459090087144,-1.1442174906631448,1.0,0
-0.3222764005059644,-0.6187022772198708,-0.044670184280685594,-0.682581078947164,-0.33778318405790814,-0.37952508199787327,-0.885913817478808,0.035530488521046066,-0.23189613379288193,-0.22507379266406463,-0.15112947814982725,-0.7716917887505124,-1.1449986462104833,-0.26365409773465054,-0.6677041657548128,-0.3787846202091894,-0.858230177280038,-1.1210839038927172,-0.7176724253779333,1.0,0
0.08047134581913068,-0.2452146021801833,-0.044670184280685594,0.8391905905670761,-0.33778318405790814,-0.37952508199787327,-0.8288028031146603,-0.7514889346333069,3.886259345632435,-0.22507379266406463,-0.15112947814982725,-0.37191468820147733,-0.3579792230561304,-0.25431919050698526,-0.7059323592609227,-0.3787846202091894,-0.06966899744200131,-0.06966899744200132,-0.2911273600927219,-1.0,0
-0.2417268512409454,-0.431958439700027,-1.2994962699835761,-0.682581078947164,-0.33778318405790814,-0.37952508199787327,-0.7716917887505124,-0.3579792230561304,-0.23189613379288193,-0.22507379266406463,-0.15112947814982725,0.027862412347557656,0.035530488521046066,-0.16097011823033208,-0.6677041657548128,-0.44101733506029156,-0.858230177280038,-0.33252272405468025,-0.2911273600927219,1.0,0
-0.2417268512409454,0.5017607478991917,-0.044670184280685594,0.8391905905670761,-0.33778318405790814,-0.37952508199787327,-0.7145807743863645,-0.3579792230561304,-0.23189613379288193,-0.22507379266406463,-0.15112947814982725,0.14208444107585336,-1.1449986462104833,1.4881968253238729,0.6320544134529278,-0.7335110948604712,-0.858230177280038,1.2445996356213933,-1.1442174906631448,-1.0,0
-1.5305196394812497,-0.431958439700027,-0.8812209080826127,0.8391905905670761,-0.33778318405790814,-0.37952508199787327,-0.6003587456580688,-0.7514889346333069,3.886259345632435,-0.22507379266406463,-0.15112947814982725,0.14208444107585336,-1.1449986462104833,0.8658696768128521,0.11979662047105363,-0.6899481944646998,-1.121083903892717,0.45603845578335656,0.5619627704777009,1.0,-1
-0.9666727946261165,-0.05847076466033954,0.37360517762027795,-0.682581078947164,-0.33778318405790814,-0.37952508199787327,-0.6003587456580688,-0.3579792230561304,-0.23189613379288193,-0.22507379266406463,-0.15112947814982725,0.713194584717332,1.2160596232525756,0.7102878896850969,0.11979662047105363,-0.6806132872370344,-1.121083903892717,0.9817459090087144,-0.2911273600927219,1.0,-1
-7.820344588833574e-05,-0.431958439700027,-0.8812209080826127,-0.682581078947164,-0.33778318405790814,-0.37952508199787327,-0.6003587456580688,-1.1449986462104833,-0.23189613379288193,-0.22507379266406463,-0.15112947814982725,-0.37191468820147733,0.035530488521046066,0.010169847610198573,-0.5912477787425927,-0.5188082286241692,-0.858230177280038,-1.1210839038927172,-0.2911273600927219,-1.0,0
0.9665163877343399,-0.05847076466033954,1.210155901422205,-0.682581078947164,-0.33778318405790814,-0.37952508199787327,-0.5432477312939209,-1.1449986462104833,-0.23189613379288193,-0.22507379266406463,-0.15112947814982725,-0.7145807743863645,-0.3579792230561304,-0.44101733506029156,-0.7441605527670326,-0.12985376080478117,-0.06966899744200131,-0.8582301772800381,0.5619627704777009,-1.0,0
0.5637686414092448,-0.8054461147397145,-1.2994962699835761,-0.682581078947164,-0.33778318405790814,-0.37952508199787327,-0.48613671692977306,-0.7514889346333069,-0.23189613379288193,-0.22507379266406463,-0.15112947814982725,0.8845276278097756,0.035530488521046066,0.08796074117407617,-0.5147913917303727,-0.5654827647624957,-0.858230177280038,-0.8582301772800381,-0.7176724253779333,1.0,-1
0.8054172892043019,1.4354799354984105,-0.8812209080826127,2.3609622600813163,-0.33778318405790814,-0.37952508199787327,-0.48613671692977306,-0.7514889346333069,-0.23189613379288193,-0.22507379266406463,-0.15112947814982725,0.8274166134456277,0.822549911675399,-0.03650468852812796,-0.5147913917303727,-0.5188082286241692,-0.5953764506673591,0.45603845578335656,-0.7176724253779333,1.0,0
-7.820344588833574e-05,-0.05847076466033954,-0.4629455461816491,-0.682581078947164,-0.33778318405790814,-0.37952508199787327,-0.4290257025656252,-0.7514889346333069,-0.23189613379288193,-0.22507379266406463,-0.15112947814982725,0.8274166134456277,0.035530488521046066,0.1501934560251783,-0.43833500471815257,-0.5810409434752711,-0.858230177280038,0.9817459090087144,-0.2911273600927219,-1.0,1
0.24157044434916872,-0.8054461147397145,-0.4629455461816491,-0.682581078947164,-0.33778318405790814,-0.37952508199787327,-0.6574697600222167,-0.3579792230561304,-0.23189613379288193,-0.22507379266406463,-0.15112947814982725,-0.4290257025656252,0.822549911675399,-0.3165519053580873,-0.7441605527670326,-0.3009937266453118,-0.858230177280038,-0.8582301772800381,-1.1442174906631448,-1.0,0
1.127615486264378,0.5017607478991917,0.37360517762027795,-0.682581078947164,-0.33778318405790814,-0.37952508199787327,-0.25769265947318165,0.035530488521046066,-0.23189613379288193,-0.22507379266406463,-0.15112947814982725,-0.7145807743863645,-0.3579792230561304,-0.48769187119861807,-0.7441605527670326,-0.03650468852812796,-1.121083903892717,-1.1210839038927172,-0.7176724253779333,1.0,1
0.8054172892043019,0.6885045854190354,-0.044670184280685594,0.8391905905670761,-0.33778318405790814,-0.37952508199787327,-0.08635961638073807,1.2160596232525756,-0.23189613379288193,-0.22507379266406463,-0.15112947814982725,0.4847505272607405,-0.3579792230561304,-0.47213369248584247,-0.7441605527670326,-0.06762104595367903,-0.858230177280038,-0.33252272405468025,-0.7176724253779333,-1.0,0
0.8054172892043019,-0.2452146021801833,-0.4629455461816491,-0.682581078947164,-0.33778318405790814,-0.37952508199787327,0.19919545544000122,-1.1449986462104833,-0.23189613379288193,4.1906596634118705,-0.15112947814982725,1.512748785815402,-0.7514889346333069,0.08796074117407617,-0.43833500471815257,-0.5654827647624957,-0.858230177280038,1.2445996356213933,-0.7176724253779333,1.0,-1
-1.0472223438911357,-0.431958439700027,-0.4629455461816491,-0.682581078947164,-0.33778318405790814,-0.37952508199787327,-0.029248602016590203,1.2160596232525756,-0.23189613379288193,-0.22507379266406463,-0.15112947814982725,1.112971685266367,-0.3579792230561304,1.4881968253238729,0.6320544134529278,-0.7335110948604712,-0.5953764506673591,0.9817459090087144,-0.7176724253779333,-1.0,1
-0.3222764005059644,-1.7391653023389333,-1.7177716318845397,-0.682581078947164,-0.33778318405790814,-0.37952508199787327,0.14208444107585336,1.2160596232525756,-0.23189613379288193,-0.22507379266406463,-0.15112947814982725,2.198080958185176,0.822549911675399,1.9549421867071386,0.6320544134529278,-0.7428460020881366,-1.121083903892717,1.2445996356213933,-0.2911273600927219,1.0,-1
0.08047134581913068,0.1282730728595042,0.7918805395212415,-0.682581078947164,-0.33778318405790814,-0.37952508199787327,0.14208444107585336,0.035530488521046066,-0.23189613379288193,-0.22507379266406463,-0.15112947814982725,0.713194584717332,-1.1449986462104833,-0.4192358848624057,-0.5912477787425927,-0.2232028330814342,-1.121083903892717,-0.8582301772800381,-1.1442174906631448,1.0,-1
-0.2417268512409454,0.5017607478991917,1.210155901422205,-0.682581078947164,-0.33778318405790814,-0.37952508199787327,0.14208444107585336,-0.3579792230561304,-0.23189613379288193,-0.22507379266406463,-0.15112947814982725,1.0558606709022191,-0.7514889346333069,-0.12985376080478117,-0.6677041657548128,-0.456575513773067,-0.3325227240546802,-0.5953764506673592,0.5619627704777009,-1.0,-1
-7.820344588833574e-05,0.3150169103793479,-0.4629455461816491,-0.682581078947164,-0.33778318405790814,-0.37952508199787327,0.14208444107585336,-1.53850835778766,-0.23189613379288193,-0.22507379266406463,-0.15112947814982725,0.6560835703531841,-1.53850835778766,-0.3787846202091894,-0.8970733267914728,-0.19208647565588316,-0.5953764506673591,-0.33252272405468025,-0.2911273600927219,1.0,-1
-1.5305196394812497,-1.9259091398587769,-1.7177716318845397,-0.682581078947164,2.610663253057731,2.288808259011065,0.14208444107585336,-1.53850835778766,-0.23189613379288193,-0.22507379266406463,-0.15112947814982725,1.2271937139946627,0.035530488521046066,0.33689160057848444,-0.2854222306937127,-0.6277154796135976,-0.858230177280038,0.7188921823960355,-0.2911273600927219,-1.0,0
0.08047134581913068,-0.431958439700027,-0.4629455461816491,-0.682581078947164,-0.33778318405790814,-0.37952508199787327,0.19919545544000122,-1.1449986462104833,-0.23189613379288193,-0.22507379266406463,-0.15112947814982725,1.9696369007285848,1.2160596232525756,1.1770332510683625,0.17331609137960788,-0.7086180089200305,-1.121083903892717,0.7188921823960355,0.5619627704777009,-1.0,-1
1.449813683324454,1.622223773018254,-0.4629455461816491,-0.682581078947164,-0.33778318405790814,-0.37952508199787327,0.19919545544000122,-1.1449986462104833,-0.23189613379288193,-0.22507379266406463,-0.15112947814982725,0.713194584717332,-0.3579792230561304,-0.47213369248584247,-0.5912477787425927,-0.12985376080478117,-0.858230177280038,-0.8582301772800381,-0.7176724253779333,1.0,-1
0.24157044434916872,-0.431958439700027,-0.4629455461816491,-0.682581078947164,-0.33778318405790814,-0.37952508199787327,0.19919545544000122,-1.53850835778766,-0.23189613379288193,-0.22507379266406463,-0.15112947814982725,0.9416386421739233,-1.1449986462104833,-0.03650468852812796,-0.43833500471815257,-0.5343664073369446,-0.858230177280038,-0.33252272405468025,0.13541770519248952,-1.0,-1
-0.5639250483010215,-0.8054461147397145,0.37360517762027795,-0.682581078947164,-0.33778318405790814,-0.37952508199787327,0.19919545544000122,-1.53850835778766,-0.23189613379288193,-0.22507379266406463,-0.15112947814982725,2.6549690730983593,-0.3579792230561304,1.643778612451628,1.396618283575128,-0.758404180800912,-1.121083903892717,1.2445996356213933,-0.2911273600927219,-1.0,0
1.127615486264378,0.3150169103793479,-1.7177716318845397,-0.682581078947164,-0.33778318405790814,-0.37952508199787327,0.25630646980414906,-1.1449986462104833,-0.23189613379288193,-0.22507379266406463,-0.15112947814982725,1.0558606709022191,0.822549911675399,-0.5188082286241692,-0.2854222306937127,-0.12985376080478117,-0.06966899744200131,-0.06966899744200132,0.13541770519248952,1.0,-1
-1.1277718931561547,-0.9921899522595582,-1.2994962699835761,0.8391905905670761,-0.33778318405790814,-0.37952508199787327,-1.3428019323919909,-1.53850835778766,-0.23189613379288193,-0.22507379266406463,-0.15112947814982725,-1.3428019323919909,-1.53850835778766,0.025728026322974037,-0.43833500471815257,-0.5499245860497202,-0.5953764506673591,-0.06966899744200132,-0.2911273600927219,1.0,-1
-1.6916187380112877,-1.1789337897794019,-0.044670184280685594,0.8391905905670761,-0.33778318405790814,-0.37952508199787327,-1.3428019323919909,-1.53850835778766,3.886259345632435,-0.22507379266406463,-0.15112947814982725,-1.1714688892995473,-0.3579792230561304,0.8658696768128521,0.02040331735516768,-0.6899481944646998,-0.06966899744200131,0.7188921823960355,0.9885078357629123,-1.0,-1
-2.0138169350713637,-0.6187022772198708,-0.4629455461816491,-0.682581078947164,-0.33778318405790814,-0.37952508199787327,-1.3428019323919909,-1.53850835778766,-0.23189613379288193,-0.22507379266406463,-0.15112947814982725,-1.1714688892995473,-0.3579792230561304,1.643778612451628,0.4409134459223777,-0.7335110948604712,-0.3325227240546802,1.5074533622340722,0.13541770519248952,1.0,0
-0.9666727946261165,-1.3656776272992457,-0.8812209080826127,-0.682581078947164,-0.33778318405790814,-0.37952508199787327,-1.285690918027843,-1.1449986462104833,-0.23189613379288193,-0.22507379266406463,-0.15112947814982725,-1.1714688892995473,-0.3579792230561304,0.32133342186570896,-0.2854222306937127,-0.6214922081284875,-0.06966899744200131,0.45603845578335656,-0.2911273600927219,-1.0,-1
0.5637686414092448,0.1282730728595042,0.7918805395212415,-0.682581078947164,-0.33778318405790814,-0.37952508199787327,-1.285690918027843,-1.1449986462104833,-0.23189613379288193,-0.22507379266406463,-0.15112947814982725,-1.3428019323919909,-1.53850835778766,-0.3943427989219649,-0.6677041657548128,-0.25431919050698526,-0.3325227240546802,-0.8582301772800381,-0.2911273600927219,1.0,0
-7.820344588833574e-05,-0.6187022772198708,-0.4629455461816491,-0.682581078947164,-0.33778318405790814,-0.37952508199787327,-1.2285799036636953,-0.7514889346333069,-0.23189613379288193,4.1906596634118705,-0.15112947814982725,-1.1143578749353995,-1.1449986462104833,0.32133342186570896,-0.13250945666927252,-0.6277154796135976,-0.858230177280038,-0.8582301772800381,-1.1442174906631448,-1.0,0
0.24157044434916872,-0.431958439700027,-1.2994962699835761,0.8391905905670761,-0.33778318405790814,-0.37952508199787327,-1.1714688892995473,-0.7514889346333069,-0.23189613379288193,-0.22507379266406463,-0.15112947814982725,-1.285690918027843,-1.1449986462104833,-0.2232028330814342,-0.6677041657548128,-0.4099009776347405,-0.858230177280038,-0.33252272405468025,0.5619627704777009,-1.0,-1
-0.6444745975660405,-0.05847076466033954,-0.8812209080826127,-0.682581078947164,-0.33778318405790814,-0.37952508199787327,-1.1714688892995473,-0.7514889346333069,-0.23189613379288193,-0.22507379266406463,-0.15112947814982725,-0.5432477312939209,1.2160596232525756,1.0214514639406074,0.11979662047105363,-0.7055063731774752,-0.5953764506673591,0.1931847291706776,2.694688096903758,1.0,-1
-1.0472223438911357,-0.9921899522595582,-0.8812209080826127,-0.682581078947164,-0.33778318405790814,-0.37952508199787327,-1.1714688892995473,-1.1449986462104833,-0.23189613379288193,-0.22507379266406463,-0.15112947814982725,-0.6003587456580688,0.035530488521046066,1.7993603995793832,1.014336348514028,-0.752180909315802,-0.06966899744200131,0.9817459090087144,0.5619627704777009,-1.0,-1
-0.08062775271090736,0.8752484229388792,0.7918805395212415,0.8391905905670761,-0.33778318405790814,-0.37952508199787327,-1.1714688892995473,-1.53850835778766,-0.23189613379288193,-0.22507379266406463,-0.15112947814982725,-1.285690918027843,-1.53850835778766,-0.3476682627836383,-0.7441605527670326,-0.28543554793253634,-1.121083903892717,-1.1210839038927172,-1.1442174906631448,1.0,1
-7.820344588833574e-05,-0.6187022772198708,-0.044670184280685594,-0.682581078947164,-0.33778318405790814,-0.37952508199787327,-1.0001358462071037,-0.3579792230561304,3.886259345632435,4.1906596634118705,-0.15112947814982725,-0.6003587456580688,-0.3579792230561304,-0.26365409773465054,-0.7441605527670326,-0.363226441496414,-0.06966899744200131,-0.06966899744200132,-0.2911273600927219,1.0,-1
0.32211999361418775,0.1282730728595042,-0.4629455461816491,0.8391905905670761,-0.33778318405790814,-0.37952508199787327,-1.0001358462071037,-0.3579792230561304,-0.23189613379288193,-0.22507379266406463,-0.15112947814982725,-0.5432477312939209,-0.3579792230561304,-0.2232028330814342,-0.7441605527670326,-0.3943427989219649,0.1931847291706776,0.1931847291706776,0.13541770519248952,-1.0,-1
-2.1749160336014017,-1.3656776272992457,-1.2994962699835761,-0.682581078947164,-0.33778318405790814,-0.37952508199787327,-1.0001358462071037,-0.3579792230561304,-0.23189613379288193,-0.22507379266406463,-0.15112947814982725,-0.08635961638073807,1.2160596232525756,5.377741503517752,5.2194376341861295,-0.8175252599094591,-1.121083903892717,2.821721995297467,-0.7176724253779333,-1.0,0
-1.3694205409512117,-2.112652977378621,-1.2994962699835761,0.8391905905670761,-0.33778318405790814,-0.37952508199787327,-0.9430248318429559,-1.1449986462104833,3.886259345632435,-0.22507379266406463,-0.15112947814982725,-0.08635961638073807,1.2160596232525756,-0.03650468852812796,-0.2854222306937127,-0.5499245860497202,-0.06966899744200131,-0.33252272405468025,0.9885078357629123,1.0,-1
-2.1749160336014017,-1.3656776272992457,-0.4629455461816491,-0.682581078947164,-0.33778318405790814,-0.37952508199787327,-0.9430248318429559,-1.1449986462104833,-0.23189613379288193,-0.22507379266406463,-0.15112947814982725,0.42763951289659263,1.2160596232525756,4.755414355006732,4.4548737640639295,-0.8113019884243488,-0.06966899744200131,0.45603845578335656,1.4150529010481239,-1.0,0
-2.0138169350713637,-1.5524214648190895,-1.2994962699835761,-0.682581078947164,-0.33778318405790814,-0.37952508199787327,-0.885913817478808,-0.7514889346333069,-0.23189613379288193,4.1906596634118705,-0.15112947814982725,-0.20058164510903378,0.822549911675399,-0.03650468852812796,-0.43833500471815257,-0.5343664073369446,-1.121083903892717,-1.1210839038927172,-1.1442174906631448,1.0,-1
-0.8861232453610975,-0.9921899522595582,-0.4629455461816491,-0.682581078947164,-0.33778318405790814,-0.37952508199787327,-0.885913817478808,-1.1449986462104833,-0.23189613379288193,-0.22507379266406463,-0.15112947814982725,-0.20058164510903378,0.822549911675399,0.6324969961212193,-0.13250945666927252,-0.668166744266814,-0.3325227240546802,1.5074533622340722,0.13541770519248952,1.0,-1
-1.3694205409512117,-0.431958439700027,-0.4629455461816491,-0.682581078947164,5.559109690173369,4.9571416000200035,-0.885913817478808,-1.53850835778766,-0.23189613379288193,-0.22507379266406463,-0.15112947814982725,-0.08635961638073807,-1.1449986462104833,1.0214514639406074,-0.5147913917303727,-0.6588318370391487,-0.5953764506673591,-0.8582301772800381,-0.7176724253779333,-1.0,1
-0.7250241468310595,-1.1789337897794019,-0.8812209080826127,-0.682581078947164,-0.33778318405790814,-0.37952508199787327,-0.885913817478808,-1.1449986462104833,-0.23189613379288193,-0.22507379266406463,-0.15112947814982725,0.14208444107585336,0.4290402000982225,0.5547061025573418,0.02040331735516768,-0.668166744266814,-0.5953764506673591,-0.06966899744200132,2.2681430316185467,-1.0,-1
-2.1749160336014017,-1.5524214648190895,-1.2994962699835761,-0.682581078947164,-0.33778318405790814,-0.37952508199787327,-0.7145807743863645,-0.3579792230561304,-0.23189613379288193,-0.22507379266406463,-0.15112947814982725,0.9987496565380712,2.0030790464069286,3.5107600579846903,2.5434640887584283,-0.7895205382264632,-1.121083903892717,2.821721995297467,-0.2911273600927219,1.0,-1
-0.9666727946261165,-1.3656776272992457,-0.4629455461816491,-0.682581078947164,-0.33778318405790814,-0.37952508199787327,-0.7145807743863645,-0.3579792230561304,-0.23189613379288193,-0.22507379266406463,-0.15112947814982725,-0.5432477312939209,-1.1449986462104833,-0.12985376080478117,-0.7441605527670326,-0.44101733506029156,-0.858230177280038,-0.06966899744200132,0.5619627704777009,1.0,0
-1.4499700902162307,-0.8054461147397145,-0.044670184280685594,-0.682581078947164,-0.33778318405790814,-0.37952508199787327,-0.6574697600222167,0.035530488521046066,-0.23189613379288193,-0.22507379266406463,-0.15112947814982725,-0.885913817478808,-0.3579792230561304,0.08796074117407617,-0.6677041657548128,-0.5343664073369446,-0.858230177280038,-1.1210839038927172,-1.1442174906631448,-1.0,-1
-1.2083214424211737,-1.5524214648190895,-1.2994962699835761,-0.682581078947164,-0.33778318405790814,-0.37952508199787327,-0.6574697600222167,-1.1449986462104833,-0.23189613379288193,-0.22507379266406463,-0.15112947814982725,0.713194584717332,-1.53850835778766,1.0214514639406074,0.24977247839182762,-0.7055063731774752,-0.5953764506673591,0.45603845578335656,2.694688096903758,-1.0,-1
-1.8527178365413257,-0.9921899522595582,-0.4629455461816491,-0.682581078947164,-0.33778318405790814,-0.37952508199787327,-0.6574697600222167,-1.1449986462104833,-0.23189613379288193,-0.22507379266406463,-0.15112947814982725,1.2271937139946627,0.4290402000982225,1.9549421867071386,1.014336348514028,-0.752180909315802,-0.06966899744200131,1.2445996356213933,0.5619627704777009,1.0,0
-0.9666727946261165,-0.431958439700027,-0.8812209080826127,2.3609622600813163,-0.33778318405790814,-0.37952508199787327,-0.6003587456580688,-1.1449986462104833,3.886259345632435,-0.22507379266406463,-0.15112947814982725,0.19919545544000122,0.035530488521046066,0.08796074117407617,-0.6677041657548128,-0.5343664073369446,-0.3325227240546802,-0.8582301772800381,0.13541770519248952,-1.0,0
-1.4499700902162307,-1.1789337897794019,-0.8812209080826127,-0.682581078947164,-0.33778318405790814,-0.37952508199787327,-0.5432477312939209,-0.7514889346333069,-0.23189613379288193,-0.22507379266406463,-0.15112947814982725,0.14208444107585336,-0.7514889346333069,0.1501934560251783,-0.6677041657548128,-0.5499245860497202,-0.858230177280038,-0.8582301772800381,-0.7176724253779333,1.0,1
-0.08062775271090736,-0.2452146021801833,-0.4629455461816491,-0.682581078947164,-0.33778318405790814,-0.37952508199787327,-0.3148036738373295,0.035530488521046066,-0.23189613379288193,-0.22507379266406463,-0.15112947814982725,1.1700826996305147,-0.3579792230561304,0.1906447206783946,-0.43833500471815257,-0.5872642149603814,-0.06966899744200131,0.9817459090087144,0.9885078357629123,1.0,-1
0.24157044434916872,0.1282730728595042,-0.4629455461816491,-0.682581078947164,-0.33778318405790814,-0.37952508199787327,-0.37191468820147733,0.4290402000982225,-0.23189613379288193,-0.22507379266406463,-0.15112947814982725,0.14208444107585336,-1.1449986462104833,-0.4192358848624057,-0.7441605527670326,-0.19208647565588316,0.1931847291706776,0.45603845578335656,0.13541770519248952,1.0,0
0.40266954287920675,-0.05847076466033954,-1.2994962699835761,0.8391905905670761,-0.33778318405790814,-0.37952508199787327,-0.3148036738373295,0.4290402000982225,-0.23189613379288193,-0.22507379266406463,-0.15112947814982725,0.5418615416248884,0.035530488521046066,-0.03650468852812796,-0.7441605527670326,-0.48769187119861807,-0.06966899744200131,0.1931847291706776,-0.2911273600927219,-1.0,-1
-1.2083214424211737,0.3150169103793479,1.210155901422205,2.3609622600813163,-0.33778318405790814,-0.37952508199787327,-0.3148036738373295,-1.1449986462104833,-0.23189613379288193,-0.22507379266406463,-0.15112947814982725,1.5698598001795498,1.2160596232525756,3.5107600579846903,1.396618283575128,-0.7770739952562428,-0.3325227240546802,1.5074533622340722,0.5619627704777009,-1.0,1
-0.8055736960960785,0.3150169103793479,0.37360517762027795,0.8391905905670761,2.610663253057731,2.288808259011065,-0.14347063074488592,-0.3579792230561304,-0.23189613379288193,-0.22507379266406463,-0.15112947814982725,0.713194584717332,-0.3579792230561304,-0.03650468852812796,-0.6677041657548128,-0.5032500499113935,-0.06966899744200131,0.7188921823960355,-0.2911273600927219,1.0,1
-1.7721682872763067,-1.5524214648190895,-1.2994962699835761,-0.682581078947164,-0.33778318405790814,-0.37952508199787327,0.027862412347557656,0.822549911675399,-0.23189613379288193,-0.22507379266406463,-0.15112947814982725,1.8554148720002892,-1.1449986462104833,0.7102878896850969,-0.2854222306937127,-0.6806132872370344,-0.5953764506673591,0.1931847291706776,-0.2911273600927219,-1.0,-1
-1.6110691887462687,-0.6187022772198708,-0.4629455461816491,2.3609622600813163,2.610663253057731,2.288808259011065,0.027862412347557656,0.822549911675399,-0.23189613379288193,-0.22507379266406463,-0.15112947814982725,1.2271937139946627,-0.3579792230561304,0.1501934560251783,-0.43833500471815257,-0.5810409434752711,-0.06966899744200131,-0.06966899744200132,0.9885078357629123,-1.0,0
-0.5639250483010215,-0.431958439700027,-0.4629455461816491,-0.682581078947164,-0.33778318405790814,-0.37952508199787327,0.08497342671170552,0.035530488521046066,-0.23189613379288193,-0.22507379266406463,-0.15112947814982725,0.9987496565380712,0.822549911675399,-0.25431919050698526,-0.7441605527670326,-0.3787846202091894,-0.3325227240546802,-0.8582301772800381,-0.7176724253779333,1.0,0
-1.2083214424211737,-0.05847076466033954,-1.2994962699835761,-0.682581078947164,-0.33778318405790814,-0.37952508199787327,0.14208444107585336,-0.7514889346333069,-0.23189613379288193,-0.22507379266406463,-0.15112947814982725,1.455637771451254,0.035530488521046066,1.0214514639406074,0.24977247839182762,-0.7086180089200305,-0.3325227240546802,1.7703070888467514,0.13541770519248952,-1.0,-1
-2.094366484336383,-0.6187022772198708,-0.4629455461816491,0.8391905905670761,-0.33778318405790814,-0.37952508199787327,0.14208444107585336,-0.7514889346333069,-0.23189613379288193,-0.22507379266406463,-0.15112947814982725,2.0838589294568806,1.2160596232525756,2.5772693352181593,1.7789002186362282,-0.7770739952562428,-0.06966899744200131,0.45603845578335656,1.8415979663333353,1.0,-1
0.1610208950841497,0.3150169103793479,-0.044670184280685594,0.8391905905670761,-0.33778318405790814,-0.37952508199787327,0.14208444107585336,-1.1449986462104833,-0.23189613379288193,-0.22507379266406463,-0.15112947814982725,2.0267479150927326,0.035530488521046066,0.39912431542958654,0.11979662047105363,-0.6588318370391487,-0.5953764506673591,0.1931847291706776,2.2681430316185467,1.0,-1
-1.1277718931561547,0.3150169103793479,0.37360517762027795,-0.682581078947164,-0.33778318405790814,-0.37952508199787327,0.14208444107585336,-1.53850835778766,-0.23189613379288193,-0.22507379266406463,-0.15112947814982725,1.8554148720002892,2.0030790464069286,0.8658696768128521,0.8231953809834779,-0.7210645518902509,-1.121083903892717,-0.8582301772800381,-1.1442174906631448,-1.0,-1
0.40266954287920675,-0.6187022772198708,-1.2994962699835761,-0.682581078947164,-0.33778318405790814,-0.37952508199787327,-1.3428019323919909,-1.53850835778766,-0.23189613379288193,-0.22507379266406463,-0.15112947814982725,-1.3428019323919909,-1.53850835778766,-0.14541193951755663,-0.8206169397792528,-0.4192358848624057,-0.858230177280038,-1.1210839038927172,-0.7176724253779333,1.0,-1
-1.6916187380112877,-1.7391653023389333,-1.7177716318845397,-0.682581078947164,-0.33778318405790814,2.288808259011065,-1.3428019323919909,-1.53850835778766,3.886259345632435,-0.22507379266406463,-0.15112947814982725,-1.3428019323919909,-1.53850835778766,-0.3009937266453118,-0.8206169397792528,-0.3165519053580873,-0.858230177280038,-1.1210839038927172,-0.7176724253779333,-1.0,-1
-1.1277718931561547,0.3150169103793479,-0.044670184280685594,-0.682581078947164,-0.33778318405790814,-0.37952508199787327,-1.3428019323919909,-1.53850835778766,-0.23189613379288193,-0.22507379266406463,-0.15112947814982725,-1.1714688892995473,-0.3579792230561304,-0.3165519053580873,-0.6677041657548128,-0.3414449912985281,-1.121083903892717,-1.1210839038927172,-1.1442174906631448,1.0,-1
-1.1277718931561547,-1.1789337897794019,-0.8812209080826127,-0.682581078947164,-0.33778318405790814,-0.37952508199787327,-1.3428019323919909,-1.53850835778766,-0.23189613379288193,-0.22507379266406463,-0.15112947814982725,-1.0001358462071037,0.822549911675399,0.7102878896850969,-0.13250945666927252,-0.668166744266814,-0.858230177280038,-1.1210839038927172,-0.7176724253779333,-1.0,-1
-0.6444745975660405,-0.6187022772198708,0.37360517762027795,-0.682581078947164,2.610663253057731,2.288808259011065,-1.3428019323919909,-1.53850835778766,-0.23189613379288193,-0.22507379266406463,-0.15112947814982725,-1.3428019323919909,-1.53850835778766,-0.5032500499113935,-0.6677041657548128,-0.005388331102576891,-1.121083903892717,-1.1210839038927172,-1.1442174906631448,1.0,0
-0.9666727946261165,-0.05847076466033954,-1.2994962699835761,-0.682581078947164,2.610663253057731,2.288808259011065,-1.285690918027843,-1.1449986462104833,-0.23189613379288193,-0.22507379266406463,-0.15112947814982725,-0.7716917887505124,0.035530488521046066,2.5772693352181593,1.7789002186362282,-0.7770739952562428,-1.121083903892717,-0.5953764506673592,-1.1442174906631448,-1.0,-1
-1.2083214424211737,-1.7391653023389333,-1.2994962699835761,-0.682581078947164,-0.33778318405790814,-0.37952508199787327,-1.285690918027843,-1.1449986462104833,-0.23189613379288193,-0.22507379266406463,-0.15112947814982725,-0.7145807743863645,0.4290402000982225,1.7993603995793832,1.396618283575128,-0.758404180800912,-1.121083903892717,-0.5953764506673592,-1.1442174906631448,1.0,-1
-1.5305196394812497,-1.1789337897794019,-0.4629455461816491,-0.682581078947164,-0.33778318405790814,-0.37952508199787327,-1.285690918027843,-1.1449986462104833,-0.23189613379288193,-0.22507379266406463,-0.15112947814982725,-0.6574697600222167,0.4290402000982225,1.4881968253238729,0.6320544134529278,-0.7335110948604712,-0.858230177280038,-1.1210839038927172,-0.7176724253779333,-1.0,-1
0.08047134581913068,-0.6187022772198708,0.37360517762027795,-0.682581078947164,-0.33778318405790814,-0.37952508199787327,-1.285690918027843,-1.53850835778766,-0.23189613379288193,-0.22507379266406463,-0.15112947814982725,-0.7145807743863645,0.035530488521046066,-0.2232028330814342,-0.7059323592609227,-0.4099009776347405,-0.858230177280038,-1.1210839038927172,-0.7176724253779333,1.0,-1
0.08047134581913068,1.622223773018254,0.37360517762027795,-0.682581078947164,-0.33778318405790814,-0.37952508199787327,-1.285690918027843,-1.53850835778766,-0.23189613379288193,-0.22507379266406463,-0.15112947814982725,-1.1714688892995473,-1.53850835778766,-0.28543554793253634,-0.7441605527670326,-0.3476682627836383,-1.121083903892717,-1.1210839038927172,-1.1442174906631448,-1.0,-1
-1.5305196394812497,-1.5524214648190895,-1.2994962699835761,-0.682581078947164,-0.33778318405790814,-0.37952508199787327,-1.285690918027843,-1.53850835778766,-0.23189613379288193,-0.22507379266406463,-0.15112947814982725,-0.3148036738373295,-0.3579792230561304,0.025728026322974037,-0.5147913917303727,-0.5499245860497202,-1.121083903892717,-0.5953764506673592,-1.1442174906631448,1.0,-1
-1.3694205409512117,-1.7391653023389333,-1.7177716318845397,-0.682581078947164,-0.33778318405790814,-0.37952508199787327,-1.285690918027843,-1.53850835778766,-0.23189613379288193,-0.22507379266406463,-0.15112947814982725,-0.20058164510903378,0.035530488521046066,0.39912431542958654,-0.3236504241998226,-0.6277154796135976,-1.121083903892717,-0.5953764506673592,-1.1442174906631448,-1.0,-1
-0.8055736960960785,-0.05847076466033954,0.7918805395212415,0.8391905905670761,-0.33778318405790814,-0.37952508199787327,-1.285690918027843,-1.53850835778766,-0.23189613379288193,-0.22507379266406463,-0.15112947814982725,-0.029248602016590203,1.2160596232525756,1.0214514639406074,0.3262288654040474,-0.7086180089200305,-1.121083903892717,-0.8582301772800381,-0.7176724253779333,1.0,-1
-1.8527178365413257,-1.3656776272992457,-0.4629455461816491,0.8391905905670761,-0.33778318405790814,-0.37952508199787327,-1.285690918027843,-1.53850835778766,3.886259345632435,-0.22507379266406463,-0.15112947814982725,-0.7145807743863645,-1.1449986462104833,0.5547061025573418,-0.3236504241998226,-0.6432736583263733,-0.858230177280038,-1.1210839038927172,-0.7176724253779333,-1.0,0
-0.48337549903600247,-0.431958439700027,-1.2994962699835761,-0.682581078947164,-0.33778318405790814,-0.37952508199787327,-1.2285799036636953,-1.1449986462104833,-0.23189613379288193,-0.22507379266406463,-0.15112947814982725,0.14208444107585336,2.0030790464069286,0.1501934560251783,-0.43833500471815257,-0.5810409434752711,-0.858230177280038,-0.8582301772800381,-1.1442174906631448,1.0,-1
1.047065936999359,-0.9921899522595582,-0.8812209080826127,-0.682581078947164,-0.33778318405790814,-0.37952508199787327,-1.2285799036636953,-1.1449986462104833,-0.23189613379288193,-0.22507379266406463,-0.15112947814982725,-0.6003587456580688,0.035530488521046066,-0.14541193951755663,-0.8206169397792528,-0.4192358848624057,-0.858230177280038,-1.1210839038927172,-0.7176724253779333,-1.0,-1
0.48321909214422576,-0.9921899522595582,-0.8812209080826127,-0.682581078947164,-0.33778318405790814,-0.37952508199787327,-1.2285799036636953,-1.1449986462104833,-0.23189613379288193,-0.22507379266406463,-0.15112947814982725,-0.25769265947318165,-1.1449986462104833,0.0568443837485251,-0.5147913917303727,-0.5499245860497202,-0.5953764506673591,-1.1210839038927172,-1.1442174906631448,-1.0,-1
1.208165035529397,0.6885045854190354,-0.4629455461816491,-0.682581078947164,2.610663253057731,2.288808259011065,-1.2285799036636953,-1.53850835778766,-0.23189613379288193,-0.22507379266406463,-0.15112947814982725,-0.25769265947318165,-1.1449986462104833,-0.3943427989219649,-0.8206169397792528,-0.19208647565588316,-1.121083903892717,-0.5953764506673592,-1.1442174906631448,1.0,1
-0.5639250483010215,0.5017607478991917,0.37360517762027795,-0.682581078947164,-0.33778318405790814,-0.37952508199787327,-1.0572468605712517,-0.3579792230561304,-0.23189613379288193,-0.22507379266406463,-0.15112947814982725,0.5418615416248884,1.2160596232525756,0.7880787832489745,-0.3236504241998226,-0.6588318370391487,-0.858230177280038,-1.1210839038927172,-0.7176724253779333,1.0,-1
-2.0138169350713637,-1.3656776272992457,-0.4629455461816491,-0.682581078947164,-0.33778318405790814,-0.37952508199787327,-1.0572468605712517,-0.3579792230561304,-0.23189613379288193,-0.22507379266406463,-0.15112947814982725,0.9416386421739233,1.2160596232525756,2.266105760962649,1.396618283575128,-0.7677390880285774,-1.121083903892717,-0.5953764506673592,-0.7176724253779333,-1.0,1
-2.0138169350713637,-1.5524214648190895,-1.2994962699835761,-0.682581078947164,-0.33778318405790814,-0.37952508199787327,-0.885913817478808,0.822549911675399,-0.23189613379288193,-0.22507379266406463,-0.15112947814982725,1.1700826996305147,2.0030790464069286,4.444250780751221,3.690309893941729,-0.8081903526817937,-1.121083903892717,-0.33252272405468025,-1.1442174906631448,-1.0,-1
1.449813683324454,0.3150169103793479,0.7918805395212415,0.8391905905670761,-0.33778318405790814,-0.37952508199787327,-0.885913817478808,-0.3579792230561304,-0.23189613379288193,-0.22507379266406463,-0.15112947814982725,-0.6574697600222167,0.035530488521046066,-0.5343664073369446,-0.6677041657548128,0.08796074117407617,-1.121083903892717,-0.8582301772800381,-1.1442174906631448,1.0,1
-1.4499700902162307,-0.8054461147397145,-0.4629455461816491,-0.682581078947164,-0.33778318405790814,-0.37952508199787327,-0.7145807743863645,0.822549911675399,-0.23189613379288193,-0.22507379266406463,-0.15112947814982725,0.713194584717332,1.2160596232525756,1.0214514639406074,0.24977247839182762,-0.7055063731774752,-0.858230177280038,-0.8582301772800381,-0.7176724253779333,1.0,-1
0.32211999361418775,-0.8054461147397145,0.37360517762027795,-0.682581078947164,-0.33778318405790814,-0.37952508199787327,-0.7145807743863645,-0.3579792230561304,-0.23189613379288193,-0.22507379266406463,-0.15112947814982725,0.8845276278097756,0.035530488521046066,0.4769152089934642,-0.3236504241998226,-0.640162022583818,-0.858230177280038,-0.8582301772800381,-0.7176724253779333,-1.0,-1
-1.1277718931561547,-1.5524214648190895,-0.8812209080826127,-0.682581078947164,-0.33778318405790814,-0.37952508199787327,-0.7145807743863645,-0.3579792230561304,-0.23189613379288193,-0.22507379266406463,-0.15112947814982725,-0.25769265947318165,0.035530488521046066,-0.03650468852812796,-0.7441605527670326,-0.48769187119861807,-1.121083903892717,-1.1210839038927172,-0.7176724253779333,-1.0,-1
-0.8055736960960785,-0.8054461147397145,-0.8812209080826127,-0.682581078947164,-0.33778318405790814,-0.37952508199787327,-0.7145807743863645,-1.53850835778766,-0.23189613379288193,4.1906596634118705,-0.15112947814982725,0.9416386421739233,-1.53850835778766,1.3326150381961177,0.6320544134529278,-0.7335110948604712,-1.121083903892717,-0.33252272405468025,-1.1442174906631448,1.0,-1
-1.7721682872763067,-0.6187022772198708,-0.8812209080826127,-0.682581078947164,-0.33778318405790814,-0.37952508199787327,-0.7145807743863645,-1.53850835778766,3.886259345632435,-0.22507379266406463,-0.15112947814982725,1.0558606709022191,0.4290402000982225,0.010169847610198573,-0.5912477787425927,-0.5188082286241692,-0.858230177280038,-0.8582301772800381,-0.7176724253779333,1.0,1
0.08047134581913068,-0.8054461147397145,-0.8812209080826127,-0.682581078947164,-0.33778318405790814,-0.37952508199787327,-0.7145807743863645,-1.53850835778766,-0.23189613379288193,-0.22507379266406463,-0.15112947814982725,0.3705284985324448,-1.1449986462104833,-0.03650468852812796,-0.5147913917303727,-0.5343664073369446,-1.121083903892717,-0.33252272405468025,-1.1442174906631448,1.0,-1
-1.6916187380112877,-2.112652977378621,-1.7177716318845397,-0.682581078947164,-0.33778318405790814,-0.37952508199787327,-0.7145807743863645,-1.53850835778766,-0.23189613379288193,4.1906596634118705,-0.15112947814982725,1.6269708145436976,0.822549911675399,0.8658696768128521,0.02040331735516768,-0.6899481944646998,-1.121083903892717,-0.33252272405468025,-1.1442174906631448,-1.0,-1
-0.3222764005059644,-0.6187022772198708,-1.2994962699835761,-0.682581078947164,-0.33778318405790814,-0.37952508199787327,-0.5432477312939209,-0.3579792230561304,-0.23189613379288193,4.1906596634118705,-0.15112947814982725,0.8845276278097756,0.035530488521046066,0.8658696768128521,0.11979662047105363,-0.6899481944646998,-1.121083903892717,-0.8582301772800381,-1.1442174906631448,-1.0,-1
-0.40282594977098346,-0.9921899522595582,-0.8812209080826127,-0.682581078947164,-0.33778318405790814,-0.37952508199787327,-0.5432477312939209,-0.3579792230561304,-0.23189613379288193,-0.22507379266406463,-0.15112947814982725,1.0558606709022191,0.035530488521046066,0.8658696768128521,-0.3236504241998226,-0.668166744266814,-0.858230177280038,-0.8582301772800381,-0.7176724253779333,1.0,-1
0.1610208950841497,-0.8054461147397145,-0.8812209080826127,-0.682581078947164,-0.33778318405790814,-0.37952508199787327,-0.5432477312939209,-0.3579792230561304,-0.23189613379288193,-0.22507379266406463,-0.15112947814982725,0.8274166134456277,-0.3579792230561304,0.6324969961212193,-0.5147913917303727,-0.640162022583818,-0.858230177280038,-0.8582301772800381,-0.7176724253779333,-1.0,-1
-1.4499700902162307,-0.9921899522595582,-0.4629455461816491,-0.682581078947164,-0.33778318405790814,-0.37952508199787327,-0.5432477312939209,-1.53850835778766,-0.23189613379288193,-0.22507379266406463,-0.15112947814982725,0.5989725559890362,-0.7514889346333069,0.4769152089934642,-0.5912477787425927,-0.6121573009008222,-0.858230177280038,-1.1210839038927172,-0.2911273600927219,1.0,1
-1.2888709916861927,-0.8054461147397145,-1.2994962699835761,-0.682581078947164,-0.33778318405790814,-0.37952508199787327,-0.37191468820147733,-0.3579792230561304,-0.23189613379288193,-0.22507379266406463,-0.15112947814982725,1.6840818289078456,0.035530488521046066,2.5772693352181593,1.396618283575128,-0.7677390880285774,-0.858230177280038,-0.8582301772800381,-0.7176724253779333,-1.0,-1
-7.820344588833574e-05,-0.9921899522595582,-1.7177716318845397,0.8391905905670761,-0.33778318405790814,-0.37952508199787327,-0.37191468820147733,-0.3579792230561304,-0.23189613379288193,-0.22507379266406463,-0.15112947814982725,0.8274166134456277,-1.53850835778766,-0.2232028330814342,-0.7441605527670326,-0.3943427989219649,-0.5953764506673591,-0.8582301772800381,-1.1442174906631448,1.0,-1
-0.9666727946261165,-0.431958439700027,-0.4629455461816491,-0.682581078947164,-0.33778318405790814,-0.37952508199787327,-0.37191468820147733,-0.3579792230561304,-0.23189613379288193,-0.22507379266406463,-0.15112947814982725,1.8554148720002892,0.822549911675399,1.4881968253238729,0.4409134459223777,-0.7335110948604712,-0.858230177280038,-0.5953764506673592,-1.1442174906631448,-1.0,1
-0.08062775271090736,-0.2452146021801833,-1.2994962699835761,0.8391905905670761,-0.33778318405790814,-0.37952508199787327,-0.20058164510903378,-0.3579792230561304,-0.23189613379288193,-0.22507379266406463,-0.15112947814982725,0.8845276278097756,-0.3579792230561304,0.32133342186570896,-0.2854222306937127,-0.6214922081284875,-0.858230177280038,-0.5953764506673592,-1.1442174906631448,-1.0,-1
-0.5639250483010215,-0.05847076466033954,-0.4629455461816491,-0.682581078947164,-0.33778318405790814,-0.37952508199787327,-0.20058164510903378,-0.3579792230561304,-0.23189613379288193,-0.22507379266406463,-0.15112947814982725,0.8845276278097756,-0.3579792230561304,-0.28543554793253634,-0.43833500471815257,-0.4099009776347405,-0.858230177280038,-0.8582301772800381,-0.7176724253779333,1.0,1
