,date,time,comp,round,day,venue,result,gf,ga,opponent,xg,xga,poss,attendance,captain,formation,referee,sh,sot,dist,fk,pk,pkatt,season,team,crdr,pkwon,og,2crdy,team points,team last_3_games,B365T,B365D,B365O,wins,losses,draws,opponent points,opponent last_3_games,venue_code,target
0,2022-08-05,20:00,Premier League,Matchweek 1,Fri,Away,W,2.0,0.0,Crystal Palace,1.0,1.2,44.0,25286.0,Martin Ødegaard,4-3-3,Anthony Taylor,10.0,2.0,14.6,1.0,0.0,0.0,2022.0,Arsenal,0.0,0.0,0.0,0.0,0,0,1.85,3.6,4.2,9.0,3.0,6.0,0,0,0,1
1,2022-08-13,15:00,Premier League,Matchweek 2,Sat,Home,W,4.0,2.0,Leicester City,2.7,0.5,50.0,60033.0,Martin Ødegaard,4-3-3,Darren England,19.0,7.0,13.0,0.0,0.0,0.0,2022.0,Arsenal,0.0,0.0,1.0,0.0,3,3,1.53,4.33,5.75,9.0,4.0,3.0,1,1,1,1
2,2022-08-20,17:30,Premier League,Matchweek 3,Sat,Away,W,3.0,0.0,Bournemouth,1.3,0.3,57.0,10423.0,Martin Ødegaard,4-3-3,Craig Pawson,14.0,6.0,14.8,0.0,0.0,0.0,2022.0,Arsenal,0.0,0.0,0.0,0.0,6,6,1.4,4.75,8.0,7.0,1.0,2.0,3,3,0,1
3,2022-08-27,17:30,Premier League,Matchweek 4,Sat,Home,W,2.0,1.0,Fulham,2.6,0.8,71.0,60164.0,Martin Ødegaard,4-3-3,Jarred Gillett,22.0,8.0,15.5,1.0,0.0,0.0,2022.0,Arsenal,0.0,0.0,0.0,0.0,9,9,1.3,5.75,9.0,7.0,1.0,3.0,5,5,1,1
4,2022-08-31,19:30,Premier League,Matchweek 5,Wed,Home,W,2.0,1.0,Aston Villa,2.4,0.4,59.0,60012.0,Martin Ødegaard,4-3-3,Robert Jones,22.0,8.0,16.3,1.0,0.0,0.0,2022.0,Arsenal,0.0,0.0,0.0,0.0,12,9,1.45,4.5,6.0,12.0,5.0,1.0,3,3,1,1
5,2022-09-04,16:30,Premier League,Matchweek 6,Sun,Away,L,1.0,3.0,Manchester United,1.3,1.5,60.0,73431.0,Martin Ødegaard,4-3-3,Paul Tierney,16.0,3.0,18.6,1.0,0.0,0.0,2022.0,Arsenal,0.0,0.0,0.0,0.0,15,9,2.7,3.5,2.5,7.0,10.0,7.0,9,9,0,-1
6,2022-09-18,12:00,Premier League,Matchweek 8,Sun,Away,W,3.0,0.0,Brentford,1.5,0.5,63.0,17122.0,Granit Xhaka,4-3-3,David Coote,13.0,7.0,18.2,0.0,0.0,0.0,2022.0,Arsenal,0.0,0.0,0.0,0.0,18,6,1.8,3.8,4.2,1.0,1.0,0.0,12,7,0,1
7,2022-10-01,12:30,Premier League,Matchweek 9,Sat,Home,W,3.0,1.0,Tottenham,2.4,1.6,64.0,60278.0,Martin Ødegaard,4-3-3,Anthony Taylor,22.0,9.0,18.6,1.0,0.0,0.0,2022.0,Arsenal,0.0,0.0,0.0,0.0,21,6,2.05,3.75,3.3,8.0,9.0,7.0,17,6,1,1
8,2022-10-09,16:30,Premier League,Matchweek 10,Sun,Home,W,3.0,2.0,Liverpool,2.7,1.1,43.0,60059.0,Martin Ødegaard,4-3-3,Michael Oliver,10.0,6.0,14.3,0.0,1.0,1.0,2022.0,Arsenal,0.0,1.0,0.0,0.0,24,9,2.5,3.6,2.62,5.0,11.0,8.0,13,5,1,1
9,2022-10-16,14:00,Premier League,Matchweek 11,Sun,Away,W,1.0,0.0,Leeds United,0.5,1.8,53.0,36700.0,Martin Ødegaard,4-3-3,Chris Kavanagh,9.0,4.0,16.6,1.0,0.0,0.0,2022.0,Arsenal,0.0,0.0,0.0,0.0,27,9,1.55,4.2,6.0,3.0,0.0,1.0,10,2,0,1
10,2022-10-23,14:00,Premier League,Matchweek 13,Sun,Away,D,1.0,1.0,Southampton,1.0,0.7,59.0,31145.0,Martin Ødegaard,4-3-3,Robert Jones,12.0,3.0,17.2,0.0,0.0,0.0,2022.0,Arsenal,0.0,0.0,0.0,0.0,30,6,1.57,4.0,6.0,10.0,4.0,6.0,11,4,0,0
11,2022-10-30,14:00,Premier League,Matchweek 14,Sun,Home,W,5.0,0.0,Nottingham Forest,2.3,0.4,69.0,60263.0,Martin Ødegaard,4-3-3,Simon Hooper,24.0,9.0,16.0,1.0,0.0,0.0,2022.0,Arsenal,0.0,0.0,0.0,0.0,31,4,1.2,7.0,12.0,0.0,0.0,0.0,9,4,1,1
12,2022-11-06,12:00,Premier League,Matchweek 15,Sun,Away,W,1.0,0.0,Chelsea,2.1,0.3,55.0,40142.0,Martin Ødegaard,4-3-3,Michael Oliver,14.0,2.0,14.5,0.0,0.0,0.0,2022.0,Arsenal,0.0,0.0,0.0,0.0,34,4,2.7,3.4,2.55,7.0,11.0,6.0,21,2,0,1
13,2022-11-12,19:45,Premier League,Matchweek 16,Sat,Away,W,2.0,0.0,Wolves,2.1,0.7,62.0,34624.0,Martin Ødegaard,4-3-3,Stuart Attwell,14.0,3.0,13.7,0.0,0.0,0.0,2022.0,Arsenal,0.0,0.0,0.0,0.0,37,7,1.55,4.2,6.0,6.0,3.0,3.0,10,1,0,1
14,2022-12-26,20:00,Premier League,Matchweek 17,Mon,Home,W,3.0,1.0,West Ham,2.1,1.0,66.0,60125.0,Martin Ødegaard,4-3-3,Michael Oliver,16.0,5.0,18.2,1.0,0.0,0.0,2022.0,Arsenal,0.0,0.0,0.0,0.0,40,9,1.5,4.33,6.5,17.0,2.0,3.0,14,0,1,1
15,2022-12-31,17:30,Premier League,Matchweek 18,Sat,Away,W,4.0,2.0,Brighton,2.9,1.2,32.0,31647.0,Martin Ødegaard,4-3-3,Anthony Taylor,14.0,7.0,11.2,0.0,0.0,0.0,2022.0,Arsenal,0.0,0.0,0.0,0.0,43,9,2.1,3.5,3.4,3.0,4.0,3.0,27,6,0,1
16,2023-01-03,19:45,Premier League,Matchweek 19,Tue,Home,D,0.0,0.0,Newcastle United,1.1,1.0,66.0,60319.0,Martin Ødegaard,4-3-3,Andy Madley,17.0,4.0,17.0,0.0,0.0,0.0,2022.0,Arsenal,0.0,0.0,0.0,0.0,46,9,1.8,3.8,4.33,17.0,3.0,2.0,34,7,1,0
17,2023-01-15,16:30,Premier League,Matchweek 20,Sun,Away,W,2.0,0.0,Tottenham,1.8,1.6,49.0,61870.0,Martin Ødegaard,4-3-3,Craig Pawson,14.0,5.0,17.9,2.0,0.0,0.0,2022.0,Arsenal,0.0,0.0,0.0,0.0,47,7,2.2,3.6,3.1,9.0,9.0,7.0,33,4,0,1
18,2023-01-22,16:30,Premier League,Matchweek 21,Sun,Home,W,3.0,2.0,Manchester United,3.1,0.4,57.0,60325.0,Martin Ødegaard,4-3-3,Anthony Taylor,25.0,5.0,14.2,0.0,0.0,0.0,2022.0,Arsenal,0.0,0.0,0.0,0.0,50,7,1.8,3.8,4.2,7.0,11.0,7.0,40,9,1,1
19,2023-02-04,12:30,Premier League,Matchweek 22,Sat,Away,L,0.0,1.0,Everton,0.9,1.7,70.0,39314.0,Martin Ødegaard,4-3-3,David Coote,15.0,2.0,17.6,0.0,0.0,0.0,2022.0,Arsenal,0.0,0.0,0.0,0.0,53,7,1.4,4.5,8.5,13.0,6.0,5.0,15,0,0,-1
20,2023-02-11,15:00,Premier League,Matchweek 23,Sat,Home,D,1.0,1.0,Brentford,1.6,2.0,69.0,60254.0,Martin Ødegaard,4-3-3,Peter Bankes,23.0,7.0,19.6,0.0,0.0,0.0,2022.0,Arsenal,0.0,0.0,0.0,0.0,53,6,1.44,4.75,7.0,2.0,1.0,0.0,36,7,1,0
21,2023-02-15,19:30,Premier League,Matchweek 12,Wed,Home,L,1.0,3.0,Manchester City,1.6,1.8,63.0,60276.0,Martin Ødegaard,4-3-3,Anthony Taylor,9.0,0.0,19.2,0.0,1.0,1.0,2022.0,Arsenal,0.0,1.0,0.0,0.0,30,9,2.9,3.5,2.35,4.0,14.0,6.0,26,6,1,-1
22,2023-02-18,12:30,Premier League,Matchweek 24,Sat,Away,W,4.0,2.0,Aston Villa,3.2,0.5,67.0,42066.0,Martin Ødegaard,4-3-3,Simon Hooper,20.0,5.0,15.7,0.0,0.0,0.0,2022.0,Arsenal,0.0,0.0,0.0,0.0,54,4,1.5,3.6,4.5,13.0,5.0,1.0,28,3,0,1
23,2023-02-25,15:00,Premier League,Matchweek 25,Sat,Away,W,1.0,0.0,Leicester City,0.7,0.0,65.0,32227.0,Oleksandr Zinchenko,4-3-3,Craig Pawson,10.0,2.0,19.4,1.0,0.0,0.0,2022.0,Arsenal,0.0,0.0,0.0,0.0,57,4,1.7,4.0,4.75,10.0,4.0,3.0,24,6,0,1
24,2023-03-01,19:45,Premier League,Matchweek 7,Wed,Home,W,4.0,0.0,Everton,2.6,1.2,73.0,60213.0,Martin Ødegaard,4-3-3,Michael Oliver,15.0,5.0,12.9,0.0,0.0,0.0,2022.0,Arsenal,0.0,0.0,0.0,0.0,15,6,1.36,4.75,10.0,13.0,7.0,5.0,4,3,1,1
25,2023-03-04,15:00,Premier League,Matchweek 26,Sat,Home,W,3.0,2.0,Bournemouth,2.1,1.3,79.0,60222.0,Martin Ødegaard,4-3-3,Chris Kavanagh,31.0,9.0,18.1,2.0,0.0,0.0,2022.0,Arsenal,0.0,0.0,0.0,0.0,60,7,1.22,7.0,12.0,8.0,1.0,2.0,21,4,1,1
26,2023-03-12,14:00,Premier League,Matchweek 27,Sun,Away,W,3.0,0.0,Fulham,2.3,0.8,55.0,24426.0,Martin Ødegaard,4-3-3,David Coote,15.0,7.0,15.2,1.0,0.0,0.0,2022.0,Arsenal,0.0,0.0,0.0,0.0,63,9,1.57,4.0,6.0,8.0,1.0,3.0,39,4,0,1
27,2023-03-19,14:00,Premier League,Matchweek 28,Sun,Home,W,4.0,1.0,Crystal Palace,1.6,0.8,62.0,60247.0,Martin Ødegaard,4-3-3,Stuart Attwell,15.0,5.0,16.4,0.0,0.0,0.0,2022.0,Arsenal,0.0,0.0,0.0,0.0,66,9,,,,10.0,3.0,6.0,27,1,1,1
28,2022-08-07,16:30,Premier League,Matchweek 1,Sun,Away,W,2.0,0.0,West Ham,2.2,0.5,75.0,62443.0,İlkay Gündoğan,4-3-3,Michael Oliver,13.0,1.0,18.7,1.0,1.0,1.0,2022.0,Manchester City,0.0,1.0,0.0,0.0,0,0,1.36,5.0,8.0,16.0,2.0,4.0,0,0,0,1
29,2022-08-13,15:00,Premier League,Matchweek 2,Sat,Home,W,4.0,0.0,Bournemouth,1.7,0.1,67.0,53453.0,İlkay Gündoğan,4-2-3-1,David Coote,19.0,7.0,17.5,0.0,0.0,0.0,2022.0,Manchester City,0.0,0.0,0.0,0.0,3,3,1.06,13.0,29.0,10.0,0.0,0.0,3,3,1,1
30,2022-08-21,16:30,Premier League,Matchweek 3,Sun,Away,D,3.0,3.0,Newcastle United,2.1,1.8,69.0,52258.0,İlkay Gündoğan,4-3-3,Jarred Gillett,21.0,10.0,16.2,1.0,0.0,0.0,2022.0,Manchester City,0.0,0.0,0.0,0.0,6,6,1.36,5.0,7.5,19.0,1.0,2.0,4,4,0,0
31,2022-08-27,15:00,Premier League,Matchweek 4,Sat,Home,W,4.0,2.0,Crystal Palace,2.2,0.1,74.0,53112.0,Kevin De Bruyne,4-2-3-1,Darren England,18.0,5.0,14.1,0.0,0.0,0.0,2022.0,Manchester City,0.0,0.0,1.0,0.0,7,7,1.18,7.5,13.0,12.0,3.0,3.0,4,4,1,1
32,2022-08-31,19:30,Premier League,Matchweek 5,Wed,Home,W,6.0,0.0,Nottingham Forest,3.3,0.7,74.0,53409.0,İlkay Gündoğan,4-2-3-1,Paul Tierney,17.0,9.0,14.8,0.0,0.0,0.0,2022.0,Manchester City,0.0,0.0,0.0,0.0,10,7,1.06,13.0,29.0,0.0,0.0,0.0,4,4,1,1
33,2022-09-03,17:30,Premier League,Matchweek 6,Sat,Away,D,1.0,1.0,Aston Villa,2.1,0.3,71.0,41830.0,İlkay Gündoğan,4-3-3,Simon Hooper,13.0,4.0,16.8,1.0,0.0,0.0,2022.0,Manchester City,0.0,0.0,0.0,0.0,13,7,1.33,5.5,8.0,15.0,2.0,1.0,3,0,0,0
34,2022-09-17,12:30,Premier League,Matchweek 8,Sat,Away,W,3.0,0.0,Wolves,1.1,0.4,59.0,31578.0,Kevin De Bruyne,4-3-3,Anthony Taylor,16.0,7.0,19.4,0.0,0.0,0.0,2022.0,Manchester City,0.0,0.0,0.0,0.0,17,7,1.33,5.0,9.5,8.0,3.0,1.0,6,4,0,1
35,2022-10-02,14:00,Premier League,Matchweek 9,Sun,Home,W,6.0,3.0,Manchester United,3.2,1.7,53.0,53475.0,İlkay Gündoğan,4-3-3,Michael Oliver,22.0,9.0,14.2,1.0,0.0,0.0,2022.0,Manchester City,0.0,0.0,0.0,0.0,20,7,1.33,5.75,7.5,12.0,8.0,4.0,14,5,1,1
36,2022-10-08,15:00,Premier League,Matchweek 10,Sat,Home,W,4.0,0.0,Southampton,2.4,0.2,65.0,53365.0,Kevin De Bruyne,4-2-3-1,Andy Madley,21.0,8.0,13.9,0.0,0.0,0.0,2022.0,Manchester City,0.0,0.0,0.0,0.0,23,9,1.11,10.0,17.0,13.0,3.0,4.0,7,0,1,1
37,2022-10-16,16:30,Premier League,Matchweek 11,Sun,Away,L,0.0,1.0,Liverpool,1.0,2.1,63.0,53286.0,İlkay Gündoğan,3-4-3,Anthony Taylor,16.0,6.0,18.4,0.0,0.0,0.0,2022.0,Manchester City,0.0,0.0,0.0,0.0,26,9,1.9,4.0,3.6,8.0,8.0,8.0,13,4,0,-1
38,2022-10-22,15:00,Premier League,Matchweek 13,Sat,Home,W,3.0,1.0,Brighton,1.6,0.5,48.0,53223.0,Kevin De Bruyne,4-3-3,Craig Pawson,9.0,3.0,15.0,0.0,1.0,1.0,2022.0,Manchester City,0.0,1.0,0.0,0.0,29,6,1.2,7.0,13.0,9.0,1.0,0.0,18,1,1,1
39,2022-10-29,12:30,Premier League,Matchweek 14,Sat,Away,W,1.0,0.0,Leicester City,1.0,0.7,64.0,32223.0,İlkay Gündoğan,4-3-3,Robert Jones,15.0,5.0,20.8,1.0,0.0,0.0,2022.0,Manchester City,0.0,0.0,0.0,0.0,32,6,1.25,6.5,10.0,11.0,4.0,1.0,11,7,0,1
40,2022-11-05,15:00,Premier League,Matchweek 15,Sat,Home,W,2.0,1.0,Fulham,2.1,1.0,70.0,52395.0,İlkay Gündoğan,4-3-3,Darren England,15.0,4.0,18.1,1.0,1.0,1.0,2022.0,Manchester City,1.0,1.0,0.0,0.0,35,9,1.11,9.5,19.0,10.0,0.0,2.0,22,7,1,1
41,2022-11-12,12:30,Premier League,Matchweek 16,Sat,Home,L,1.0,2.0,Brentford,1.6,1.3,74.0,52786.0,İlkay Gündoğan,4-3-3,Peter Bankes,29.0,6.0,20.9,0.0,0.0,0.0,2022.0,Manchester City,0.0,0.0,0.0,0.0,38,9,1.14,8.0,17.0,2.0,0.0,0.0,19,2,1,-1
42,2022-12-28,20:00,Premier League,Matchweek 17,Wed,Away,W,3.0,1.0,Leeds United,4.3,0.6,69.0,36889.0,İlkay Gündoğan,4-3-3,Stuart Attwell,26.0,9.0,16.0,0.0,0.0,0.0,2022.0,Manchester City,0.0,0.0,0.0,0.0,38,6,1.29,6.0,9.5,2.0,1.0,1.0,16,6,0,1
43,2022-12-31,15:00,Premier League,Matchweek 18,Sat,Home,D,1.0,1.0,Everton,1.7,0.1,74.0,53444.0,Kevin De Bruyne,4-3-3,Andy Madley,16.0,3.0,15.4,0.0,0.0,0.0,2022.0,Manchester City,0.0,0.0,0.0,0.0,41,6,1.13,9.0,19.0,14.0,5.0,5.0,14,0,1,0
44,2023-01-05,20:00,Premier League,Matchweek 19,Thu,Away,W,1.0,0.0,Chelsea,2.1,0.4,52.0,39998.0,İlkay Gündoğan,3-2-4-1,Paul Tierney,12.0,3.0,16.0,0.0,0.0,0.0,2022.0,Manchester City,0.0,0.0,0.0,0.0,42,4,1.67,4.0,5.0,12.0,9.0,3.0,25,4,0,1
45,2023-01-14,12:30,Premier League,Matchweek 20,Sat,Away,L,1.0,2.0,Manchester United,0.6,1.7,70.0,75546.0,Kevin De Bruyne,4-3-3,Stuart Attwell,5.0,1.0,19.2,0.0,0.0,0.0,2022.0,Manchester City,0.0,0.0,0.0,0.0,45,7,1.85,3.6,4.2,13.0,8.0,4.0,37,9,0,-1
46,2023-01-19,20:00,Premier League,Matchweek 7,Thu,Home,W,4.0,2.0,Tottenham,2.3,0.8,58.0,53088.0,İlkay Gündoğan,4-2-3-1,Simon Hooper,16.0,6.0,16.3,1.0,0.0,0.0,2022.0,Manchester City,0.0,0.0,0.0,0.0,14,7,1.36,5.0,8.5,13.0,8.0,3.0,14,7,1,1
47,2023-01-22,14:00,Premier League,Matchweek 21,Sun,Home,W,3.0,0.0,Wolves,2.8,0.8,55.0,53282.0,İlkay Gündoğan,3-2-4-1,David Coote,12.0,5.0,14.8,0.0,1.0,1.0,2022.0,Manchester City,0.0,1.0,0.0,0.0,45,4,1.2,8.0,11.0,9.0,3.0,1.0,17,4,1,1
48,2023-02-05,16:30,Premier League,Matchweek 22,Sun,Away,L,0.0,1.0,Tottenham,1.3,1.4,64.0,61747.0,Kyle Walker,4-4-2,Andy Madley,15.0,5.0,17.7,1.0,0.0,0.0,2022.0,Manchester City,0.0,0.0,0.0,0.0,48,6,1.73,4.2,4.33,14.0,8.0,3.0,36,6,0,-1
49,2023-02-12,16:30,Premier League,Matchweek 23,Sun,Home,W,3.0,1.0,Aston Villa,3.3,0.3,67.0,53392.0,İlkay Gündoğan,3-2-4-1,Robert Jones,16.0,7.0,15.4,1.0,1.0,1.0,2022.0,Manchester City,0.0,1.0,0.0,0.0,48,3,1.25,6.5,11.0,15.0,2.0,2.0,28,6,1,1
50,2023-02-15,19:30,Premier League,Matchweek 12,Wed,Away,W,3.0,1.0,Arsenal,1.8,1.6,37.0,60276.0,İlkay Gündoğan,4-1-4-1,Anthony Taylor,9.0,5.0,12.1,0.0,0.0,0.0,2022.0,Manchester City,0.0,0.0,0.0,0.0,26,6,2.35,3.5,2.9,14.0,4.0,6.0,30,9,0,1
51,2023-02-18,15:00,Premier League,Matchweek 24,Sat,Away,D,1.0,1.0,Nottingham Forest,2.4,0.9,73.0,29365.0,İlkay Gündoğan,3-2-4-1,Graham Scott,23.0,6.0,18.0,2.0,0.0,0.0,2022.0,Manchester City,0.0,0.0,0.0,0.0,51,6,1.3,5.5,8.5,1.0,0.0,0.0,24,4,0,0
52,2023-02-25,17:30,Premier League,Matchweek 25,Sat,Away,W,4.0,1.0,Bournemouth,2.4,1.0,66.0,10481.0,İlkay Gündoğan,3-2-4-1,Paul Tierney,20.0,5.0,15.3,1.0,0.0,0.0,2022.0,Manchester City,0.0,0.0,0.0,0.0,52,4,1.29,5.75,10.0,11.0,0.0,0.0,21,4,0,1
53,2023-03-04,12:30,Premier League,Matchweek 26,Sat,Home,W,2.0,0.0,Newcastle United,1.3,0.4,56.0,53419.0,İlkay Gündoğan,4-2-3-1,Simon Hooper,11.0,3.0,15.8,2.0,0.0,0.0,2022.0,Manchester City,0.0,0.0,0.0,0.0,55,7,1.45,4.5,7.0,19.0,1.0,3.0,41,2,1,1
54,2023-03-11,17:30,Premier League,Matchweek 27,Sat,Away,W,1.0,0.0,Crystal Palace,2.1,0.2,67.0,25844.0,İlkay Gündoğan,4-2-3-1,Robert Jones,13.0,3.0,19.0,1.0,1.0,1.0,2022.0,Manchester City,0.0,1.0,0.0,0.0,58,7,1.36,4.75,9.0,13.0,3.0,3.0,27,2,0,1
55,2022-08-07,14:00,Premier League,Matchweek 1,Sun,Home,L,1.0,2.0,Brighton,1.4,1.5,62.0,73711.0,Harry Maguire,4-3-3,Paul Tierney,17.0,5.0,15.5,0.0,0.0,0.0,2022.0,Manchester United,0.0,0.0,0.0,0.0,0,0,1.6,4.2,5.25,7.0,3.0,0.0,0,0,1,-1
56,2022-08-13,17:30,Premier League,Matchweek 2,Sat,Away,L,0.0,4.0,Brentford,0.9,1.6,66.0,17051.0,Harry Maguire,4-2-3-1,Stuart Attwell,15.0,4.0,19.6,0.0,0.0,0.0,2022.0,Manchester United,0.0,0.0,0.0,0.0,0,0,2.0,3.5,3.75,2.0,0.0,0.0,1,1,0,-1
57,2022-08-22,20:00,Premier League,Matchweek 3,Mon,Home,W,2.0,1.0,Liverpool,1.8,1.3,30.0,74147.0,Bruno Fernandes,4-2-3-1,Michael Oliver,13.0,5.0,19.5,2.0,0.0,0.0,2022.0,Manchester United,0.0,0.0,0.0,0.0,0,0,5.25,4.33,1.6,9.0,8.0,7.0,2,2,1,1
58,2022-08-27,12:30,Premier League,Matchweek 4,Sat,Away,W,1.0,0.0,Southampton,1.1,1.4,51.0,31196.0,Bruno Fernandes,4-2-3-1,Andy Madley,11.0,4.0,15.5,1.0,0.0,0.0,2022.0,Manchester United,0.0,0.0,0.0,0.0,3,3,1.8,4.0,4.2,9.0,2.0,9.0,4,4,0,1
59,2022-09-01,20:00,Premier League,Matchweek 5,Thu,Away,W,1.0,0.0,Leicester City,1.5,0.7,47.0,32226.0,Bruno Fernandes,4-2-3-1,Craig Pawson,9.0,2.0,16.8,0.0,0.0,0.0,2022.0,Manchester United,0.0,0.0,0.0,0.0,6,6,2.05,3.75,3.4,8.0,3.0,5.0,1,0,0,1
60,2022-09-04,16:30,Premier League,Matchweek 6,Sun,Home,W,3.0,1.0,Arsenal,1.5,1.3,40.0,73431.0,Bruno Fernandes,4-2-3-1,Paul Tierney,10.0,6.0,15.5,0.0,0.0,0.0,2022.0,Manchester United,0.0,0.0,0.0,0.0,9,9,2.5,3.5,2.7,10.0,7.0,7.0,15,9,1,1
61,2022-10-02,14:00,Premier League,Matchweek 9,Sun,Away,L,3.0,6.0,Manchester City,1.7,3.2,47.0,53475.0,Bruno Fernandes,4-2-3-1,Michael Oliver,11.0,7.0,22.2,0.0,1.0,1.0,2022.0,Manchester United,0.0,1.0,0.0,0.0,14,5,7.5,5.75,1.33,8.0,12.0,4.0,20,7,0,-1
62,2022-10-09,19:00,Premier League,Matchweek 10,Sun,Away,W,2.0,1.0,Everton,1.4,0.6,60.0,39258.0,Bruno Fernandes,4-2-3-1,David Coote,12.0,4.0,18.8,0.0,0.0,0.0,2022.0,Manchester United,0.0,0.0,0.0,0.0,14,2,2.05,3.5,3.6,10.0,6.0,8.0,10,6,0,1
63,2022-10-16,14:00,Premier League,Matchweek 11,Sun,Home,D,0.0,0.0,Newcastle United,0.8,0.8,63.0,73726.0,Bruno Fernandes,4-2-3-1,Craig Pawson,15.0,2.0,19.4,1.0,0.0,0.0,2022.0,Manchester United,0.0,0.0,0.0,0.0,17,4,1.95,3.8,3.5,13.0,4.0,5.0,14,7,1,0
64,2022-10-19,20:15,Premier League,Matchweek 12,Wed,Home,W,2.0,0.0,Tottenham,1.5,0.6,52.0,73677.0,Bruno Fernandes,4-2-3-1,Simon Hooper,28.0,10.0,21.4,1.0,0.0,0.0,2022.0,Manchester United,0.0,0.0,0.0,0.0,18,4,2.45,3.5,2.75,12.0,7.0,5.0,23,6,1,1
65,2022-10-22,17:30,Premier League,Matchweek 13,Sat,Away,D,1.0,1.0,Chelsea,0.8,1.1,52.0,39503.0,Bruno Fernandes,4-1-4-1,Stuart Attwell,13.0,6.0,22.1,1.0,0.0,0.0,2022.0,Manchester United,0.0,0.0,0.0,0.0,21,7,3.5,3.5,2.05,7.0,6.0,11.0,20,7,0,0
66,2022-10-30,16:15,Premier League,Matchweek 14,Sun,Home,W,1.0,0.0,West Ham,1.2,1.1,53.0,73682.0,Harry Maguire,4-2-3-1,Chris Kavanagh,16.0,3.0,18.1,0.0,0.0,0.0,2022.0,Manchester United,0.0,0.0,0.0,0.0,22,5,1.66,4.0,4.8,13.0,3.0,6.0,14,4,1,1
67,2022-11-06,14:00,Premier League,Matchweek 15,Sun,Away,L,1.0,3.0,Aston Villa,0.5,0.6,58.0,42058.0,Cristiano Ronaldo,4-2-3-1,Anthony Taylor,8.0,3.0,19.7,1.0,0.0,0.0,2022.0,Manchester United,0.0,0.0,0.0,0.0,25,7,2.1,3.8,3.3,13.0,1.0,4.0,12,3,0,-1
68,2022-11-13,16:30,Premier League,Matchweek 16,Sun,Away,W,2.0,1.0,Fulham,2.5,1.4,47.0,24246.0,Bruno Fernandes,4-2-3-1,Paul Tierney,14.0,9.0,17.7,0.0,0.0,0.0,2022.0,Manchester United,0.0,0.0,0.0,0.0,25,4,1.9,3.8,3.8,9.0,0.0,3.0,22,4,0,1
69,2022-12-27,20:00,Premier League,Matchweek 17,Tue,Home,W,3.0,0.0,Nottingham Forest,2.4,0.7,65.0,73608.0,Bruno Fernandes,4-2-3-1,Anthony Taylor,17.0,8.0,15.9,0.0,0.0,0.0,2022.0,Manchester United,0.0,0.0,0.0,0.0,28,6,1.29,5.5,11.0,0.0,0.0,0.0,13,4,1,1
70,2022-12-31,12:30,Premier League,Matchweek 18,Sat,Away,W,1.0,0.0,Wolves,2.0,0.7,54.0,31658.0,Bruno Fernandes,4-2-3-1,Robert Jones,16.0,6.0,14.9,1.0,0.0,0.0,2022.0,Manchester United,0.0,0.0,0.0,0.0,31,6,1.91,3.6,4.0,6.0,3.0,3.0,13,3,0,1
71,2023-01-03,20:00,Premier League,Matchweek 19,Tue,Home,W,3.0,0.0,Bournemouth,2.2,0.6,58.0,73322.0,Harry Maguire,4-2-3-1,Michael Salisbury,18.0,6.0,16.7,2.0,0.0,0.0,2022.0,Manchester United,0.0,0.0,0.0,0.0,34,9,1.29,5.5,11.0,7.0,2.0,1.0,16,3,1,1
72,2023-01-14,12:30,Premier League,Matchweek 20,Sat,Home,W,2.0,1.0,Manchester City,1.7,0.6,30.0,75546.0,Bruno Fernandes,4-2-3-1,Stuart Attwell,8.0,3.0,14.8,0.0,0.0,0.0,2022.0,Manchester United,0.0,0.0,0.0,0.0,37,9,4.2,3.6,1.85,8.0,13.0,4.0,45,7,1,1
73,2023-01-18,20:00,Premier League,Matchweek 7,Wed,Away,D,1.0,1.0,Crystal Palace,2.1,0.5,60.0,23343.0,Bruno Fernandes,4-2-3-1,Robert Jones,15.0,4.0,19.5,1.0,0.0,0.0,2022.0,Manchester United,0.0,0.0,0.0,0.0,12,9,1.8,3.6,4.5,12.0,3.0,3.0,6,2,0,0
74,2023-01-22,16:30,Premier League,Matchweek 21,Sun,Away,L,2.0,3.0,Arsenal,0.4,3.1,43.0,60325.0,Bruno Fernandes,4-2-3-1,Anthony Taylor,6.0,4.0,18.2,0.0,0.0,0.0,2022.0,Manchester United,0.0,0.0,0.0,0.0,40,9,4.2,3.8,1.8,11.0,7.0,7.0,50,7,0,-1
75,2023-02-04,15:00,Premier League,Matchweek 22,Sat,Home,W,2.0,1.0,Crystal Palace,2.0,1.3,52.0,73420.0,Bruno Fernandes,4-2-3-1,Andre Marriner,13.0,4.0,16.4,0.0,1.0,1.0,2022.0,Manchester United,1.0,0.0,0.0,0.0,40,6,1.4,4.75,8.0,12.0,3.0,4.0,24,1,1,1
76,2023-02-08,20:00,Premier League,Matchweek 8,Wed,Home,D,2.0,2.0,Leeds United,2.0,0.6,66.0,73456.0,Bruno Fernandes,4-2-3-1,Simon Hooper,24.0,6.0,16.7,0.0,0.0,0.0,2022.0,Manchester United,0.0,0.0,1.0,0.0,13,7,1.45,5.0,6.0,3.0,0.0,1.0,8,1,1,0
77,2023-02-12,14:00,Premier League,Matchweek 23,Sun,Away,W,2.0,0.0,Leeds United,1.1,1.8,66.0,36919.0,Harry Maguire,4-2-3-1,Paul Tierney,11.0,5.0,16.4,0.0,0.0,0.0,2022.0,Manchester United,0.0,0.0,0.0,0.0,43,6,1.91,3.8,3.75,3.0,0.0,2.0,19,1,0,1
78,2023-02-19,14:00,Premier League,Matchweek 24,Sun,Home,W,3.0,0.0,Leicester City,4.4,1.6,57.0,73578.0,Bruno Fernandes,4-2-3-1,Stuart Attwell,26.0,8.0,15.5,1.0,0.0,0.0,2022.0,Manchester United,0.0,0.0,0.0,0.0,46,6,1.62,4.33,5.25,9.0,3.0,5.0,24,7,1,1
79,2023-03-05,16:30,Premier League,Matchweek 26,Sun,Away,L,0.0,7.0,Liverpool,0.8,2.8,41.0,53001.0,Bruno Fernandes,4-2-3-1,Andy Madley,8.0,4.0,15.4,0.0,0.0,0.0,2022.0,Manchester United,0.0,0.0,0.0,0.0,49,9,2.88,3.6,2.38,10.0,8.0,7.0,39,7,0,-1
80,2023-03-12,14:00,Premier League,Matchweek 27,Sun,Home,D,0.0,0.0,Southampton,0.8,1.0,47.0,73439.0,Bruno Fernandes,4-1-4-1,Anthony Taylor,10.0,4.0,15.4,0.0,0.0,0.0,2022.0,Manchester United,1.0,0.0,0.0,0.0,49,6,1.36,5.0,9.0,10.0,2.0,9.0,21,6,1,0
82,2022-08-06,15:00,Premier League,Matchweek 1,Sat,Home,W,4.0,1.0,Southampton,1.5,0.5,58.0,61732.0,Hugo Lloris,3-4-3,Andre Marriner,18.0,8.0,16.5,0.0,0.0,0.0,2022.0,Tottenham,0.0,0.0,0.0,0.0,0,0,1.33,5.5,8.5,13.0,4.0,3.0,0,0,1,1
83,2022-08-14,16:30,Premier League,Matchweek 2,Sun,Away,D,2.0,2.0,Chelsea,1.0,1.6,37.0,39946.0,Hugo Lloris,3-4-3,Anthony Taylor,10.0,5.0,13.4,0.0,0.0,0.0,2022.0,Tottenham,0.0,0.0,0.0,0.0,3,3,3.2,3.4,2.25,4.0,12.0,8.0,3,3,0,0
84,2022-08-20,12:30,Premier League,Matchweek 3,Sat,Home,W,1.0,0.0,Wolves,1.7,0.7,50.0,61298.0,Hugo Lloris,3-4-3,Simon Hooper,11.0,4.0,11.7,0.0,0.0,0.0,2022.0,Tottenham,0.0,0.0,0.0,0.0,4,4,1.4,4.75,7.5,6.0,3.0,3.0,1,1,1,1
85,2022-08-28,16:30,Premier League,Matchweek 4,Sun,Away,W,2.0,0.0,Nottingham Forest,2.4,0.9,45.0,29296.0,Hugo Lloris,3-4-3,Craig Pawson,17.0,5.0,19.7,0.0,0.0,1.0,2022.0,Tottenham,0.0,0.0,0.0,0.0,7,7,1.44,4.6,7.0,0.0,0.0,0.0,4,4,0,1
86,2022-08-31,19:45,Premier League,Matchweek 5,Wed,Away,D,1.0,1.0,West Ham,0.6,1.2,61.0,62450.0,Hugo Lloris,3-4-3,Peter Bankes,12.0,3.0,16.8,0.0,0.0,0.0,2022.0,Tottenham,0.0,0.0,0.0,0.0,10,7,1.95,3.8,3.6,10.0,8.0,4.0,3,3,0,0
87,2022-09-03,15:00,Premier League,Matchweek 6,Sat,Home,W,2.0,1.0,Fulham,2.9,0.7,52.0,61641.0,Hugo Lloris,3-4-3,Stuart Attwell,23.0,10.0,15.5,1.0,0.0,0.0,2022.0,Tottenham,0.0,0.0,0.0,0.0,11,7,1.5,4.5,6.5,10.0,1.0,1.0,8,6,1,1
88,2022-09-17,17:30,Premier League,Matchweek 8,Sat,Home,W,6.0,2.0,Leicester City,2.2,1.8,44.0,61450.0,Hugo Lloris,3-4-3,Simon Hooper,16.0,11.0,16.5,0.0,0.0,0.0,2022.0,Tottenham,0.0,0.0,0.0,0.0,14,4,1.45,4.5,7.0,10.0,4.0,2.0,1,0,1,1
89,2022-10-01,12:30,Premier League,Matchweek 9,Sat,Away,L,1.0,3.0,Arsenal,1.6,2.4,36.0,60278.0,Hugo Lloris,3-4-3,Anthony Taylor,6.0,2.0,19.9,0.0,1.0,1.0,2022.0,Tottenham,1.0,1.0,0.0,0.0,17,6,3.3,3.75,2.05,9.0,8.0,7.0,21,6,0,-1
90,2022-10-08,17:30,Premier League,Matchweek 10,Sat,Away,W,1.0,0.0,Brighton,0.8,0.7,41.0,31498.0,Hugo Lloris,3-5-2,Tony Harrington,8.0,3.0,18.7,1.0,0.0,0.0,2022.0,Tottenham,0.0,0.0,0.0,0.0,17,3,2.5,3.4,2.8,6.0,3.0,1.0,17,7,0,1
91,2022-10-15,17:30,Premier League,Matchweek 11,Sat,Home,W,2.0,0.0,Everton,2.2,0.4,62.0,61812.0,Hugo Lloris,3-4-3,Paul Tierney,20.0,6.0,17.2,1.0,1.0,1.0,2022.0,Tottenham,0.0,1.0,0.0,0.0,20,6,1.5,4.5,6.5,10.0,4.0,10.0,10,6,1,1
92,2022-10-19,20:15,Premier League,Matchweek 12,Wed,Away,L,0.0,2.0,Manchester United,0.6,1.5,48.0,73677.0,Hugo Lloris,3-5-2,Simon Hooper,9.0,2.0,14.9,0.0,0.0,0.0,2022.0,Tottenham,0.0,0.0,0.0,0.0,23,6,2.75,3.5,2.45,7.0,12.0,5.0,18,4,0,-1
93,2022-10-23,16:30,Premier League,Matchweek 13,Sun,Home,L,1.0,2.0,Newcastle United,1.6,1.2,53.0,61726.0,Hugo Lloris,3-5-2,Jarred Gillett,17.0,4.0,16.9,0.0,0.0,0.0,2022.0,Tottenham,0.0,0.0,0.0,0.0,23,6,2.05,3.5,3.5,12.0,6.0,4.0,18,7,1,-1
94,2022-10-29,15:00,Premier League,Matchweek 14,Sat,Away,W,3.0,2.0,Bournemouth,2.0,0.5,69.0,10430.0,Hugo Lloris,3-5-2,Anthony Taylor,23.0,7.0,15.1,1.0,0.0,0.0,2022.0,Tottenham,0.0,0.0,0.0,0.0,23,3,1.7,3.8,5.0,7.0,1.0,2.0,13,1,0,1
95,2022-11-06,16:30,Premier League,Matchweek 15,Sun,Home,L,1.0,2.0,Liverpool,1.2,1.2,47.0,62008.0,Hugo Lloris,5-3-2,Andy Madley,14.0,5.0,14.4,0.0,0.0,0.0,2022.0,Tottenham,0.0,0.0,0.0,0.0,26,3,3.3,3.6,2.1,5.0,12.0,7.0,19,3,1,-1
96,2022-11-12,15:00,Premier League,Matchweek 16,Sat,Home,W,4.0,3.0,Leeds United,1.8,1.1,55.0,61667.0,Hugo Lloris,3-4-3,Michael Salisbury,14.0,7.0,14.5,0.0,0.0,0.0,2022.0,Tottenham,0.0,0.0,0.0,0.0,26,3,1.65,4.2,4.75,3.0,1.0,0.0,16,6,1,1
97,2022-12-26,12:30,Premier League,Matchweek 17,Mon,Away,D,2.0,2.0,Brentford,1.1,2.0,61.0,17137.0,Harry Kane,3-4-3,David Coote,15.0,8.0,19.7,1.0,0.0,0.0,2022.0,Tottenham,0.0,0.0,0.0,0.0,29,6,1.91,3.6,4.0,1.0,0.0,1.0,22,5,0,0
98,2023-01-01,14:00,Premier League,Matchweek 18,Sun,Home,L,0.0,2.0,Aston Villa,0.7,1.0,59.0,61651.0,Hugo Lloris,3-4-3,John Brooks,6.0,1.0,15.2,1.0,0.0,0.0,2022.0,Tottenham,0.0,0.0,0.0,0.0,30,4,1.67,4.0,5.0,15.0,2.0,1.0,18,6,1,-1
99,2023-01-04,20:00,Premier League,Matchweek 19,Wed,Away,W,4.0,0.0,Crystal Palace,1.4,0.8,53.0,25132.0,Hugo Lloris,3-4-3,Michael Oliver,14.0,6.0,16.2,0.0,0.0,0.0,2022.0,Tottenham,0.0,0.0,0.0,0.0,30,4,2.15,3.5,3.4,13.0,2.0,3.0,23,3,0,1
100,2023-01-15,16:30,Premier League,Matchweek 20,Sun,Home,L,0.0,2.0,Arsenal,1.6,1.8,51.0,61870.0,Hugo Lloris,3-4-3,Craig Pawson,17.0,7.0,16.3,1.0,0.0,0.0,2022.0,Tottenham,0.0,0.0,1.0,0.0,33,4,3.1,3.6,2.2,9.0,9.0,7.0,47,7,1,-1
101,2023-01-19,20:00,Premier League,Matchweek 7,Thu,Away,L,2.0,4.0,Manchester City,0.8,2.3,42.0,53088.0,Hugo Lloris,3-4-3,Simon Hooper,9.0,3.0,16.5,0.0,0.0,0.0,2022.0,Tottenham,0.0,0.0,0.0,0.0,14,7,8.5,5.0,1.36,8.0,13.0,3.0,14,7,0,-1
102,2023-01-23,20:00,Premier League,Matchweek 21,Mon,Away,W,1.0,0.0,Fulham,0.9,1.0,46.0,24190.0,Hugo Lloris,3-4-3,Paul Tierney,10.0,3.0,17.0,1.0,0.0,0.0,2022.0,Tottenham,0.0,0.0,0.0,0.0,33,3,2.1,3.6,3.3,11.0,1.0,1.0,31,6,0,1
103,2023-02-05,16:30,Premier League,Matchweek 22,Sun,Home,W,1.0,0.0,Manchester City,1.4,1.3,36.0,61747.0,Hugo Lloris,3-4-3,Andy Madley,12.0,3.0,14.7,0.0,0.0,0.0,2022.0,Tottenham,1.0,0.0,0.0,1.0,36,6,4.33,4.2,1.73,8.0,14.0,3.0,48,6,1,1
104,2023-02-11,15:00,Premier League,Matchweek 23,Sat,Away,L,1.0,4.0,Leicester City,1.3,1.7,51.0,32184.0,Harry Kane,3-4-3,Michael Salisbury,11.0,4.0,16.8,2.0,0.0,0.0,2022.0,Tottenham,0.0,0.0,0.0,0.0,39,6,2.1,3.6,3.4,11.0,4.0,2.0,21,4,0,-1
105,2023-02-19,16:30,Premier League,Matchweek 24,Sun,Home,W,2.0,0.0,West Ham,1.5,0.5,57.0,61476.0,Harry Kane,3-4-3,Michael Oliver,16.0,6.0,21.5,0.0,0.0,0.0,2022.0,Tottenham,0.0,0.0,0.0,0.0,39,6,1.75,3.6,4.75,10.0,8.0,5.0,20,5,1,1
106,2023-02-26,13:30,Premier League,Matchweek 25,Sun,Home,W,2.0,0.0,Chelsea,0.8,0.4,41.0,61613.0,Harry Kane,3-4-3,Stuart Attwell,8.0,3.0,16.5,0.0,0.0,0.0,2022.0,Tottenham,0.0,0.0,0.0,0.0,42,6,2.55,3.25,2.9,4.0,12.0,9.0,31,2,1,1
107,2023-03-04,15:00,Premier League,Matchweek 26,Sat,Away,L,0.0,1.0,Wolves,1.2,0.5,54.0,31585.0,Harry Kane,3-4-3,Tim Robinson,21.0,6.0,20.6,2.0,0.0,0.0,2022.0,Tottenham,0.0,0.0,0.0,0.0,45,6,2.2,3.4,3.3,7.0,3.0,3.0,24,4,0,-1
108,2023-03-11,15:00,Premier League,Matchweek 27,Sat,Home,W,3.0,1.0,Nottingham Forest,2.0,1.5,55.0,61460.0,Harry Kane,3-4-3,Craig Pawson,14.0,6.0,14.8,0.0,1.0,1.0,2022.0,Tottenham,0.0,1.0,0.0,0.0,45,6,1.44,4.75,7.0,1.0,0.0,0.0,26,2,1,1
109,2023-03-18,15:00,Premier League,Matchweek 28,Sat,Away,D,3.0,3.0,Southampton,2.3,2.4,49.0,,Harry Kane,3-4-3,Simon Hooper,17.0,3.0,15.8,0.0,0.0,0.0,2022.0,Tottenham,0.0,0.0,0.0,0.0,48,6,,,,14.0,4.0,3.0,22,4,0,0
110,2022-08-06,15:00,Premier League,Matchweek 1,Sat,Home,W,2.0,0.0,Nottingham Forest,1.7,0.3,61.0,52245.0,Kieran Trippier,4-3-3,Simon Hooper,23.0,9.0,16.0,1.0,0.0,0.0,2022.0,Newcastle United,0.0,0.0,0.0,0.0,0,0,1.66,3.8,5.25,0.0,0.0,0.0,0,0,1,1
111,2022-08-13,15:00,Premier League,Matchweek 2,Sat,Away,D,0.0,0.0,Brighton,0.2,1.5,46.0,31552.0,Kieran Trippier,4-3-3,Graham Scott,4.0,1.0,17.8,0.0,0.0,0.0,2022.0,Newcastle United,0.0,0.0,0.0,0.0,3,3,3.0,3.2,2.45,1.0,4.0,5.0,3,3,0,0
112,2022-08-21,16:30,Premier League,Matchweek 3,Sun,Home,D,3.0,3.0,Manchester City,1.8,2.1,31.0,52258.0,Kieran Trippier,4-3-3,Jarred Gillett,12.0,5.0,14.8,1.0,0.0,0.0,2022.0,Newcastle United,0.0,0.0,0.0,0.0,4,4,7.5,5.0,1.36,1.0,19.0,2.0,6,6,1,0
113,2022-08-28,14:00,Premier League,Matchweek 4,Sun,Away,D,1.0,1.0,Wolves,1.7,0.7,63.0,31311.0,Kieran Trippier,4-3-3,Peter Bankes,21.0,6.0,18.1,1.0,0.0,0.0,2022.0,Newcastle United,0.0,0.0,0.0,0.0,5,5,2.7,3.3,2.7,3.0,2.0,7.0,1,1,0,0
114,2022-08-31,20:00,Premier League,Matchweek 5,Wed,Away,L,1.0,2.0,Liverpool,0.7,1.5,28.0,53316.0,Jamaal Lascelles,4-3-3,Andre Marriner,5.0,2.0,18.2,1.0,0.0,0.0,2022.0,Newcastle United,0.0,0.0,0.0,0.0,6,3,9.0,5.25,1.33,4.0,12.0,6.0,5,4,0,-1
115,2022-09-03,15:00,Premier League,Matchweek 6,Sat,Home,D,0.0,0.0,Crystal Palace,2.8,1.0,52.0,51863.0,Kieran Trippier,4-3-3,Michael Salisbury,23.0,5.0,12.8,1.0,0.0,0.0,2022.0,Newcastle United,0.0,0.0,0.0,0.0,6,2,2.0,3.5,3.75,7.0,4.0,5.0,5,4,1,0
116,2022-09-17,15:00,Premier League,Matchweek 8,Sat,Home,D,1.0,1.0,Bournemouth,1.9,0.7,72.0,52238.0,Kieran Trippier,4-3-3,Craig Pawson,19.0,6.0,20.0,1.0,1.0,1.0,2022.0,Newcastle United,0.0,0.0,0.0,0.0,7,2,1.44,4.4,7.5,4.0,2.0,2.0,7,4,1,0
117,2022-10-01,15:00,Premier League,Matchweek 9,Sat,Away,W,4.0,1.0,Fulham,3.3,0.5,67.0,22913.0,Kieran Trippier,4-3-3,Darren England,19.0,10.0,12.9,0.0,0.0,0.0,2022.0,Newcastle United,0.0,0.0,0.0,0.0,8,2,2.37,3.4,3.0,5.0,4.0,3.0,14,6,0,1
118,2022-10-08,15:00,Premier League,Matchweek 10,Sat,Home,W,5.0,1.0,Brentford,1.5,1.2,54.0,52067.0,Kieran Trippier,4-3-3,John Brooks,16.0,6.0,18.6,0.0,0.0,0.0,2022.0,Newcastle United,0.0,0.0,0.0,0.0,11,5,1.83,3.8,4.2,1.0,0.0,1.0,13,4,1,1
119,2022-10-16,14:00,Premier League,Matchweek 11,Sun,Away,D,0.0,0.0,Manchester United,0.8,0.8,37.0,73726.0,Kieran Trippier,4-3-3,Craig Pawson,9.0,2.0,14.7,1.0,0.0,0.0,2022.0,Newcastle United,0.0,0.0,0.0,0.0,14,7,3.5,3.8,1.95,4.0,13.0,5.0,17,4,0,0
120,2022-10-19,19:30,Premier League,Matchweek 12,Wed,Home,W,1.0,0.0,Everton,1.5,0.2,49.0,52247.0,Kieran Trippier,4-3-3,Tony Harrington,16.0,4.0,14.2,0.0,0.0,0.0,2022.0,Newcastle United,0.0,0.0,0.0,0.0,15,7,1.6,3.8,5.75,7.0,12.0,3.0,10,3,1,1
121,2022-10-23,16:30,Premier League,Matchweek 13,Sun,Away,W,2.0,1.0,Tottenham,1.2,1.6,47.0,61726.0,Kieran Trippier,4-3-3,Jarred Gillett,13.0,5.0,18.4,0.0,0.0,0.0,2022.0,Newcastle United,0.0,0.0,0.0,0.0,18,7,3.5,3.5,2.05,6.0,12.0,4.0,23,6,0,1
122,2022-10-29,15:00,Premier League,Matchweek 14,Sat,Home,W,4.0,0.0,Aston Villa,3.4,0.4,59.0,52233.0,Kieran Trippier,4-3-3,Paul Tierney,19.0,6.0,16.3,0.0,1.0,1.0,2022.0,Newcastle United,0.0,0.0,0.0,0.0,21,7,1.8,3.75,4.5,7.0,4.0,7.0,12,3,1,1
123,2022-11-06,14:00,Premier League,Matchweek 15,Sun,Away,W,4.0,1.0,Southampton,0.9,1.7,45.0,30402.0,Kieran Trippier,4-3-3,Stuart Attwell,7.0,4.0,15.4,0.0,0.0,0.0,2022.0,Newcastle United,0.0,0.0,0.0,0.0,24,9,1.9,3.6,4.0,7.0,6.0,5.0,12,4,0,1
124,2022-11-12,17:30,Premier League,Matchweek 16,Sat,Home,W,1.0,0.0,Chelsea,1.0,0.3,49.0,52264.0,Kieran Trippier,4-3-3,Robert Jones,10.0,3.0,15.4,0.0,0.0,0.0,2022.0,Newcastle United,0.0,0.0,0.0,0.0,27,9,2.35,3.4,3.0,6.0,13.0,3.0,21,1,1,1
125,2022-12-26,15:00,Premier League,Matchweek 17,Mon,Away,W,3.0,0.0,Leicester City,1.9,0.5,40.0,32185.0,Kieran Trippier,4-3-3,Jarred Gillett,11.0,4.0,16.8,0.0,1.0,1.0,2022.0,Newcastle United,0.0,1.0,0.0,0.0,30,9,2.2,3.5,3.25,5.0,9.0,0.0,17,6,0,1
126,2022-12-31,15:00,Premier League,Matchweek 18,Sat,Home,D,0.0,0.0,Leeds United,2.2,0.4,60.0,52211.0,Kieran Trippier,4-3-3,Simon Hooper,16.0,5.0,15.4,1.0,0.0,0.0,2022.0,Newcastle United,0.0,0.0,0.0,0.0,33,9,1.45,4.5,7.0,1.0,2.0,1.0,16,3,1,0
127,2023-01-03,19:45,Premier League,Matchweek 19,Tue,Away,D,0.0,0.0,Arsenal,1.0,1.1,34.0,60319.0,Kieran Trippier,4-3-3,Andy Madley,8.0,1.0,13.4,0.0,0.0,0.0,2022.0,Newcastle United,0.0,0.0,0.0,0.0,34,7,4.33,3.8,1.8,3.0,17.0,2.0,46,9,0,0
128,2023-01-15,14:00,Premier League,Matchweek 20,Sun,Home,W,1.0,0.0,Fulham,2.2,1.1,62.0,52247.0,Kieran Trippier,4-3-3,Robert Jones,20.0,5.0,16.7,2.0,0.0,0.0,2022.0,Newcastle United,0.0,0.0,0.0,0.0,35,5,1.5,4.33,6.5,6.0,4.0,3.0,31,9,1,1
129,2023-01-21,17:30,Premier League,Matchweek 21,Sat,Away,D,0.0,0.0,Crystal Palace,1.2,0.3,60.0,25350.0,Kieran Trippier,4-3-3,Craig Pawson,16.0,7.0,13.1,0.0,0.0,0.0,2022.0,Newcastle United,0.0,0.0,0.0,0.0,38,5,1.85,3.5,4.4,7.0,4.0,6.0,23,3,0,0
130,2023-02-04,17:30,Premier League,Matchweek 22,Sat,Home,D,1.0,1.0,West Ham,1.0,1.0,62.0,52256.0,Kieran Trippier,4-3-3,Peter Bankes,8.0,2.0,13.5,0.0,0.0,0.0,2022.0,Newcastle United,0.0,0.0,0.0,0.0,39,5,1.6,3.8,6.0,10.0,6.0,4.0,18,4,1,0
131,2023-02-11,17:30,Premier League,Matchweek 23,Sat,Away,D,1.0,1.0,Bournemouth,1.3,1.5,66.0,10419.0,Kieran Trippier,4-3-3,Stuart Attwell,15.0,7.0,16.9,0.0,0.0,0.0,2022.0,Newcastle United,0.0,0.0,0.0,0.0,40,5,1.53,4.0,6.5,4.0,2.0,3.0,17,1,0,0
132,2023-02-18,17:30,Premier League,Matchweek 24,Sat,Home,L,0.0,2.0,Liverpool,2.0,1.9,38.0,52758.0,Kieran Trippier,4-3-3,Anthony Taylor,14.0,4.0,12.9,0.0,0.0,0.0,2022.0,Newcastle United,1.0,0.0,0.0,0.0,41,3,2.5,3.5,2.7,4.0,13.0,6.0,35,4,1,-1
133,2023-03-04,12:30,Premier League,Matchweek 26,Sat,Away,L,0.0,2.0,Manchester City,0.4,1.3,44.0,53419.0,Jamaal Lascelles,4-3-3,Simon Hooper,5.0,2.0,15.0,1.0,0.0,0.0,2022.0,Newcastle United,0.0,0.0,0.0,0.0,41,2,7.0,4.5,1.45,1.0,19.0,3.0,55,7,0,-1
134,2023-03-12,16:30,Premier League,Matchweek 27,Sun,Home,W,2.0,1.0,Wolves,1.8,1.1,43.0,52240.0,Kieran Trippier,4-3-3,Andy Madley,19.0,8.0,15.9,2.0,0.0,0.0,2022.0,Newcastle United,0.0,0.0,0.0,0.0,41,1,1.65,3.75,5.5,3.0,2.0,8.0,27,4,1,1
135,2023-03-17,20:00,Premier League,Matchweek 28,Fri,Away,W,2.0,1.0,Nottingham Forest,2.4,0.4,61.0,29362.0,Kieran Trippier,4-3-3,Paul Tierney,14.0,3.0,15.2,0.0,1.0,1.0,2022.0,Newcastle United,0.0,0.0,0.0,0.0,44,3,,,,1.0,0.0,0.0,26,1,0,1
136,2022-08-06,12:30,Premier League,Matchweek 1,Sat,Away,D,2.0,2.0,Fulham,1.2,1.2,67.0,22207.0,Jordan Henderson,4-3-3,Andy Madley,11.0,3.0,12.4,0.0,0.0,0.0,2022.0,Liverpool,0.0,0.0,0.0,0.0,0,0,1.25,6.0,11.0,8.0,3.0,1.0,0,0,0,0
137,2022-08-15,20:00,Premier League,Matchweek 2,Mon,Home,D,1.0,1.0,Crystal Palace,2.0,1.0,72.0,52970.0,James Milner,4-3-3,Paul Tierney,24.0,4.0,17.4,0.0,0.0,0.0,2022.0,Liverpool,1.0,0.0,0.0,0.0,1,1,1.18,6.75,16.0,13.0,4.0,1.0,0,0,1,0
138,2022-08-22,20:00,Premier League,Matchweek 3,Mon,Away,L,1.0,2.0,Manchester United,1.3,1.8,70.0,74147.0,Jordan Henderson,4-3-3,Michael Oliver,17.0,5.0,14.4,0.0,0.0,0.0,2022.0,Liverpool,0.0,0.0,0.0,0.0,2,2,1.6,4.33,5.25,8.0,9.0,7.0,0,0,0,-1
139,2022-08-27,15:00,Premier League,Matchweek 4,Sat,Home,W,9.0,0.0,Bournemouth,3.3,0.3,69.0,53328.0,Jordan Henderson,4-3-3,Stuart Attwell,19.0,12.0,11.6,0.0,0.0,0.0,2022.0,Liverpool,0.0,0.0,0.0,0.0,2,2,1.1,10.0,26.0,8.0,1.0,1.0,3,3,1,1
140,2022-08-31,20:00,Premier League,Matchweek 5,Wed,Home,W,2.0,1.0,Newcastle United,1.5,0.7,72.0,53316.0,Jordan Henderson,4-3-3,Andre Marriner,23.0,6.0,17.8,0.0,0.0,0.0,2022.0,Liverpool,0.0,0.0,0.0,0.0,5,4,1.33,5.25,9.0,12.0,4.0,6.0,6,3,1,1
141,2022-09-03,12:30,Premier League,Matchweek 6,Sat,Away,D,0.0,0.0,Everton,2.1,1.7,61.0,39240.0,Virgil van Dijk,4-3-3,Anthony Taylor,23.0,8.0,13.1,0.0,0.0,0.0,2022.0,Liverpool,0.0,0.0,0.0,0.0,8,6,1.4,4.75,7.0,10.0,2.0,12.0,3,3,0,0
142,2022-10-01,15:00,Premier League,Matchweek 9,Sat,Home,D,3.0,3.0,Brighton,1.5,1.4,54.0,53320.0,Jordan Henderson,4-3-3,Andy Madley,15.0,7.0,16.8,1.0,0.0,0.0,2022.0,Liverpool,0.0,0.0,0.0,0.0,12,7,1.33,5.25,8.5,7.0,1.0,2.0,16,6,1,0
143,2022-10-09,16:30,Premier League,Matchweek 10,Sun,Away,L,2.0,3.0,Arsenal,1.1,2.7,57.0,60059.0,Jordan Henderson,4-2-3-1,Michael Oliver,8.0,3.0,18.0,0.0,0.0,0.0,2022.0,Liverpool,0.0,0.0,0.0,0.0,13,5,2.62,3.6,2.5,11.0,5.0,8.0,24,9,0,-1
144,2022-10-16,16:30,Premier League,Matchweek 11,Sun,Home,W,1.0,0.0,Manchester City,2.1,1.0,37.0,53286.0,James Milner,4-2-3-1,Anthony Taylor,13.0,2.0,17.5,0.0,0.0,0.0,2022.0,Liverpool,0.0,0.0,0.0,0.0,13,4,3.6,4.0,1.9,8.0,8.0,8.0,26,9,1,1
145,2022-10-19,19:30,Premier League,Matchweek 12,Wed,Home,W,1.0,0.0,West Ham,1.7,1.7,54.0,52982.0,Jordan Henderson,4-4-2,Stuart Attwell,22.0,7.0,17.5,0.0,0.0,0.0,2022.0,Liverpool,0.0,0.0,0.0,0.0,16,4,1.4,5.0,7.0,14.0,5.0,3.0,11,7,1,1
146,2022-10-22,12:30,Premier League,Matchweek 13,Sat,Away,L,0.0,1.0,Nottingham Forest,1.6,1.9,75.0,29245.0,James Milner,4-4-2,Paul Tierney,15.0,7.0,10.4,0.0,0.0,0.0,2022.0,Liverpool,0.0,0.0,0.0,0.0,19,6,1.25,6.0,11.0,0.0,0.0,0.0,6,2,0,-1
147,2022-10-29,19:45,Premier League,Matchweek 14,Sat,Home,L,1.0,2.0,Leeds United,1.7,1.8,68.0,53274.0,Virgil van Dijk,4-1-2-1-2◆,Michael Oliver,22.0,10.0,16.4,0.0,0.0,0.0,2022.0,Liverpool,0.0,0.0,0.0,0.0,19,6,1.3,6.0,9.0,3.0,0.0,1.0,10,0,1,-1
148,2022-11-06,16:30,Premier League,Matchweek 15,Sun,Away,W,2.0,1.0,Tottenham,1.2,1.2,53.0,62008.0,Virgil van Dijk,4-1-2-1-2◆,Andy Madley,13.0,6.0,21.2,0.0,0.0,0.0,2022.0,Liverpool,0.0,0.0,0.0,0.0,19,3,2.1,3.6,3.3,12.0,5.0,7.0,26,3,0,1
149,2022-11-12,15:00,Premier League,Matchweek 16,Sat,Home,W,3.0,1.0,Southampton,1.9,1.1,60.0,53331.0,Virgil van Dijk,4-3-3,Simon Hooper,15.0,7.0,12.4,0.0,0.0,0.0,2022.0,Liverpool,0.0,0.0,0.0,0.0,22,3,1.25,6.5,11.0,13.0,4.0,3.0,12,1,1,1
150,2022-12-26,17:30,Premier League,Matchweek 17,Mon,Away,W,3.0,1.0,Aston Villa,2.7,1.4,52.0,42085.0,Jordan Henderson,4-3-3,Paul Tierney,16.0,9.0,17.0,0.0,0.0,0.0,2022.0,Liverpool,0.0,0.0,0.0,0.0,25,6,1.7,4.0,4.75,12.0,3.0,2.0,18,6,0,1
151,2022-12-30,20:00,Premier League,Matchweek 18,Fri,Home,W,2.0,1.0,Leicester City,2.2,1.0,57.0,53343.0,Jordan Henderson,4-3-3,Craig Pawson,21.0,5.0,18.4,1.0,0.0,0.0,2022.0,Liverpool,0.0,0.0,0.0,0.0,28,9,1.29,6.0,9.5,10.0,4.0,2.0,17,6,1,1
152,2023-01-02,17:30,Premier League,Matchweek 19,Mon,Away,L,1.0,3.0,Brentford,2.0,1.7,72.0,17163.0,Virgil van Dijk,4-3-3,Stuart Attwell,16.0,5.0,15.3,0.0,0.0,0.0,2022.0,Liverpool,0.0,0.0,1.0,0.0,31,9,1.55,4.33,5.5,1.0,0.0,1.0,26,7,0,-1
153,2023-01-14,15:00,Premier League,Matchweek 20,Sat,Away,L,0.0,3.0,Brighton,1.0,1.9,39.0,31645.0,Jordan Henderson,4-1-2-1-2◆,Darren England,6.0,2.0,12.8,0.0,0.0,0.0,2022.0,Liverpool,0.0,0.0,0.0,0.0,31,6,2.1,3.6,3.4,7.0,1.0,3.0,30,6,0,-1
154,2023-01-21,12:30,Premier League,Matchweek 21,Sat,Home,D,0.0,0.0,Chelsea,1.4,1.6,48.0,53126.0,James Milner,4-3-3,Michael Oliver,15.0,3.0,15.5,0.0,0.0,0.0,2022.0,Liverpool,0.0,0.0,0.0,0.0,31,3,1.85,3.75,4.0,10.0,5.0,9.0,28,4,1,0
155,2023-02-04,15:00,Premier League,Matchweek 22,Sat,Away,L,0.0,3.0,Wolves,1.8,2.0,59.0,31664.0,Andrew Robertson,4-3-3,Paul Tierney,22.0,2.0,19.5,1.0,0.0,0.0,2022.0,Liverpool,0.0,0.0,1.0,0.0,32,1,1.85,3.8,4.0,11.0,1.0,0.0,17,4,0,-1
156,2023-02-13,20:00,Premier League,Matchweek 23,Mon,Home,W,2.0,0.0,Everton,2.3,0.4,59.0,53027.0,Jordan Henderson,4-3-3,Simon Hooper,15.0,6.0,16.7,1.0,0.0,0.0,2022.0,Liverpool,0.0,0.0,0.0,0.0,32,1,1.5,4.33,6.5,10.0,2.0,13.0,18,3,1,1
157,2023-02-18,17:30,Premier League,Matchweek 24,Sat,Away,W,2.0,0.0,Newcastle United,1.9,2.0,62.0,52758.0,Jordan Henderson,4-3-3,Anthony Taylor,13.0,7.0,16.4,1.0,0.0,0.0,2022.0,Liverpool,0.0,0.0,0.0,0.0,35,4,2.7,3.5,2.5,13.0,4.0,6.0,41,3,0,1
158,2023-02-25,19:45,Premier League,Matchweek 25,Sat,Away,D,0.0,0.0,Crystal Palace,0.9,0.7,63.0,25842.0,Jordan Henderson,4-3-3,Darren England,12.0,4.0,16.0,1.0,0.0,0.0,2022.0,Liverpool,0.0,0.0,0.0,0.0,38,6,1.73,3.8,4.75,13.0,4.0,2.0,26,2,0,0
159,2023-03-01,20:00,Premier League,Matchweek 7,Wed,Home,W,2.0,0.0,Wolves,2.6,0.8,57.0,53259.0,Virgil van Dijk,4-3-3,Paul Tierney,15.0,6.0,13.6,0.0,0.0,0.0,2022.0,Liverpool,0.0,0.0,0.0,0.0,9,7,1.5,4.75,6.0,11.0,2.0,0.0,6,5,1,1
160,2023-03-05,16:30,Premier League,Matchweek 26,Sun,Home,W,7.0,0.0,Manchester United,2.8,0.8,59.0,53001.0,Jordan Henderson,4-3-3,Andy Madley,18.0,8.0,12.7,0.0,0.0,0.0,2022.0,Liverpool,0.0,0.0,0.0,0.0,39,7,2.38,3.6,2.88,8.0,10.0,7.0,49,9,1,1
161,2023-03-11,12:30,Premier League,Matchweek 27,Sat,Away,L,0.0,1.0,Bournemouth,1.7,0.9,69.0,10536.0,Virgil van Dijk,4-3-3,John Brooks,14.0,5.0,18.5,0.0,0.0,1.0,2022.0,Liverpool,0.0,0.0,0.0,0.0,42,7,1.4,5.0,7.5,9.0,1.0,1.0,21,3,0,-1
162,2022-08-07,14:00,Premier League,Matchweek 1,Sun,Away,W,2.0,1.0,Manchester United,1.5,1.4,38.0,73711.0,Lewis Dunk,3-3-3-1,Paul Tierney,15.0,4.0,17.4,0.0,0.0,0.0,2022.0,Brighton,0.0,0.0,1.0,0.0,0,0,5.25,4.2,1.6,3.0,7.0,0.0,0,0,0,1
163,2022-08-13,15:00,Premier League,Matchweek 2,Sat,Home,D,0.0,0.0,Newcastle United,1.5,0.2,54.0,31552.0,Lewis Dunk,3-4-1-2,Graham Scott,13.0,5.0,17.3,0.0,0.0,0.0,2022.0,Brighton,0.0,0.0,0.0,0.0,3,3,2.45,3.2,3.0,4.0,1.0,5.0,3,3,1,0
164,2022-08-21,14:00,Premier League,Matchweek 3,Sun,Away,W,2.0,0.0,West Ham,1.7,0.8,50.0,62449.0,Lewis Dunk,3-5-1-1,Anthony Taylor,10.0,1.0,18.8,0.0,1.0,1.0,2022.0,Brighton,0.0,1.0,0.0,0.0,4,4,3.1,3.4,2.3,4.0,0.0,6.0,0,0,0,1
165,2022-08-27,15:00,Premier League,Matchweek 4,Sat,Home,W,1.0,0.0,Leeds United,2.0,1.8,44.0,30953.0,Lewis Dunk,4-4-2,Michael Salisbury,13.0,4.0,13.6,0.0,0.0,0.0,2022.0,Brighton,0.0,0.0,0.0,0.0,7,7,1.9,3.8,3.8,2.0,0.0,2.0,7,7,1,1
166,2022-08-30,19:30,Premier League,Matchweek 5,Tue,Away,L,1.0,2.0,Fulham,1.4,0.7,61.0,22224.0,Lewis Dunk,3-5-2,Thomas Bramall,6.0,2.0,15.3,0.0,1.0,1.0,2022.0,Brighton,0.0,1.0,1.0,0.0,10,7,2.3,3.3,3.1,0.0,1.0,3.0,5,4,0,-1
167,2022-09-04,14:00,Premier League,Matchweek 6,Sun,Home,W,5.0,2.0,Leicester City,2.6,1.4,53.0,31185.0,Lewis Dunk,3-5-2,Tony Harrington,22.0,10.0,19.6,2.0,1.0,1.0,2022.0,Brighton,0.0,1.0,0.0,0.0,10,6,1.83,3.5,4.5,1.0,6.0,3.0,1,0,1,1
168,2022-10-01,15:00,Premier League,Matchweek 9,Sat,Away,D,3.0,3.0,Liverpool,1.4,1.5,46.0,53320.0,Lewis Dunk,3-4-3,Andy Madley,6.0,6.0,10.0,0.0,0.0,0.0,2022.0,Brighton,0.0,0.0,1.0,0.0,16,6,8.5,5.25,1.33,1.0,7.0,2.0,12,7,0,0
169,2022-10-08,17:30,Premier League,Matchweek 10,Sat,Home,L,0.0,1.0,Tottenham,0.7,0.8,59.0,31498.0,Lewis Dunk,3-4-3,Tony Harrington,14.0,4.0,18.5,0.0,0.0,0.0,2022.0,Brighton,0.0,0.0,0.0,0.0,17,7,2.8,3.4,2.5,3.0,6.0,1.0,17,3,1,-1
170,2022-10-14,20:00,Premier League,Matchweek 11,Fri,Away,L,0.0,2.0,Brentford,1.9,1.5,72.0,17016.0,Lewis Dunk,4-4-2,Michael Salisbury,21.0,7.0,17.2,0.0,0.0,0.0,2022.0,Brighton,0.0,0.0,0.0,0.0,17,4,2.3,3.4,3.1,2.0,0.0,0.0,13,1,0,-1
171,2022-10-18,19:30,Premier League,Matchweek 12,Tue,Home,D,0.0,0.0,Nottingham Forest,1.7,0.1,70.0,31463.0,Lewis Dunk,3-4-3,Darren England,19.0,7.0,15.7,0.0,0.0,0.0,2022.0,Brighton,0.0,0.0,0.0,0.0,17,1,1.4,4.75,7.0,0.0,0.0,0.0,5,1,1,0
172,2022-10-22,15:00,Premier League,Matchweek 13,Sat,Away,L,1.0,3.0,Manchester City,0.5,1.6,52.0,53223.0,Lewis Dunk,3-4-1-2,Craig Pawson,8.0,2.0,19.8,0.0,0.0,0.0,2022.0,Brighton,0.0,0.0,0.0,0.0,18,1,13.0,7.0,1.2,1.0,9.0,0.0,29,6,0,-1
173,2022-10-29,15:00,Premier League,Matchweek 14,Sat,Home,W,4.0,1.0,Chelsea,2.4,1.4,41.0,31746.0,Lewis Dunk,4-2-3-1,Andy Madley,19.0,7.0,15.9,0.0,0.0,0.0,2022.0,Brighton,0.0,0.0,0.0,0.0,18,1,3.0,3.3,2.4,0.0,6.0,4.0,21,5,1,1
174,2022-11-05,15:00,Premier League,Matchweek 15,Sat,Away,W,3.0,2.0,Wolves,1.5,1.2,71.0,30732.0,Lewis Dunk,4-2-3-1,Graham Scott,19.0,8.0,17.2,3.0,0.0,0.0,2022.0,Brighton,0.0,0.0,0.0,0.0,21,4,2.25,3.3,3.3,2.0,2.0,4.0,10,1,0,1
175,2022-11-13,14:00,Premier League,Matchweek 16,Sun,Home,L,1.0,2.0,Aston Villa,0.6,1.5,65.0,31581.0,Lewis Dunk,4-2-3-1,Chris Kavanagh,7.0,2.0,18.2,0.0,0.0,0.0,2022.0,Brighton,0.0,0.0,0.0,0.0,24,6,1.83,3.75,4.2,1.0,3.0,2.0,15,6,1,-1
176,2022-12-26,15:00,Premier League,Matchweek 17,Mon,Away,W,3.0,1.0,Southampton,0.6,1.9,66.0,31010.0,Lewis Dunk,4-2-3-1,Robert Jones,7.0,4.0,13.7,0.0,0.0,0.0,2022.0,Brighton,0.0,0.0,0.0,0.0,24,6,2.15,3.5,3.3,1.0,3.0,6.0,12,0,0,1
177,2022-12-31,17:30,Premier League,Matchweek 18,Sat,Home,L,2.0,4.0,Arsenal,1.2,2.9,68.0,31647.0,Lewis Dunk,4-2-3-1,Anthony Taylor,9.0,5.0,13.5,0.0,0.0,0.0,2022.0,Brighton,0.0,0.0,0.0,0.0,27,6,3.4,3.5,2.1,4.0,3.0,3.0,43,9,1,-1
178,2023-01-03,19:45,Premier League,Matchweek 19,Tue,Away,W,4.0,1.0,Everton,2.2,1.3,51.0,39103.0,Lewis Dunk,4-2-3-1,Andre Marriner,19.0,8.0,18.9,1.0,0.0,0.0,2022.0,Brighton,0.0,0.0,0.0,0.0,27,3,2.1,3.5,3.5,3.0,5.0,2.0,15,1,0,1
179,2023-01-14,15:00,Premier League,Matchweek 20,Sat,Home,W,3.0,0.0,Liverpool,1.9,1.0,61.0,31645.0,Lewis Dunk,4-2-3-1,Darren England,16.0,8.0,16.3,0.0,0.0,0.0,2022.0,Brighton,0.0,0.0,0.0,0.0,30,6,3.4,3.6,2.1,1.0,7.0,3.0,31,6,1,1
180,2023-01-21,15:00,Premier League,Matchweek 21,Sat,Away,D,2.0,2.0,Leicester City,1.7,0.9,63.0,32056.0,Lewis Dunk,4-2-3-1,Thomas Bramall,13.0,4.0,17.0,0.0,0.0,0.0,2022.0,Brighton,0.0,0.0,0.0,0.0,33,6,2.05,3.5,3.6,2.0,6.0,3.0,17,0,0,0
181,2023-02-04,15:00,Premier League,Matchweek 22,Sat,Home,W,1.0,0.0,Bournemouth,2.2,1.1,71.0,31600.0,Lewis Dunk,3-4-3,Craig Pawson,20.0,6.0,16.3,0.0,0.0,0.0,2022.0,Brighton,0.0,0.0,0.0,0.0,34,7,1.33,5.25,8.5,1.0,4.0,1.0,17,1,1,1
182,2023-02-11,15:00,Premier League,Matchweek 23,Sat,Away,D,1.0,1.0,Crystal Palace,2.5,1.1,73.0,24827.0,Lewis Dunk,4-2-3-1,Michael Oliver,17.0,7.0,13.6,1.0,0.0,0.0,2022.0,Brighton,0.0,0.0,0.0,0.0,37,7,2.0,3.5,3.8,2.0,3.0,5.0,24,1,0,0
183,2023-02-18,15:00,Premier League,Matchweek 24,Sat,Home,L,0.0,1.0,Fulham,2.2,0.3,65.0,31619.0,Lewis Dunk,4-2-3-1,Darren England,21.0,7.0,15.6,1.0,0.0,0.0,2022.0,Brighton,0.0,0.0,0.0,0.0,38,5,1.65,3.8,5.5,0.0,2.0,3.0,35,4,1,-1
184,2023-03-04,15:00,Premier League,Matchweek 26,Sat,Home,W,4.0,0.0,West Ham,3.5,0.3,65.0,31523.0,Lewis Dunk,4-2-3-1,Stuart Attwell,19.0,8.0,16.3,0.0,1.0,1.0,2022.0,Brighton,0.0,1.0,0.0,0.0,38,4,1.8,3.6,4.5,5.0,0.0,6.0,23,4,1,1
185,2023-03-11,15:00,Premier League,Matchweek 27,Sat,Away,D,2.0,2.0,Leeds United,2.7,0.9,62.0,36471.0,Lewis Dunk,4-2-3-1,Paul Tierney,15.0,3.0,16.0,0.0,0.0,0.0,2022.0,Brighton,0.0,0.0,0.0,0.0,41,4,1.95,3.6,3.75,3.0,0.0,2.0,22,3,0,0
186,2023-03-15,19:30,Premier League,Matchweek 8,Wed,Home,W,1.0,0.0,Crystal Palace,0.6,1.1,57.0,30933.0,Lewis Dunk,4-2-3-1,Peter Bankes,11.0,5.0,20.5,1.0,0.0,0.0,2022.0,Brighton,0.0,0.0,0.0,0.0,13,6,1.44,4.2,8.0,2.0,3.0,6.0,7,3,1,1
188,2022-08-07,14:00,Premier League,Matchweek 1,Sun,Away,D,2.0,2.0,Leicester City,0.8,0.6,44.0,31794.0,Pontus Jansson,4-3-3,Jarred Gillett,8.0,3.0,17.0,0.0,0.0,0.0,2022.0,Brentford,0.0,0.0,0.0,0.0,0,0,3.5,3.75,2.0,0.0,2.0,0.0,0,0,0,0
189,2022-08-13,17:30,Premier League,Matchweek 2,Sat,Home,W,4.0,0.0,Manchester United,1.6,0.9,34.0,17051.0,Pontus Jansson,5-3-2,Stuart Attwell,13.0,7.0,18.6,1.0,0.0,0.0,2022.0,Brentford,0.0,0.0,0.0,0.0,1,1,3.75,3.5,2.0,0.0,2.0,0.0,0,0,1,1
190,2022-08-20,15:00,Premier League,Matchweek 3,Sat,Away,L,2.0,3.0,Fulham,1.8,2.4,57.0,21798.0,Pontus Jansson,4-3-3,Peter Bankes,13.0,5.0,14.1,0.0,0.0,0.0,2022.0,Brentford,0.0,0.0,0.0,0.0,4,4,2.9,3.4,2.45,0.0,0.0,0.0,2,2,0,-1
191,2022-08-27,15:00,Premier League,Matchweek 4,Sat,Home,D,1.0,1.0,Everton,2.1,1.1,58.0,17009.0,Christian Nørgaard,4-3-3,John Brooks,20.0,5.0,14.8,0.0,0.0,0.0,2022.0,Brentford,0.0,0.0,0.0,0.0,4,4,2.0,3.5,3.75,2.0,0.0,0.0,1,1,1,0
192,2022-08-30,19:30,Premier League,Matchweek 5,Tue,Away,D,1.0,1.0,Crystal Palace,1.4,1.0,51.0,25043.0,Ivan Toney,4-3-3,Simon Hooper,9.0,3.0,10.7,0.0,0.0,0.0,2022.0,Brentford,0.0,0.0,0.0,0.0,5,4,3.6,3.4,2.05,0.0,0.0,2.0,4,4,0,0
193,2022-09-03,15:00,Premier League,Matchweek 6,Sat,Home,W,5.0,2.0,Leeds United,2.3,1.7,32.0,17092.0,Pontus Jansson,4-3-3,Robert Jones,13.0,7.0,18.8,2.0,1.0,1.0,2022.0,Brentford,0.0,1.0,0.0,0.0,6,2,2.1,3.5,3.4,0.0,1.0,1.0,8,4,1,1
194,2022-09-18,12:00,Premier League,Matchweek 8,Sun,Home,L,0.0,3.0,Arsenal,0.5,1.5,37.0,17122.0,Pontus Jansson,3-5-2,David Coote,5.0,2.0,13.9,1.0,0.0,0.0,2022.0,Brentford,0.0,0.0,0.0,0.0,12,7,4.2,3.8,1.8,1.0,1.0,0.0,18,6,1,-1
195,2022-10-01,15:00,Premier League,Matchweek 9,Sat,Away,D,0.0,0.0,Bournemouth,0.9,0.4,58.0,10126.0,Pontus Jansson,4-3-3,Thomas Bramall,13.0,4.0,15.2,1.0,0.0,0.0,2022.0,Brentford,0.0,0.0,0.0,0.0,12,6,2.2,3.4,3.3,0.0,0.0,0.0,8,5,0,0
196,2022-10-08,15:00,Premier League,Matchweek 10,Sat,Away,L,1.0,5.0,Newcastle United,1.2,1.5,46.0,52067.0,Ivan Toney,3-5-2,John Brooks,5.0,2.0,18.2,0.0,1.0,1.0,2022.0,Brentford,0.0,0.0,1.0,0.0,13,4,4.2,3.8,1.83,0.0,1.0,1.0,11,5,0,-1
197,2022-10-14,20:00,Premier League,Matchweek 11,Fri,Home,W,2.0,0.0,Brighton,1.5,1.9,28.0,17016.0,Ivan Toney,4-3-3,Michael Salisbury,6.0,1.0,16.3,0.0,1.0,1.0,2022.0,Brentford,0.0,1.0,0.0,0.0,13,1,3.1,3.4,2.3,0.0,2.0,0.0,17,4,1,1
198,2022-10-19,19:30,Premier League,Matchweek 12,Wed,Home,D,0.0,0.0,Chelsea,1.3,0.9,34.0,17118.0,Ivan Toney,3-5-2,Jarred Gillett,8.0,5.0,14.5,0.0,0.0,0.0,2022.0,Brentford,0.0,0.0,0.0,0.0,16,4,4.75,3.8,1.72,1.0,1.0,0.0,19,9,1,0
199,2022-10-23,14:00,Premier League,Matchweek 13,Sun,Away,L,0.0,4.0,Aston Villa,0.9,2.8,55.0,41693.0,Ivan Toney,3-5-2,Darren England,12.0,3.0,16.8,0.0,0.0,0.0,2022.0,Brentford,0.0,0.0,0.0,0.0,17,4,3.5,3.5,2.1,1.0,0.0,1.0,9,1,0,-1
200,2022-10-29,15:00,Premier League,Matchweek 14,Sat,Home,D,1.0,1.0,Wolves,1.4,0.6,58.0,17051.0,Ivan Toney,4-3-3,Robert Madley,12.0,3.0,15.4,0.0,0.0,0.0,2022.0,Brentford,0.0,0.0,0.0,0.0,17,4,2.2,3.4,3.3,1.0,1.0,0.0,9,3,1,0
201,2022-11-05,15:00,Premier League,Matchweek 15,Sat,Away,D,2.0,2.0,Nottingham Forest,1.5,1.5,52.0,28869.0,David Raya,4-3-3,Andre Marriner,5.0,1.0,20.3,0.0,1.0,1.0,2022.0,Brentford,0.0,1.0,1.0,0.0,18,2,2.6,3.3,2.75,0.0,0.0,0.0,9,4,0,0
202,2022-11-12,12:30,Premier League,Matchweek 16,Sat,Away,W,2.0,1.0,Manchester City,1.3,1.6,26.0,52786.0,Ivan Toney,3-5-2,Peter Bankes,10.0,7.0,15.2,0.0,0.0,0.0,2022.0,Brentford,0.0,0.0,0.0,0.0,19,2,17.0,8.0,1.14,0.0,2.0,0.0,38,9,0,1
203,2022-12-26,12:30,Premier League,Matchweek 17,Mon,Home,D,2.0,2.0,Tottenham,2.0,1.1,39.0,17137.0,Christian Nørgaard,3-5-2,David Coote,9.0,4.0,10.2,0.0,0.0,0.0,2022.0,Brentford,0.0,0.0,0.0,0.0,22,5,4.0,3.6,1.91,0.0,1.0,1.0,29,6,1,0
204,2022-12-30,19:45,Premier League,Matchweek 18,Fri,Away,W,2.0,0.0,West Ham,1.6,1.3,37.0,62467.0,Christian Nørgaard,3-5-2,Darren England,9.0,6.0,13.4,1.0,0.0,0.0,2022.0,Brentford,0.0,0.0,0.0,0.0,23,5,3.6,3.6,2.0,2.0,0.0,0.0,14,0,0,1
205,2023-01-02,17:30,Premier League,Matchweek 19,Mon,Home,W,3.0,1.0,Liverpool,1.7,2.0,28.0,17163.0,Christian Nørgaard,3-5-2,Stuart Attwell,10.0,7.0,10.5,0.0,0.0,0.0,2022.0,Brentford,0.0,0.0,0.0,0.0,26,7,5.5,4.33,1.55,0.0,1.0,1.0,31,9,1,1
206,2023-01-14,17:30,Premier League,Matchweek 20,Sat,Home,W,2.0,0.0,Bournemouth,1.4,0.6,50.0,17031.0,Christian Nørgaard,4-3-3,Jarred Gillett,11.0,3.0,23.3,0.0,1.0,1.0,2022.0,Brentford,0.0,1.0,0.0,0.0,29,7,1.65,4.0,5.25,0.0,0.0,1.0,16,0,1,1
207,2023-01-22,14:00,Premier League,Matchweek 21,Sun,Away,D,0.0,0.0,Leeds United,0.4,0.5,42.0,36260.0,Christian Nørgaard,3-5-2,Peter Bankes,6.0,0.0,24.2,1.0,0.0,0.0,2022.0,Brentford,0.0,0.0,0.0,0.0,32,9,2.88,3.6,2.38,1.0,1.0,1.0,18,2,0,0
208,2023-02-04,15:00,Premier League,Matchweek 22,Sat,Home,W,3.0,0.0,Southampton,2.2,0.7,49.0,17051.0,Christian Nørgaard,4-3-3,Darren Bond,14.0,3.0,12.1,0.0,0.0,0.0,2022.0,Brentford,0.0,0.0,0.0,0.0,33,7,1.85,3.6,4.2,1.0,1.0,0.0,15,3,1,1
209,2023-02-11,15:00,Premier League,Matchweek 23,Sat,Away,D,1.0,1.0,Arsenal,2.0,1.6,31.0,60254.0,Christian Nørgaard,3-5-2,Peter Bankes,9.0,2.0,12.9,0.0,0.0,0.0,2022.0,Brentford,0.0,0.0,0.0,0.0,36,7,7.0,4.75,1.44,1.0,2.0,0.0,53,6,0,0
210,2023-02-18,15:00,Premier League,Matchweek 24,Sat,Home,D,1.0,1.0,Crystal Palace,0.9,1.1,59.0,17122.0,Christian Nørgaard,4-3-3,Paul Tierney,12.0,5.0,19.0,0.0,0.0,0.0,2022.0,Brentford,0.0,0.0,0.0,0.0,37,5,1.83,3.5,4.5,0.0,0.0,3.0,25,2,1,0
211,2023-03-06,20:00,Premier League,Matchweek 26,Mon,Home,W,3.0,2.0,Fulham,2.2,1.4,37.0,17025.0,Christian Nørgaard,4-3-3,Anthony Taylor,13.0,5.0,19.8,2.0,1.0,1.0,2022.0,Brentford,0.0,1.0,0.0,0.0,38,5,1.95,3.6,3.75,0.0,1.0,0.0,39,7,1,1
212,2023-03-11,15:00,Premier League,Matchweek 27,Sat,Away,L,0.0,1.0,Everton,2.0,1.0,67.0,39274.0,Christian Nørgaard,4-3-3,Simon Hooper,12.0,3.0,13.0,1.0,0.0,0.0,2022.0,Brentford,0.0,0.0,0.0,0.0,41,5,2.7,3.25,2.7,2.0,0.0,1.0,22,4,0,-1
213,2023-03-15,19:30,Premier League,Matchweek 7,Wed,Away,W,2.0,0.0,Southampton,1.9,0.5,34.0,30438.0,Christian Nørgaard,4-3-3,Michael Salisbury,11.0,4.0,18.3,0.0,0.0,0.0,2022.0,Brentford,0.0,0.0,0.0,0.0,9,5,2.5,3.25,2.88,2.0,1.0,0.0,7,3,0,1
214,2023-03-18,15:00,Premier League,Matchweek 28,Sat,Home,D,1.0,1.0,Leicester City,0.6,1.3,53.0,17006.0,Christian Nørgaard,4-3-3,Darren Bond,11.0,2.0,17.5,0.0,0.0,0.0,2022.0,Brentford,1.0,0.0,0.0,1.0,41,4,,,,0.0,2.0,1.0,24,0,1,0
215,2022-08-06,12:30,Premier League,Matchweek 1,Sat,Home,D,2.0,2.0,Liverpool,1.2,1.2,33.0,22207.0,Tim Ream,4-2-3-1,Andy Madley,8.0,2.0,18.4,0.0,1.0,1.0,2022.0,Fulham,0.0,1.0,0.0,0.0,0,0,11.0,6.0,1.25,3.0,8.0,1.0,0,0,1,0
216,2022-08-13,15:00,Premier League,Matchweek 2,Sat,Away,D,0.0,0.0,Wolves,1.5,0.9,41.0,31178.0,Tim Ream,4-2-3-1,John Brooks,8.0,2.0,15.7,0.0,0.0,1.0,2022.0,Fulham,0.0,1.0,0.0,0.0,1,1,3.2,3.3,2.3,2.0,4.0,2.0,0,0,0,0
217,2022-08-20,15:00,Premier League,Matchweek 3,Sat,Home,W,3.0,2.0,Brentford,2.4,1.8,43.0,21798.0,Tim Ream,4-2-3-1,Peter Bankes,18.0,9.0,15.5,1.0,0.0,0.0,2022.0,Fulham,0.0,0.0,0.0,0.0,2,2,2.45,3.4,2.9,0.0,0.0,0.0,4,4,1,1
218,2022-08-27,17:30,Premier League,Matchweek 4,Sat,Away,L,1.0,2.0,Arsenal,0.8,2.6,29.0,60164.0,Tim Ream,4-2-3-1,Jarred Gillett,11.0,3.0,13.7,0.0,0.0,0.0,2022.0,Fulham,0.0,0.0,0.0,0.0,5,5,9.0,5.75,1.3,1.0,7.0,3.0,9,9,0,-1
219,2022-08-30,19:30,Premier League,Matchweek 5,Tue,Home,W,2.0,1.0,Brighton,0.7,1.4,39.0,22224.0,Tim Ream,4-2-3-1,Thomas Bramall,10.0,3.0,15.3,1.0,0.0,0.0,2022.0,Fulham,0.0,0.0,0.0,0.0,5,4,3.1,3.3,2.3,1.0,0.0,3.0,10,7,1,1
220,2022-09-03,15:00,Premier League,Matchweek 6,Sat,Away,L,1.0,2.0,Tottenham,0.7,2.9,48.0,61641.0,Tim Ream,4-2-3-1,Stuart Attwell,9.0,3.0,17.1,0.0,0.0,0.0,2022.0,Fulham,0.0,0.0,0.0,0.0,8,6,6.5,4.5,1.5,1.0,10.0,1.0,11,7,0,-1
221,2022-09-16,20:00,Premier League,Matchweek 8,Fri,Away,W,3.0,2.0,Nottingham Forest,0.9,1.4,59.0,28654.0,Tim Ream,4-2-3-1,Jarred Gillett,15.0,7.0,17.3,2.0,0.0,0.0,2022.0,Fulham,0.0,0.0,0.0,0.0,11,6,2.62,3.3,2.75,0.0,0.0,0.0,4,0,0,1
222,2022-10-01,15:00,Premier League,Matchweek 9,Sat,Home,L,1.0,4.0,Newcastle United,0.5,3.3,33.0,22913.0,Tim Ream,4-2-3-1,Darren England,3.0,1.0,16.2,0.0,0.0,0.0,2022.0,Fulham,1.0,0.0,0.0,0.0,14,6,3.0,3.4,2.37,4.0,5.0,3.0,8,2,1,-1
223,2022-10-09,14:00,Premier League,Matchweek 10,Sun,Away,L,1.0,3.0,West Ham,0.7,2.4,50.0,62407.0,Tim Ream,4-2-3-1,Chris Kavanagh,8.0,2.0,16.6,1.0,0.0,0.0,2022.0,Fulham,0.0,0.0,0.0,0.0,14,6,4.75,3.8,1.72,2.0,6.0,2.0,7,3,0,-1
224,2022-10-15,15:00,Premier League,Matchweek 11,Sat,Home,D,2.0,2.0,Bournemouth,2.1,1.0,69.0,22541.0,Tim Ream,4-2-3-1,Graham Scott,18.0,3.0,18.9,0.0,1.0,1.0,2022.0,Fulham,0.0,1.0,0.0,0.0,14,3,1.85,3.75,4.0,1.0,1.0,0.0,12,5,1,0
225,2022-10-20,19:30,Premier League,Matchweek 12,Thu,Home,W,3.0,0.0,Aston Villa,2.1,1.2,60.0,23508.0,Tim Ream,4-2-3-1,Michael Oliver,17.0,6.0,16.7,1.0,1.0,1.0,2022.0,Fulham,0.0,0.0,0.0,0.0,15,1,2.9,3.3,2.5,3.0,3.0,4.0,9,2,1,1
226,2022-10-23,14:00,Premier League,Matchweek 13,Sun,Away,W,3.0,2.0,Leeds United,1.8,1.6,43.0,36447.0,Tim Ream,4-2-3-1,Anthony Taylor,11.0,4.0,11.9,0.0,0.0,0.0,2022.0,Fulham,0.0,0.0,0.0,0.0,18,4,3.6,3.5,2.05,0.0,2.0,0.0,10,0,0,1
227,2022-10-29,17:30,Premier League,Matchweek 14,Sat,Home,D,0.0,0.0,Everton,1.9,0.9,56.0,23534.0,Tim Ream,4-2-3-1,John Brooks,24.0,6.0,16.4,0.0,0.0,0.0,2022.0,Fulham,0.0,0.0,0.0,0.0,21,7,2.37,3.4,3.0,2.0,8.0,2.0,13,3,1,0
228,2022-11-05,15:00,Premier League,Matchweek 15,Sat,Away,L,1.0,2.0,Manchester City,1.0,2.1,30.0,52395.0,Tim Ream,4-2-3-1,Darren England,3.0,1.0,26.2,0.0,1.0,1.0,2022.0,Fulham,0.0,1.0,0.0,0.0,22,7,19.0,9.5,1.11,0.0,10.0,2.0,35,9,0,-1
229,2022-11-13,16:30,Premier League,Matchweek 16,Sun,Home,L,1.0,2.0,Manchester United,1.4,2.5,53.0,24246.0,Tom Cairney,4-2-3-1,Paul Tierney,14.0,7.0,14.0,0.0,0.0,0.0,2022.0,Fulham,0.0,0.0,0.0,0.0,22,4,3.8,3.8,1.9,0.0,9.0,3.0,25,4,1,-1
230,2022-12-26,15:00,Premier League,Matchweek 17,Mon,Away,W,3.0,0.0,Crystal Palace,2.5,0.4,64.0,25176.0,Tim Ream,4-2-3-1,Andy Madley,23.0,10.0,13.4,1.0,0.0,0.0,2022.0,Fulham,0.0,0.0,0.0,0.0,22,1,3.5,3.6,2.05,1.0,3.0,2.0,20,6,0,1
231,2022-12-31,15:00,Premier League,Matchweek 18,Sat,Home,W,2.0,1.0,Southampton,1.5,0.8,62.0,24344.0,Tim Ream,4-2-3-1,Graham Scott,7.0,1.0,18.8,0.0,0.0,1.0,2022.0,Fulham,0.0,1.0,0.0,0.0,25,3,1.95,3.6,3.75,1.0,4.0,3.0,12,0,1,1
232,2023-01-03,19:45,Premier League,Matchweek 19,Tue,Away,W,1.0,0.0,Leicester City,1.7,1.7,39.0,30813.0,Tim Ream,4-2-3-1,Darren Bond,11.0,2.0,19.4,0.0,0.0,0.0,2022.0,Fulham,0.0,0.0,0.0,0.0,28,6,3.1,3.6,2.2,1.0,2.0,1.0,17,3,0,1
233,2023-01-12,20:00,Premier League,Matchweek 7,Thu,Home,W,2.0,1.0,Chelsea,1.0,2.1,48.0,24460.0,Tim Ream,4-2-3-1,David Coote,8.0,3.0,15.3,0.0,0.0,0.0,2022.0,Fulham,0.0,0.0,0.0,0.0,8,3,3.3,3.5,2.15,0.0,8.0,4.0,10,6,1,1
234,2023-01-15,14:00,Premier League,Matchweek 20,Sun,Away,L,0.0,1.0,Newcastle United,1.1,2.2,38.0,52247.0,Tim Ream,4-2-3-1,Robert Jones,4.0,0.0,18.9,0.0,0.0,1.0,2022.0,Fulham,0.0,1.0,0.0,0.0,31,9,6.5,4.33,1.5,4.0,6.0,3.0,35,5,0,-1
235,2023-01-23,20:00,Premier League,Matchweek 21,Mon,Home,L,0.0,1.0,Tottenham,1.0,0.9,54.0,24190.0,Tim Ream,4-2-3-1,Paul Tierney,10.0,5.0,17.3,1.0,0.0,0.0,2022.0,Fulham,0.0,0.0,0.0,0.0,31,6,3.3,3.6,2.1,1.0,11.0,1.0,33,3,1,-1
236,2023-02-03,20:00,Premier League,Matchweek 22,Fri,Away,D,0.0,0.0,Chelsea,0.6,1.3,34.0,40041.0,Tim Ream,4-2-3-1,Stuart Attwell,10.0,4.0,23.0,0.0,0.0,0.0,2022.0,Fulham,0.0,0.0,0.0,0.0,31,3,5.25,4.0,1.62,1.0,8.0,4.0,29,4,0,0
237,2023-02-11,15:00,Premier League,Matchweek 23,Sat,Home,W,2.0,0.0,Nottingham Forest,1.5,0.7,50.0,24244.0,Tim Ream,4-2-3-1,Andy Madley,16.0,3.0,15.0,1.0,0.0,0.0,2022.0,Fulham,0.0,0.0,0.0,0.0,32,1,1.91,3.5,4.33,1.0,0.0,0.0,24,7,1,1
238,2023-02-18,15:00,Premier League,Matchweek 24,Sat,Away,W,1.0,0.0,Brighton,0.3,2.2,35.0,31619.0,Tim Ream,4-2-3-1,Darren England,5.0,2.0,16.0,0.0,0.0,0.0,2022.0,Fulham,0.0,0.0,0.0,0.0,35,4,5.5,3.8,1.65,2.0,0.0,3.0,38,5,0,1
239,2023-02-24,20:00,Premier League,Matchweek 25,Fri,Home,D,1.0,1.0,Wolves,0.5,0.8,51.0,24399.0,Tim Ream,4-2-3-1,Michael Oliver,10.0,5.0,24.2,1.0,0.0,0.0,2022.0,Fulham,0.0,0.0,0.0,0.0,38,7,2.5,3.2,3.0,2.0,4.0,3.0,23,6,1,0
240,2023-03-06,20:00,Premier League,Matchweek 26,Mon,Away,L,2.0,3.0,Brentford,1.4,2.2,63.0,17025.0,Tim Ream,4-2-3-1,Anthony Taylor,9.0,5.0,17.4,1.0,0.0,0.0,2022.0,Fulham,0.0,0.0,0.0,0.0,39,7,3.75,3.6,1.95,1.0,0.0,0.0,38,5,0,-1
241,2023-03-12,14:00,Premier League,Matchweek 27,Sun,Home,L,0.0,3.0,Arsenal,0.8,2.3,45.0,24426.0,Tim Ream,4-2-3-1,David Coote,12.0,2.0,17.4,0.0,0.0,0.0,2022.0,Fulham,0.0,0.0,0.0,0.0,39,4,6.0,4.0,1.57,1.0,8.0,3.0,63,9,1,-1
242,2022-08-06,17:30,Premier League,Matchweek 1,Sat,Away,W,1.0,0.0,Everton,1.5,0.7,62.0,39254.0,César Azpilicueta,3-4-3,Craig Pawson,14.0,5.0,16.1,1.0,1.0,1.0,2022.0,Chelsea,0.0,1.0,0.0,0.0,0,0,1.61,4.0,5.5,11.0,7.0,5.0,0,0,0,1
243,2022-08-14,16:30,Premier League,Matchweek 2,Sun,Home,D,2.0,2.0,Tottenham,1.6,1.0,63.0,39946.0,Jorginho,3-5-2,Anthony Taylor,16.0,3.0,17.2,0.0,0.0,0.0,2022.0,Chelsea,0.0,0.0,0.0,0.0,3,3,2.25,3.4,3.2,12.0,4.0,8.0,3,3,1,0
244,2022-08-21,14:00,Premier League,Matchweek 3,Sun,Away,L,0.0,3.0,Leeds United,0.9,2.1,61.0,36372.0,Jorginho,3-5-2,Stuart Attwell,14.0,3.0,19.8,0.0,0.0,0.0,2022.0,Chelsea,1.0,0.0,0.0,1.0,4,4,1.53,4.5,5.75,3.0,0.0,1.0,4,4,0,-1
245,2022-08-27,15:00,Premier League,Matchweek 4,Sat,Home,W,2.0,1.0,Leicester City,1.8,2.5,45.0,39953.0,Jorginho,4-4-2,Paul Tierney,7.0,4.0,14.6,0.0,0.0,0.0,2022.0,Chelsea,1.0,0.0,0.0,1.0,4,4,1.4,5.0,7.0,7.0,3.0,6.0,1,1,1,1
246,2022-08-30,19:45,Premier League,Matchweek 5,Tue,Away,L,1.0,2.0,Southampton,1.1,1.1,67.0,31542.0,César Azpilicueta,4-2-2-2,Michael Oliver,10.0,4.0,14.5,0.0,0.0,0.0,2022.0,Chelsea,0.0,0.0,0.0,0.0,7,4,1.61,4.0,5.25,11.0,3.0,6.0,4,4,0,-1
247,2022-09-03,15:00,Premier League,Matchweek 6,Sat,Home,W,2.0,1.0,West Ham,0.9,1.1,67.0,39923.0,Thiago Silva,3-1-4-2,Andy Madley,8.0,3.0,17.2,0.0,0.0,0.0,2022.0,Chelsea,0.0,0.0,0.0,0.0,7,3,1.55,4.5,5.5,12.0,6.0,4.0,4,4,1,1
248,2022-10-01,15:00,Premier League,Matchweek 9,Sat,Away,W,2.0,1.0,Crystal Palace,1.1,0.4,64.0,25198.0,Jorginho,4-2-2-2,Chris Kavanagh,13.0,3.0,14.8,0.0,0.0,0.0,2022.0,Chelsea,0.0,0.0,0.0,0.0,10,3,1.85,3.6,4.2,14.0,4.0,0.0,7,2,0,1
249,2022-10-08,15:00,Premier League,Matchweek 10,Sat,Home,W,3.0,0.0,Wolves,1.9,1.1,57.0,39940.0,César Azpilicueta,4-2-3-1,Simon Hooper,20.0,7.0,14.7,0.0,0.0,0.0,2022.0,Chelsea,0.0,0.0,0.0,0.0,13,6,1.4,4.5,8.0,5.0,3.0,4.0,6,0,1,1
250,2022-10-16,14:00,Premier League,Matchweek 11,Sun,Away,W,2.0,0.0,Aston Villa,0.9,1.8,58.0,41754.0,Thiago Silva,3-4-3,Robert Jones,8.0,4.0,18.0,1.0,0.0,0.0,2022.0,Chelsea,0.0,0.0,0.0,0.0,16,6,1.8,3.75,4.33,12.0,3.0,3.0,9,5,0,1
251,2022-10-19,19:30,Premier League,Matchweek 12,Wed,Away,D,0.0,0.0,Brentford,0.9,1.3,66.0,17118.0,César Azpilicueta,3-5-1-1,Jarred Gillett,14.0,5.0,21.4,0.0,0.0,0.0,2022.0,Chelsea,0.0,0.0,0.0,0.0,19,9,1.72,3.8,4.75,1.0,1.0,0.0,16,4,0,0
252,2022-10-22,17:30,Premier League,Matchweek 13,Sat,Home,D,1.0,1.0,Manchester United,1.1,0.8,48.0,39503.0,César Azpilicueta,3-4-3,Stuart Attwell,5.0,1.0,19.7,0.0,1.0,1.0,2022.0,Chelsea,0.0,1.0,0.0,0.0,20,7,2.05,3.5,3.5,6.0,7.0,11.0,21,7,1,0
253,2022-10-29,15:00,Premier League,Matchweek 14,Sat,Away,L,1.0,4.0,Brighton,1.4,2.4,59.0,31746.0,Thiago Silva,3-4-3,Andy Madley,15.0,7.0,18.3,0.0,0.0,0.0,2022.0,Chelsea,0.0,0.0,2.0,0.0,21,5,2.4,3.3,3.0,6.0,0.0,4.0,18,1,0,-1
254,2022-11-06,12:00,Premier League,Matchweek 15,Sun,Home,L,0.0,1.0,Arsenal,0.3,2.1,45.0,40142.0,César Azpilicueta,4-2-3-1,Michael Oliver,5.0,1.0,16.0,0.0,0.0,0.0,2022.0,Chelsea,0.0,0.0,0.0,0.0,21,2,2.55,3.4,2.7,11.0,7.0,6.0,34,4,1,-1
255,2022-11-12,17:30,Premier League,Matchweek 16,Sat,Away,L,0.0,1.0,Newcastle United,0.3,1.0,51.0,52264.0,César Azpilicueta,3-4-3,Robert Jones,5.0,2.0,14.0,0.0,0.0,0.0,2022.0,Chelsea,0.0,0.0,0.0,0.0,21,1,3.0,3.4,2.35,13.0,6.0,3.0,27,9,0,-1
256,2022-12-27,17:30,Premier League,Matchweek 17,Tue,Home,W,2.0,0.0,Bournemouth,1.8,0.5,60.0,40046.0,Jorginho,4-3-3,Simon Hooper,15.0,5.0,15.7,0.0,0.0,0.0,2022.0,Chelsea,0.0,0.0,0.0,0.0,21,0,1.3,5.5,10.0,5.0,4.0,1.0,16,3,1,1
257,2023-01-01,16:30,Premier League,Matchweek 18,Sun,Away,D,1.0,1.0,Nottingham Forest,0.9,1.4,71.0,29229.0,César Azpilicueta,4-3-3,Peter Bankes,7.0,2.0,11.6,0.0,0.0,0.0,2022.0,Chelsea,0.0,0.0,0.0,0.0,24,3,1.7,3.8,5.0,0.0,0.0,0.0,13,4,0,0
258,2023-01-05,20:00,Premier League,Matchweek 19,Thu,Home,L,0.0,1.0,Manchester City,0.4,2.1,48.0,39998.0,César Azpilicueta,4-2-3-1,Paul Tierney,8.0,2.0,17.2,0.0,0.0,0.0,2022.0,Chelsea,0.0,0.0,0.0,0.0,25,4,5.0,4.0,1.67,9.0,12.0,3.0,42,4,1,-1
259,2023-01-12,20:00,Premier League,Matchweek 7,Thu,Away,L,1.0,2.0,Fulham,2.1,1.0,52.0,24460.0,César Azpilicueta,3-5-2,David Coote,20.0,10.0,16.6,1.0,0.0,0.0,2022.0,Chelsea,1.0,0.0,0.0,0.0,10,6,2.15,3.5,3.3,8.0,0.0,4.0,8,3,0,-1
260,2023-01-15,14:00,Premier League,Matchweek 20,Sun,Home,W,1.0,0.0,Crystal Palace,1.5,0.7,61.0,40075.0,Jorginho,4-2-3-1,Peter Bankes,15.0,5.0,14.8,0.0,0.0,0.0,2022.0,Chelsea,0.0,0.0,0.0,0.0,25,4,1.62,4.0,5.25,15.0,4.0,0.0,23,3,1,1
261,2023-01-21,12:30,Premier League,Matchweek 21,Sat,Away,D,0.0,0.0,Liverpool,1.6,1.4,52.0,53126.0,Jorginho,3-4-3,Michael Oliver,11.0,2.0,13.8,0.0,0.0,0.0,2022.0,Chelsea,0.0,0.0,0.0,0.0,28,4,4.0,3.75,1.85,5.0,10.0,9.0,31,3,0,0
262,2023-02-03,20:00,Premier League,Matchweek 22,Fri,Home,D,0.0,0.0,Fulham,1.3,0.6,66.0,40041.0,Thiago Silva,4-3-3,Stuart Attwell,12.0,2.0,17.0,0.0,0.0,0.0,2022.0,Chelsea,0.0,0.0,0.0,0.0,29,4,1.62,4.0,5.25,8.0,1.0,4.0,31,3,1,0
263,2023-02-11,12:30,Premier League,Matchweek 23,Sat,Away,D,1.0,1.0,West Ham,1.1,1.3,71.0,62471.0,Thiago Silva,4-2-3-1,Craig Pawson,12.0,4.0,18.0,2.0,0.0,0.0,2022.0,Chelsea,0.0,0.0,0.0,0.0,30,5,2.25,3.3,3.3,13.0,6.0,4.0,19,4,0,0
264,2023-02-18,15:00,Premier League,Matchweek 24,Sat,Home,L,0.0,1.0,Southampton,1.6,0.6,62.0,40152.0,César Azpilicueta,4-2-3-1,David Coote,17.0,4.0,17.0,1.0,0.0,0.0,2022.0,Chelsea,0.0,0.0,0.0,0.0,31,3,1.4,4.75,8.5,11.0,4.0,6.0,15,0,1,-1
265,2023-02-26,13:30,Premier League,Matchweek 25,Sun,Away,L,0.0,2.0,Tottenham,0.4,0.8,59.0,61613.0,Thiago Silva,4-2-3-1,Stuart Attwell,10.0,2.0,23.8,0.0,0.0,0.0,2022.0,Chelsea,0.0,0.0,0.0,0.0,31,2,2.9,3.25,2.55,12.0,4.0,9.0,42,6,0,-1
266,2023-03-04,15:00,Premier League,Matchweek 26,Sat,Home,W,1.0,0.0,Leeds United,1.5,1.0,57.0,39905.0,Mateo Kovačić,3-4-3,Michael Oliver,13.0,3.0,15.8,1.0,0.0,0.0,2022.0,Chelsea,0.0,0.0,0.0,0.0,31,1,1.62,4.0,5.5,3.0,1.0,1.0,22,3,1,1
267,2023-03-11,15:00,Premier League,Matchweek 27,Sat,Away,W,3.0,1.0,Leicester City,1.6,2.4,52.0,32170.0,Mateo Kovačić,3-4-3,Andre Marriner,12.0,6.0,15.1,0.0,0.0,0.0,2022.0,Chelsea,0.0,0.0,0.0,0.0,34,3,1.95,3.5,3.75,8.0,3.0,6.0,24,0,0,1
268,2023-03-18,17:30,Premier League,Matchweek 28,Sat,Home,D,2.0,2.0,Everton,2.3,1.2,68.0,40025.0,Mateo Kovačić,3-4-3,Darren England,19.0,6.0,17.1,0.0,1.0,1.0,2022.0,Chelsea,0.0,1.0,0.0,0.0,37,6,,,,12.0,7.0,5.0,25,4,1,0
269,2022-08-06,15:00,Premier League,Matchweek 1,Sat,Away,L,0.0,2.0,Bournemouth,0.7,0.6,65.0,11013.0,John McGinn,4-3-3,Peter Bankes,15.0,2.0,24.6,0.0,0.0,0.0,2022.0,Aston Villa,0.0,0.0,0.0,0.0,0,0,2.0,3.5,3.75,1.0,3.0,0.0,0,0,0,-1
270,2022-08-13,12:30,Premier League,Matchweek 2,Sat,Home,W,2.0,1.0,Everton,2.3,1.6,57.0,41883.0,John McGinn,4-1-2-1-2◆,Michael Oliver,12.0,3.0,13.3,0.0,0.0,0.0,2022.0,Aston Villa,0.0,0.0,1.0,0.0,0,0,1.8,3.5,4.75,6.0,6.0,6.0,0,0,1,1
271,2022-08-20,15:00,Premier League,Matchweek 3,Sat,Away,L,1.0,3.0,Crystal Palace,0.9,2.6,49.0,22012.0,John McGinn,4-3-3,Andy Madley,13.0,5.0,17.8,0.0,0.0,0.0,2022.0,Aston Villa,0.0,0.0,0.0,0.0,3,3,2.9,3.25,2.5,5.0,5.0,2.0,1,1,0,-1
272,2022-08-28,14:00,Premier League,Matchweek 4,Sun,Home,L,0.0,1.0,West Ham,0.5,0.6,58.0,41796.0,John McGinn,4-3-1-2,David Coote,9.0,3.0,20.5,0.0,0.0,0.0,2022.0,Aston Villa,0.0,0.0,0.0,0.0,3,3,2.3,3.4,3.1,4.0,7.0,5.0,0,0,1,-1
273,2022-08-31,19:30,Premier League,Matchweek 5,Wed,Away,L,1.0,2.0,Arsenal,0.4,2.4,41.0,60012.0,John McGinn,4-3-3,Robert Jones,4.0,3.0,19.2,0.0,0.0,0.0,2022.0,Aston Villa,0.0,0.0,0.0,0.0,3,3,6.0,4.5,1.45,5.0,12.0,1.0,12,9,0,-1
274,2022-09-03,17:30,Premier League,Matchweek 6,Sat,Home,D,1.0,1.0,Manchester City,0.3,2.1,29.0,41830.0,John McGinn,4-3-2-1,Simon Hooper,3.0,1.0,16.8,0.0,0.0,0.0,2022.0,Aston Villa,0.0,0.0,0.0,0.0,3,0,8.0,5.5,1.33,2.0,15.0,1.0,13,7,1,0
275,2022-09-16,20:00,Premier League,Matchweek 8,Fri,Home,W,1.0,0.0,Southampton,1.5,0.3,53.0,40758.0,John McGinn,4-3-2-1,Tony Harrington,11.0,3.0,20.7,1.0,0.0,0.0,2022.0,Aston Villa,0.0,0.0,0.0,0.0,4,1,2.1,3.5,3.5,3.0,8.0,3.0,7,3,1,1
276,2022-10-02,16:30,Premier League,Matchweek 9,Sun,Away,D,0.0,0.0,Leeds United,2.2,0.4,56.0,36582.0,John McGinn,4-3-3,Stuart Attwell,19.0,6.0,17.8,0.0,0.0,0.0,2022.0,Aston Villa,0.0,0.0,0.0,0.0,7,4,3.0,3.4,2.35,2.0,1.0,1.0,9,2,0,0
277,2022-10-10,20:00,Premier League,Matchweek 10,Mon,Away,D,1.0,1.0,Nottingham Forest,0.7,0.3,60.0,29208.0,John McGinn,4-3-3,Anthony Taylor,12.0,2.0,20.2,3.0,0.0,0.0,2022.0,Aston Villa,0.0,0.0,0.0,0.0,8,5,2.2,3.4,3.3,0.0,0.0,0.0,4,0,0,0
278,2022-10-16,14:00,Premier League,Matchweek 11,Sun,Home,L,0.0,2.0,Chelsea,1.8,0.9,42.0,41754.0,John McGinn,4-3-3,Robert Jones,18.0,7.0,15.3,1.0,0.0,0.0,2022.0,Aston Villa,0.0,0.0,0.0,0.0,9,5,4.33,3.75,1.8,3.0,12.0,3.0,16,6,1,-1
279,2022-10-20,19:30,Premier League,Matchweek 12,Thu,Away,L,0.0,3.0,Fulham,1.2,2.1,40.0,23508.0,John McGinn,4-3-2-1,Michael Oliver,12.0,6.0,15.0,0.0,0.0,0.0,2022.0,Aston Villa,1.0,0.0,1.0,0.0,9,2,2.5,3.3,2.9,3.0,3.0,4.0,15,1,0,-1
280,2022-10-23,14:00,Premier League,Matchweek 13,Sun,Home,W,4.0,0.0,Brentford,2.8,0.9,45.0,41693.0,Emiliano Martínez,4-2-3-1,Darren England,18.0,10.0,18.7,0.0,1.0,1.0,2022.0,Aston Villa,0.0,1.0,0.0,0.0,9,1,2.1,3.5,3.5,0.0,1.0,1.0,17,4,1,1
281,2022-10-29,15:00,Premier League,Matchweek 14,Sat,Away,L,0.0,4.0,Newcastle United,0.4,3.4,41.0,52233.0,Emiliano Martínez,4-2-3-1,Paul Tierney,3.0,0.0,13.9,0.0,0.0,0.0,2022.0,Aston Villa,0.0,0.0,0.0,0.0,12,3,4.5,3.75,1.8,4.0,7.0,7.0,21,7,0,-1
282,2022-11-06,14:00,Premier League,Matchweek 15,Sun,Home,W,3.0,1.0,Manchester United,0.6,0.5,42.0,42058.0,Emiliano Martínez,4-2-2-2,Anthony Taylor,6.0,4.0,22.7,1.0,0.0,0.0,2022.0,Aston Villa,0.0,0.0,1.0,0.0,12,3,3.3,3.8,2.1,1.0,13.0,4.0,25,7,1,1
283,2022-11-13,14:00,Premier League,Matchweek 16,Sun,Away,W,2.0,1.0,Brighton,1.5,0.6,35.0,31581.0,John McGinn,4-4-2,Chris Kavanagh,7.0,1.0,25.1,0.0,1.0,1.0,2022.0,Aston Villa,0.0,1.0,0.0,0.0,15,6,4.2,3.75,1.83,3.0,1.0,2.0,24,6,0,1
284,2022-12-26,17:30,Premier League,Matchweek 17,Mon,Home,L,1.0,3.0,Liverpool,1.4,2.7,48.0,42085.0,John McGinn,4-4-2,Paul Tierney,12.0,6.0,15.3,0.0,0.0,0.0,2022.0,Aston Villa,0.0,0.0,0.0,0.0,18,6,4.75,4.0,1.7,3.0,12.0,2.0,25,6,1,-1
285,2023-01-01,14:00,Premier League,Matchweek 18,Sun,Away,W,2.0,0.0,Tottenham,1.0,0.7,41.0,61651.0,John McGinn,4-4-2,John Brooks,13.0,4.0,20.8,1.0,0.0,0.0,2022.0,Aston Villa,0.0,0.0,0.0,0.0,18,6,5.0,4.0,1.67,2.0,15.0,1.0,30,4,0,1
286,2023-01-04,20:00,Premier League,Matchweek 19,Wed,Home,D,1.0,1.0,Wolves,1.8,0.9,56.0,39978.0,Ashley Young,4-4-2,Jarred Gillett,13.0,3.0,19.2,1.0,0.0,0.0,2022.0,Aston Villa,0.0,0.0,0.0,0.0,21,6,1.95,3.6,4.0,3.0,5.0,2.0,13,3,1,0
287,2023-01-13,20:00,Premier League,Matchweek 20,Fri,Home,W,2.0,1.0,Leeds United,1.2,2.4,52.0,42008.0,Emiliano Martínez,4-4-2,Michael Oliver,11.0,5.0,16.9,0.0,0.0,0.0,2022.0,Aston Villa,0.0,0.0,0.0,0.0,22,4,1.91,3.6,4.0,2.0,1.0,2.0,18,2,1,1
288,2023-01-21,15:00,Premier League,Matchweek 21,Sat,Away,W,1.0,0.0,Southampton,1.4,0.6,63.0,30158.0,Emiliano Martínez,4-4-2,Michael Salisbury,16.0,5.0,17.0,1.0,0.0,0.0,2022.0,Aston Villa,0.0,0.0,0.0,0.0,25,7,2.55,3.25,2.88,4.0,8.0,3.0,15,3,0,1
289,2023-02-04,15:00,Premier League,Matchweek 22,Sat,Home,L,2.0,4.0,Leicester City,1.7,2.6,62.0,42055.0,Emiliano Martínez,4-4-2,Darren England,19.0,4.0,17.5,0.0,0.0,0.0,2022.0,Aston Villa,0.0,0.0,0.0,0.0,28,7,1.95,3.6,3.8,3.0,5.0,2.0,18,1,1,-1
290,2023-02-12,16:30,Premier League,Matchweek 23,Sun,Away,L,1.0,3.0,Manchester City,0.3,3.3,33.0,53392.0,Emiliano Martínez,4-4-2,Robert Jones,6.0,2.0,22.8,0.0,0.0,0.0,2022.0,Aston Villa,0.0,0.0,0.0,0.0,28,6,11.0,6.5,1.25,2.0,15.0,2.0,48,3,0,-1
291,2023-02-18,12:30,Premier League,Matchweek 24,Sat,Home,L,2.0,4.0,Arsenal,0.5,3.2,33.0,42066.0,John McGinn,4-4-2,Simon Hooper,7.0,5.0,23.3,1.0,0.0,0.0,2022.0,Aston Villa,0.0,0.0,1.0,0.0,28,3,4.5,3.6,1.5,5.0,13.0,1.0,54,4,1,-1
292,2023-02-25,15:00,Premier League,Matchweek 25,Sat,Away,W,2.0,0.0,Everton,1.9,1.6,53.0,39309.0,John McGinn,4-4-2,Anthony Taylor,8.0,4.0,22.1,1.0,1.0,1.0,2022.0,Aston Villa,0.0,1.0,0.0,0.0,28,0,3.0,3.2,2.5,7.0,6.0,6.0,21,6,0,1
293,2023-03-04,15:00,Premier League,Matchweek 26,Sat,Home,W,1.0,0.0,Crystal Palace,1.2,0.2,58.0,41893.0,John McGinn,4-2-3-1,Craig Pawson,8.0,1.0,14.8,0.0,0.0,0.0,2022.0,Aston Villa,0.0,0.0,0.0,0.0,31,3,2.05,3.3,3.8,5.0,6.0,2.0,27,3,1,1
294,2023-03-12,14:00,Premier League,Matchweek 27,Sun,Away,D,1.0,1.0,West Ham,1.5,2.1,59.0,62472.0,John McGinn,4-2-3-1,Chris Kavanagh,12.0,4.0,13.3,0.0,0.0,0.0,2022.0,Aston Villa,0.0,0.0,0.0,0.0,34,6,3.4,3.3,2.2,4.0,8.0,5.0,23,3,0,0
295,2023-03-18,15:00,Premier League,Matchweek 28,Sat,Home,W,3.0,0.0,Bournemouth,3.5,1.3,56.0,41021.0,John McGinn,4-2-3-1,Robert Jones,20.0,9.0,13.9,0.0,0.0,0.0,2022.0,Aston Villa,0.0,0.0,0.0,0.0,35,7,,,,1.0,4.0,0.0,24,3,1,1
296,2022-08-05,20:00,Premier League,Matchweek 1,Fri,Home,L,0.0,2.0,Arsenal,1.2,1.0,56.0,25286.0,Marc Guéhi,4-2-3-1,Anthony Taylor,10.0,2.0,14.2,0.0,0.0,0.0,2022.0,Crystal Palace,0.0,0.0,1.0,0.0,0,0,4.2,3.6,1.85,3.0,9.0,6.0,0,0,1,-1
297,2022-08-15,20:00,Premier League,Matchweek 2,Mon,Away,D,1.0,1.0,Liverpool,1.0,2.0,28.0,52970.0,Joel Ward,5-4-1,Paul Tierney,7.0,3.0,14.7,0.0,0.0,0.0,2022.0,Crystal Palace,0.0,0.0,0.0,0.0,0,0,16.0,6.75,1.18,4.0,13.0,1.0,1,1,0,0
298,2022-08-20,15:00,Premier League,Matchweek 3,Sat,Home,W,3.0,1.0,Aston Villa,2.6,0.9,51.0,22012.0,Joel Ward,4-3-3,Andy Madley,16.0,8.0,15.6,1.0,0.0,1.0,2022.0,Crystal Palace,0.0,0.0,0.0,0.0,1,1,2.5,3.25,2.9,5.0,5.0,2.0,3,3,1,1
299,2022-08-27,15:00,Premier League,Matchweek 4,Sat,Away,L,2.0,4.0,Manchester City,0.1,2.2,26.0,53112.0,Joel Ward,5-4-1,Darren England,2.0,2.0,20.6,0.0,0.0,0.0,2022.0,Crystal Palace,0.0,0.0,0.0,0.0,4,4,13.0,7.5,1.18,3.0,12.0,3.0,7,7,0,-1
300,2022-08-30,19:30,Premier League,Matchweek 5,Tue,Home,D,1.0,1.0,Brentford,1.0,1.4,49.0,25043.0,Joel Ward,4-1-4-1,Simon Hooper,13.0,4.0,19.2,0.0,0.0,0.0,2022.0,Crystal Palace,0.0,0.0,0.0,0.0,4,4,2.05,3.4,3.6,0.0,0.0,2.0,5,4,1,0
301,2022-09-03,15:00,Premier League,Matchweek 6,Sat,Away,D,0.0,0.0,Newcastle United,1.0,2.8,48.0,51863.0,Joel Ward,4-3-3,Michael Salisbury,19.0,9.0,20.0,0.0,0.0,0.0,2022.0,Crystal Palace,0.0,0.0,0.0,0.0,5,4,3.75,3.5,2.0,4.0,7.0,5.0,6,2,0,0
302,2022-10-01,15:00,Premier League,Matchweek 9,Sat,Home,L,1.0,2.0,Chelsea,0.4,1.1,36.0,25198.0,Joel Ward,4-3-3,Chris Kavanagh,7.0,3.0,20.1,0.0,0.0,0.0,2022.0,Crystal Palace,0.0,0.0,0.0,0.0,7,2,4.2,3.6,1.85,4.0,14.0,0.0,10,3,1,-1
303,2022-10-09,14:00,Premier League,Matchweek 10,Sun,Home,W,2.0,1.0,Leeds United,1.1,1.0,54.0,25042.0,Joel Ward,4-3-3,Paul Tierney,13.0,5.0,17.7,2.0,0.0,0.0,2022.0,Crystal Palace,0.0,0.0,0.0,0.0,7,1,2.05,3.5,3.6,1.0,2.0,1.0,10,2,1,1
304,2022-10-15,12:30,Premier League,Matchweek 11,Sat,Away,D,0.0,0.0,Leicester City,0.4,1.0,46.0,31298.0,Joel Ward,4-3-3,Andy Madley,8.0,1.0,21.2,0.0,0.0,0.0,2022.0,Crystal Palace,0.0,0.0,0.0,0.0,10,3,3.1,3.4,2.3,6.0,7.0,3.0,4,3,0,0
305,2022-10-18,20:15,Premier League,Matchweek 12,Tue,Home,W,2.0,1.0,Wolves,1.2,0.8,51.0,25125.0,Joel Ward,4-3-3,David Coote,14.0,4.0,17.3,1.0,0.0,0.0,2022.0,Crystal Palace,0.0,0.0,0.0,0.0,11,4,2.25,3.1,3.4,4.0,3.0,1.0,9,3,1,1
306,2022-10-22,15:00,Premier League,Matchweek 13,Sat,Away,L,0.0,3.0,Everton,0.9,1.4,54.0,38939.0,Luka Milivojević,4-1-4-1,Simon Hooper,9.0,2.0,17.1,2.0,0.0,0.0,2022.0,Crystal Palace,0.0,0.0,0.0,0.0,14,7,2.87,3.2,2.6,3.0,7.0,8.0,10,0,0,-1
307,2022-10-29,15:00,Premier League,Matchweek 14,Sat,Home,W,1.0,0.0,Southampton,0.9,1.3,44.0,25130.0,Luka Milivojević,4-3-3,Michael Salisbury,12.0,3.0,20.0,1.0,0.0,0.0,2022.0,Crystal Palace,0.0,0.0,0.0,0.0,14,4,1.9,3.6,4.0,5.0,10.0,3.0,12,5,1,1
308,2022-11-06,14:00,Premier League,Matchweek 15,Sun,Away,W,2.0,1.0,West Ham,1.0,0.3,58.0,62451.0,Marc Guéhi,4-3-3,Paul Tierney,15.0,6.0,20.5,2.0,0.0,0.0,2022.0,Crystal Palace,0.0,0.0,0.0,0.0,17,6,4.2,3.4,1.9,5.0,7.0,6.0,14,3,0,1
309,2022-11-12,15:00,Premier League,Matchweek 16,Sat,Away,L,0.0,1.0,Nottingham Forest,1.2,1.1,68.0,29045.0,Marc Guéhi,4-3-3,John Brooks,7.0,0.0,16.9,0.0,0.0,1.0,2022.0,Crystal Palace,0.0,1.0,0.0,0.0,20,6,2.45,3.1,3.1,0.0,0.0,0.0,10,4,0,-1
310,2022-12-26,15:00,Premier League,Matchweek 17,Mon,Home,L,0.0,3.0,Fulham,0.4,2.5,36.0,25176.0,Joachim Andersen,4-3-3,Andy Madley,4.0,0.0,13.0,0.0,0.0,0.0,2022.0,Crystal Palace,2.0,0.0,0.0,1.0,20,6,2.05,3.6,3.5,3.0,1.0,2.0,22,1,1,-1
311,2022-12-31,15:00,Premier League,Matchweek 18,Sat,Away,W,2.0,0.0,Bournemouth,1.6,0.6,41.0,9972.0,Joel Ward,4-2-3-1,Andre Marriner,15.0,6.0,18.9,1.0,0.0,0.0,2022.0,Crystal Palace,0.0,0.0,0.0,0.0,20,3,2.5,3.3,2.8,4.0,2.0,4.0,16,3,0,1
312,2023-01-04,20:00,Premier League,Matchweek 19,Wed,Home,L,0.0,4.0,Tottenham,0.8,1.4,47.0,25132.0,Joel Ward,4-2-3-1,Michael Oliver,19.0,4.0,20.1,0.0,0.0,0.0,2022.0,Crystal Palace,0.0,0.0,0.0,0.0,23,3,3.4,3.5,2.15,2.0,13.0,3.0,30,4,1,-1
313,2023-01-15,14:00,Premier League,Matchweek 20,Sun,Away,L,0.0,1.0,Chelsea,0.7,1.5,39.0,40075.0,Marc Guéhi,4-2-3-1,Peter Bankes,10.0,5.0,17.9,0.0,0.0,0.0,2022.0,Crystal Palace,0.0,0.0,0.0,0.0,23,3,5.25,4.0,1.62,4.0,15.0,0.0,25,4,0,-1
314,2023-01-18,20:00,Premier League,Matchweek 7,Wed,Home,D,1.0,1.0,Manchester United,0.5,2.1,40.0,23343.0,Marc Guéhi,4-2-3-1,Robert Jones,10.0,5.0,18.2,2.0,0.0,0.0,2022.0,Crystal Palace,0.0,0.0,0.0,0.0,6,2,4.5,3.6,1.8,3.0,12.0,3.0,12,9,1,0
315,2023-01-21,17:30,Premier League,Matchweek 21,Sat,Home,D,0.0,0.0,Newcastle United,0.3,1.2,40.0,25350.0,Joel Ward,4-2-3-1,Craig Pawson,6.0,1.0,19.9,0.0,0.0,0.0,2022.0,Crystal Palace,0.0,0.0,0.0,0.0,23,3,4.4,3.5,1.85,4.0,7.0,6.0,38,5,1,0
316,2023-02-04,15:00,Premier League,Matchweek 22,Sat,Away,L,1.0,2.0,Manchester United,1.3,2.0,48.0,73420.0,Marc Guéhi,4-2-3-1,Andre Marriner,10.0,3.0,12.8,0.0,0.0,0.0,2022.0,Crystal Palace,0.0,0.0,0.0,0.0,24,1,8.0,4.75,1.4,3.0,12.0,4.0,40,6,0,-1
317,2023-02-11,15:00,Premier League,Matchweek 23,Sat,Home,D,1.0,1.0,Brighton,1.1,2.5,27.0,24827.0,Marc Guéhi,4-4-2,Michael Oliver,6.0,1.0,12.4,0.0,0.0,0.0,2022.0,Crystal Palace,0.0,0.0,0.0,0.0,24,1,3.8,3.5,2.0,3.0,2.0,5.0,37,7,1,0
318,2023-02-18,15:00,Premier League,Matchweek 24,Sat,Away,D,1.0,1.0,Brentford,1.1,0.9,41.0,17122.0,Marc Guéhi,4-2-3-1,Paul Tierney,10.0,4.0,14.4,0.0,0.0,0.0,2022.0,Crystal Palace,0.0,0.0,0.0,0.0,25,2,4.5,3.5,1.83,0.0,0.0,3.0,37,5,0,0
319,2023-02-25,19:45,Premier League,Matchweek 25,Sat,Home,D,0.0,0.0,Liverpool,0.7,0.9,37.0,25842.0,Marc Guéhi,4-2-3-1,Darren England,6.0,0.0,15.0,0.0,0.0,0.0,2022.0,Crystal Palace,0.0,0.0,0.0,0.0,26,2,4.75,3.8,1.73,4.0,13.0,2.0,38,6,1,0
320,2023-03-04,15:00,Premier League,Matchweek 26,Sat,Away,L,0.0,1.0,Aston Villa,0.2,1.2,42.0,41893.0,Marc Guéhi,4-2-3-1,Craig Pawson,3.0,0.0,16.9,0.0,0.0,0.0,2022.0,Crystal Palace,1.0,0.0,1.0,1.0,27,3,3.8,3.3,2.05,6.0,5.0,2.0,31,3,0,-1
321,2023-03-11,17:30,Premier League,Matchweek 27,Sat,Home,L,0.0,1.0,Manchester City,0.2,2.1,33.0,25844.0,Luka Milivojević,4-3-3,Robert Jones,4.0,0.0,17.5,0.0,0.0,0.0,2022.0,Crystal Palace,0.0,0.0,0.0,0.0,27,2,9.0,4.75,1.36,3.0,13.0,3.0,58,7,1,-1
322,2023-03-15,19:30,Premier League,Matchweek 8,Wed,Away,L,0.0,1.0,Brighton,1.1,0.6,43.0,30933.0,Marc Guéhi,4-3-3,Peter Bankes,11.0,3.0,17.3,1.0,0.0,0.0,2022.0,Crystal Palace,0.0,0.0,0.0,0.0,7,3,8.0,4.2,1.44,3.0,2.0,6.0,13,6,0,-1
323,2023-03-19,14:00,Premier League,Matchweek 28,Sun,Away,L,1.0,4.0,Arsenal,0.8,1.6,38.0,60247.0,Luka Milivojević,4-2-3-1,Stuart Attwell,9.0,5.0,14.6,1.0,0.0,0.0,2022.0,Crystal Palace,0.0,0.0,0.0,0.0,27,1,,,,3.0,10.0,6.0,66,9,0,-1
324,2022-08-06,15:00,Premier League,Matchweek 1,Sat,Away,L,1.0,2.0,Leeds United,1.3,0.8,60.0,36347.0,Rúben Neves,4-2-3-1,Robert Jones,15.0,6.0,18.9,0.0,0.0,0.0,2022.0,Wolves,0.0,0.0,1.0,0.0,0,0,3.2,3.4,2.25,2.0,1.0,1.0,0,0,0,-1
325,2022-08-13,15:00,Premier League,Matchweek 2,Sat,Home,D,0.0,0.0,Fulham,0.9,1.5,59.0,31178.0,Rúben Neves,4-2-3-1,John Brooks,7.0,1.0,18.7,1.0,0.0,0.0,2022.0,Wolves,0.0,0.0,0.0,0.0,0,0,2.3,3.3,3.2,4.0,2.0,2.0,1,1,1,0
326,2022-08-20,12:30,Premier League,Matchweek 3,Sat,Away,L,0.0,1.0,Tottenham,0.7,1.7,50.0,61298.0,Rúben Neves,3-5-2,Simon Hooper,20.0,3.0,21.9,1.0,0.0,0.0,2022.0,Wolves,0.0,0.0,0.0,0.0,1,1,7.5,4.75,1.4,3.0,6.0,3.0,4,4,0,-1
327,2022-08-28,14:00,Premier League,Matchweek 4,Sun,Home,D,1.0,1.0,Newcastle United,0.7,1.7,37.0,31311.0,Rúben Neves,4-3-3,Peter Bankes,10.0,4.0,20.7,1.0,0.0,0.0,2022.0,Wolves,0.0,0.0,0.0,0.0,1,1,2.7,3.3,2.7,2.0,3.0,7.0,5,5,1,0
328,2022-08-31,19:30,Premier League,Matchweek 5,Wed,Away,D,0.0,0.0,Bournemouth,1.5,0.4,65.0,10113.0,Rúben Neves,4-3-3,Anthony Taylor,17.0,3.0,17.7,1.0,0.0,0.0,2022.0,Wolves,0.0,0.0,0.0,0.0,2,2,2.15,3.3,3.5,3.0,0.0,1.0,3,0,0,0
329,2022-09-03,15:00,Premier League,Matchweek 6,Sat,Home,W,1.0,0.0,Southampton,0.8,1.2,51.0,30546.0,Rúben Neves,4-3-3,John Brooks,7.0,2.0,12.9,0.0,0.0,0.0,2022.0,Wolves,0.0,0.0,0.0,0.0,3,2,2.2,3.4,3.25,5.0,1.0,2.0,7,6,1,1
330,2022-09-17,12:30,Premier League,Matchweek 8,Sat,Home,L,0.0,3.0,Manchester City,0.4,1.1,41.0,31578.0,Rúben Neves,4-3-3,Anthony Taylor,6.0,1.0,19.6,2.0,0.0,0.0,2022.0,Wolves,1.0,0.0,0.0,0.0,6,4,9.5,5.0,1.33,3.0,8.0,1.0,17,7,1,-1
331,2022-10-01,17:30,Premier League,Matchweek 9,Sat,Away,L,0.0,2.0,West Ham,0.7,0.9,61.0,62444.0,Rúben Neves,3-4-3,Paul Tierney,15.0,4.0,21.6,0.0,0.0,0.0,2022.0,Wolves,0.0,0.0,0.0,0.0,6,3,4.2,3.5,1.95,5.0,4.0,1.0,4,1,0,-1
332,2022-10-08,15:00,Premier League,Matchweek 10,Sat,Away,L,0.0,3.0,Chelsea,1.1,1.9,43.0,39940.0,João Moutinho,4-2-3-1,Simon Hooper,8.0,2.0,14.5,1.0,0.0,0.0,2022.0,Wolves,0.0,0.0,0.0,0.0,6,0,8.0,4.5,1.4,3.0,5.0,4.0,13,6,0,-1
333,2022-10-15,15:00,Premier League,Matchweek 11,Sat,Home,W,1.0,0.0,Nottingham Forest,1.3,1.5,58.0,31554.0,Rúben Neves,4-2-3-1,Thomas Bramall,8.0,1.0,16.8,0.0,1.0,1.0,2022.0,Wolves,0.0,0.0,0.0,0.0,6,0,1.7,3.75,5.0,0.0,0.0,0.0,5,1,1,1
334,2022-10-18,20:15,Premier League,Matchweek 12,Tue,Away,L,1.0,2.0,Crystal Palace,0.8,1.2,49.0,25125.0,Rúben Neves,4-2-3-1,David Coote,10.0,4.0,16.3,1.0,0.0,0.0,2022.0,Wolves,0.0,0.0,0.0,0.0,9,3,3.4,3.1,2.25,3.0,4.0,1.0,11,4,0,-1
335,2022-10-23,14:00,Premier League,Matchweek 13,Sun,Home,L,0.0,4.0,Leicester City,2.1,0.9,60.0,31425.0,Rúben Neves,4-2-3-1,Michael Oliver,21.0,5.0,15.7,1.0,0.0,0.0,2022.0,Wolves,0.0,0.0,0.0,0.0,9,3,2.25,3.25,3.25,2.0,3.0,3.0,8,4,1,-1
336,2022-10-29,15:00,Premier League,Matchweek 14,Sat,Away,D,1.0,1.0,Brentford,0.6,1.4,42.0,17051.0,Rúben Neves,4-2-3-1,Robert Madley,13.0,4.0,20.4,0.0,0.0,0.0,2022.0,Wolves,1.0,0.0,0.0,0.0,9,3,3.3,3.4,2.2,1.0,1.0,0.0,17,4,0,0
337,2022-11-05,15:00,Premier League,Matchweek 15,Sat,Home,L,2.0,3.0,Brighton,1.2,1.5,29.0,30732.0,Rúben Neves,4-3-3,Graham Scott,7.0,4.0,18.3,0.0,1.0,1.0,2022.0,Wolves,1.0,0.0,0.0,0.0,10,1,3.3,3.3,2.25,2.0,2.0,4.0,21,4,1,-1
338,2022-11-12,19:45,Premier League,Matchweek 16,Sat,Home,L,0.0,2.0,Arsenal,0.7,2.1,38.0,34624.0,João Moutinho,5-3-2,Stuart Attwell,11.0,2.0,20.0,1.0,0.0,0.0,2022.0,Wolves,0.0,0.0,0.0,0.0,10,1,6.0,4.2,1.55,3.0,6.0,3.0,37,7,1,-1
339,2022-12-26,15:00,Premier League,Matchweek 17,Mon,Away,W,2.0,1.0,Everton,0.8,1.7,42.0,39252.0,Rúben Neves,4-3-3,Craig Pawson,7.0,4.0,18.6,0.0,0.0,0.0,2022.0,Wolves,0.0,0.0,0.0,0.0,10,1,3.2,3.25,2.3,4.0,5.0,3.0,14,1,0,1
340,2022-12-31,12:30,Premier League,Matchweek 18,Sat,Home,L,0.0,1.0,Manchester United,0.7,2.0,46.0,31658.0,Rúben Neves,4-2-3-1,Robert Jones,10.0,3.0,17.3,2.0,0.0,0.0,2022.0,Wolves,0.0,0.0,0.0,0.0,13,3,4.0,3.6,1.91,3.0,6.0,3.0,31,6,1,-1
341,2023-01-04,20:00,Premier League,Matchweek 19,Wed,Away,D,1.0,1.0,Aston Villa,0.9,1.8,44.0,39978.0,Rúben Neves,4-2-3-1,Jarred Gillett,10.0,3.0,14.2,0.0,0.0,0.0,2022.0,Wolves,0.0,0.0,0.0,0.0,13,3,4.0,3.6,1.95,5.0,3.0,2.0,21,6,0,0
342,2023-01-14,15:00,Premier League,Matchweek 20,Sat,Home,W,1.0,0.0,West Ham,0.9,1.1,58.0,31511.0,Rúben Neves,4-2-3-1,Simon Hooper,17.0,4.0,20.0,0.0,0.0,0.0,2022.0,Wolves,0.0,0.0,0.0,0.0,14,4,2.63,3.3,2.7,5.0,5.0,1.0,15,1,1,1
343,2023-01-22,14:00,Premier League,Matchweek 21,Sun,Away,L,0.0,3.0,Manchester City,0.8,2.8,45.0,53282.0,Rúben Neves,4-3-3,David Coote,10.0,1.0,16.4,0.0,0.0,0.0,2022.0,Wolves,0.0,0.0,0.0,0.0,17,4,11.0,8.0,1.2,3.0,9.0,1.0,45,4,0,-1
344,2023-02-04,15:00,Premier League,Matchweek 22,Sat,Home,W,3.0,0.0,Liverpool,2.0,1.8,41.0,31664.0,Rúben Neves,4-4-2,Paul Tierney,12.0,5.0,18.3,0.0,0.0,0.0,2022.0,Wolves,0.0,0.0,0.0,0.0,17,4,4.0,3.8,1.85,1.0,11.0,0.0,32,1,1,1
345,2023-02-11,15:00,Premier League,Matchweek 23,Sat,Away,W,2.0,1.0,Southampton,0.8,1.1,59.0,29751.0,Rúben Neves,4-2-3-1,Jarred Gillett,11.0,1.0,18.7,0.0,0.0,0.0,2022.0,Wolves,1.0,0.0,0.0,1.0,20,6,2.55,3.2,2.9,6.0,1.0,2.0,15,3,0,1
346,2023-02-18,15:00,Premier League,Matchweek 24,Sat,Home,L,0.0,1.0,Bournemouth,1.3,1.1,68.0,31222.0,Rúben Neves,4-2-3-1,Michael Salisbury,15.0,4.0,13.3,0.0,0.0,0.0,2022.0,Wolves,0.0,0.0,0.0,0.0,23,6,1.67,3.6,6.0,3.0,0.0,2.0,18,2,1,-1
347,2023-02-24,20:00,Premier League,Matchweek 25,Fri,Away,D,1.0,1.0,Fulham,0.8,0.5,49.0,24399.0,Rúben Neves,4-4-2,Michael Oliver,8.0,2.0,18.1,0.0,0.0,0.0,2022.0,Wolves,0.0,0.0,0.0,0.0,23,6,3.0,3.2,2.5,4.0,2.0,3.0,38,7,0,0
348,2023-03-01,20:00,Premier League,Matchweek 7,Wed,Away,L,0.0,2.0,Liverpool,0.8,2.6,43.0,53259.0,Rúben Neves,4-2-3-1,Paul Tierney,4.0,1.0,11.0,0.0,0.0,0.0,2022.0,Wolves,0.0,0.0,0.0,0.0,6,5,6.0,4.75,1.5,2.0,11.0,0.0,9,7,0,-1
349,2023-03-04,15:00,Premier League,Matchweek 26,Sat,Home,W,1.0,0.0,Tottenham,0.5,1.2,46.0,31585.0,Rúben Neves,4-2-3-1,Tim Robinson,8.0,5.0,21.0,0.0,0.0,0.0,2022.0,Wolves,0.0,0.0,0.0,0.0,24,4,3.3,3.4,2.2,3.0,7.0,3.0,45,6,1,1
350,2023-03-12,16:30,Premier League,Matchweek 27,Sun,Away,L,1.0,2.0,Newcastle United,1.1,1.8,57.0,52240.0,Rúben Neves,4-2-3-1,Andy Madley,7.0,4.0,19.5,1.0,0.0,0.0,2022.0,Wolves,0.0,0.0,0.0,0.0,27,4,5.5,3.75,1.65,2.0,3.0,8.0,41,1,0,-1
351,2023-03-18,15:00,Premier League,Matchweek 28,Sat,Home,L,2.0,4.0,Leeds United,2.7,1.6,65.0,31570.0,Rúben Neves,4-3-3,Michael Salisbury,23.0,8.0,16.1,1.0,0.0,0.0,2022.0,Wolves,2.0,0.0,0.0,0.0,27,4,,,,2.0,2.0,1.0,23,4,1,-1
352,2022-08-06,15:00,Premier League,Matchweek 1,Sat,Home,W,2.0,1.0,Wolves,0.8,1.3,40.0,36347.0,Patrick Bamford,4-2-3-1,Robert Jones,12.0,4.0,18.6,1.0,0.0,0.0,2022.0,Leeds United,0.0,0.0,0.0,0.0,0,0,2.25,3.4,3.2,1.0,2.0,1.0,0,0,1,1
353,2022-08-13,15:00,Premier League,Matchweek 2,Sat,Away,D,2.0,2.0,Southampton,1.8,1.2,57.0,30815.0,Patrick Bamford,4-2-3-1,Tony Harrington,13.0,5.0,12.0,0.0,0.0,0.0,2022.0,Leeds United,0.0,0.0,0.0,0.0,3,3,3.1,3.5,2.25,2.0,1.0,1.0,0,0,0,0
354,2022-08-21,14:00,Premier League,Matchweek 3,Sun,Home,W,3.0,0.0,Chelsea,2.1,0.9,39.0,36372.0,Rodrigo,4-2-3-1,Stuart Attwell,12.0,6.0,16.3,0.0,0.0,0.0,2022.0,Leeds United,0.0,0.0,0.0,0.0,4,4,5.75,4.5,1.53,0.0,3.0,1.0,4,4,1,1
355,2022-08-27,15:00,Premier League,Matchweek 4,Sat,Away,L,0.0,1.0,Brighton,1.8,2.0,56.0,30953.0,Rodrigo,4-2-3-1,Michael Salisbury,10.0,2.0,18.0,1.0,0.0,0.0,2022.0,Leeds United,0.0,0.0,0.0,0.0,7,7,3.8,3.8,1.9,0.0,2.0,2.0,7,7,0,-1
356,2022-08-30,20:00,Premier League,Matchweek 5,Tue,Home,D,1.0,1.0,Everton,1.0,1.0,69.0,36338.0,Rodrigo,4-2-3-1,Darren England,14.0,5.0,16.9,0.0,0.0,0.0,2022.0,Leeds United,0.0,0.0,0.0,0.0,7,4,2.15,3.5,3.3,1.0,2.0,1.0,2,2,1,0
357,2022-09-03,15:00,Premier League,Matchweek 6,Sat,Away,L,2.0,5.0,Brentford,1.7,2.3,68.0,17092.0,Robin Koch,4-2-3-1,Robert Jones,17.0,6.0,21.9,1.0,0.0,0.0,2022.0,Leeds United,0.0,0.0,0.0,0.0,8,4,3.4,3.5,2.1,1.0,0.0,1.0,6,2,0,-1
358,2022-10-02,16:30,Premier League,Matchweek 9,Sun,Home,D,0.0,0.0,Aston Villa,0.4,2.2,44.0,36582.0,Liam Cooper,4-2-3-1,Stuart Attwell,6.0,1.0,16.8,0.0,0.0,0.0,2022.0,Leeds United,1.0,0.0,0.0,1.0,9,2,2.35,3.4,3.0,1.0,2.0,1.0,7,4,1,0
359,2022-10-09,14:00,Premier League,Matchweek 10,Sun,Away,L,1.0,2.0,Crystal Palace,1.0,1.1,46.0,25042.0,Liam Cooper,4-2-3-1,Paul Tierney,10.0,4.0,18.1,0.0,0.0,0.0,2022.0,Leeds United,0.0,0.0,0.0,0.0,10,2,3.6,3.5,2.05,2.0,1.0,1.0,7,1,0,-1
360,2022-10-16,14:00,Premier League,Matchweek 11,Sun,Home,L,0.0,1.0,Arsenal,1.8,0.5,47.0,36700.0,Liam Cooper,4-2-3-1,Chris Kavanagh,15.0,4.0,18.1,0.0,0.0,1.0,2022.0,Leeds United,0.0,0.0,0.0,0.0,10,2,6.0,4.2,1.55,0.0,3.0,1.0,27,9,1,-1
361,2022-10-20,20:15,Premier League,Matchweek 12,Thu,Away,L,0.0,2.0,Leicester City,1.3,0.8,54.0,30814.0,Patrick Bamford,4-2-3-1,Peter Bankes,14.0,2.0,18.3,0.0,0.0,0.0,2022.0,Leeds United,0.0,0.0,1.0,0.0,10,1,3.0,3.6,2.25,1.0,2.0,1.0,5,4,0,-1
362,2022-10-23,14:00,Premier League,Matchweek 13,Sun,Home,L,2.0,3.0,Fulham,1.6,1.8,57.0,36447.0,Liam Cooper,4-2-3-1,Anthony Taylor,14.0,5.0,16.3,0.0,0.0,0.0,2022.0,Leeds United,0.0,0.0,0.0,0.0,10,0,2.05,3.5,3.6,2.0,0.0,0.0,18,4,1,-1
363,2022-10-29,19:45,Premier League,Matchweek 14,Sat,Away,W,2.0,1.0,Liverpool,1.8,1.7,32.0,53274.0,Liam Cooper,4-2-3-1,Michael Oliver,14.0,6.0,19.4,3.0,0.0,0.0,2022.0,Leeds United,0.0,0.0,0.0,0.0,10,0,9.0,6.0,1.3,0.0,3.0,1.0,19,6,0,1
364,2022-11-05,15:00,Premier League,Matchweek 15,Sat,Home,W,4.0,3.0,Bournemouth,2.2,1.5,60.0,36304.0,Liam Cooper,4-2-3-1,Tony Harrington,17.0,3.0,15.9,0.0,1.0,1.0,2022.0,Leeds United,0.0,1.0,0.0,0.0,13,3,1.72,3.8,4.75,0.0,0.0,0.0,13,0,1,1
365,2022-11-12,15:00,Premier League,Matchweek 16,Sat,Away,L,3.0,4.0,Tottenham,1.1,1.8,45.0,61667.0,Liam Cooper,4-2-3-1,Michael Salisbury,12.0,5.0,16.2,2.0,0.0,0.0,2022.0,Leeds United,1.0,0.0,0.0,1.0,16,6,4.75,4.2,1.65,1.0,3.0,0.0,26,3,0,-1
366,2022-12-28,20:00,Premier League,Matchweek 17,Wed,Home,L,1.0,3.0,Manchester City,0.6,4.3,31.0,36889.0,Liam Cooper,4-3-3,Stuart Attwell,9.0,1.0,19.3,2.0,0.0,0.0,2022.0,Leeds United,0.0,0.0,0.0,0.0,16,6,9.5,6.0,1.29,1.0,2.0,1.0,38,6,1,-1
367,2022-12-31,15:00,Premier League,Matchweek 18,Sat,Away,D,0.0,0.0,Newcastle United,0.4,2.2,40.0,52211.0,Liam Cooper,4-2-3-1,Simon Hooper,8.0,1.0,17.9,1.0,0.0,0.0,2022.0,Leeds United,0.0,0.0,0.0,0.0,16,3,7.0,4.5,1.45,2.0,1.0,1.0,33,9,0,0
368,2023-01-04,19:45,Premier League,Matchweek 19,Wed,Home,D,2.0,2.0,West Ham,1.6,1.4,62.0,36173.0,Liam Cooper,4-2-3-1,David Coote,14.0,5.0,14.0,0.0,0.0,0.0,2022.0,Leeds United,0.0,0.0,0.0,0.0,17,1,2.6,3.5,2.6,1.0,3.0,0.0,14,0,1,0
369,2023-01-13,20:00,Premier League,Matchweek 20,Fri,Away,L,1.0,2.0,Aston Villa,2.4,1.2,48.0,42008.0,Liam Cooper,4-2-3-1,Michael Oliver,16.0,3.0,12.7,0.0,0.0,0.0,2022.0,Leeds United,0.0,0.0,0.0,0.0,18,2,4.0,3.6,1.91,1.0,2.0,2.0,22,4,0,-1
370,2023-01-22,14:00,Premier League,Matchweek 21,Sun,Home,D,0.0,0.0,Brentford,0.5,0.4,58.0,36260.0,Luke Ayling,4-2-3-1,Peter Bankes,9.0,5.0,23.2,1.0,0.0,0.0,2022.0,Leeds United,0.0,0.0,0.0,0.0,18,2,2.38,3.6,2.88,1.0,1.0,1.0,32,9,1,0
371,2023-02-05,14:00,Premier League,Matchweek 22,Sun,Away,L,0.0,1.0,Nottingham Forest,0.9,0.4,70.0,29363.0,Liam Cooper,4-2-3-1,Robert Jones,10.0,4.0,17.1,0.0,0.0,0.0,2022.0,Leeds United,0.0,0.0,0.0,0.0,19,2,2.7,3.3,2.63,0.0,0.0,0.0,21,7,0,-1
372,2023-02-08,20:00,Premier League,Matchweek 8,Wed,Away,D,2.0,2.0,Manchester United,0.6,2.0,34.0,73456.0,Luke Ayling,4-2-3-1,Simon Hooper,8.0,2.0,18.4,1.0,0.0,0.0,2022.0,Leeds United,0.0,0.0,0.0,0.0,8,1,6.0,5.0,1.45,0.0,3.0,1.0,13,7,0,0
373,2023-02-12,14:00,Premier League,Matchweek 23,Sun,Home,L,0.0,2.0,Manchester United,1.8,1.1,34.0,36919.0,Luke Ayling,4-2-3-1,Paul Tierney,16.0,6.0,11.6,0.0,0.0,0.0,2022.0,Leeds United,0.0,0.0,0.0,0.0,19,1,3.75,3.8,1.91,0.0,3.0,2.0,43,6,1,-1
374,2023-02-18,15:00,Premier League,Matchweek 24,Sat,Away,L,0.0,1.0,Everton,0.5,1.4,49.0,39232.0,Luke Ayling,4-2-3-1,Andy Madley,8.0,0.0,18.4,0.0,0.0,0.0,2022.0,Leeds United,0.0,0.0,0.0,0.0,19,1,3.0,3.3,2.4,1.0,2.0,2.0,18,3,0,-1
375,2023-02-25,15:00,Premier League,Matchweek 25,Sat,Home,W,1.0,0.0,Southampton,0.9,0.4,61.0,36641.0,Luke Ayling,4-2-3-1,Peter Bankes,14.0,4.0,16.2,0.0,0.0,0.0,2022.0,Leeds United,0.0,0.0,0.0,0.0,19,0,1.95,3.5,4.0,2.0,1.0,2.0,18,3,1,1
376,2023-03-04,15:00,Premier League,Matchweek 26,Sat,Away,L,0.0,1.0,Chelsea,1.0,1.5,43.0,39905.0,Luke Ayling,4-2-3-1,Michael Oliver,11.0,2.0,13.7,1.0,0.0,0.0,2022.0,Leeds United,0.0,0.0,0.0,0.0,22,3,5.5,4.0,1.62,1.0,3.0,1.0,31,1,0,-1
377,2023-03-11,15:00,Premier League,Matchweek 27,Sat,Home,D,2.0,2.0,Brighton,0.9,2.7,38.0,36471.0,Luke Ayling,4-2-3-1,Paul Tierney,12.0,4.0,19.7,0.0,0.0,0.0,2022.0,Leeds United,0.0,0.0,0.0,0.0,22,3,3.75,3.6,1.95,0.0,3.0,2.0,41,4,1,0
378,2023-03-18,15:00,Premier League,Matchweek 28,Sat,Away,W,4.0,2.0,Wolves,1.6,2.7,35.0,31570.0,Luke Ayling,4-2-3-1,Michael Salisbury,11.0,4.0,17.7,2.0,0.0,0.0,2022.0,Leeds United,0.0,0.0,0.0,0.0,23,4,,,,2.0,2.0,1.0,27,4,0,1
379,2022-08-06,17:30,Premier League,Matchweek 1,Sat,Home,L,0.0,1.0,Chelsea,0.7,1.5,38.0,39254.0,Jordan Pickford,5-4-1,Craig Pawson,8.0,3.0,13.5,0.0,0.0,0.0,2022.0,Everton,0.0,0.0,0.0,0.0,0,0,5.5,4.0,1.61,7.0,11.0,5.0,0,0,1,-1
380,2022-08-13,12:30,Premier League,Matchweek 2,Sat,Away,L,1.0,2.0,Aston Villa,1.6,2.3,43.0,41883.0,Jordan Pickford,3-4-3,Michael Oliver,15.0,4.0,14.8,0.0,0.0,0.0,2022.0,Everton,0.0,0.0,0.0,0.0,0,0,4.75,3.5,1.8,6.0,6.0,6.0,0,0,0,-1
381,2022-08-20,15:00,Premier League,Matchweek 3,Sat,Home,D,1.0,1.0,Nottingham Forest,1.5,1.0,49.0,39271.0,Jordan Pickford,3-4-3,Andre Marriner,19.0,8.0,20.8,1.0,0.0,0.0,2022.0,Everton,0.0,0.0,0.0,0.0,0,0,1.9,3.6,4.0,0.0,0.0,0.0,3,3,1,0
382,2022-08-27,15:00,Premier League,Matchweek 4,Sat,Away,D,1.0,1.0,Brentford,1.1,2.1,42.0,17009.0,Jordan Pickford,3-4-3,John Brooks,14.0,7.0,16.7,0.0,0.0,0.0,2022.0,Everton,0.0,0.0,0.0,0.0,1,1,3.75,3.5,2.0,0.0,2.0,0.0,4,4,0,0
383,2022-08-30,20:00,Premier League,Matchweek 5,Tue,Away,D,1.0,1.0,Leeds United,1.0,1.0,31.0,36338.0,Jordan Pickford,4-3-3,Darren England,7.0,2.0,19.1,1.0,0.0,0.0,2022.0,Everton,0.0,0.0,0.0,0.0,2,2,3.3,3.5,2.15,2.0,1.0,1.0,7,4,0,0
384,2022-09-03,12:30,Premier League,Matchweek 6,Sat,Home,D,0.0,0.0,Liverpool,1.7,2.1,39.0,39240.0,Jordan Pickford,4-3-3,Anthony Taylor,14.0,3.0,15.5,0.0,0.0,0.0,2022.0,Everton,0.0,0.0,0.0,0.0,3,3,7.0,4.75,1.4,2.0,10.0,12.0,8,6,1,0
385,2022-09-18,14:15,Premier League,Matchweek 8,Sun,Home,W,1.0,0.0,West Ham,0.4,1.0,53.0,39298.0,Conor Coady,4-3-3,Michael Oliver,7.0,2.0,21.4,0.0,0.0,0.0,2022.0,Everton,0.0,0.0,0.0,0.0,4,2,2.9,3.25,2.5,11.0,6.0,5.0,4,4,1,1
386,2022-10-01,15:00,Premier League,Matchweek 9,Sat,Away,W,2.0,1.0,Southampton,2.0,1.7,45.0,30510.0,Séamus Coleman,4-3-3,Andre Marriner,12.0,5.0,17.4,1.0,0.0,0.0,2022.0,Everton,0.0,0.0,0.0,0.0,7,4,3.4,3.4,2.15,9.0,7.0,4.0,7,0,0,1
387,2022-10-09,19:00,Premier League,Matchweek 10,Sun,Home,L,1.0,2.0,Manchester United,0.6,1.4,40.0,39258.0,Séamus Coleman,4-3-3,David Coote,11.0,2.0,17.4,0.0,0.0,0.0,2022.0,Everton,0.0,0.0,0.0,0.0,10,6,3.6,3.5,2.05,6.0,10.0,8.0,14,2,1,-1
388,2022-10-15,17:30,Premier League,Matchweek 11,Sat,Away,L,0.0,2.0,Tottenham,0.4,2.2,38.0,61812.0,Séamus Coleman,5-3-2,Paul Tierney,4.0,0.0,13.5,0.0,0.0,0.0,2022.0,Everton,0.0,0.0,0.0,0.0,10,6,6.5,4.5,1.5,4.0,10.0,10.0,20,6,0,-1
389,2022-10-19,19:30,Premier League,Matchweek 12,Wed,Away,L,0.0,1.0,Newcastle United,0.2,1.5,51.0,52247.0,Séamus Coleman,4-3-3,Tony Harrington,1.0,0.0,7.5,0.0,0.0,0.0,2022.0,Everton,0.0,0.0,0.0,0.0,10,3,5.75,3.8,1.6,12.0,7.0,3.0,15,7,0,-1
390,2022-10-22,15:00,Premier League,Matchweek 13,Sat,Home,W,3.0,0.0,Crystal Palace,1.4,0.9,46.0,38939.0,Séamus Coleman,4-2-3-1,Simon Hooper,9.0,6.0,16.8,0.0,0.0,0.0,2022.0,Everton,0.0,0.0,0.0,0.0,10,0,2.6,3.2,2.87,7.0,3.0,8.0,14,7,1,1
391,2022-10-29,17:30,Premier League,Matchweek 14,Sat,Away,D,0.0,0.0,Fulham,0.9,1.9,44.0,23534.0,Séamus Coleman,4-2-3-1,John Brooks,9.0,4.0,12.2,0.0,0.0,0.0,2022.0,Everton,0.0,0.0,0.0,0.0,13,3,3.0,3.4,2.37,8.0,2.0,2.0,21,7,0,0
392,2022-11-05,17:30,Premier League,Matchweek 15,Sat,Home,L,0.0,2.0,Leicester City,1.2,2.3,49.0,39206.0,Séamus Coleman,4-3-3,David Coote,12.0,2.0,12.9,0.0,0.0,0.0,2022.0,Everton,0.0,0.0,0.0,0.0,14,4,2.4,3.3,3.0,7.0,5.0,4.0,11,6,1,-1
393,2022-11-12,15:00,Premier League,Matchweek 16,Sat,Away,L,0.0,3.0,Bournemouth,0.8,2.4,64.0,10382.0,Jordan Pickford,4-3-3,Craig Pawson,15.0,3.0,18.0,0.0,0.0,0.0,2022.0,Everton,0.0,0.0,0.0,0.0,14,4,2.6,3.25,2.8,4.0,4.0,2.0,13,0,0,-1
394,2022-12-26,15:00,Premier League,Matchweek 17,Mon,Home,L,1.0,2.0,Wolves,1.7,0.8,58.0,39252.0,Jordan Pickford,4-3-3,Craig Pawson,12.0,5.0,19.2,2.0,0.0,0.0,2022.0,Everton,0.0,0.0,0.0,0.0,14,1,2.3,3.25,3.2,5.0,4.0,3.0,10,1,1,-1
395,2022-12-31,15:00,Premier League,Matchweek 18,Sat,Away,D,1.0,1.0,Manchester City,0.1,1.7,26.0,53444.0,Jordan Pickford,5-3-2,Andy Madley,2.0,1.0,25.1,0.0,0.0,0.0,2022.0,Everton,0.0,0.0,0.0,0.0,14,0,19.0,9.0,1.13,5.0,14.0,5.0,41,6,0,0
396,2023-01-03,19:45,Premier League,Matchweek 19,Tue,Home,L,1.0,4.0,Brighton,1.3,2.2,49.0,39103.0,Jordan Pickford,4-3-3,Andre Marriner,9.0,3.0,19.0,0.0,1.0,1.0,2022.0,Everton,0.0,1.0,0.0,0.0,15,1,3.5,3.5,2.1,5.0,3.0,2.0,27,3,1,-1
397,2023-01-14,15:00,Premier League,Matchweek 20,Sat,Home,L,1.0,2.0,Southampton,1.4,1.2,52.0,39305.0,Séamus Coleman,3-4-3,John Brooks,12.0,4.0,16.0,0.0,0.0,0.0,2022.0,Everton,0.0,0.0,0.0,0.0,15,1,2.25,3.25,3.3,10.0,7.0,4.0,12,0,1,-1
398,2023-01-21,15:00,Premier League,Matchweek 21,Sat,Away,L,0.0,2.0,West Ham,0.5,2.2,67.0,62470.0,Séamus Coleman,3-4-3,Stuart Attwell,5.0,2.0,14.7,0.0,0.0,0.0,2022.0,Everton,0.0,0.0,0.0,0.0,15,1,4.75,3.75,1.8,12.0,6.0,5.0,15,1,0,-1
399,2023-02-04,12:30,Premier League,Matchweek 22,Sat,Home,W,1.0,0.0,Arsenal,1.7,0.9,30.0,39314.0,Séamus Coleman,4-5-1,David Coote,12.0,4.0,16.4,0.0,0.0,0.0,2022.0,Everton,0.0,0.0,0.0,0.0,15,0,8.5,4.5,1.4,6.0,13.0,5.0,53,7,1,1
400,2023-02-13,20:00,Premier League,Matchweek 23,Mon,Away,L,0.0,2.0,Liverpool,0.4,2.3,41.0,53027.0,Séamus Coleman,4-5-1,Simon Hooper,6.0,1.0,15.3,0.0,0.0,0.0,2022.0,Everton,0.0,0.0,0.0,0.0,18,3,6.5,4.33,1.5,2.0,10.0,13.0,32,1,0,-1
401,2023-02-18,15:00,Premier League,Matchweek 24,Sat,Home,W,1.0,0.0,Leeds United,1.4,0.5,51.0,39232.0,Séamus Coleman,4-5-1,Andy Madley,15.0,4.0,15.7,0.0,0.0,0.0,2022.0,Everton,0.0,0.0,0.0,0.0,18,3,2.4,3.3,3.0,2.0,1.0,2.0,19,1,1,1
402,2023-02-25,15:00,Premier League,Matchweek 25,Sat,Home,L,0.0,2.0,Aston Villa,1.6,1.9,47.0,39309.0,Séamus Coleman,4-1-4-1,Anthony Taylor,15.0,4.0,12.6,2.0,0.0,0.0,2022.0,Everton,0.0,0.0,0.0,0.0,21,6,2.5,3.2,3.0,6.0,7.0,6.0,28,0,1,-1
403,2023-03-01,19:45,Premier League,Matchweek 7,Wed,Away,L,0.0,4.0,Arsenal,1.2,2.6,27.0,60213.0,Séamus Coleman,4-5-1,Michael Oliver,8.0,5.0,14.9,0.0,0.0,0.0,2022.0,Everton,0.0,0.0,0.0,0.0,4,3,10.0,4.75,1.36,7.0,13.0,5.0,15,6,0,-1
404,2023-03-05,14:00,Premier League,Matchweek 26,Sun,Away,D,2.0,2.0,Nottingham Forest,1.7,0.8,43.0,29353.0,Séamus Coleman,4-5-1,John Brooks,9.0,2.0,17.0,0.0,1.0,1.0,2022.0,Everton,0.0,1.0,0.0,0.0,21,3,2.88,3.0,2.7,0.0,0.0,1.0,25,1,0,0
405,2023-03-11,15:00,Premier League,Matchweek 27,Sat,Home,W,1.0,0.0,Brentford,1.0,2.0,33.0,39274.0,Séamus Coleman,4-5-1,Simon Hooper,13.0,6.0,17.0,1.0,0.0,0.0,2022.0,Everton,0.0,0.0,0.0,0.0,22,4,2.7,3.25,2.7,0.0,2.0,1.0,41,5,1,1
406,2023-03-18,17:30,Premier League,Matchweek 28,Sat,Away,D,2.0,2.0,Chelsea,1.2,2.3,32.0,40025.0,Séamus Coleman,4-5-1,Darren England,12.0,3.0,18.9,1.0,0.0,0.0,2022.0,Everton,0.0,0.0,0.0,0.0,25,4,,,,7.0,12.0,5.0,37,6,0,0
407,2022-08-06,15:00,Premier League,Matchweek 1,Sat,Away,L,0.0,2.0,Newcastle United,0.3,1.7,39.0,52245.0,Joe Worrall,3-4-1-2,Simon Hooper,5.0,0.0,16.0,0.0,0.0,0.0,2022.0,Nottingham Forest,0.0,0.0,0.0,0.0,0,0,5.25,3.8,1.66,0.0,0.0,0.0,0,0,0,-1
408,2022-08-14,14:00,Premier League,Matchweek 2,Sun,Home,W,1.0,0.0,West Ham,1.3,2.1,43.0,29281.0,Joe Worrall,3-4-1-2,Robert Jones,13.0,6.0,14.1,1.0,0.0,0.0,2022.0,Nottingham Forest,0.0,0.0,0.0,0.0,0,0,4.2,3.6,1.85,0.0,0.0,0.0,0,0,1,1
409,2022-08-20,15:00,Premier League,Matchweek 3,Sat,Away,D,1.0,1.0,Everton,1.0,1.5,51.0,39271.0,Joe Worrall,3-4-1-2,Andre Marriner,14.0,5.0,19.3,1.0,0.0,0.0,2022.0,Nottingham Forest,0.0,0.0,0.0,0.0,3,3,4.0,3.6,1.9,0.0,0.0,0.0,0,0,0,0
410,2022-08-28,16:30,Premier League,Matchweek 4,Sun,Home,L,0.0,2.0,Tottenham,0.9,2.4,55.0,29296.0,Joe Worrall,3-4-3,Craig Pawson,17.0,1.0,20.0,1.0,0.0,0.0,2022.0,Nottingham Forest,0.0,0.0,0.0,0.0,4,4,7.0,4.6,1.44,0.0,0.0,0.0,7,7,1,-1
411,2022-08-31,19:30,Premier League,Matchweek 5,Wed,Away,L,0.0,6.0,Manchester City,0.7,3.3,26.0,53409.0,Joe Worrall,5-3-2,Paul Tierney,8.0,1.0,18.4,1.0,0.0,0.0,2022.0,Nottingham Forest,0.0,0.0,0.0,0.0,4,4,29.0,13.0,1.06,0.0,0.0,0.0,10,7,0,-1
412,2022-09-03,15:00,Premier League,Matchweek 6,Sat,Home,L,2.0,3.0,Bournemouth,1.9,0.8,52.0,28720.0,Joe Worrall,3-4-3,Michael Oliver,10.0,2.0,17.5,0.0,1.0,1.0,2022.0,Nottingham Forest,0.0,0.0,0.0,0.0,4,1,1.95,3.5,3.8,0.0,0.0,0.0,4,1,1,-1
413,2022-09-16,20:00,Premier League,Matchweek 8,Fri,Home,L,2.0,3.0,Fulham,1.4,0.9,41.0,28654.0,Ryan Yates,3-4-1-2,Jarred Gillett,11.0,3.0,16.4,1.0,0.0,0.0,2022.0,Nottingham Forest,0.0,0.0,0.0,0.0,4,0,2.75,3.3,2.62,0.0,0.0,0.0,11,6,1,-1
414,2022-10-03,20:00,Premier League,Matchweek 9,Mon,Away,L,0.0,4.0,Leicester City,1.1,1.3,49.0,32202.0,Steve Cook,4-2-3-1,Robert Jones,10.0,3.0,15.7,0.0,0.0,0.0,2022.0,Nottingham Forest,0.0,0.0,0.0,0.0,4,0,4.33,4.0,1.75,0.0,0.0,0.0,1,0,0,-1
415,2022-10-10,20:00,Premier League,Matchweek 10,Mon,Home,D,1.0,1.0,Aston Villa,0.3,0.7,40.0,29208.0,Ryan Yates,4-3-3,Anthony Taylor,6.0,3.0,18.7,0.0,0.0,0.0,2022.0,Nottingham Forest,0.0,0.0,0.0,0.0,4,0,3.3,3.4,2.2,0.0,0.0,0.0,8,5,1,0
416,2022-10-15,15:00,Premier League,Matchweek 11,Sat,Away,L,0.0,1.0,Wolves,1.5,1.3,42.0,31554.0,Ryan Yates,4-3-3,Thomas Bramall,9.0,1.0,19.9,1.0,0.0,1.0,2022.0,Nottingham Forest,0.0,1.0,0.0,0.0,5,1,5.0,3.75,1.7,0.0,0.0,0.0,6,0,0,-1
417,2022-10-18,19:30,Premier League,Matchweek 12,Tue,Away,D,0.0,0.0,Brighton,0.1,1.7,30.0,31463.0,Ryan Yates,4-3-3,Darren England,3.0,0.0,11.5,0.0,0.0,0.0,2022.0,Nottingham Forest,0.0,0.0,0.0,0.0,5,1,7.0,4.75,1.4,0.0,0.0,0.0,17,1,0,0
418,2022-10-22,12:30,Premier League,Matchweek 13,Sat,Home,W,1.0,0.0,Liverpool,1.9,1.6,25.0,29245.0,Ryan Yates,4-3-3,Paul Tierney,10.0,7.0,15.9,0.0,0.0,0.0,2022.0,Nottingham Forest,0.0,0.0,0.0,0.0,6,2,11.0,6.0,1.25,0.0,0.0,0.0,19,6,1,1
419,2022-10-30,14:00,Premier League,Matchweek 14,Sun,Away,L,0.0,5.0,Arsenal,0.4,2.3,31.0,60263.0,Ryan Yates,4-3-3,Simon Hooper,5.0,2.0,20.4,0.0,0.0,0.0,2022.0,Nottingham Forest,0.0,0.0,0.0,0.0,9,4,12.0,7.0,1.2,0.0,0.0,0.0,31,4,0,-1
420,2022-11-05,15:00,Premier League,Matchweek 15,Sat,Home,D,2.0,2.0,Brentford,1.5,1.5,48.0,28869.0,Ryan Yates,4-3-1-2,Andre Marriner,15.0,6.0,17.8,0.0,0.0,0.0,2022.0,Nottingham Forest,0.0,0.0,0.0,0.0,9,4,2.75,3.3,2.6,0.0,0.0,0.0,18,2,1,0
421,2022-11-12,15:00,Premier League,Matchweek 16,Sat,Home,W,1.0,0.0,Crystal Palace,1.1,1.2,32.0,29045.0,Joe Worrall,4-3-3,John Brooks,9.0,2.0,15.2,1.0,0.0,0.0,2022.0,Nottingham Forest,0.0,0.0,0.0,0.0,10,4,3.1,3.1,2.45,0.0,0.0,0.0,20,6,1,1
422,2022-12-27,20:00,Premier League,Matchweek 17,Tue,Away,L,0.0,3.0,Manchester United,0.7,2.4,35.0,73608.0,Joe Worrall,4-3-3,Anthony Taylor,8.0,3.0,15.2,0.0,0.0,0.0,2022.0,Nottingham Forest,0.0,0.0,0.0,0.0,13,4,11.0,5.5,1.29,0.0,0.0,0.0,28,6,0,-1
423,2023-01-01,16:30,Premier League,Matchweek 18,Sun,Home,D,1.0,1.0,Chelsea,1.4,0.9,29.0,29229.0,Joe Worrall,4-3-3,Peter Bankes,12.0,5.0,15.5,0.0,0.0,0.0,2022.0,Nottingham Forest,0.0,0.0,0.0,0.0,13,4,5.0,3.8,1.7,0.0,0.0,0.0,24,3,1,0
424,2023-01-04,19:30,Premier League,Matchweek 19,Wed,Away,W,1.0,0.0,Southampton,1.4,0.5,37.0,30150.0,Joe Worrall,4-3-1-2,Thomas Bramall,11.0,1.0,22.3,0.0,0.0,0.0,2022.0,Nottingham Forest,0.0,0.0,0.0,0.0,14,4,3.8,3.5,2.0,0.0,0.0,0.0,12,0,0,1
425,2023-01-14,15:00,Premier League,Matchweek 20,Sat,Home,W,2.0,0.0,Leicester City,2.4,1.0,39.0,29301.0,Joe Worrall,4-3-1-2,Paul Tierney,15.0,5.0,19.3,2.0,0.0,0.0,2022.0,Nottingham Forest,0.0,0.0,0.0,0.0,17,4,2.7,3.3,2.63,0.0,1.0,0.0,17,0,1,1
426,2023-01-21,15:00,Premier League,Matchweek 21,Sat,Away,D,1.0,1.0,Bournemouth,1.9,1.4,57.0,10248.0,Joe Worrall,4-3-1-2,Andy Madley,20.0,5.0,17.9,0.0,0.0,0.0,2022.0,Nottingham Forest,0.0,0.0,0.0,0.0,20,7,2.75,3.1,2.75,0.0,1.0,0.0,16,0,0,0
427,2023-02-05,14:00,Premier League,Matchweek 22,Sun,Home,W,1.0,0.0,Leeds United,0.4,0.9,30.0,29363.0,Remo Freuler,4-3-1-2,Robert Jones,6.0,2.0,18.9,0.0,0.0,0.0,2022.0,Nottingham Forest,0.0,0.0,0.0,0.0,21,7,2.63,3.3,2.7,0.0,0.0,0.0,19,2,1,1
428,2023-02-11,15:00,Premier League,Matchweek 23,Sat,Away,L,0.0,2.0,Fulham,0.7,1.5,50.0,24244.0,Remo Freuler,4-2-3-1,Andy Madley,10.0,1.0,15.0,0.0,0.0,0.0,2022.0,Nottingham Forest,0.0,0.0,0.0,0.0,24,7,4.33,3.5,1.91,0.0,1.0,0.0,32,1,0,-1
429,2023-02-18,15:00,Premier League,Matchweek 24,Sat,Home,D,1.0,1.0,Manchester City,0.9,2.4,27.0,29365.0,Joe Worrall,4-3-2-1,Graham Scott,4.0,1.0,14.7,0.0,0.0,0.0,2022.0,Nottingham Forest,0.0,0.0,0.0,0.0,24,4,8.5,5.5,1.3,0.0,1.0,0.0,51,6,1,0
430,2023-02-25,15:00,Premier League,Matchweek 25,Sat,Away,L,0.0,4.0,West Ham,0.4,2.7,51.0,62469.0,Joe Worrall,4-3-2-1,Jarred Gillett,8.0,3.0,18.9,0.0,0.0,0.0,2022.0,Nottingham Forest,0.0,0.0,0.0,0.0,25,4,5.0,3.6,1.75,1.0,0.0,0.0,20,2,0,-1
431,2023-03-05,14:00,Premier League,Matchweek 26,Sun,Home,D,2.0,2.0,Everton,0.8,1.7,57.0,29353.0,Joe Worrall,4-3-2-1,John Brooks,10.0,4.0,18.4,0.0,0.0,0.0,2022.0,Nottingham Forest,0.0,0.0,0.0,0.0,25,1,2.7,3.0,2.88,0.0,0.0,1.0,21,3,1,0
432,2023-03-11,15:00,Premier League,Matchweek 27,Sat,Away,L,1.0,3.0,Tottenham,1.5,2.0,45.0,61460.0,Joe Worrall,4-3-2-1,Craig Pawson,8.0,4.0,15.2,0.0,0.0,1.0,2022.0,Nottingham Forest,0.0,0.0,0.0,0.0,26,2,7.0,4.75,1.44,0.0,1.0,0.0,45,6,0,-1
433,2023-03-17,20:00,Premier League,Matchweek 28,Fri,Home,L,1.0,2.0,Newcastle United,0.4,2.4,39.0,29362.0,Ryan Yates,4-2-3-1,Paul Tierney,5.0,3.0,18.4,0.0,0.0,0.0,2022.0,Nottingham Forest,0.0,0.0,0.0,0.0,26,1,,,,0.0,1.0,0.0,44,3,1,-1
434,2022-08-07,14:00,Premier League,Matchweek 1,Sun,Home,D,2.0,2.0,Brentford,0.6,0.8,56.0,31794.0,Jonny Evans,3-5-1-1,Jarred Gillett,14.0,5.0,23.1,0.0,0.0,0.0,2022.0,Leicester City,0.0,0.0,0.0,0.0,0,0,2.0,3.75,3.5,2.0,0.0,0.0,0,0,1,0
435,2022-08-13,15:00,Premier League,Matchweek 2,Sat,Away,L,2.0,4.0,Arsenal,0.5,2.7,50.0,60033.0,Jonny Evans,3-5-1-1,Darren England,6.0,2.0,14.6,0.0,0.0,0.0,2022.0,Leicester City,0.0,0.0,0.0,0.0,1,1,5.75,4.33,1.53,4.0,9.0,3.0,3,3,0,-1
436,2022-08-20,15:00,Premier League,Matchweek 3,Sat,Home,L,1.0,2.0,Southampton,0.3,0.9,62.0,30850.0,Jonny Evans,4-1-4-1,Michael Salisbury,6.0,1.0,17.8,1.0,0.0,0.0,2022.0,Leicester City,0.0,0.0,0.0,0.0,1,1,1.83,4.0,4.0,7.0,4.0,5.0,1,1,1,-1
437,2022-08-27,15:00,Premier League,Matchweek 4,Sat,Away,L,1.0,2.0,Chelsea,2.5,1.8,55.0,39953.0,Jonny Evans,4-1-4-1,Paul Tierney,17.0,5.0,17.9,0.0,0.0,0.0,2022.0,Leicester City,0.0,0.0,0.0,0.0,1,1,7.0,5.0,1.4,3.0,7.0,6.0,4,4,0,-1
438,2022-09-01,20:00,Premier League,Matchweek 5,Thu,Home,L,0.0,1.0,Manchester United,0.7,1.5,53.0,32226.0,Jonny Evans,4-1-4-1,Craig Pawson,10.0,2.0,23.5,2.0,0.0,0.0,2022.0,Leicester City,0.0,0.0,0.0,0.0,1,0,3.4,3.75,2.05,3.0,8.0,5.0,6,6,1,-1
439,2022-09-04,14:00,Premier League,Matchweek 6,Sun,Away,L,2.0,5.0,Brighton,1.4,2.6,47.0,31185.0,Jonny Evans,4-4-2,Tony Harrington,6.0,4.0,14.8,0.0,0.0,0.0,2022.0,Leicester City,0.0,0.0,1.0,0.0,1,0,4.5,3.5,1.83,6.0,1.0,3.0,10,6,0,-1
440,2022-09-17,17:30,Premier League,Matchweek 8,Sat,Away,L,2.0,6.0,Tottenham,1.8,2.2,56.0,61450.0,Jonny Evans,4-1-4-1,Simon Hooper,18.0,6.0,22.7,0.0,1.0,1.0,2022.0,Leicester City,0.0,1.0,0.0,0.0,1,0,7.0,4.5,1.45,4.0,10.0,2.0,14,4,0,-1
441,2022-10-03,20:00,Premier League,Matchweek 9,Mon,Home,W,4.0,0.0,Nottingham Forest,1.3,1.1,51.0,32202.0,Jonny Evans,4-1-4-1,Robert Jones,17.0,7.0,17.7,1.0,0.0,0.0,2022.0,Leicester City,0.0,0.0,0.0,0.0,1,0,1.75,4.0,4.33,0.0,0.0,0.0,4,0,1,1
442,2022-10-08,15:00,Premier League,Matchweek 10,Sat,Away,L,1.0,2.0,Bournemouth,1.0,1.1,55.0,10272.0,Jonny Evans,4-1-4-1,Michael Salisbury,9.0,5.0,13.2,1.0,0.0,0.0,2022.0,Leicester City,0.0,0.0,0.0,0.0,4,3,2.05,3.4,3.6,2.0,3.0,5.0,9,5,0,-1
443,2022-10-15,12:30,Premier League,Matchweek 11,Sat,Home,D,0.0,0.0,Crystal Palace,1.0,0.4,54.0,31298.0,Youri Tielemans,4-1-4-1,Andy Madley,14.0,5.0,19.4,1.0,0.0,0.0,2022.0,Leicester City,0.0,0.0,0.0,0.0,4,3,2.3,3.4,3.1,7.0,6.0,3.0,10,3,1,0
444,2022-10-20,20:15,Premier League,Matchweek 12,Thu,Home,W,2.0,0.0,Leeds United,0.8,1.3,46.0,30814.0,Youri Tielemans,4-1-4-1,Peter Bankes,5.0,1.0,17.7,0.0,0.0,0.0,2022.0,Leicester City,0.0,0.0,0.0,0.0,5,4,2.25,3.6,3.0,2.0,1.0,1.0,10,1,1,1
445,2022-10-23,14:00,Premier League,Matchweek 13,Sun,Away,W,4.0,0.0,Wolves,0.9,2.1,40.0,31425.0,Youri Tielemans,4-1-4-1,Michael Oliver,5.0,4.0,14.7,0.0,0.0,0.0,2022.0,Leicester City,0.0,0.0,0.0,0.0,8,4,3.25,3.25,2.25,3.0,2.0,3.0,9,3,0,1
446,2022-10-29,12:30,Premier League,Matchweek 14,Sat,Home,L,0.0,1.0,Manchester City,0.7,1.0,36.0,32223.0,Youri Tielemans,3-4-3,Robert Jones,10.0,5.0,16.4,0.0,0.0,0.0,2022.0,Leicester City,0.0,0.0,0.0,0.0,11,7,10.0,6.5,1.25,4.0,11.0,1.0,32,6,1,-1
447,2022-11-05,17:30,Premier League,Matchweek 15,Sat,Away,W,2.0,0.0,Everton,2.3,1.2,51.0,39206.0,Youri Tielemans,4-1-4-1,David Coote,22.0,8.0,17.5,0.0,0.0,0.0,2022.0,Leicester City,0.0,0.0,0.0,0.0,11,6,3.0,3.3,2.4,5.0,7.0,4.0,14,4,0,1
448,2022-11-12,15:00,Premier League,Matchweek 16,Sat,Away,W,2.0,0.0,West Ham,1.8,1.4,46.0,62459.0,Youri Tielemans,4-1-4-1,Jarred Gillett,8.0,5.0,21.3,0.0,0.0,1.0,2022.0,Leicester City,0.0,1.0,0.0,0.0,14,6,3.75,3.4,2.05,6.0,5.0,5.0,14,3,0,1
449,2022-12-26,15:00,Premier League,Matchweek 17,Mon,Home,L,0.0,3.0,Newcastle United,0.5,1.9,60.0,32185.0,Youri Tielemans,4-2-3-1,Jarred Gillett,8.0,2.0,20.1,0.0,0.0,0.0,2022.0,Leicester City,0.0,0.0,0.0,0.0,17,6,3.25,3.5,2.2,9.0,5.0,0.0,30,9,1,-1
450,2022-12-30,20:00,Premier League,Matchweek 18,Fri,Away,L,1.0,2.0,Liverpool,1.0,2.2,43.0,53343.0,Wilfred Ndidi,4-2-3-1,Craig Pawson,7.0,2.0,12.1,0.0,0.0,0.0,2022.0,Leicester City,0.0,0.0,2.0,0.0,17,6,9.5,6.0,1.29,4.0,10.0,2.0,28,9,0,-1
451,2023-01-03,19:45,Premier League,Matchweek 19,Tue,Home,L,0.0,1.0,Fulham,1.7,1.7,61.0,30813.0,Youri Tielemans,4-2-3-1,Darren Bond,15.0,6.0,18.9,1.0,0.0,0.0,2022.0,Leicester City,0.0,0.0,0.0,0.0,17,3,2.2,3.6,3.1,2.0,1.0,1.0,28,6,1,-1
452,2023-01-14,15:00,Premier League,Matchweek 20,Sat,Away,L,0.0,2.0,Nottingham Forest,1.0,2.4,61.0,29301.0,Marc Albrighton,4-2-3-1,Paul Tierney,6.0,1.0,18.0,0.0,0.0,0.0,2022.0,Leicester City,0.0,0.0,0.0,0.0,17,0,2.63,3.3,2.7,1.0,0.0,0.0,17,4,0,-1
453,2023-01-21,15:00,Premier League,Matchweek 21,Sat,Home,D,2.0,2.0,Brighton,0.9,1.7,37.0,32056.0,Youri Tielemans,4-4-2,Thomas Bramall,9.0,2.0,12.1,1.0,0.0,0.0,2022.0,Leicester City,0.0,0.0,0.0,0.0,17,0,3.6,3.5,2.05,6.0,2.0,3.0,33,6,1,0
454,2023-02-04,15:00,Premier League,Matchweek 22,Sat,Away,W,4.0,2.0,Aston Villa,2.6,1.7,38.0,42055.0,Youri Tielemans,4-2-3-1,Darren England,9.0,5.0,15.3,0.0,0.0,0.0,2022.0,Leicester City,0.0,0.0,1.0,0.0,18,1,3.8,3.6,1.95,5.0,3.0,2.0,28,7,0,1
455,2023-02-11,15:00,Premier League,Matchweek 23,Sat,Home,W,4.0,1.0,Tottenham,1.7,1.3,49.0,32184.0,James Maddison,4-2-3-1,Michael Salisbury,15.0,6.0,15.6,0.0,0.0,0.0,2022.0,Leicester City,0.0,0.0,0.0,0.0,21,4,3.4,3.6,2.1,4.0,11.0,2.0,39,6,1,1
456,2023-02-19,14:00,Premier League,Matchweek 24,Sun,Away,L,0.0,3.0,Manchester United,1.6,4.4,43.0,73578.0,James Maddison,4-2-3-1,Stuart Attwell,19.0,3.0,19.0,1.0,0.0,0.0,2022.0,Leicester City,0.0,0.0,0.0,0.0,24,7,5.25,4.33,1.62,3.0,9.0,5.0,46,6,0,-1
457,2023-02-25,15:00,Premier League,Matchweek 25,Sat,Home,L,0.0,1.0,Arsenal,0.0,0.7,35.0,32227.0,Wilfred Ndidi,4-3-3,Craig Pawson,1.0,0.0,29.4,0.0,0.0,0.0,2022.0,Leicester City,0.0,0.0,0.0,0.0,24,6,4.75,4.0,1.7,4.0,10.0,3.0,57,4,1,-1
458,2023-03-04,17:30,Premier League,Matchweek 26,Sat,Away,L,0.0,1.0,Southampton,1.9,1.4,65.0,30139.0,James Maddison,4-2-3-1,Robert Jones,11.0,0.0,15.8,0.0,0.0,0.0,2022.0,Leicester City,0.0,0.0,0.0,0.0,24,3,2.6,3.3,2.75,7.0,5.0,5.0,18,3,0,-1
459,2023-03-11,15:00,Premier League,Matchweek 27,Sat,Home,L,1.0,3.0,Chelsea,2.4,1.6,48.0,32170.0,James Maddison,3-4-3,Andre Marriner,17.0,6.0,18.3,1.0,0.0,0.0,2022.0,Leicester City,1.0,0.0,0.0,1.0,24,0,3.75,3.5,1.95,3.0,8.0,6.0,34,3,1,-1
460,2023-03-18,15:00,Premier League,Matchweek 28,Sat,Away,D,1.0,1.0,Brentford,1.3,0.6,47.0,17006.0,James Maddison,4-2-3-1,Darren Bond,14.0,1.0,16.8,0.0,0.0,0.0,2022.0,Leicester City,0.0,0.0,0.0,0.0,24,0,,,,2.0,0.0,1.0,41,4,0,0
461,2022-08-07,16:30,Premier League,Matchweek 1,Sun,Home,L,0.0,2.0,Manchester City,0.5,2.2,25.0,62443.0,Declan Rice,4-2-3-1,Michael Oliver,6.0,1.0,16.3,0.0,0.0,0.0,2022.0,West Ham,0.0,0.0,0.0,0.0,0,0,8.0,5.0,1.36,2.0,16.0,4.0,0,0,1,-1
462,2022-08-14,14:00,Premier League,Matchweek 2,Sun,Away,L,0.0,1.0,Nottingham Forest,2.1,1.3,57.0,29281.0,Declan Rice,4-3-3,Robert Jones,18.0,3.0,19.3,2.0,0.0,1.0,2022.0,West Ham,0.0,0.0,0.0,0.0,0,0,1.85,3.6,4.2,0.0,0.0,0.0,0,0,0,-1
463,2022-08-21,14:00,Premier League,Matchweek 3,Sun,Home,L,0.0,2.0,Brighton,0.8,1.7,50.0,62449.0,Declan Rice,4-2-3-1,Anthony Taylor,13.0,3.0,16.5,0.0,0.0,0.0,2022.0,West Ham,0.0,0.0,0.0,0.0,0,0,2.3,3.4,3.1,0.0,4.0,6.0,4,4,1,-1
464,2022-08-28,14:00,Premier League,Matchweek 4,Sun,Away,W,1.0,0.0,Aston Villa,0.6,0.5,42.0,41796.0,Declan Rice,3-5-2,David Coote,7.0,2.0,24.8,1.0,0.0,0.0,2022.0,West Ham,0.0,0.0,0.0,0.0,0,0,3.1,3.4,2.3,7.0,4.0,5.0,3,3,0,1
465,2022-08-31,19:45,Premier League,Matchweek 5,Wed,Home,D,1.0,1.0,Tottenham,1.2,0.6,39.0,62450.0,Declan Rice,4-2-3-1,Peter Bankes,14.0,4.0,16.3,0.0,0.0,0.0,2022.0,West Ham,0.0,0.0,1.0,0.0,3,3,3.6,3.8,1.95,8.0,10.0,4.0,10,7,1,0
466,2022-09-03,15:00,Premier League,Matchweek 6,Sat,Away,L,1.0,2.0,Chelsea,1.1,0.9,33.0,39923.0,Declan Rice,3-4-1-2,Andy Madley,6.0,3.0,15.9,0.0,0.0,0.0,2022.0,West Ham,0.0,0.0,0.0,0.0,4,4,5.5,4.5,1.55,6.0,12.0,4.0,7,3,0,-1
467,2022-09-18,14:15,Premier League,Matchweek 8,Sun,Away,L,0.0,1.0,Everton,1.0,0.4,47.0,39298.0,Declan Rice,4-2-3-1,Michael Oliver,14.0,4.0,15.2,0.0,0.0,0.0,2022.0,West Ham,0.0,0.0,0.0,0.0,4,4,2.5,3.25,2.9,6.0,11.0,5.0,4,2,0,-1
468,2022-10-01,17:30,Premier League,Matchweek 9,Sat,Home,W,2.0,0.0,Wolves,0.9,0.7,39.0,62444.0,Declan Rice,4-2-3-1,Paul Tierney,18.0,5.0,20.3,1.0,0.0,0.0,2022.0,West Ham,0.0,0.0,0.0,0.0,4,1,1.95,3.5,4.2,4.0,5.0,1.0,6,3,1,1
469,2022-10-09,14:00,Premier League,Matchweek 10,Sun,Home,W,3.0,1.0,Fulham,2.4,0.7,50.0,62407.0,Declan Rice,4-2-3-1,Chris Kavanagh,16.0,7.0,16.4,0.0,1.0,1.0,2022.0,West Ham,0.0,1.0,0.0,0.0,7,3,1.72,3.8,4.75,6.0,2.0,2.0,14,6,1,1
470,2022-10-16,14:00,Premier League,Matchweek 11,Sun,Away,D,1.0,1.0,Southampton,1.7,0.5,61.0,29159.0,Declan Rice,3-4-3,Peter Bankes,25.0,4.0,18.8,0.0,0.0,0.0,2022.0,West Ham,0.0,0.0,0.0,0.0,10,6,2.4,3.4,2.9,10.0,5.0,5.0,7,0,0,0
471,2022-10-19,19:30,Premier League,Matchweek 12,Wed,Away,L,0.0,1.0,Liverpool,1.7,1.7,46.0,52982.0,Declan Rice,4-4-2,Stuart Attwell,7.0,2.0,15.2,0.0,0.0,1.0,2022.0,West Ham,0.0,1.0,0.0,0.0,11,7,7.0,5.0,1.4,5.0,14.0,3.0,16,4,0,-1
472,2022-10-24,20:00,Premier League,Matchweek 13,Mon,Home,W,2.0,0.0,Bournemouth,1.9,0.4,55.0,62447.0,Declan Rice,4-2-3-1,David Coote,19.0,3.0,21.1,1.0,1.0,1.0,2022.0,West Ham,0.0,0.0,0.0,0.0,11,4,1.55,4.0,6.0,3.0,4.0,3.0,13,4,1,1
473,2022-10-30,16:15,Premier League,Matchweek 14,Sun,Away,L,0.0,1.0,Manchester United,1.1,1.2,47.0,73682.0,Declan Rice,4-2-3-1,Chris Kavanagh,13.0,4.0,22.3,0.0,0.0,0.0,2022.0,West Ham,0.0,0.0,0.0,0.0,14,4,4.8,4.0,1.66,3.0,13.0,6.0,22,5,0,-1
474,2022-11-06,14:00,Premier League,Matchweek 15,Sun,Home,L,1.0,2.0,Crystal Palace,0.3,1.0,42.0,62451.0,Declan Rice,4-2-3-1,Paul Tierney,5.0,2.0,16.7,0.0,0.0,0.0,2022.0,West Ham,0.0,0.0,0.0,0.0,14,3,1.9,3.4,4.2,7.0,5.0,6.0,17,6,1,-1
475,2022-11-12,15:00,Premier League,Matchweek 16,Sat,Home,L,0.0,2.0,Leicester City,1.4,1.8,54.0,62459.0,Declan Rice,4-2-3-1,Jarred Gillett,18.0,6.0,16.4,0.0,0.0,0.0,2022.0,West Ham,0.0,0.0,0.0,0.0,14,3,2.05,3.4,3.75,5.0,6.0,5.0,14,6,1,-1
476,2022-12-26,20:00,Premier League,Matchweek 17,Mon,Away,L,1.0,3.0,Arsenal,1.0,2.1,34.0,60125.0,Declan Rice,4-2-3-1,Michael Oliver,7.0,3.0,24.2,0.0,1.0,1.0,2022.0,West Ham,0.0,1.0,0.0,0.0,14,0,6.5,4.33,1.5,2.0,17.0,3.0,40,9,0,-1
477,2022-12-30,19:45,Premier League,Matchweek 18,Fri,Home,L,0.0,2.0,Brentford,1.3,1.6,63.0,62467.0,Declan Rice,3-4-3,Darren England,20.0,5.0,18.2,2.0,0.0,0.0,2022.0,West Ham,0.0,0.0,0.0,0.0,14,0,2.0,3.6,3.6,0.0,2.0,0.0,23,5,1,-1
478,2023-01-04,19:45,Premier League,Matchweek 19,Wed,Away,D,2.0,2.0,Leeds United,1.4,1.6,38.0,36173.0,Declan Rice,4-3-3,David Coote,14.0,1.0,22.5,0.0,1.0,1.0,2022.0,West Ham,0.0,1.0,0.0,0.0,14,0,2.6,3.5,2.6,3.0,1.0,0.0,17,1,0,0
479,2023-01-14,15:00,Premier League,Matchweek 20,Sat,Away,L,0.0,1.0,Wolves,1.1,0.9,42.0,31511.0,Declan Rice,4-3-3,Simon Hooper,16.0,3.0,18.4,0.0,0.0,0.0,2022.0,West Ham,0.0,0.0,0.0,0.0,15,1,2.7,3.3,2.63,5.0,5.0,1.0,14,4,0,-1
480,2023-01-21,15:00,Premier League,Matchweek 21,Sat,Home,W,2.0,0.0,Everton,2.2,0.5,33.0,62470.0,Declan Rice,3-4-3,Stuart Attwell,11.0,4.0,11.9,0.0,0.0,0.0,2022.0,West Ham,0.0,0.0,0.0,0.0,15,1,1.8,3.75,4.75,6.0,12.0,5.0,15,1,1,1
481,2023-02-04,17:30,Premier League,Matchweek 22,Sat,Away,D,1.0,1.0,Newcastle United,1.0,1.0,38.0,52256.0,Declan Rice,3-4-3,Peter Bankes,10.0,1.0,16.2,0.0,0.0,0.0,2022.0,West Ham,0.0,0.0,0.0,0.0,18,4,6.0,3.8,1.6,6.0,10.0,4.0,39,5,0,0
482,2023-02-11,12:30,Premier League,Matchweek 23,Sat,Home,D,1.0,1.0,Chelsea,1.3,1.1,29.0,62471.0,Declan Rice,3-4-3,Craig Pawson,10.0,2.0,13.8,1.0,0.0,0.0,2022.0,West Ham,0.0,0.0,0.0,0.0,19,4,3.3,3.3,2.25,6.0,13.0,4.0,30,5,1,0
483,2023-02-19,16:30,Premier League,Matchweek 24,Sun,Away,L,0.0,2.0,Tottenham,0.5,1.5,43.0,61476.0,Declan Rice,3-4-3,Michael Oliver,6.0,1.0,16.0,1.0,0.0,0.0,2022.0,West Ham,0.0,0.0,0.0,0.0,20,5,4.75,3.6,1.75,8.0,10.0,5.0,39,6,0,-1
484,2023-02-25,15:00,Premier League,Matchweek 25,Sat,Home,W,4.0,0.0,Nottingham Forest,2.7,0.4,49.0,62469.0,Declan Rice,4-3-3,Jarred Gillett,18.0,5.0,14.9,0.0,0.0,0.0,2022.0,West Ham,0.0,0.0,0.0,0.0,20,2,1.75,3.6,5.0,0.0,1.0,0.0,25,4,1,1
485,2023-03-04,15:00,Premier League,Matchweek 26,Sat,Away,L,0.0,4.0,Brighton,0.3,3.5,35.0,31523.0,Declan Rice,4-2-3-1,Stuart Attwell,3.0,2.0,12.1,0.0,0.0,0.0,2022.0,West Ham,0.0,0.0,0.0,0.0,23,4,4.5,3.6,1.8,0.0,5.0,6.0,38,4,0,-1
486,2023-03-12,14:00,Premier League,Matchweek 27,Sun,Home,D,1.0,1.0,Aston Villa,2.1,1.5,41.0,62472.0,Declan Rice,4-1-4-1,Chris Kavanagh,16.0,4.0,16.7,0.0,1.0,1.0,2022.0,West Ham,0.0,1.0,0.0,0.0,23,3,2.2,3.3,3.4,8.0,4.0,5.0,34,6,1,0
487,2022-08-06,15:00,Premier League,Matchweek 1,Sat,Home,W,2.0,0.0,Aston Villa,0.6,0.7,35.0,11013.0,Lloyd Kelly,3-4-3,Peter Bankes,7.0,3.0,15.7,0.0,0.0,0.0,2022.0,Bournemouth,0.0,0.0,0.0,0.0,0,0,3.75,3.5,2.0,3.0,1.0,0.0,0,0,1,1
488,2022-08-13,15:00,Premier League,Matchweek 2,Sat,Away,L,0.0,4.0,Manchester City,0.1,1.7,33.0,53453.0,Lloyd Kelly,3-4-3,David Coote,3.0,1.0,20.6,0.0,0.0,0.0,2022.0,Bournemouth,0.0,0.0,1.0,0.0,3,3,29.0,13.0,1.06,0.0,10.0,0.0,3,3,0,-1
489,2022-08-20,17:30,Premier League,Matchweek 3,Sat,Home,L,0.0,3.0,Arsenal,0.3,1.3,43.0,10423.0,Lloyd Kelly,3-1-4-2,Craig Pawson,6.0,1.0,18.5,1.0,0.0,0.0,2022.0,Bournemouth,0.0,0.0,0.0,0.0,3,3,8.0,4.75,1.4,1.0,7.0,2.0,6,6,1,-1
490,2022-08-27,15:00,Premier League,Matchweek 4,Sat,Away,L,0.0,9.0,Liverpool,0.3,3.3,31.0,53328.0,Adam Smith,4-2-3-1,Stuart Attwell,5.0,2.0,18.2,0.0,0.0,0.0,2022.0,Bournemouth,0.0,0.0,1.0,0.0,3,3,26.0,10.0,1.1,1.0,8.0,1.0,2,2,0,-1
491,2022-08-31,19:30,Premier League,Matchweek 5,Wed,Home,D,0.0,0.0,Wolves,0.4,1.5,35.0,10113.0,Lloyd Kelly,4-4-2,Anthony Taylor,5.0,2.0,16.1,0.0,0.0,0.0,2022.0,Bournemouth,0.0,0.0,0.0,0.0,3,0,3.5,3.3,2.15,0.0,3.0,1.0,2,2,1,0
492,2022-09-03,15:00,Premier League,Matchweek 6,Sat,Away,W,3.0,2.0,Nottingham Forest,0.8,1.9,48.0,28720.0,Lloyd Kelly,4-2-3-1,Michael Oliver,8.0,3.0,17.5,0.0,0.0,0.0,2022.0,Bournemouth,0.0,0.0,0.0,0.0,4,1,3.8,3.5,1.95,0.0,0.0,0.0,4,1,0,1
493,2022-09-17,15:00,Premier League,Matchweek 8,Sat,Away,D,1.0,1.0,Newcastle United,0.7,1.9,28.0,52238.0,Adam Smith,4-2-3-1,Craig Pawson,10.0,3.0,18.1,0.0,0.0,0.0,2022.0,Bournemouth,0.0,0.0,0.0,0.0,7,4,7.5,4.4,1.44,2.0,4.0,2.0,7,2,0,0
494,2022-10-01,15:00,Premier League,Matchweek 9,Sat,Home,D,0.0,0.0,Brentford,0.4,0.9,42.0,10126.0,Adam Smith,4-4-2,Thomas Bramall,7.0,0.0,15.5,1.0,0.0,0.0,2022.0,Bournemouth,0.0,0.0,0.0,0.0,8,5,3.3,3.4,2.2,0.0,0.0,0.0,12,6,1,0
495,2022-10-08,15:00,Premier League,Matchweek 10,Sat,Home,W,2.0,1.0,Leicester City,1.1,1.0,45.0,10272.0,Adam Smith,4-4-2,Michael Salisbury,10.0,4.0,15.0,1.0,0.0,0.0,2022.0,Bournemouth,0.0,0.0,0.0,0.0,9,5,3.6,3.4,2.05,3.0,2.0,5.0,4,3,1,1
496,2022-10-15,15:00,Premier League,Matchweek 11,Sat,Away,D,2.0,2.0,Fulham,1.0,2.1,31.0,22541.0,Adam Smith,4-2-3-1,Graham Scott,10.0,6.0,13.0,0.0,0.0,0.0,2022.0,Bournemouth,0.0,0.0,0.0,0.0,12,5,4.0,3.75,1.85,1.0,1.0,0.0,14,3,0,0
497,2022-10-19,19:30,Premier League,Matchweek 12,Wed,Home,L,0.0,1.0,Southampton,1.0,1.0,54.0,10405.0,Adam Smith,3-4-3,John Brooks,15.0,3.0,17.6,1.0,0.0,0.0,2022.0,Bournemouth,0.0,0.0,0.0,0.0,13,5,2.62,3.3,2.62,2.0,4.0,4.0,8,1,1,-1
498,2022-10-24,20:00,Premier League,Matchweek 13,Mon,Away,L,0.0,2.0,West Ham,0.4,1.9,45.0,62447.0,Adam Smith,4-2-3-1,David Coote,5.0,3.0,13.6,0.0,0.0,0.0,2022.0,Bournemouth,0.0,0.0,0.0,0.0,13,4,6.0,4.0,1.55,4.0,3.0,3.0,11,4,0,-1
499,2022-10-29,15:00,Premier League,Matchweek 14,Sat,Home,L,2.0,3.0,Tottenham,0.5,2.0,31.0,10430.0,Adam Smith,3-5-1-1,Anthony Taylor,6.0,4.0,14.0,0.0,0.0,0.0,2022.0,Bournemouth,0.0,0.0,0.0,0.0,13,1,5.0,3.8,1.7,1.0,7.0,2.0,23,3,1,-1
500,2022-11-05,15:00,Premier League,Matchweek 15,Sat,Away,L,3.0,4.0,Leeds United,1.5,2.2,40.0,36304.0,Adam Smith,4-4-2,Tony Harrington,9.0,5.0,12.4,0.0,0.0,0.0,2022.0,Bournemouth,0.0,0.0,0.0,0.0,13,0,4.75,3.8,1.72,0.0,0.0,0.0,13,3,0,-1
501,2022-11-12,15:00,Premier League,Matchweek 16,Sat,Home,W,3.0,0.0,Everton,2.4,0.8,36.0,10382.0,Adam Smith,4-4-2,Craig Pawson,16.0,8.0,13.6,0.0,0.0,0.0,2022.0,Bournemouth,0.0,0.0,0.0,0.0,13,0,2.8,3.25,2.6,4.0,4.0,2.0,14,4,1,1
502,2022-12-27,17:30,Premier League,Matchweek 17,Tue,Away,L,0.0,2.0,Chelsea,0.5,1.8,40.0,40046.0,Lloyd Kelly,5-3-2,Simon Hooper,9.0,4.0,21.0,2.0,0.0,0.0,2022.0,Bournemouth,0.0,0.0,0.0,0.0,16,3,10.0,5.5,1.3,4.0,5.0,1.0,21,0,0,-1
503,2022-12-31,15:00,Premier League,Matchweek 18,Sat,Home,L,0.0,2.0,Crystal Palace,0.6,1.6,59.0,9972.0,Lloyd Kelly,4-4-2,Andre Marriner,6.0,2.0,14.8,0.0,0.0,0.0,2022.0,Bournemouth,0.0,0.0,0.0,0.0,16,3,2.8,3.3,2.5,2.0,4.0,4.0,20,3,1,-1
504,2023-01-03,20:00,Premier League,Matchweek 19,Tue,Away,L,0.0,3.0,Manchester United,0.6,2.2,42.0,73322.0,Lloyd Kelly,4-4-2,Michael Salisbury,7.0,4.0,15.7,1.0,0.0,0.0,2022.0,Bournemouth,0.0,0.0,0.0,0.0,16,3,11.0,5.5,1.29,2.0,7.0,1.0,34,9,0,-1
505,2023-01-14,17:30,Premier League,Matchweek 20,Sat,Away,L,0.0,2.0,Brentford,0.6,1.4,50.0,17031.0,Lloyd Kelly,4-4-1-1,Jarred Gillett,7.0,2.0,18.1,0.0,0.0,0.0,2022.0,Bournemouth,0.0,0.0,0.0,0.0,16,0,5.25,4.0,1.65,0.0,0.0,1.0,29,7,0,-1
506,2023-01-21,15:00,Premier League,Matchweek 21,Sat,Home,D,1.0,1.0,Nottingham Forest,1.4,1.9,43.0,10248.0,Lloyd Kelly,4-4-2,Andy Madley,16.0,3.0,15.4,2.0,0.0,0.0,2022.0,Bournemouth,0.0,0.0,0.0,0.0,16,0,2.75,3.1,2.75,1.0,0.0,0.0,20,7,1,0
507,2023-02-04,15:00,Premier League,Matchweek 22,Sat,Away,L,0.0,1.0,Brighton,1.1,2.2,29.0,31600.0,Neto,4-4-1-1,Craig Pawson,12.0,2.0,15.3,0.0,0.0,0.0,2022.0,Bournemouth,0.0,0.0,0.0,0.0,17,1,8.5,5.25,1.33,4.0,1.0,1.0,34,7,0,-1
508,2023-02-11,17:30,Premier League,Matchweek 23,Sat,Home,D,1.0,1.0,Newcastle United,1.5,1.3,34.0,10419.0,Neto,4-4-1-1,Stuart Attwell,11.0,4.0,16.5,1.0,0.0,0.0,2022.0,Bournemouth,0.0,0.0,0.0,0.0,17,1,6.5,4.0,1.53,2.0,4.0,3.0,40,5,1,0
509,2023-02-18,15:00,Premier League,Matchweek 24,Sat,Away,W,1.0,0.0,Wolves,1.1,1.3,32.0,31222.0,Neto,4-2-3-1,Michael Salisbury,5.0,1.0,14.0,0.0,0.0,0.0,2022.0,Bournemouth,0.0,0.0,0.0,0.0,18,2,6.0,3.6,1.67,0.0,3.0,2.0,23,6,0,1
510,2023-02-25,17:30,Premier League,Matchweek 25,Sat,Home,L,1.0,4.0,Manchester City,1.0,2.4,35.0,10481.0,Neto,5-4-1,Paul Tierney,13.0,2.0,14.2,0.0,0.0,0.0,2022.0,Bournemouth,0.0,0.0,1.0,0.0,21,4,10.0,5.75,1.29,0.0,11.0,0.0,52,4,1,-1
511,2023-03-04,15:00,Premier League,Matchweek 26,Sat,Away,L,2.0,3.0,Arsenal,1.3,2.1,21.0,60222.0,Neto,5-4-1,Chris Kavanagh,4.0,4.0,8.1,0.0,0.0,0.0,2022.0,Bournemouth,0.0,0.0,0.0,0.0,21,4,12.0,7.0,1.22,1.0,8.0,2.0,60,7,0,-1
512,2023-03-11,12:30,Premier League,Matchweek 27,Sat,Home,W,1.0,0.0,Liverpool,0.9,1.7,31.0,10536.0,Neto,4-4-1-1,John Brooks,5.0,2.0,12.3,0.0,0.0,0.0,2022.0,Bournemouth,0.0,0.0,0.0,0.0,21,3,7.5,5.0,1.4,1.0,9.0,1.0,42,7,1,1
513,2023-03-18,15:00,Premier League,Matchweek 28,Sat,Away,L,0.0,3.0,Aston Villa,1.3,3.5,44.0,41021.0,Neto,4-4-1-1,Robert Jones,10.0,3.0,12.6,1.0,0.0,0.0,2022.0,Bournemouth,0.0,0.0,0.0,0.0,24,3,,,,4.0,1.0,0.0,35,7,0,-1
514,2022-08-06,15:00,Premier League,Matchweek 1,Sat,Away,L,1.0,4.0,Tottenham,0.5,1.5,42.0,61732.0,James Ward-Prowse,5-3-2,Andre Marriner,10.0,2.0,17.1,0.0,0.0,0.0,2022.0,Southampton,0.0,0.0,1.0,0.0,0,0,8.5,5.5,1.33,4.0,13.0,3.0,0,0,0,-1
515,2022-08-13,15:00,Premier League,Matchweek 2,Sat,Home,D,2.0,2.0,Leeds United,1.2,1.8,43.0,30815.0,James Ward-Prowse,3-4-3,Tony Harrington,14.0,4.0,18.1,1.0,0.0,0.0,2022.0,Southampton,0.0,0.0,0.0,0.0,0,0,2.25,3.5,3.1,1.0,2.0,1.0,3,3,1,0
516,2022-08-20,15:00,Premier League,Matchweek 3,Sat,Away,W,2.0,1.0,Leicester City,0.9,0.3,38.0,30850.0,James Ward-Prowse,4-2-3-1,Michael Salisbury,9.0,3.0,15.0,0.0,0.0,0.0,2022.0,Southampton,0.0,0.0,0.0,0.0,1,1,4.0,4.0,1.83,4.0,7.0,5.0,1,1,0,1
517,2022-08-27,12:30,Premier League,Matchweek 4,Sat,Home,L,0.0,1.0,Manchester United,1.4,1.1,49.0,31196.0,James Ward-Prowse,4-2-3-1,Andy Madley,17.0,4.0,13.8,0.0,0.0,0.0,2022.0,Southampton,0.0,0.0,0.0,0.0,4,4,4.2,4.0,1.8,2.0,9.0,9.0,3,3,1,-1
518,2022-08-30,19:45,Premier League,Matchweek 5,Tue,Home,W,2.0,1.0,Chelsea,1.1,1.1,33.0,31542.0,James Ward-Prowse,4-2-3-1,Michael Oliver,9.0,5.0,17.8,0.0,0.0,0.0,2022.0,Southampton,0.0,0.0,0.0,0.0,4,4,5.25,4.0,1.61,3.0,11.0,6.0,7,4,1,1
519,2022-09-03,15:00,Premier League,Matchweek 6,Sat,Away,L,0.0,1.0,Wolves,1.2,0.8,49.0,30546.0,James Ward-Prowse,4-2-3-1,John Brooks,12.0,1.0,16.4,1.0,0.0,0.0,2022.0,Southampton,0.0,0.0,0.0,0.0,7,6,3.25,3.4,2.2,1.0,5.0,2.0,3,2,0,-1
520,2022-09-16,20:00,Premier League,Matchweek 8,Fri,Away,L,0.0,1.0,Aston Villa,0.3,1.5,47.0,40758.0,James Ward-Prowse,4-2-3-1,Tony Harrington,7.0,1.0,20.2,0.0,0.0,0.0,2022.0,Southampton,0.0,0.0,0.0,0.0,7,3,3.5,3.5,2.1,8.0,3.0,3.0,4,1,0,-1
521,2022-10-01,15:00,Premier League,Matchweek 9,Sat,Home,L,1.0,2.0,Everton,1.7,2.0,55.0,30510.0,James Ward-Prowse,4-4-2,Andre Marriner,22.0,6.0,16.4,1.0,0.0,0.0,2022.0,Southampton,0.0,0.0,0.0,0.0,7,0,2.15,3.4,3.4,7.0,9.0,4.0,7,4,1,-1
522,2022-10-08,15:00,Premier League,Matchweek 10,Sat,Away,L,0.0,4.0,Manchester City,0.2,2.4,35.0,53365.0,James Ward-Prowse,4-4-2,Andy Madley,5.0,0.0,28.1,0.0,0.0,0.0,2022.0,Southampton,0.0,0.0,0.0,0.0,7,0,17.0,10.0,1.11,3.0,13.0,4.0,23,9,0,-1
523,2022-10-16,14:00,Premier League,Matchweek 11,Sun,Home,D,1.0,1.0,West Ham,0.5,1.7,39.0,29159.0,James Ward-Prowse,4-3-3,Peter Bankes,10.0,8.0,19.6,0.0,0.0,0.0,2022.0,Southampton,0.0,0.0,0.0,0.0,7,0,2.9,3.4,2.4,5.0,10.0,5.0,10,6,1,0
524,2022-10-19,19:30,Premier League,Matchweek 12,Wed,Away,W,1.0,0.0,Bournemouth,1.0,1.0,46.0,10405.0,James Ward-Prowse,4-4-2,John Brooks,9.0,3.0,13.0,0.0,0.0,0.0,2022.0,Southampton,0.0,0.0,0.0,0.0,8,1,2.62,3.3,2.62,4.0,2.0,4.0,13,5,0,1
525,2022-10-23,14:00,Premier League,Matchweek 13,Sun,Home,D,1.0,1.0,Arsenal,0.7,1.0,41.0,31145.0,James Ward-Prowse,4-4-2,Robert Jones,10.0,3.0,19.4,0.0,0.0,0.0,2022.0,Southampton,0.0,0.0,0.0,0.0,11,4,6.0,4.0,1.57,4.0,10.0,6.0,30,6,1,0
526,2022-10-29,15:00,Premier League,Matchweek 14,Sat,Away,L,0.0,1.0,Crystal Palace,1.3,0.9,56.0,25130.0,James Ward-Prowse,3-5-2,Michael Salisbury,14.0,4.0,18.1,0.0,0.0,0.0,2022.0,Southampton,0.0,0.0,0.0,0.0,12,5,4.0,3.6,1.9,10.0,5.0,3.0,14,4,0,-1
527,2022-11-06,14:00,Premier League,Matchweek 15,Sun,Home,L,1.0,4.0,Newcastle United,1.7,0.9,55.0,30402.0,James Ward-Prowse,4-2-3-1,Stuart Attwell,16.0,5.0,17.6,1.0,0.0,0.0,2022.0,Southampton,0.0,0.0,0.0,0.0,12,4,4.0,3.6,1.9,6.0,7.0,5.0,24,9,1,-1
528,2022-11-12,15:00,Premier League,Matchweek 16,Sat,Away,L,1.0,3.0,Liverpool,1.1,1.9,40.0,53331.0,James Ward-Prowse,5-3-2,Simon Hooper,9.0,5.0,11.9,0.0,0.0,0.0,2022.0,Southampton,0.0,0.0,0.0,0.0,12,1,11.0,6.5,1.25,4.0,13.0,3.0,22,3,0,-1
529,2022-12-26,15:00,Premier League,Matchweek 17,Mon,Home,L,1.0,3.0,Brighton,1.9,0.6,34.0,31010.0,James Ward-Prowse,4-2-3-1,Robert Jones,13.0,3.0,16.1,1.0,0.0,1.0,2022.0,Southampton,0.0,1.0,1.0,0.0,12,0,3.3,3.5,2.15,3.0,1.0,6.0,24,6,1,-1
530,2022-12-31,15:00,Premier League,Matchweek 18,Sat,Away,L,1.0,2.0,Fulham,0.8,1.5,38.0,24344.0,James Ward-Prowse,3-4-3,Graham Scott,9.0,3.0,24.5,1.0,0.0,0.0,2022.0,Southampton,0.0,0.0,1.0,0.0,12,0,3.75,3.6,1.95,4.0,1.0,3.0,25,3,0,-1
531,2023-01-04,19:30,Premier League,Matchweek 19,Wed,Home,L,0.0,1.0,Nottingham Forest,0.5,1.4,63.0,30150.0,James Ward-Prowse,3-1-4-2,Thomas Bramall,8.0,0.0,14.5,1.0,0.0,0.0,2022.0,Southampton,0.0,0.0,0.0,0.0,12,0,2.0,3.5,3.8,0.0,0.0,0.0,14,4,1,-1
532,2023-01-14,15:00,Premier League,Matchweek 20,Sat,Away,W,2.0,1.0,Everton,1.2,1.4,48.0,39305.0,James Ward-Prowse,4-2-3-1,John Brooks,13.0,5.0,20.7,2.0,0.0,0.0,2022.0,Southampton,0.0,0.0,0.0,0.0,12,0,3.3,3.25,2.25,7.0,10.0,4.0,15,1,0,1
533,2023-01-21,15:00,Premier League,Matchweek 21,Sat,Home,L,0.0,1.0,Aston Villa,0.6,1.4,37.0,30158.0,James Ward-Prowse,4-2-3-1,Michael Salisbury,8.0,5.0,15.8,0.0,0.0,0.0,2022.0,Southampton,0.0,0.0,0.0,0.0,15,3,2.88,3.25,2.55,8.0,4.0,3.0,25,7,1,-1
534,2023-02-04,15:00,Premier League,Matchweek 22,Sat,Away,L,0.0,3.0,Brentford,0.7,2.2,51.0,17051.0,James Ward-Prowse,4-2-3-1,Darren Bond,14.0,5.0,23.5,0.0,0.0,0.0,2022.0,Southampton,0.0,0.0,0.0,0.0,15,3,4.2,3.6,1.85,1.0,1.0,0.0,33,7,0,-1
535,2023-02-11,15:00,Premier League,Matchweek 23,Sat,Home,L,1.0,2.0,Wolves,1.1,0.8,41.0,29751.0,James Ward-Prowse,5-3-2,Jarred Gillett,17.0,2.0,17.7,0.0,0.0,0.0,2022.0,Southampton,0.0,0.0,1.0,0.0,15,3,2.9,3.2,2.55,1.0,6.0,2.0,20,6,1,-1
536,2023-02-18,15:00,Premier League,Matchweek 24,Sat,Away,W,1.0,0.0,Chelsea,0.6,1.6,38.0,40152.0,James Ward-Prowse,4-4-2,David Coote,8.0,4.0,19.7,1.0,0.0,0.0,2022.0,Southampton,0.0,0.0,0.0,0.0,15,0,8.5,4.75,1.4,4.0,11.0,6.0,31,3,0,1
537,2023-02-25,15:00,Premier League,Matchweek 25,Sat,Away,L,0.0,1.0,Leeds United,0.4,0.9,39.0,36641.0,James Ward-Prowse,4-4-2,Peter Bankes,8.0,2.0,18.8,0.0,0.0,0.0,2022.0,Southampton,0.0,0.0,0.0,0.0,18,3,4.0,3.5,1.95,1.0,2.0,2.0,19,0,0,-1
538,2023-03-04,17:30,Premier League,Matchweek 26,Sat,Home,W,1.0,0.0,Leicester City,1.4,1.9,35.0,30139.0,James Ward-Prowse,4-2-3-1,Robert Jones,10.0,4.0,23.6,1.0,0.0,1.0,2022.0,Southampton,0.0,0.0,0.0,0.0,18,3,2.75,3.3,2.6,5.0,7.0,5.0,24,3,1,1
539,2023-03-12,14:00,Premier League,Matchweek 27,Sun,Away,D,0.0,0.0,Manchester United,1.0,0.8,53.0,73439.0,James Ward-Prowse,4-2-3-1,Anthony Taylor,17.0,4.0,21.2,2.0,0.0,0.0,2022.0,Southampton,0.0,0.0,0.0,0.0,21,6,9.0,5.0,1.36,2.0,10.0,9.0,49,6,0,0
540,2023-03-15,19:30,Premier League,Matchweek 7,Wed,Home,L,0.0,2.0,Brentford,0.5,1.9,66.0,30438.0,James Ward-Prowse,4-2-3-1,Michael Salisbury,7.0,0.0,19.2,1.0,0.0,0.0,2022.0,Southampton,0.0,0.0,0.0,0.0,7,3,2.88,3.25,2.5,1.0,2.0,0.0,9,5,1,-1
541,2023-03-18,15:00,Premier League,Matchweek 28,Sat,Home,D,3.0,3.0,Tottenham,2.4,2.3,51.0,,James Ward-Prowse,4-4-2,Simon Hooper,18.0,6.0,19.6,1.0,1.0,1.0,2022.0,Southampton,0.0,1.0,0.0,0.0,22,4,,,,4.0,14.0,3.0,48,6,1,0
542,2021-08-15,16:30,Premier League,Matchweek 1,Sun,Away,L,0.0,1.0,Tottenham,1.8,1.0,65.0,58262.0,Fernandinho,4-3-3,Anthony Taylor,18.0,4.0,17.3,1.0,0.0,0.0,2021.0,Manchester City,0.0,0.0,0.0,0.0,0,0,1.6,4.2,5.5,13.0,6.0,3.0,0,0,0,-1
543,2021-08-21,15:00,Premier League,Matchweek 2,Sat,Home,W,5.0,0.0,Norwich City,2.6,0.1,67.0,51437.0,İlkay Gündoğan,4-3-3,Graham Scott,16.0,4.0,18.5,1.0,0.0,0.0,2021.0,Manchester City,0.0,0.0,0.0,0.0,0,0,1.08,11.0,26.0,6.0,2.0,2.0,0,0,1,1
544,2021-08-28,12:30,Premier League,Matchweek 3,Sat,Home,W,5.0,0.0,Arsenal,4.4,0.2,80.0,52276.0,İlkay Gündoğan,4-3-3,Martin Atkinson,25.0,10.0,14.8,0.0,0.0,0.0,2021.0,Manchester City,0.0,0.0,0.0,0.0,3,3,1.25,6.0,12.0,12.0,4.0,6.0,0,0,1,1
545,2021-09-11,15:00,Premier League,Matchweek 4,Sat,Away,W,1.0,0.0,Leicester City,2.8,0.6,61.0,32087.0,İlkay Gündoğan,4-3-3,Paul Tierney,25.0,8.0,14.3,0.0,0.0,0.0,2021.0,Manchester City,0.0,0.0,0.0,0.0,6,6,1.57,4.0,6.0,9.0,4.0,1.0,6,6,0,1
546,2021-09-18,15:00,Premier League,Matchweek 5,Sat,Home,D,0.0,0.0,Southampton,1.0,0.4,64.0,52698.0,Fernandinho,4-3-3,Jonathan Moss,16.0,1.0,16.4,1.0,0.0,0.0,2021.0,Manchester City,0.0,0.0,0.0,0.0,9,9,1.12,9.5,17.0,13.0,3.0,2.0,3,3,1,0
547,2021-09-25,12:30,Premier League,Matchweek 6,Sat,Away,W,1.0,0.0,Chelsea,1.7,0.2,59.0,40036.0,Rúben Dias,4-3-3,Michael Oliver,15.0,3.0,17.1,0.0,0.0,0.0,2021.0,Manchester City,0.0,0.0,0.0,0.0,10,7,2.75,3.2,2.62,10.0,9.0,3.0,13,7,0,1
548,2021-10-03,16:30,Premier League,Matchweek 7,Sun,Away,D,2.0,2.0,Liverpool,1.2,0.9,51.0,53102.0,Rúben Dias,4-3-3,Paul Tierney,12.0,3.0,17.0,1.0,0.0,0.0,2021.0,Manchester City,0.0,0.0,0.0,0.0,13,7,2.4,3.5,2.87,8.0,8.0,6.0,14,7,0,0
549,2021-10-16,15:00,Premier League,Matchweek 8,Sat,Home,W,2.0,0.0,Burnley,2.1,0.9,70.0,52711.0,Kevin De Bruyne,4-3-3,Martin Atkinson,15.0,6.0,14.4,0.0,0.0,0.0,2021.0,Manchester City,0.0,0.0,0.0,0.0,14,5,1.12,9.0,19.0,9.0,1.0,2.0,3,2,1,1
550,2021-10-23,17:30,Premier League,Matchweek 9,Sat,Away,W,4.0,1.0,Brighton,3.8,1.3,52.0,31215.0,İlkay Gündoğan,4-3-3,Kevin Friend,23.0,12.0,16.0,1.0,0.0,0.0,2021.0,Manchester City,0.0,0.0,0.0,0.0,17,7,1.4,4.75,8.0,7.0,1.0,0.0,15,3,0,1
551,2021-10-30,15:00,Premier League,Matchweek 10,Sat,Home,L,0.0,2.0,Crystal Palace,0.7,0.7,68.0,53014.0,Rúben Dias,4-3-3,Andre Marriner,14.0,3.0,17.7,0.0,0.0,0.0,2021.0,Manchester City,1.0,0.0,0.0,0.0,20,7,1.14,8.0,19.0,12.0,2.0,2.0,9,3,1,-1
552,2021-11-06,12:30,Premier League,Matchweek 11,Sat,Away,W,2.0,0.0,Manchester United,1.6,0.9,67.0,73086.0,İlkay Gündoğan,4-3-3,Michael Oliver,16.0,5.0,14.7,0.0,0.0,0.0,2021.0,Manchester City,0.0,0.0,0.0,0.0,20,6,1.7,4.0,4.75,10.0,8.0,4.0,17,3,0,1
553,2021-11-21,14:00,Premier League,Matchweek 12,Sun,Home,W,3.0,0.0,Everton,2.5,0.2,77.0,52571.0,İlkay Gündoğan,4-3-3,Stuart Attwell,17.0,7.0,16.4,1.0,0.0,0.0,2021.0,Manchester City,0.0,0.0,0.0,0.0,23,6,1.14,8.0,19.0,12.0,5.0,5.0,15,1,1,1
554,2021-11-28,14:00,Premier League,Matchweek 13,Sun,Home,W,2.0,1.0,West Ham,2.1,0.2,68.0,53245.0,İlkay Gündoğan,4-3-3,Michael Oliver,19.0,8.0,16.0,0.0,0.0,0.0,2021.0,Manchester City,0.0,0.0,0.0,0.0,26,6,1.28,5.75,10.0,15.0,2.0,3.0,23,6,1,1
555,2021-12-01,20:15,Premier League,Matchweek 14,Wed,Away,W,2.0,1.0,Aston Villa,1.0,0.8,64.0,41400.0,Fernandinho,4-2-3-1,Mike Dean,17.0,7.0,19.2,1.0,0.0,0.0,2021.0,Manchester City,0.0,0.0,0.0,0.0,29,9,1.33,5.25,9.0,13.0,2.0,1.0,16,6,0,1
556,2021-12-04,17:30,Premier League,Matchweek 15,Sat,Away,W,3.0,1.0,Watford,3.1,0.8,77.0,20673.0,İlkay Gündoğan,4-3-3,Simon Hooper,26.0,12.0,14.4,0.0,0.0,0.0,2021.0,Manchester City,0.0,0.0,0.0,0.0,32,9,1.2,7.0,12.0,10.0,0.0,0.0,13,3,0,1
557,2021-12-11,12:30,Premier League,Matchweek 16,Sat,Home,W,1.0,0.0,Wolves,3.2,0.2,71.0,52613.0,İlkay Gündoğan,4-3-3,Jonathan Moss,23.0,8.0,15.7,0.0,1.0,1.0,2021.0,Manchester City,0.0,0.0,0.0,0.0,35,9,1.14,8.0,19.0,6.0,3.0,1.0,21,2,1,1
558,2021-12-14,20:00,Premier League,Matchweek 17,Tue,Home,W,7.0,0.0,Leeds United,3.1,0.3,63.0,52401.0,Rúben Dias,4-2-3-1,Paul Tierney,31.0,15.0,17.3,2.0,0.0,0.0,2021.0,Manchester City,0.0,0.0,0.0,0.0,38,9,1.14,8.5,15.0,0.0,1.0,1.0,16,4,1,1
559,2021-12-19,14:15,Premier League,Matchweek 18,Sun,Away,W,4.0,0.0,Newcastle United,2.9,0.3,71.0,52127.0,Rúben Dias,4-2-3-1,Martin Atkinson,18.0,7.0,12.9,0.0,0.0,0.0,2021.0,Manchester City,0.0,0.0,0.0,0.0,41,9,1.18,7.5,13.0,17.0,1.0,2.0,10,3,0,1
560,2021-12-26,15:00,Premier League,Matchweek 19,Sun,Home,W,6.0,3.0,Leicester City,3.6,2.7,72.0,53226.0,Fernandinho,4-3-3,Chris Kavanagh,15.0,6.0,17.5,1.0,2.0,2.0,2021.0,Manchester City,0.0,2.0,0.0,0.0,44,9,1.18,7.5,13.0,10.0,4.0,1.0,23,4,1,1
561,2021-12-29,20:15,Premier League,Matchweek 20,Wed,Away,W,1.0,0.0,Brentford,1.1,0.4,76.0,17009.0,Fernandinho,4-3-3,David Coote,12.0,3.0,19.8,0.0,0.0,0.0,2021.0,Manchester City,0.0,0.0,0.0,0.0,47,9,1.14,8.0,19.0,0.0,0.0,0.0,20,0,0,1
562,2022-01-01,12:30,Premier League,Matchweek 21,Sat,Away,W,2.0,1.0,Arsenal,2.0,0.8,71.0,59757.0,Rúben Dias,4-2-3-1,Stuart Attwell,14.0,1.0,18.7,0.0,1.0,1.0,2021.0,Manchester City,0.0,1.0,0.0,0.0,50,9,1.5,4.75,5.75,13.0,4.0,6.0,38,9,0,1
563,2022-01-15,12:30,Premier League,Matchweek 22,Sat,Home,W,1.0,0.0,Chelsea,1.0,0.3,56.0,53319.0,Kevin De Bruyne,4-2-3-1,Craig Pawson,11.0,6.0,16.5,1.0,0.0,0.0,2021.0,Manchester City,0.0,0.0,0.0,0.0,53,9,1.65,4.0,5.0,11.0,9.0,3.0,43,5,1,1
564,2022-01-22,17:30,Premier League,Matchweek 23,Sat,Away,D,1.0,1.0,Southampton,1.8,0.8,74.0,31178.0,Rúben Dias,4-3-3,Simon Hooper,20.0,5.0,17.5,0.0,0.0,0.0,2021.0,Manchester City,0.0,0.0,0.0,0.0,56,9,1.25,6.5,10.0,13.0,3.0,3.0,24,1,0,0
565,2022-02-09,19:45,Premier League,Matchweek 24,Wed,Home,W,2.0,0.0,Brentford,1.9,0.4,74.0,51658.0,Rúben Dias,4-3-3,Darren England,14.0,6.0,19.8,0.0,1.0,1.0,2021.0,Manchester City,0.0,1.0,0.0,0.0,57,7,1.1,9.5,23.0,1.0,0.0,0.0,23,3,1,1
566,2022-02-12,17:30,Premier League,Matchweek 25,Sat,Away,W,4.0,0.0,Norwich City,4.6,0.4,71.0,27010.0,Fernandinho,4-3-3,Andre Marriner,21.0,8.0,11.8,0.0,0.0,1.0,2021.0,Manchester City,0.0,1.0,0.0,0.0,60,7,1.16,8.0,15.0,7.0,2.0,2.0,17,7,0,1
567,2022-02-19,17:30,Premier League,Matchweek 26,Sat,Home,L,2.0,3.0,Tottenham,2.1,1.4,71.0,53201.0,İlkay Gündoğan,4-3-3,Anthony Taylor,20.0,3.0,16.2,0.0,1.0,1.0,2021.0,Manchester City,0.0,0.0,0.0,0.0,63,7,1.28,6.0,10.0,13.0,7.0,3.0,42,0,1,-1
568,2022-02-26,17:30,Premier League,Matchweek 27,Sat,Away,W,1.0,0.0,Everton,1.8,0.5,67.0,39105.0,İlkay Gündoğan,4-3-3,Paul Tierney,13.0,8.0,16.3,0.0,0.0,0.0,2021.0,Manchester City,0.0,0.0,0.0,0.0,63,6,1.28,5.75,10.0,13.0,5.0,5.0,26,3,0,1
569,2022-03-06,16:30,Premier League,Matchweek 28,Sun,Home,W,4.0,1.0,Manchester United,2.7,0.5,69.0,53165.0,Kevin De Bruyne,4-3-3,Michael Oliver,24.0,10.0,15.2,1.0,0.0,0.0,2021.0,Manchester City,0.0,0.0,0.0,0.0,66,6,1.4,4.75,7.5,11.0,8.0,4.0,47,5,1,1
570,2022-03-14,20:00,Premier League,Matchweek 29,Mon,Away,D,0.0,0.0,Crystal Palace,2.8,0.6,73.0,25309.0,Kevin De Bruyne,4-3-3,Martin Atkinson,19.0,4.0,17.2,0.0,0.0,0.0,2021.0,Manchester City,0.0,0.0,0.0,0.0,69,6,1.33,5.0,10.0,12.0,3.0,2.0,33,4,0,0
571,2022-04-02,15:00,Premier League,Matchweek 31,Sat,Away,W,2.0,0.0,Burnley,1.8,0.1,76.0,21249.0,İlkay Gündoğan,4-3-3,Craig Pawson,18.0,6.0,16.5,0.0,0.0,0.0,2021.0,Manchester City,0.0,0.0,0.0,0.0,73,7,1.2,6.5,15.0,10.0,1.0,2.0,28,3,0,1
572,2022-04-10,16:30,Premier League,Matchweek 32,Sun,Home,D,2.0,2.0,Liverpool,1.3,1.3,55.0,53197.0,Kevin De Bruyne,4-2-3-1,Anthony Taylor,11.0,4.0,17.8,1.0,0.0,0.0,2021.0,Manchester City,0.0,0.0,0.0,0.0,76,7,2.0,3.75,3.5,8.0,8.0,7.0,75,9,1,0
573,2022-04-20,20:00,Premier League,Matchweek 30,Wed,Home,W,3.0,0.0,Brighton,1.3,0.2,65.0,52226.0,İlkay Gündoğan,4-3-3,Mike Dean,17.0,5.0,20.0,0.0,0.0,0.0,2021.0,Manchester City,0.0,0.0,0.0,0.0,70,7,1.16,7.0,17.0,8.0,1.0,0.0,33,0,1,1
574,2022-04-23,15:00,Premier League,Matchweek 34,Sat,Home,W,5.0,1.0,Watford,3.6,0.5,73.0,53013.0,Fernandinho,4-2-3-1,Kevin Friend,20.0,7.0,14.6,0.0,1.0,1.0,2021.0,Manchester City,0.0,1.0,0.0,0.0,80,7,1.1,10.0,26.0,11.0,0.0,0.0,23,0,1,1
575,2022-04-30,17:30,Premier League,Matchweek 35,Sat,Away,W,4.0,0.0,Leeds United,2.4,1.3,58.0,35771.0,İlkay Gündoğan,4-2-3-1,Paul Tierney,19.0,6.0,16.2,0.0,0.0,0.0,2021.0,Manchester City,0.0,0.0,0.0,0.0,83,7,1.3,6.0,8.5,1.0,1.0,1.0,34,4,0,1
576,2022-05-08,16:30,Premier League,Matchweek 36,Sun,Home,W,5.0,0.0,Newcastle United,3.1,0.8,71.0,53336.0,İlkay Gündoğan,4-2-3-1,Stuart Attwell,21.0,9.0,16.0,1.0,0.0,0.0,2021.0,Manchester City,0.0,0.0,0.0,0.0,86,9,1.16,7.0,17.0,18.0,1.0,2.0,43,6,1,1
577,2022-05-11,20:15,Premier League,Matchweek 33,Wed,Away,W,5.0,1.0,Wolves,2.3,0.5,66.0,32000.0,Fernandinho,4-2-3-1,Martin Atkinson,15.0,5.0,14.7,0.0,0.0,0.0,2021.0,Manchester City,0.0,0.0,0.0,0.0,77,7,1.25,6.0,11.0,7.0,3.0,1.0,49,3,0,1
578,2022-05-15,14:00,Premier League,Matchweek 37,Sun,Away,D,2.0,2.0,West Ham,2.4,1.1,78.0,59972.0,Fernandinho,4-3-3,Anthony Taylor,30.0,7.0,18.6,2.0,0.0,1.0,2021.0,Manchester City,0.0,1.0,0.0,0.0,89,9,1.4,5.0,7.5,16.0,2.0,3.0,55,3,0,0
579,2022-05-22,16:00,Premier League,Matchweek 38,Sun,Home,W,3.0,2.0,Aston Villa,3.4,0.2,71.0,53395.0,Fernandinho,4-3-3,Michael Oliver,24.0,5.0,14.2,1.0,0.0,0.0,2021.0,Manchester City,0.0,0.0,0.0,0.0,90,7,1.16,8.0,17.0,14.0,2.0,1.0,45,7,1,1
580,2021-08-14,17:30,Premier League,Matchweek 1,Sat,Away,W,3.0,0.0,Norwich City,1.6,1.4,50.0,27023.0,James Milner,4-3-3,Andre Marriner,19.0,6.0,17.3,1.0,0.0,0.0,2021.0,Liverpool,0.0,0.0,0.0,0.0,0,0,1.3,5.75,9.0,8.0,0.0,2.0,0,0,0,1
581,2021-08-21,12:30,Premier League,Matchweek 2,Sat,Home,W,2.0,0.0,Burnley,2.7,0.9,65.0,52591.0,Jordan Henderson,4-3-3,Mike Dean,27.0,8.0,16.1,0.0,0.0,0.0,2021.0,Liverpool,0.0,0.0,0.0,0.0,3,3,1.18,7.5,13.0,8.0,2.0,2.0,0,0,1,1
582,2021-08-28,17:30,Premier League,Matchweek 3,Sat,Home,D,1.0,1.0,Chelsea,2.5,0.6,65.0,54000.0,Jordan Henderson,4-3-3,Anthony Taylor,23.0,6.0,16.2,0.0,1.0,1.0,2021.0,Liverpool,0.0,0.0,0.0,0.0,6,6,2.45,3.3,2.9,10.0,5.0,7.0,6,6,1,0
583,2021-09-12,16:30,Premier League,Matchweek 4,Sun,Away,W,3.0,0.0,Leeds United,4.3,1.2,56.0,36507.0,Virgil van Dijk,4-3-3,Craig Pawson,30.0,8.0,16.1,1.0,0.0,0.0,2021.0,Liverpool,0.0,0.0,0.0,0.0,7,7,1.75,4.0,4.33,1.0,0.0,1.0,2,2,0,1
584,2021-09-18,15:00,Premier League,Matchweek 5,Sat,Home,W,3.0,0.0,Crystal Palace,3.1,0.6,59.0,52000.0,Jordan Henderson,4-3-3,Andy Madley,25.0,10.0,16.4,1.0,0.0,0.0,2021.0,Liverpool,0.0,0.0,0.0,0.0,10,7,1.2,7.0,13.0,11.0,4.0,1.0,5,5,1,1
585,2021-09-25,17:30,Premier League,Matchweek 6,Sat,Away,D,3.0,3.0,Brentford,2.8,2.1,67.0,16876.0,Jordan Henderson,4-3-3,Stuart Attwell,16.0,5.0,17.0,1.0,0.0,0.0,2021.0,Liverpool,0.0,0.0,0.0,0.0,13,7,1.45,4.5,7.0,0.0,0.0,0.0,8,4,0,0
586,2021-10-03,16:30,Premier League,Matchweek 7,Sun,Home,D,2.0,2.0,Manchester City,0.9,1.2,49.0,53102.0,Jordan Henderson,4-3-3,Paul Tierney,6.0,3.0,15.0,1.0,0.0,0.0,2021.0,Liverpool,0.0,0.0,0.0,0.0,14,7,2.87,3.5,2.4,8.0,8.0,6.0,13,7,1,0
587,2021-10-16,12:30,Premier League,Matchweek 8,Sat,Away,W,5.0,0.0,Watford,3.3,0.5,75.0,21085.0,Jordan Henderson,4-3-3,Jonathan Moss,19.0,8.0,16.0,0.0,0.0,0.0,2021.0,Liverpool,0.0,0.0,0.0,0.0,15,5,1.33,5.5,8.5,7.0,2.0,1.0,7,4,0,1
588,2021-10-24,16:30,Premier League,Matchweek 9,Sun,Away,W,5.0,0.0,Manchester United,3.4,1.6,62.0,73088.0,Jordan Henderson,4-3-3,Anthony Taylor,19.0,8.0,16.6,0.0,0.0,0.0,2021.0,Liverpool,0.0,0.0,0.0,0.0,18,5,2.2,3.6,3.1,6.0,9.0,7.0,14,1,0,1
589,2021-10-30,15:00,Premier League,Matchweek 10,Sat,Home,D,2.0,2.0,Brighton,1.5,1.0,58.0,52598.0,Jordan Henderson,4-3-3,Mike Dean,14.0,3.0,20.8,0.0,0.0,0.0,2021.0,Liverpool,0.0,0.0,0.0,0.0,21,7,1.22,6.5,13.0,6.0,1.0,1.0,15,2,1,0
590,2021-11-07,16:30,Premier League,Matchweek 11,Sun,Away,L,2.0,3.0,West Ham,1.2,1.0,69.0,59909.0,Jordan Henderson,4-3-3,Craig Pawson,16.0,5.0,16.7,1.0,0.0,0.0,2021.0,Liverpool,0.0,0.0,1.0,0.0,22,7,1.7,4.0,4.75,13.0,4.0,3.0,20,9,0,-1
591,2021-11-20,17:30,Premier League,Matchweek 12,Sat,Home,W,4.0,0.0,Arsenal,4.3,0.4,62.0,53092.0,Virgil van Dijk,4-3-3,Michael Oliver,19.0,9.0,13.4,0.0,0.0,0.0,2021.0,Liverpool,0.0,0.0,0.0,0.0,22,4,1.45,4.75,6.5,9.0,5.0,8.0,20,9,1,1
592,2021-11-27,15:00,Premier League,Matchweek 13,Sat,Home,W,4.0,0.0,Southampton,2.9,1.0,64.0,53040.0,Jordan Henderson,4-3-3,Andre Marriner,20.0,6.0,15.5,0.0,0.0,0.0,2021.0,Liverpool,0.0,0.0,0.0,0.0,25,4,1.28,6.0,9.0,11.0,4.0,3.0,14,6,1,1
593,2021-12-01,20:15,Premier League,Matchweek 14,Wed,Away,W,4.0,1.0,Everton,2.4,0.7,67.0,39641.0,Jordan Henderson,4-3-3,Paul Tierney,16.0,7.0,16.5,1.0,0.0,0.0,2021.0,Liverpool,0.0,0.0,0.0,0.0,28,6,1.36,5.25,7.5,8.0,2.0,12.0,15,1,0,1
594,2021-12-04,15:00,Premier League,Matchweek 15,Sat,Away,W,1.0,0.0,Wolves,2.7,0.1,66.0,30729.0,Jordan Henderson,4-3-3,Chris Kavanagh,17.0,4.0,13.6,0.0,0.0,0.0,2021.0,Liverpool,0.0,0.0,0.0,0.0,31,9,1.4,4.75,8.0,9.0,1.0,0.0,21,5,0,1
595,2021-12-11,15:00,Premier League,Matchweek 16,Sat,Home,W,1.0,0.0,Aston Villa,2.2,0.2,62.0,53093.0,Jordan Henderson,4-3-3,Stuart Attwell,19.0,4.0,16.1,0.0,1.0,1.0,2021.0,Liverpool,0.0,1.0,0.0,0.0,34,9,1.2,7.0,13.0,10.0,3.0,2.0,19,6,1,1
596,2021-12-16,20:00,Premier League,Matchweek 17,Thu,Home,W,3.0,1.0,Newcastle United,2.7,0.3,74.0,52951.0,Jordan Henderson,4-3-3,Mike Dean,23.0,8.0,16.4,0.0,0.0,0.0,2021.0,Liverpool,0.0,0.0,0.0,0.0,37,9,1.12,9.0,19.0,10.0,4.0,6.0,10,4,1,1
597,2021-12-19,16:30,Premier League,Matchweek 18,Sun,Away,D,2.0,2.0,Tottenham,1.1,3.0,56.0,45421.0,James Milner,4-3-3,Paul Tierney,18.0,6.0,16.7,0.0,0.0,0.0,2021.0,Liverpool,1.0,0.0,0.0,0.0,40,9,1.53,4.75,5.25,12.0,5.0,5.0,31,9,0,0
598,2021-12-28,20:00,Premier League,Matchweek 20,Tue,Away,L,0.0,1.0,Leicester City,2.3,0.4,63.0,32230.0,Jordan Henderson,4-3-3,Michael Oliver,20.0,3.0,15.0,0.0,0.0,1.0,2021.0,Liverpool,0.0,1.0,0.0,0.0,44,7,1.33,5.5,8.0,9.0,3.0,2.0,23,1,0,-1
599,2022-01-02,16:30,Premier League,Matchweek 21,Sun,Away,D,2.0,2.0,Chelsea,1.3,1.2,46.0,40072.0,Jordan Henderson,4-3-3,Anthony Taylor,10.0,6.0,17.9,0.0,0.0,0.0,2021.0,Liverpool,0.0,0.0,0.0,0.0,44,4,2.25,3.5,3.1,10.0,5.0,8.0,42,5,0,0
600,2022-01-16,14:00,Premier League,Matchweek 22,Sun,Home,W,3.0,0.0,Brentford,2.7,0.7,68.0,52824.0,Jordan Henderson,4-3-3,Jonathan Moss,27.0,13.0,16.7,0.0,0.0,0.0,2021.0,Liverpool,0.0,0.0,0.0,0.0,45,4,1.3,5.5,10.0,0.0,0.0,1.0,23,3,1,1
601,2022-01-23,14:00,Premier League,Matchweek 23,Sun,Away,W,3.0,1.0,Crystal Palace,1.9,2.2,57.0,25002.0,Jordan Henderson,4-3-3,Kevin Friend,13.0,6.0,21.6,0.0,1.0,1.0,2021.0,Liverpool,0.0,1.0,0.0,0.0,48,4,1.53,4.2,6.0,12.0,4.0,1.0,27,4,0,1
602,2022-02-10,19:45,Premier League,Matchweek 24,Thu,Home,W,2.0,0.0,Leicester City,1.8,0.5,64.0,53050.0,Virgil van Dijk,4-3-3,Chris Kavanagh,22.0,11.0,15.7,0.0,0.0,0.0,2021.0,Liverpool,0.0,0.0,0.0,0.0,51,7,1.25,6.5,10.0,9.0,4.0,2.0,33,7,1,1
603,2022-02-13,14:00,Premier League,Matchweek 25,Sun,Away,W,1.0,0.0,Burnley,1.7,1.5,66.0,19563.0,Jordan Henderson,4-3-3,Martin Atkinson,12.0,4.0,14.4,0.0,0.0,0.0,2021.0,Liverpool,0.0,0.0,0.0,0.0,54,9,1.28,5.25,10.0,9.0,2.0,2.0,21,2,0,1
604,2022-02-19,15:00,Premier League,Matchweek 26,Sat,Home,W,3.0,1.0,Norwich City,3.6,0.6,69.0,53135.0,Jordan Henderson,4-3-3,Mike Dean,29.0,7.0,17.8,0.0,0.0,0.0,2021.0,Liverpool,0.0,0.0,0.0,0.0,57,9,1.1,9.0,23.0,9.0,0.0,2.0,17,4,1,1
605,2022-02-23,19:45,Premier League,Matchweek 19,Wed,Home,W,6.0,0.0,Leeds United,5.9,0.2,63.0,53018.0,Virgil van Dijk,4-3-3,Michael Oliver,21.0,12.0,17.7,0.0,2.0,2.0,2021.0,Liverpool,0.0,1.0,0.0,0.0,41,7,1.16,8.0,15.0,2.0,0.0,1.0,16,0,1,1
606,2022-03-05,17:30,Premier League,Matchweek 28,Sat,Home,W,1.0,0.0,West Ham,2.4,1.3,68.0,59925.0,Jordan Henderson,4-3-3,Jonathan Moss,22.0,5.0,19.1,1.0,0.0,0.0,2021.0,Liverpool,0.0,0.0,0.0,0.0,63,9,1.28,5.75,9.5,13.0,5.0,3.0,45,5,1,1
607,2022-03-12,12:30,Premier League,Matchweek 29,Sat,Away,W,2.0,0.0,Brighton,2.2,0.5,48.0,31474.0,Jordan Henderson,4-3-3,Mike Dean,17.0,8.0,15.2,0.0,1.0,1.0,2021.0,Liverpool,0.0,0.0,0.0,0.0,66,9,1.5,4.33,6.0,6.0,1.0,2.0,33,0,0,1
608,2022-03-16,20:15,Premier League,Matchweek 27,Wed,Away,W,2.0,0.0,Arsenal,0.8,0.5,51.0,59968.0,Jordan Henderson,4-3-3,Andre Marriner,9.0,3.0,14.4,0.0,0.0,0.0,2021.0,Liverpool,0.0,0.0,0.0,0.0,60,9,1.9,4.0,3.5,10.0,5.0,8.0,48,9,0,1
609,2022-04-02,12:30,Premier League,Matchweek 31,Sat,Home,W,2.0,0.0,Watford,2.2,0.6,73.0,53104.0,Jordan Henderson,4-3-3,Stuart Attwell,19.0,2.0,18.7,0.0,1.0,1.0,2021.0,Liverpool,0.0,1.0,0.0,0.0,72,9,1.12,9.5,17.0,8.0,2.0,1.0,23,4,1,1
610,2022-04-10,16:30,Premier League,Matchweek 32,Sun,Away,D,2.0,2.0,Manchester City,1.3,1.3,45.0,53197.0,Jordan Henderson,4-3-3,Anthony Taylor,6.0,4.0,22.9,0.0,0.0,0.0,2021.0,Liverpool,0.0,0.0,0.0,0.0,75,9,3.5,3.75,2.0,8.0,8.0,7.0,76,7,0,0
611,2022-04-19,20:00,Premier League,Matchweek 30,Tue,Home,W,4.0,0.0,Manchester United,2.0,0.1,71.0,52686.0,Jordan Henderson,4-3-3,Martin Atkinson,14.0,5.0,15.5,0.0,0.0,0.0,2021.0,Liverpool,0.0,0.0,0.0,0.0,69,9,1.4,5.0,7.0,7.0,9.0,7.0,50,4,1,1
612,2022-04-24,16:30,Premier League,Matchweek 34,Sun,Home,W,2.0,0.0,Everton,1.7,0.4,82.0,53213.0,Virgil van Dijk,4-3-3,Stuart Attwell,18.0,4.0,15.3,0.0,0.0,0.0,2021.0,Liverpool,0.0,0.0,0.0,0.0,79,7,1.18,7.0,15.0,9.0,2.0,12.0,33,6,1,1
613,2022-04-30,12:30,Premier League,Matchweek 35,Sat,Away,W,1.0,0.0,Newcastle United,2.3,0.2,64.0,52281.0,Jordan Henderson,4-3-3,Andre Marriner,24.0,10.0,17.7,2.0,0.0,0.0,2021.0,Liverpool,0.0,0.0,0.0,0.0,82,7,1.36,5.0,8.5,11.0,4.0,6.0,43,9,0,1
614,2022-05-07,19:45,Premier League,Matchweek 36,Sat,Home,D,1.0,1.0,Tottenham,1.3,0.9,64.0,53177.0,Jordan Henderson,4-3-3,Michael Oliver,22.0,3.0,19.6,1.0,0.0,0.0,2021.0,Liverpool,0.0,0.0,0.0,0.0,85,9,1.4,5.0,7.0,12.0,5.0,6.0,64,4,1,0
615,2022-05-10,20:00,Premier League,Matchweek 33,Tue,Away,W,2.0,1.0,Aston Villa,1.8,1.4,60.0,41919.0,Virgil van Dijk,4-3-3,Jonathan Moss,17.0,5.0,17.0,2.0,0.0,0.0,2021.0,Liverpool,0.0,0.0,0.0,0.0,76,7,1.4,4.75,7.5,11.0,3.0,2.0,37,0,0,1
616,2022-05-17,19:45,Premier League,Matchweek 37,Tue,Away,W,2.0,1.0,Southampton,1.3,0.1,70.0,31588.0,James Milner,4-3-3,Martin Atkinson,24.0,5.0,18.6,0.0,0.0,0.0,2021.0,Liverpool,0.0,0.0,0.0,0.0,86,7,1.33,5.5,7.5,12.0,4.0,3.0,40,1,0,1
617,2022-05-22,16:00,Premier League,Matchweek 38,Sun,Home,W,3.0,1.0,Wolves,2.7,1.3,63.0,53097.0,Jordan Henderson,4-3-3,Anthony Taylor,29.0,7.0,15.6,0.0,0.0,0.0,2021.0,Liverpool,0.0,0.0,0.0,0.0,89,7,1.14,8.5,15.0,10.0,1.0,0.0,51,2,1,1
618,2021-08-14,15:00,Premier League,Matchweek 1,Sat,Home,W,3.0,0.0,Crystal Palace,0.7,0.2,62.0,38965.0,César Azpilicueta,3-4-3,Jonathan Moss,13.0,6.0,21.0,4.0,0.0,0.0,2021.0,Chelsea,0.0,0.0,0.0,0.0,0,0,1.25,5.75,13.0,12.0,4.0,0.0,0,0,1,1
619,2021-08-22,16:30,Premier League,Matchweek 2,Sun,Away,W,2.0,0.0,Arsenal,3.1,0.3,65.0,58729.0,César Azpilicueta,3-4-3,Paul Tierney,22.0,5.0,16.0,0.0,0.0,0.0,2021.0,Chelsea,0.0,0.0,0.0,0.0,3,3,1.72,3.75,4.75,10.0,6.0,6.0,0,0,0,1
620,2021-08-28,17:30,Premier League,Matchweek 3,Sat,Away,D,1.0,1.0,Liverpool,0.6,2.5,35.0,54000.0,César Azpilicueta,3-4-3,Anthony Taylor,6.0,3.0,12.5,0.0,0.0,0.0,2021.0,Chelsea,1.0,0.0,0.0,0.0,6,6,2.9,3.3,2.45,5.0,10.0,7.0,6,6,0,0
621,2021-09-11,17:30,Premier League,Matchweek 4,Sat,Home,W,3.0,0.0,Aston Villa,1.3,1.2,57.0,39969.0,Marcos Alonso,3-4-3,Stuart Attwell,12.0,4.0,22.6,0.0,0.0,0.0,2021.0,Chelsea,0.0,0.0,0.0,0.0,7,7,1.28,5.5,11.0,10.0,3.0,3.0,4,4,1,1
622,2021-09-19,16:30,Premier League,Matchweek 5,Sun,Away,W,3.0,0.0,Tottenham,2.1,0.5,53.0,60059.0,César Azpilicueta,3-4-3,Paul Tierney,20.0,9.0,14.5,0.0,0.0,0.0,2021.0,Chelsea,0.0,0.0,0.0,0.0,10,7,1.7,3.8,5.0,10.0,4.0,8.0,9,6,0,1
623,2021-09-25,12:30,Premier League,Matchweek 6,Sat,Home,L,0.0,1.0,Manchester City,0.2,1.7,41.0,40036.0,César Azpilicueta,3-5-2,Michael Oliver,5.0,0.0,27.9,1.0,0.0,0.0,2021.0,Chelsea,0.0,0.0,0.0,0.0,13,7,2.62,3.2,2.75,9.0,10.0,3.0,10,7,1,-1
624,2021-10-02,15:00,Premier League,Matchweek 7,Sat,Home,W,3.0,1.0,Southampton,3.3,1.3,62.0,40109.0,César Azpilicueta,3-4-3,Martin Atkinson,20.0,9.0,12.8,0.0,0.0,0.0,2021.0,Chelsea,0.0,0.0,0.0,0.0,13,6,1.36,4.75,9.0,9.0,3.0,6.0,4,2,1,1
625,2021-10-16,17:30,Premier League,Matchweek 8,Sat,Away,W,1.0,0.0,Brentford,0.3,1.4,55.0,16940.0,César Azpilicueta,3-5-2,Anthony Taylor,5.0,1.0,24.7,2.0,0.0,0.0,2021.0,Chelsea,0.0,0.0,0.0,0.0,16,6,1.57,3.8,6.5,0.0,0.0,0.0,12,7,0,1
626,2021-10-23,12:30,Premier League,Matchweek 9,Sat,Home,W,7.0,0.0,Norwich City,3.1,0.1,62.0,40113.0,Jorginho,3-4-3,Andy Madley,22.0,12.0,19.8,0.0,1.0,1.0,2021.0,Chelsea,0.0,0.0,0.0,0.0,19,6,1.18,7.0,15.0,8.0,0.0,2.0,2,2,1,1
627,2021-10-30,15:00,Premier League,Matchweek 10,Sat,Away,W,3.0,0.0,Newcastle United,2.2,0.2,79.0,52208.0,Jorginho,3-4-3,Paul Tierney,18.0,5.0,20.5,1.0,1.0,1.0,2021.0,Chelsea,0.0,1.0,0.0,0.0,22,9,1.36,5.0,8.5,11.0,6.0,3.0,4,1,0,1
628,2021-11-06,15:00,Premier League,Matchweek 11,Sat,Home,D,1.0,1.0,Burnley,1.8,0.7,70.0,39798.0,Jorginho,3-4-1-2,Andre Marriner,25.0,4.0,16.0,0.0,0.0,0.0,2021.0,Chelsea,0.0,0.0,0.0,0.0,25,9,1.25,6.0,12.0,8.0,1.0,3.0,7,4,1,0
629,2021-11-20,12:30,Premier League,Matchweek 12,Sat,Away,W,3.0,0.0,Leicester City,2.0,0.4,61.0,35497.0,Jorginho,3-4-3,Paul Tierney,16.0,7.0,16.7,2.0,0.0,0.0,2021.0,Chelsea,0.0,0.0,0.0,0.0,26,7,1.75,3.75,4.75,6.0,3.0,5.0,15,4,0,1
630,2021-11-28,16:30,Premier League,Matchweek 13,Sun,Home,D,1.0,1.0,Manchester United,2.7,0.9,65.0,40041.0,Jorginho,3-4-3,Anthony Taylor,23.0,5.0,16.8,0.0,1.0,1.0,2021.0,Chelsea,0.0,1.0,0.0,0.0,29,7,1.57,4.0,6.0,6.0,7.0,9.0,17,3,1,0
631,2021-12-01,19:30,Premier League,Matchweek 14,Wed,Away,W,2.0,1.0,Watford,0.9,1.0,49.0,20388.0,César Azpilicueta,3-4-3,David Coote,8.0,4.0,15.1,0.0,0.0,0.0,2021.0,Chelsea,0.0,0.0,0.0,0.0,30,5,1.3,5.25,10.0,7.0,1.0,2.0,13,3,0,1
632,2021-12-04,12:30,Premier League,Matchweek 15,Sat,Away,L,2.0,3.0,West Ham,1.1,1.8,63.0,59942.0,Jorginho,3-4-3,Andre Marriner,19.0,7.0,17.5,0.0,0.0,0.0,2021.0,Chelsea,0.0,0.0,0.0,0.0,33,7,1.75,3.6,4.75,11.0,5.0,4.0,24,1,0,-1
633,2021-12-11,15:00,Premier League,Matchweek 16,Sat,Home,W,3.0,2.0,Leeds United,2.5,1.4,57.0,39959.0,César Azpilicueta,3-4-3,Chris Kavanagh,14.0,4.0,20.0,2.0,2.0,2.0,2021.0,Chelsea,0.0,2.0,0.0,0.0,33,4,1.25,5.75,12.0,1.0,0.0,1.0,16,5,1,1
634,2021-12-16,19:45,Premier League,Matchweek 17,Thu,Home,D,1.0,1.0,Everton,2.9,0.6,80.0,13933.0,César Azpilicueta,3-4-3,Michael Oliver,23.0,10.0,14.7,2.0,0.0,0.0,2021.0,Chelsea,0.0,0.0,0.0,0.0,36,6,1.22,6.5,13.0,11.0,6.0,4.0,18,3,1,0
635,2021-12-19,14:00,Premier League,Matchweek 18,Sun,Away,D,0.0,0.0,Wolves,0.9,0.2,63.0,30631.0,César Azpilicueta,3-4-3,David Coote,8.0,1.0,14.9,0.0,0.0,0.0,2021.0,Chelsea,0.0,0.0,0.0,0.0,37,4,1.5,4.2,7.0,5.0,3.0,2.0,24,3,0,0
636,2021-12-26,17:30,Premier League,Matchweek 19,Sun,Away,W,3.0,1.0,Aston Villa,2.6,0.4,58.0,41907.0,Jorginho,3-4-3,Martin Atkinson,8.0,2.0,17.6,1.0,2.0,2.0,2021.0,Chelsea,0.0,2.0,1.0,0.0,38,5,1.65,3.8,5.25,11.0,3.0,3.0,23,4,0,1
637,2021-12-29,19:30,Premier League,Matchweek 20,Wed,Home,D,1.0,1.0,Brighton,0.7,0.9,47.0,40080.0,César Azpilicueta,3-4-3,Mike Dean,11.0,5.0,13.6,0.0,0.0,0.0,2021.0,Chelsea,0.0,0.0,0.0,0.0,41,5,1.4,4.5,7.5,6.0,0.0,2.0,23,3,1,0
638,2022-01-02,16:30,Premier League,Matchweek 21,Sun,Home,D,2.0,2.0,Liverpool,1.2,1.3,54.0,40072.0,César Azpilicueta,3-4-3,Anthony Taylor,15.0,6.0,18.0,3.0,0.0,0.0,2021.0,Chelsea,0.0,0.0,0.0,0.0,42,5,3.1,3.5,2.25,5.0,10.0,8.0,44,4,1,0
639,2022-01-15,12:30,Premier League,Matchweek 22,Sat,Away,L,0.0,1.0,Manchester City,0.3,1.0,44.0,53319.0,César Azpilicueta,3-4-3,Craig Pawson,4.0,1.0,19.1,0.0,0.0,0.0,2021.0,Chelsea,0.0,0.0,0.0,0.0,43,5,5.0,4.0,1.65,9.0,11.0,3.0,53,9,0,-1
640,2022-01-18,20:00,Premier League,Matchweek 24,Tue,Away,D,1.0,1.0,Brighton,0.7,0.7,56.0,30880.0,César Azpilicueta,4-2-2-2,Kevin Friend,15.0,3.0,21.1,1.0,0.0,0.0,2021.0,Chelsea,0.0,0.0,0.0,0.0,46,4,1.72,3.75,4.75,6.0,0.0,3.0,29,5,0,0
641,2022-01-23,16:30,Premier League,Matchweek 23,Sun,Home,W,2.0,0.0,Tottenham,1.2,0.5,64.0,40020.0,César Azpilicueta,4-3-3,Paul Tierney,15.0,7.0,15.9,0.0,0.0,0.0,2021.0,Chelsea,0.0,0.0,0.0,0.0,43,2,1.61,4.2,5.0,11.0,4.0,8.0,42,7,1,1
642,2022-02-19,15:00,Premier League,Matchweek 26,Sat,Away,W,1.0,0.0,Crystal Palace,0.9,0.5,58.0,25109.0,Jorginho,4-3-3,David Coote,9.0,3.0,17.0,1.0,0.0,0.0,2021.0,Chelsea,0.0,0.0,0.0,0.0,47,4,1.65,3.8,5.5,13.0,4.0,0.0,29,2,0,1
643,2022-03-05,15:00,Premier League,Matchweek 28,Sat,Away,W,4.0,0.0,Burnley,2.3,0.7,72.0,19439.0,Jorginho,3-4-3,Andre Marriner,11.0,5.0,18.1,0.0,0.0,0.0,2021.0,Chelsea,0.0,0.0,0.0,0.0,51,4,1.5,4.33,6.5,8.0,1.0,4.0,25,4,0,1
644,2022-03-10,19:30,Premier League,Matchweek 30,Thu,Away,W,3.0,1.0,Norwich City,1.8,1.0,66.0,26684.0,César Azpilicueta,3-4-3,Martin Atkinson,15.0,7.0,12.7,1.0,0.0,0.0,2021.0,Chelsea,0.0,0.0,0.0,0.0,57,7,1.3,4.75,11.0,9.0,0.0,2.0,17,0,0,1
645,2022-03-13,14:00,Premier League,Matchweek 29,Sun,Home,W,1.0,0.0,Newcastle United,1.1,0.3,71.0,40026.0,Jorginho,4-3-3,David Coote,8.0,3.0,16.4,1.0,0.0,0.0,2021.0,Chelsea,0.0,0.0,0.0,0.0,54,7,1.3,5.25,11.0,12.0,6.0,3.0,31,7,1,1
646,2022-04-02,15:00,Premier League,Matchweek 31,Sat,Home,L,1.0,4.0,Brentford,1.3,1.8,70.0,39061.0,César Azpilicueta,4-3-3,Andy Madley,21.0,8.0,20.1,0.0,0.0,0.0,2021.0,Chelsea,0.0,0.0,0.0,0.0,60,9,1.33,5.0,10.0,1.0,0.0,0.0,30,6,1,-1
647,2022-04-09,15:00,Premier League,Matchweek 32,Sat,Away,W,6.0,0.0,Southampton,4.2,0.5,70.0,31359.0,N'Golo Kanté,3-4-1-2,Kevin Friend,24.0,14.0,15.3,0.0,0.0,0.0,2021.0,Chelsea,0.0,0.0,0.0,0.0,60,6,1.95,3.6,3.8,10.0,3.0,6.0,36,1,0,1
648,2022-04-20,19:45,Premier League,Matchweek 25,Wed,Home,L,2.0,4.0,Arsenal,0.7,2.0,67.0,32249.0,César Azpilicueta,3-4-1-2,Jonathan Moss,11.0,2.0,15.9,0.0,0.0,0.0,2021.0,Chelsea,0.0,0.0,0.0,0.0,47,4,1.83,3.6,4.33,11.0,6.0,6.0,42,4,1,-1
649,2022-04-24,14:00,Premier League,Matchweek 34,Sun,Home,W,1.0,0.0,West Ham,3.0,0.5,66.0,32231.0,César Azpilicueta,3-4-1-2,Michael Oliver,25.0,4.0,19.0,0.0,0.0,1.0,2021.0,Chelsea,0.0,1.0,0.0,0.0,66,6,1.5,4.33,6.5,11.0,6.0,4.0,52,4,1,1
650,2022-04-28,19:45,Premier League,Matchweek 37,Thu,Away,D,1.0,1.0,Manchester United,1.9,0.5,64.0,73564.0,César Azpilicueta,3-4-1-2,Mike Dean,21.0,6.0,17.4,0.0,0.0,0.0,2021.0,Chelsea,0.0,0.0,0.0,0.0,70,4,2.25,3.4,3.2,6.0,7.0,10.0,57,3,0,0
651,2022-05-01,14:00,Premier League,Matchweek 35,Sun,Away,L,0.0,1.0,Everton,0.8,0.8,77.0,39256.0,César Azpilicueta,3-4-1-2,Kevin Friend,17.0,5.0,17.9,0.0,0.0,0.0,2021.0,Chelsea,0.0,0.0,0.0,0.0,69,9,1.75,3.6,5.0,11.0,6.0,5.0,33,6,0,-1
652,2022-05-07,15:00,Premier League,Matchweek 36,Sat,Home,D,2.0,2.0,Wolves,1.7,2.0,59.0,32190.0,César Azpilicueta,3-4-1-2,Peter Bankes,18.0,5.0,18.2,2.0,1.0,1.0,2021.0,Chelsea,0.0,1.0,0.0,0.0,69,6,1.33,5.0,9.5,5.0,3.0,3.0,49,0,1,0
653,2022-05-11,19:30,Premier League,Matchweek 33,Wed,Away,W,3.0,0.0,Leeds United,1.3,0.4,67.0,36549.0,Jorginho,3-4-3,Anthony Taylor,17.0,3.0,16.9,0.0,0.0,0.0,2021.0,Chelsea,0.0,0.0,0.0,0.0,63,6,1.65,4.2,4.75,2.0,0.0,1.0,33,7,0,1
654,2022-05-19,20:00,Premier League,Matchweek 27,Thu,Home,D,1.0,1.0,Leicester City,1.6,0.1,67.0,31478.0,Jorginho,3-4-3,Stuart Attwell,20.0,7.0,20.0,2.0,0.0,0.0,2021.0,Chelsea,0.0,0.0,0.0,0.0,50,4,1.4,4.75,8.0,7.0,3.0,5.0,34,1,1,0
655,2022-05-22,16:00,Premier League,Matchweek 38,Sun,Home,W,2.0,1.0,Watford,2.2,0.6,71.0,32089.0,César Azpilicueta,3-4-3,Mike Dean,19.0,8.0,16.9,0.0,0.0,0.0,2021.0,Chelsea,0.0,0.0,0.0,0.0,71,2,1.18,7.5,15.0,8.0,1.0,2.0,23,0,1,1
656,2021-08-15,16:30,Premier League,Matchweek 1,Sun,Home,W,1.0,0.0,Manchester City,1.0,1.8,35.0,58262.0,Hugo Lloris,4-3-3,Anthony Taylor,13.0,2.0,20.3,0.0,0.0,0.0,2021.0,Tottenham,0.0,0.0,0.0,0.0,0,0,5.5,4.2,1.6,6.0,13.0,3.0,0,0,1,1
657,2021-08-22,14:00,Premier League,Matchweek 2,Sun,Away,W,1.0,0.0,Wolves,1.7,1.7,42.0,30368.0,Hugo Lloris,4-3-3,Stuart Attwell,7.0,5.0,14.6,0.0,1.0,1.0,2021.0,Tottenham,0.0,1.0,0.0,0.0,3,3,2.35,3.2,3.2,5.0,2.0,3.0,0,0,0,1
658,2021-08-29,14:00,Premier League,Matchweek 3,Sun,Home,W,1.0,0.0,Watford,1.0,0.8,57.0,57672.0,Hugo Lloris,4-3-3,Andre Marriner,15.0,8.0,18.8,3.0,0.0,0.0,2021.0,Tottenham,0.0,0.0,0.0,0.0,6,6,1.36,4.75,9.0,6.0,1.0,3.0,3,3,1,1
659,2021-09-11,12:30,Premier League,Matchweek 4,Sat,Away,L,0.0,3.0,Crystal Palace,0.1,2.1,38.0,26000.0,Hugo Lloris,4-1-2-1-2◆,Jonathan Moss,2.0,1.0,19.1,0.0,0.0,0.0,2021.0,Tottenham,1.0,0.0,0.0,1.0,9,9,1.9,3.5,4.2,12.0,1.0,3.0,2,2,0,-1
660,2021-09-19,16:30,Premier League,Matchweek 5,Sun,Home,L,0.0,3.0,Chelsea,0.5,2.1,47.0,60059.0,Hugo Lloris,4-3-2-1,Paul Tierney,8.0,2.0,20.0,1.0,0.0,0.0,2021.0,Tottenham,0.0,0.0,0.0,0.0,9,6,5.0,3.8,1.7,4.0,10.0,8.0,10,7,1,-1
661,2021-09-26,16:30,Premier League,Matchweek 6,Sun,Away,L,1.0,3.0,Arsenal,1.0,1.1,54.0,59919.0,Hugo Lloris,4-3-3,Craig Pawson,10.0,4.0,16.3,0.0,0.0,0.0,2021.0,Tottenham,0.0,0.0,0.0,0.0,9,3,3.5,3.3,2.15,8.0,7.0,7.0,6,6,0,-1
662,2021-10-03,14:00,Premier League,Matchweek 7,Sun,Home,W,2.0,1.0,Aston Villa,1.3,1.2,56.0,53076.0,Hugo Lloris,4-2-3-1,Chris Kavanagh,17.0,7.0,20.5,2.0,0.0,0.0,2021.0,Tottenham,0.0,0.0,0.0,0.0,9,0,2.1,3.6,3.4,13.0,2.0,1.0,10,6,1,1
663,2021-10-17,16:30,Premier League,Matchweek 8,Sun,Away,W,3.0,2.0,Newcastle United,1.7,0.4,64.0,52214.0,Hugo Lloris,4-2-3-1,Andre Marriner,14.0,4.0,17.9,1.0,0.0,0.0,2021.0,Tottenham,0.0,0.0,1.0,0.0,12,3,2.05,3.6,3.5,10.0,6.0,4.0,3,2,0,1
664,2021-10-24,14:00,Premier League,Matchweek 9,Sun,Away,L,0.0,1.0,West Ham,0.7,1.3,62.0,59924.0,Hugo Lloris,4-2-3-1,Paul Tierney,7.0,4.0,17.8,0.0,0.0,0.0,2021.0,Tottenham,0.0,0.0,0.0,0.0,15,6,3.0,3.5,2.3,9.0,7.0,4.0,14,6,0,-1
665,2021-10-30,17:30,Premier League,Matchweek 10,Sat,Home,L,0.0,3.0,Manchester United,1.0,1.5,58.0,60356.0,Hugo Lloris,4-2-3-1,Stuart Attwell,9.0,0.0,16.6,1.0,0.0,0.0,2021.0,Tottenham,0.0,0.0,0.0,0.0,15,6,2.87,3.6,2.37,7.0,10.0,5.0,14,1,1,-1
666,2021-11-07,14:00,Premier League,Matchweek 11,Sun,Away,D,0.0,0.0,Everton,0.7,0.6,55.0,39059.0,Hugo Lloris,3-4-3,Chris Kavanagh,8.0,0.0,19.5,0.0,0.0,0.0,2021.0,Tottenham,0.0,0.0,0.0,0.0,15,3,2.37,3.25,3.1,9.0,4.0,9.0,14,0,0,0
667,2021-11-21,16:30,Premier League,Matchweek 12,Sun,Home,W,2.0,1.0,Leeds United,2.1,1.4,43.0,58989.0,Hugo Lloris,3-4-3,Andre Marriner,13.0,4.0,17.5,1.0,0.0,0.0,2021.0,Tottenham,0.0,0.0,0.0,0.0,16,1,1.7,4.2,4.5,1.0,1.0,0.0,11,5,1,1
668,2021-12-02,19:30,Premier League,Matchweek 14,Thu,Home,W,2.0,0.0,Brentford,1.9,0.3,47.0,54202.0,Hugo Lloris,3-4-3,Jonathan Moss,11.0,6.0,9.8,0.0,0.0,0.0,2021.0,Tottenham,0.0,0.0,0.0,0.0,19,4,1.6,4.2,5.25,0.0,0.0,0.0,16,4,1,1
669,2021-12-05,14:00,Premier League,Matchweek 15,Sun,Home,W,3.0,0.0,Norwich City,1.6,1.2,41.0,57088.0,Hugo Lloris,3-4-3,Jarred Gillett,17.0,7.0,18.5,0.0,0.0,0.0,2021.0,Tottenham,0.0,0.0,0.0,0.0,22,6,1.36,5.0,8.5,5.0,2.0,3.0,10,5,1,1
670,2021-12-19,16:30,Premier League,Matchweek 18,Sun,Home,D,2.0,2.0,Liverpool,3.0,1.1,44.0,45421.0,Hugo Lloris,5-3-2,Paul Tierney,10.0,5.0,10.4,0.0,0.0,0.0,2021.0,Tottenham,0.0,0.0,0.0,0.0,31,9,5.25,4.75,1.53,5.0,12.0,5.0,40,9,1,0
671,2021-12-26,15:00,Premier League,Matchweek 19,Sun,Home,W,3.0,0.0,Crystal Palace,2.3,0.2,60.0,40539.0,Hugo Lloris,3-4-3,Jonathan Moss,17.0,6.0,14.5,0.0,0.0,0.0,2021.0,Tottenham,0.0,0.0,0.0,0.0,32,7,1.72,3.8,4.75,12.0,2.0,3.0,23,7,1,1
672,2021-12-28,15:00,Premier League,Matchweek 20,Tue,Away,D,1.0,1.0,Southampton,2.3,0.4,65.0,31304.0,Hugo Lloris,3-4-3,Anthony Taylor,20.0,10.0,15.8,1.0,1.0,1.0,2021.0,Tottenham,0.0,1.0,0.0,0.0,35,7,2.0,3.5,3.75,13.0,3.0,2.0,23,7,0,0
673,2022-01-01,15:00,Premier League,Matchweek 21,Sat,Away,W,1.0,0.0,Watford,2.2,0.3,74.0,20391.0,Hugo Lloris,3-4-3,Robert Jones,21.0,9.0,17.6,0.0,0.0,0.0,2021.0,Tottenham,0.0,0.0,0.0,0.0,36,5,1.61,4.2,5.0,7.0,1.0,3.0,14,0,0,1
674,2022-01-19,19:30,Premier League,Matchweek 17,Wed,Away,W,3.0,2.0,Leicester City,3.1,1.2,51.0,31986.0,Hugo Lloris,3-5-2,Jonathan Moss,27.0,8.0,16.4,1.0,0.0,0.0,2021.0,Tottenham,0.0,0.0,0.0,0.0,28,9,2.3,3.5,3.0,8.0,4.0,2.0,22,4,0,1
675,2022-01-23,16:30,Premier League,Matchweek 23,Sun,Away,L,0.0,2.0,Chelsea,0.5,1.2,36.0,40020.0,Hugo Lloris,4-4-2,Paul Tierney,6.0,3.0,16.6,0.0,0.0,0.0,2021.0,Tottenham,0.0,0.0,0.0,0.0,42,7,5.0,4.2,1.61,4.0,11.0,8.0,43,2,0,-1
676,2022-02-09,19:45,Premier League,Matchweek 24,Wed,Home,L,2.0,3.0,Southampton,1.4,2.2,48.0,54012.0,Hugo Lloris,3-4-3,David Coote,8.0,3.0,15.3,0.0,0.0,0.0,2021.0,Tottenham,0.0,0.0,0.0,0.0,42,6,1.6,4.0,5.5,13.0,3.0,3.0,25,1,1,-1
677,2022-02-13,14:00,Premier League,Matchweek 25,Sun,Home,L,0.0,2.0,Wolves,1.2,1.3,58.0,56452.0,Hugo Lloris,3-4-3,Kevin Friend,17.0,7.0,15.9,2.0,0.0,0.0,2021.0,Tottenham,0.0,0.0,0.0,0.0,42,3,1.7,3.6,5.5,6.0,2.0,3.0,37,6,1,-1
678,2022-02-19,17:30,Premier League,Matchweek 26,Sat,Away,W,3.0,2.0,Manchester City,1.4,2.1,29.0,53201.0,Hugo Lloris,3-4-3,Anthony Taylor,6.0,5.0,15.0,0.0,0.0,0.0,2021.0,Tottenham,0.0,0.0,0.0,0.0,42,0,10.0,6.0,1.28,7.0,13.0,3.0,63,7,0,1
679,2022-02-23,19:30,Premier League,Matchweek 13,Wed,Away,L,0.0,1.0,Burnley,0.7,0.9,66.0,19488.0,Hugo Lloris,3-4-3,Graham Scott,12.0,2.0,17.4,0.0,0.0,0.0,2021.0,Tottenham,0.0,0.0,0.0,0.0,19,4,1.75,3.8,4.6,8.0,1.0,3.0,9,5,0,-1
680,2022-02-26,12:30,Premier League,Matchweek 27,Sat,Away,W,4.0,0.0,Leeds United,1.9,1.5,50.0,36599.0,Hugo Lloris,3-4-3,Craig Pawson,15.0,10.0,14.2,0.0,0.0,0.0,2021.0,Tottenham,0.0,0.0,0.0,0.0,45,3,1.85,3.6,4.2,2.0,1.0,0.0,23,1,0,1
681,2022-03-07,20:00,Premier League,Matchweek 28,Mon,Home,W,5.0,0.0,Everton,2.5,0.2,55.0,59647.0,Hugo Lloris,3-4-3,Stuart Attwell,14.0,7.0,13.5,0.0,0.0,0.0,2021.0,Tottenham,0.0,0.0,0.0,0.0,48,6,1.57,3.8,5.75,9.0,4.0,10.0,26,3,1,1
682,2022-03-12,17:30,Premier League,Matchweek 29,Sat,Away,L,2.0,3.0,Manchester United,1.5,1.0,57.0,73458.0,Hugo Lloris,3-4-3,Jonathan Moss,9.0,1.0,19.8,1.0,1.0,1.0,2021.0,Tottenham,0.0,0.0,0.0,0.0,51,9,3.25,3.4,2.2,7.0,11.0,5.0,47,4,0,-1
683,2022-03-16,19:30,Premier League,Matchweek 16,Wed,Away,W,2.0,0.0,Brighton,2.2,0.7,52.0,31144.0,Hugo Lloris,3-4-3,Robert Jones,17.0,7.0,19.0,1.0,0.0,0.0,2021.0,Tottenham,0.0,0.0,0.0,0.0,25,6,2.25,3.3,3.3,5.0,2.0,1.0,20,3,0,1
684,2022-03-20,16:30,Premier League,Matchweek 30,Sun,Home,W,3.0,1.0,West Ham,3.0,0.6,53.0,58685.0,Hugo Lloris,3-4-3,Anthony Taylor,17.0,4.0,16.6,0.0,0.0,0.0,2021.0,Tottenham,0.0,0.0,0.0,0.0,51,6,1.72,3.8,4.75,9.0,8.0,4.0,48,6,1,1
685,2022-04-03,16:30,Premier League,Matchweek 31,Sun,Home,W,5.0,1.0,Newcastle United,3.1,0.5,60.0,57553.0,Hugo Lloris,3-4-3,Martin Atkinson,19.0,6.0,16.0,1.0,0.0,0.0,2021.0,Tottenham,0.0,0.0,0.0,0.0,54,6,1.5,4.33,6.5,11.0,6.0,4.0,34,6,1,1
686,2022-04-09,17:30,Premier League,Matchweek 32,Sat,Away,W,4.0,0.0,Aston Villa,1.1,1.6,48.0,41949.0,Hugo Lloris,3-4-3,Graham Scott,11.0,5.0,18.8,0.0,0.0,0.0,2021.0,Tottenham,0.0,0.0,0.0,0.0,57,6,2.25,3.4,3.2,14.0,2.0,1.0,37,0,0,1
687,2022-04-16,12:30,Premier League,Matchweek 33,Sat,Home,L,0.0,1.0,Brighton,0.5,0.6,49.0,58685.0,Hugo Lloris,3-4-3,Craig Pawson,5.0,0.0,20.8,0.0,0.0,0.0,2021.0,Tottenham,0.0,0.0,0.0,0.0,60,9,1.53,4.0,6.5,6.0,2.0,1.0,37,4,1,-1
688,2022-04-23,17:30,Premier League,Matchweek 34,Sat,Away,D,0.0,0.0,Brentford,0.6,0.9,56.0,17072.0,Hugo Lloris,3-4-3,Martin Atkinson,9.0,0.0,16.7,0.0,0.0,0.0,2021.0,Tottenham,0.0,0.0,0.0,0.0,60,6,1.85,3.5,4.33,1.0,0.0,0.0,39,9,0,0
689,2022-05-01,14:00,Premier League,Matchweek 35,Sun,Home,W,3.0,1.0,Leicester City,1.2,0.5,40.0,59482.0,Hugo Lloris,3-4-3,Jonathan Moss,13.0,7.0,14.2,0.0,0.0,0.0,2021.0,Tottenham,0.0,0.0,0.0,0.0,61,4,1.44,4.75,7.0,9.0,4.0,2.0,46,4,1,1
690,2022-05-07,19:45,Premier League,Matchweek 36,Sat,Away,D,1.0,1.0,Liverpool,0.9,1.3,36.0,53177.0,Hugo Lloris,3-4-3,Michael Oliver,8.0,3.0,17.5,0.0,0.0,0.0,2021.0,Tottenham,0.0,0.0,0.0,0.0,64,4,7.0,5.0,1.4,5.0,12.0,6.0,85,9,0,0
691,2022-05-12,19:45,Premier League,Matchweek 22,Thu,Home,W,3.0,0.0,Arsenal,2.7,0.5,57.0,62027.0,Hugo Lloris,3-4-3,Paul Tierney,15.0,5.0,14.3,0.0,1.0,1.0,2021.0,Tottenham,0.0,1.0,0.0,0.0,39,7,2.05,3.75,3.5,8.0,8.0,7.0,38,6,1,1
692,2022-05-15,12:00,Premier League,Matchweek 37,Sun,Home,W,1.0,0.0,Burnley,2.2,0.7,68.0,61729.0,Hugo Lloris,3-4-3,Kevin Friend,20.0,6.0,20.3,0.0,1.0,1.0,2021.0,Tottenham,0.0,0.0,0.0,0.0,65,5,1.33,5.25,9.0,8.0,2.0,3.0,35,6,1,1
693,2022-05-22,16:00,Premier League,Matchweek 38,Sun,Away,W,5.0,0.0,Norwich City,3.4,0.5,59.0,27022.0,Hugo Lloris,3-4-3,Chris Kavanagh,19.0,12.0,14.9,0.0,0.0,0.0,2021.0,Tottenham,0.0,0.0,0.0,0.0,68,7,1.25,6.5,9.5,6.0,2.0,3.0,22,1,0,1
694,2021-08-13,20:00,Premier League,Matchweek 1,Fri,Away,L,0.0,2.0,Brentford,1.3,1.2,64.0,16479.0,Granit Xhaka,4-2-3-1,Michael Oliver,22.0,4.0,19.0,1.0,0.0,0.0,2021.0,Arsenal,0.0,0.0,0.0,0.0,0,0,1.95,3.4,4.0,0.0,0.0,0.0,0,0,0,-1
695,2021-08-22,16:30,Premier League,Matchweek 2,Sun,Home,L,0.0,2.0,Chelsea,0.3,3.1,35.0,58729.0,Granit Xhaka,4-2-3-1,Paul Tierney,6.0,3.0,18.7,0.0,0.0,0.0,2021.0,Arsenal,0.0,0.0,0.0,0.0,0,0,4.75,3.75,1.72,6.0,10.0,6.0,3,3,1,-1
696,2021-08-28,12:30,Premier League,Matchweek 3,Sat,Away,L,0.0,5.0,Manchester City,0.2,4.4,20.0,52276.0,Pierre-Emerick Aubameyang,5-4-1,Martin Atkinson,1.0,0.0,6.8,0.0,0.0,0.0,2021.0,Arsenal,1.0,0.0,0.0,0.0,0,0,12.0,6.0,1.25,4.0,12.0,6.0,3,3,0,-1
697,2021-09-11,15:00,Premier League,Matchweek 4,Sat,Home,W,1.0,0.0,Norwich City,2.7,0.7,51.0,58000.0,Pierre-Emerick Aubameyang,4-2-3-1,Michael Oliver,30.0,6.0,16.9,1.0,0.0,0.0,2021.0,Arsenal,0.0,0.0,0.0,0.0,0,0,1.5,4.6,6.0,6.0,1.0,3.0,0,0,1,1
698,2021-09-18,15:00,Premier League,Matchweek 5,Sat,Away,W,1.0,0.0,Burnley,1.1,1.0,54.0,20000.0,Pierre-Emerick Aubameyang,4-1-4-1,Anthony Taylor,13.0,3.0,20.7,1.0,0.0,0.0,2021.0,Arsenal,0.0,0.0,0.0,0.0,3,3,1.95,3.6,3.8,9.0,1.0,2.0,1,1,0,1
699,2021-09-26,16:30,Premier League,Matchweek 6,Sun,Home,W,3.0,1.0,Tottenham,1.1,1.0,46.0,59919.0,Pierre-Emerick Aubameyang,4-2-3-1,Craig Pawson,12.0,7.0,17.7,0.0,0.0,0.0,2021.0,Arsenal,0.0,0.0,0.0,0.0,6,6,2.15,3.3,3.5,7.0,8.0,7.0,9,3,1,1
700,2021-10-02,17:30,Premier League,Matchweek 7,Sat,Away,D,0.0,0.0,Brighton,0.4,1.1,42.0,31266.0,Pierre-Emerick Aubameyang,4-2-3-1,Jonathan Moss,8.0,2.0,21.1,1.0,0.0,0.0,2021.0,Arsenal,0.0,0.0,0.0,0.0,9,9,2.4,3.25,3.0,3.0,3.0,2.0,13,7,0,0
701,2021-10-18,20:00,Premier League,Matchweek 8,Mon,Home,D,2.0,2.0,Crystal Palace,1.7,0.7,54.0,59475.0,Pierre-Emerick Aubameyang,4-1-4-1,Mike Dean,17.0,6.0,17.6,1.0,0.0,0.0,2021.0,Arsenal,0.0,0.0,0.0,0.0,10,7,1.6,3.8,6.0,9.0,2.0,5.0,7,2,1,0
702,2021-10-22,20:00,Premier League,Matchweek 9,Fri,Home,W,3.0,1.0,Aston Villa,2.7,1.4,53.0,59496.0,Pierre-Emerick Aubameyang,4-2-3-1,Craig Pawson,21.0,8.0,17.3,1.0,0.0,1.0,2021.0,Arsenal,0.0,1.0,0.0,0.0,11,5,1.83,3.75,4.2,10.0,5.0,1.0,10,3,1,1
703,2021-10-30,12:30,Premier League,Matchweek 10,Sat,Away,W,2.0,0.0,Leicester City,0.7,1.3,36.0,32209.0,Pierre-Emerick Aubameyang,4-4-1-1,Michael Oliver,9.0,5.0,16.7,0.0,0.0,0.0,2021.0,Arsenal,0.0,0.0,0.0,0.0,14,5,2.87,3.5,2.4,7.0,4.0,3.0,14,7,0,1
704,2021-11-07,14:00,Premier League,Matchweek 11,Sun,Home,W,1.0,0.0,Watford,1.6,0.5,60.0,59833.0,Pierre-Emerick Aubameyang,4-4-1-1,Kevin Friend,13.0,5.0,21.1,1.0,0.0,1.0,2021.0,Arsenal,0.0,1.0,0.0,0.0,17,7,1.36,4.75,8.5,7.0,2.0,1.0,10,3,1,1
705,2021-11-20,17:30,Premier League,Matchweek 12,Sat,Away,L,0.0,4.0,Liverpool,0.4,4.3,38.0,53092.0,Pierre-Emerick Aubameyang,4-4-1-1,Michael Oliver,5.0,3.0,19.9,0.0,0.0,0.0,2021.0,Arsenal,0.0,0.0,0.0,0.0,20,9,6.5,4.75,1.45,5.0,9.0,8.0,22,4,0,-1
706,2021-11-27,12:30,Premier League,Matchweek 13,Sat,Home,W,2.0,0.0,Newcastle United,2.5,0.3,66.0,59886.0,Pierre-Emerick Aubameyang,4-4-1-1,Stuart Attwell,24.0,6.0,17.8,1.0,0.0,0.0,2021.0,Arsenal,0.0,0.0,0.0,0.0,20,6,1.44,4.75,7.0,16.0,2.0,2.0,6,2,1,1
707,2021-12-02,20:15,Premier League,Matchweek 14,Thu,Away,L,2.0,3.0,Manchester United,1.4,1.9,56.0,73123.0,Pierre-Emerick Aubameyang,4-4-1-1,Martin Atkinson,17.0,7.0,16.5,1.0,0.0,0.0,2021.0,Arsenal,0.0,0.0,0.0,0.0,23,6,3.75,3.75,1.95,6.0,9.0,7.0,18,1,0,-1
708,2021-12-06,20:00,Premier League,Matchweek 15,Mon,Away,L,1.0,2.0,Everton,1.0,0.9,63.0,38906.0,Alexandre Lacazette,4-2-3-1,Mike Dean,10.0,3.0,16.1,0.0,0.0,0.0,2021.0,Arsenal,0.0,0.0,0.0,0.0,23,3,2.1,3.5,3.4,12.0,5.0,5.0,15,0,0,-1
709,2021-12-11,15:00,Premier League,Matchweek 16,Sat,Home,W,3.0,0.0,Southampton,1.8,0.6,61.0,59653.0,Alexandre Lacazette,4-4-1-1,Jarred Gillett,15.0,5.0,15.7,0.0,0.0,0.0,2021.0,Arsenal,0.0,0.0,0.0,0.0,23,3,1.61,4.0,5.5,9.0,3.0,6.0,16,2,1,1
710,2021-12-15,20:00,Premier League,Matchweek 17,Wed,Home,W,2.0,0.0,West Ham,2.8,0.4,55.0,59777.0,Alexandre Lacazette,4-4-1-1,Anthony Taylor,20.0,7.0,19.6,2.0,0.0,1.0,2021.0,Arsenal,0.0,1.0,0.0,0.0,26,3,2.1,3.6,3.3,15.0,2.0,3.0,28,5,1,1
711,2021-12-18,17:30,Premier League,Matchweek 18,Sat,Away,W,4.0,1.0,Leeds United,3.5,1.6,49.0,36166.0,Alexandre Lacazette,4-2-3-1,Andre Marriner,21.0,12.0,16.7,0.0,0.0,0.0,2021.0,Arsenal,0.0,0.0,0.0,0.0,29,6,1.83,3.8,3.9,1.0,0.0,1.0,16,1,0,1
712,2021-12-26,15:00,Premier League,Matchweek 19,Sun,Away,W,5.0,0.0,Norwich City,2.5,0.1,64.0,26940.0,Alexandre Lacazette,4-2-3-1,Graham Scott,15.0,5.0,17.7,1.0,1.0,1.0,2021.0,Arsenal,0.0,1.0,0.0,0.0,32,9,1.4,4.75,8.0,7.0,1.0,3.0,10,0,0,1
713,2022-01-01,12:30,Premier League,Matchweek 21,Sat,Home,L,1.0,2.0,Manchester City,0.8,2.0,29.0,59757.0,Alexandre Lacazette,4-2-3-1,Stuart Attwell,7.0,2.0,15.6,0.0,0.0,0.0,2021.0,Arsenal,1.0,0.0,0.0,1.0,38,9,5.75,4.75,1.5,4.0,13.0,6.0,50,9,1,-1
714,2022-01-23,14:00,Premier League,Matchweek 23,Sun,Home,D,0.0,0.0,Burnley,1.2,0.4,75.0,59255.0,Alexandre Lacazette,4-1-4-1,David Coote,20.0,5.0,18.8,2.0,0.0,0.0,2021.0,Arsenal,0.0,0.0,0.0,0.0,38,3,1.36,4.75,9.0,10.0,1.0,2.0,19,0,1,0
715,2022-02-10,19:45,Premier League,Matchweek 24,Thu,Away,W,1.0,0.0,Wolves,1.8,0.8,42.0,31523.0,Alexandre Lacazette,4-2-3-1,Michael Oliver,12.0,2.0,17.2,0.0,0.0,0.0,2021.0,Arsenal,1.0,0.0,0.0,1.0,39,1,2.2,3.2,3.5,4.0,3.0,3.0,37,9,0,1
716,2022-02-19,15:00,Premier League,Matchweek 26,Sat,Home,W,2.0,1.0,Brentford,1.7,0.6,66.0,59249.0,Alexandre Lacazette,4-2-3-1,Jonathan Moss,24.0,7.0,16.0,0.0,0.0,0.0,2021.0,Arsenal,0.0,0.0,0.0,0.0,45,7,1.44,4.2,8.0,0.0,1.0,0.0,24,1,1,1
717,2022-02-24,19:45,Premier League,Matchweek 20,Thu,Home,W,2.0,1.0,Wolves,3.1,1.0,56.0,59888.0,Alexandre Lacazette,4-2-3-1,Martin Atkinson,26.0,5.0,15.6,1.0,0.0,0.0,2021.0,Arsenal,0.0,0.0,0.0,0.0,35,9,1.65,3.8,5.5,5.0,3.0,3.0,28,7,1,1
718,2022-03-06,14:00,Premier League,Matchweek 28,Sun,Away,W,3.0,2.0,Watford,1.0,1.0,56.0,21142.0,Alexandre Lacazette,4-2-3-1,Craig Pawson,16.0,4.0,17.3,0.0,0.0,0.0,2021.0,Arsenal,0.0,0.0,0.0,0.0,48,6,1.57,4.0,6.0,8.0,2.0,1.0,19,4,0,1
719,2022-03-13,16:30,Premier League,Matchweek 29,Sun,Home,W,2.0,0.0,Leicester City,2.4,0.4,46.0,60111.0,Alexandre Lacazette,4-2-3-1,Anthony Taylor,20.0,6.0,16.2,0.0,1.0,1.0,2021.0,Arsenal,0.0,0.0,0.0,0.0,51,6,1.5,4.5,6.0,8.0,4.0,3.0,38,4,1,1
720,2022-03-16,20:15,Premier League,Matchweek 27,Wed,Home,L,0.0,2.0,Liverpool,0.5,0.8,49.0,59968.0,Alexandre Lacazette,4-2-3-1,Andre Marriner,9.0,2.0,22.5,0.0,0.0,0.0,2021.0,Arsenal,0.0,0.0,0.0,0.0,48,9,3.5,4.0,1.9,5.0,10.0,8.0,60,9,1,-1
721,2022-03-19,12:30,Premier League,Matchweek 30,Sat,Away,W,1.0,0.0,Aston Villa,1.3,0.5,53.0,41956.0,Alexandre Lacazette,4-2-3-1,Andy Madley,10.0,3.0,19.5,0.0,0.0,0.0,2021.0,Arsenal,0.0,0.0,0.0,0.0,54,6,2.4,3.3,3.0,11.0,5.0,1.0,37,6,0,1
722,2022-04-04,20:00,Premier League,Matchweek 31,Mon,Away,L,0.0,3.0,Crystal Palace,0.8,1.5,68.0,25149.0,Alexandre Lacazette,4-2-3-1,Paul Tierney,12.0,3.0,18.5,0.0,0.0,0.0,2021.0,Arsenal,0.0,0.0,0.0,0.0,57,9,1.95,3.4,4.0,9.0,2.0,6.0,34,4,0,-1
723,2022-04-09,15:00,Premier League,Matchweek 32,Sat,Home,L,1.0,2.0,Brighton,1.9,0.6,64.0,60112.0,Alexandre Lacazette,4-2-3-1,David Coote,20.0,4.0,16.7,2.0,0.0,0.0,2021.0,Arsenal,0.0,0.0,0.0,0.0,57,6,1.61,3.8,5.75,3.0,3.0,3.0,34,1,1,-1
724,2022-04-16,15:00,Premier League,Matchweek 33,Sat,Away,L,0.0,1.0,Southampton,1.7,0.8,75.0,31465.0,Martin Ødegaard,4-2-3-1,Peter Bankes,23.0,6.0,18.3,1.0,0.0,0.0,2021.0,Arsenal,0.0,0.0,0.0,0.0,57,3,1.95,3.6,3.8,10.0,3.0,6.0,36,1,0,-1
725,2022-04-20,19:45,Premier League,Matchweek 25,Wed,Away,W,4.0,2.0,Chelsea,2.0,0.7,33.0,32249.0,Martin Ødegaard,4-2-3-1,Jonathan Moss,13.0,3.0,19.5,0.0,1.0,1.0,2021.0,Arsenal,0.0,1.0,0.0,0.0,42,4,4.33,3.6,1.83,6.0,11.0,6.0,47,4,0,1
726,2022-04-23,12:30,Premier League,Matchweek 34,Sat,Home,W,3.0,1.0,Manchester United,2.3,1.8,54.0,60223.0,Martin Ødegaard,4-2-3-1,Craig Pawson,13.0,6.0,19.3,1.0,1.0,1.0,2021.0,Arsenal,0.0,1.0,0.0,0.0,57,0,2.05,3.5,3.5,6.0,10.0,7.0,54,4,1,1
727,2022-05-01,16:30,Premier League,Matchweek 35,Sun,Away,W,2.0,1.0,West Ham,0.9,0.5,43.0,59959.0,Martin Ødegaard,4-2-3-1,Mike Dean,13.0,7.0,19.3,0.0,0.0,0.0,2021.0,Arsenal,0.0,0.0,0.0,0.0,60,3,1.8,3.8,4.33,16.0,2.0,3.0,52,1,0,1
728,2022-05-08,14:00,Premier League,Matchweek 36,Sun,Home,W,2.0,1.0,Leeds United,2.0,0.3,64.0,60108.0,Martin Ødegaard,4-2-3-1,Chris Kavanagh,19.0,9.0,14.3,2.0,0.0,0.0,2021.0,Arsenal,0.0,0.0,0.0,0.0,63,6,1.45,4.5,7.0,2.0,0.0,1.0,34,1,1,1
729,2022-05-12,19:45,Premier League,Matchweek 22,Thu,Away,L,0.0,3.0,Tottenham,0.5,2.7,43.0,62027.0,Martin Ødegaard,4-3-3,Paul Tierney,9.0,5.0,24.0,0.0,0.0,0.0,2021.0,Arsenal,1.0,0.0,0.0,1.0,38,6,3.5,3.75,2.05,8.0,8.0,7.0,39,7,0,-1
730,2022-05-16,20:00,Premier League,Matchweek 37,Mon,Away,L,0.0,2.0,Newcastle United,0.6,1.6,49.0,52274.0,Martin Ødegaard,4-2-3-1,Darren England,11.0,2.0,21.1,0.0,0.0,0.0,2021.0,Arsenal,0.0,0.0,1.0,0.0,66,9,1.83,3.6,4.33,17.0,2.0,2.0,43,3,0,-1
731,2022-05-22,16:00,Premier League,Matchweek 38,Sun,Home,W,5.0,1.0,Everton,4.2,1.1,73.0,60201.0,Martin Ødegaard,4-2-3-1,Andre Marriner,25.0,8.0,17.0,1.0,1.0,1.0,2021.0,Arsenal,0.0,0.0,0.0,0.0,66,6,1.36,4.75,9.0,12.0,6.0,5.0,39,6,1,1
732,2021-08-14,12:30,Premier League,Matchweek 1,Sat,Home,W,5.0,1.0,Leeds United,1.5,0.5,49.0,72732.0,Harry Maguire,4-2-3-1,Paul Tierney,16.0,8.0,18.2,0.0,0.0,0.0,2021.0,Manchester United,0.0,0.0,0.0,0.0,0,0,1.53,4.5,5.75,1.0,0.0,1.0,0,0,1,1
733,2021-08-22,14:00,Premier League,Matchweek 2,Sun,Away,D,1.0,1.0,Southampton,1.8,0.7,63.0,32000.0,Harry Maguire,4-2-3-1,Craig Pawson,15.0,3.0,15.1,1.0,0.0,0.0,2021.0,Manchester United,0.0,0.0,1.0,0.0,3,3,1.57,4.2,5.5,9.0,2.0,7.0,0,0,0,0
734,2021-08-29,16:30,Premier League,Matchweek 3,Sun,Away,W,1.0,0.0,Wolves,0.6,2.1,56.0,30621.0,Harry Maguire,4-2-3-1,Mike Dean,10.0,3.0,18.8,1.0,0.0,0.0,2021.0,Manchester United,0.0,0.0,0.0,0.0,4,4,1.75,3.5,5.0,5.0,2.0,3.0,0,0,0,1
735,2021-09-11,15:00,Premier League,Matchweek 4,Sat,Home,W,4.0,1.0,Newcastle United,2.5,0.4,63.0,72732.0,Harry Maguire,4-2-3-1,Anthony Taylor,21.0,6.0,20.5,0.0,0.0,0.0,2021.0,Manchester United,0.0,0.0,0.0,0.0,7,7,1.18,7.5,15.0,12.0,4.0,4.0,1,1,1,1
736,2021-09-19,14:00,Premier League,Matchweek 5,Sun,Away,W,2.0,1.0,West Ham,2.0,1.6,60.0,60000.0,Harry Maguire,4-2-3-1,Martin Atkinson,17.0,10.0,17.1,0.0,0.0,0.0,2021.0,Manchester United,0.0,0.0,0.0,0.0,10,7,1.75,4.0,4.33,11.0,3.0,6.0,8,5,0,1
737,2021-09-25,12:30,Premier League,Matchweek 6,Sat,Home,L,0.0,1.0,Aston Villa,2.2,1.0,59.0,72922.0,Harry Maguire,4-2-3-1,Mike Dean,27.0,4.0,19.7,2.0,0.0,1.0,2021.0,Manchester United,0.0,0.0,0.0,0.0,13,9,1.36,5.25,8.0,13.0,0.0,3.0,7,4,1,-1
738,2021-10-02,12:30,Premier League,Matchweek 7,Sat,Home,D,1.0,1.0,Everton,1.0,1.3,72.0,73128.0,Bruno Fernandes,4-2-3-1,Michael Oliver,13.0,6.0,15.1,0.0,0.0,0.0,2021.0,Manchester United,0.0,0.0,0.0,0.0,13,6,1.45,4.33,7.5,10.0,5.0,7.0,13,6,1,0
739,2021-10-16,15:00,Premier League,Matchweek 8,Sat,Away,L,2.0,4.0,Leicester City,1.2,2.4,51.0,32219.0,Harry Maguire,4-2-3-1,Craig Pawson,18.0,6.0,21.0,0.0,0.0,0.0,2021.0,Manchester United,0.0,0.0,0.0,0.0,14,4,2.05,3.6,3.5,8.0,2.0,4.0,8,2,0,-1
740,2021-10-24,16:30,Premier League,Matchweek 9,Sun,Home,L,0.0,5.0,Liverpool,1.6,3.4,38.0,73088.0,Harry Maguire,4-2-3-1,Anthony Taylor,12.0,3.0,15.5,0.0,0.0,0.0,2021.0,Manchester United,1.0,0.0,0.0,0.0,14,1,3.1,3.6,2.2,9.0,6.0,7.0,18,5,1,-1
741,2021-10-30,17:30,Premier League,Matchweek 10,Sat,Away,W,3.0,0.0,Tottenham,1.5,1.0,42.0,60356.0,Harry Maguire,3-5-2,Stuart Attwell,10.0,4.0,17.9,0.0,0.0,0.0,2021.0,Manchester United,0.0,0.0,0.0,0.0,14,1,2.37,3.6,2.87,10.0,7.0,5.0,15,6,0,1
742,2021-11-06,12:30,Premier League,Matchweek 11,Sat,Home,L,0.0,2.0,Manchester City,0.9,1.6,33.0,73086.0,Harry Maguire,3-5-2,Michael Oliver,5.0,1.0,17.3,0.0,0.0,0.0,2021.0,Manchester United,0.0,0.0,1.0,0.0,17,3,4.75,4.0,1.7,8.0,10.0,4.0,20,6,1,-1
743,2021-11-20,15:00,Premier League,Matchweek 12,Sat,Away,L,1.0,4.0,Watford,1.4,2.7,61.0,21087.0,Harry Maguire,4-2-3-1,Jonathan Moss,9.0,3.0,14.9,0.0,0.0,0.0,2021.0,Manchester United,1.0,0.0,0.0,1.0,17,3,1.45,4.75,6.5,8.0,2.0,0.0,10,3,0,-1
744,2021-11-28,16:30,Premier League,Matchweek 13,Sun,Away,D,1.0,1.0,Chelsea,0.9,2.7,35.0,40041.0,Bruno Fernandes,4-3-1-2,Anthony Taylor,3.0,2.0,20.7,0.0,0.0,0.0,2021.0,Manchester United,0.0,0.0,0.0,0.0,17,3,6.0,4.0,1.57,7.0,6.0,9.0,29,7,0,0
745,2021-12-02,20:15,Premier League,Matchweek 14,Thu,Home,W,3.0,2.0,Arsenal,1.9,1.4,44.0,73123.0,Harry Maguire,4-2-3-1,Martin Atkinson,13.0,9.0,19.7,0.0,1.0,1.0,2021.0,Manchester United,0.0,1.0,0.0,0.0,18,1,1.95,3.75,3.75,9.0,6.0,7.0,23,6,1,1
746,2021-12-05,14:00,Premier League,Matchweek 15,Sun,Home,W,1.0,0.0,Crystal Palace,0.9,0.5,61.0,73172.0,Harry Maguire,4-2-2-2,Craig Pawson,16.0,3.0,19.2,2.0,0.0,0.0,2021.0,Manchester United,0.0,0.0,0.0,0.0,21,4,1.5,4.33,6.5,11.0,2.0,3.0,16,1,1,1
747,2021-12-11,17:30,Premier League,Matchweek 16,Sat,Away,W,1.0,0.0,Norwich City,2.0,1.2,52.0,27606.0,Harry Maguire,4-2-2-2,Darren England,12.0,4.0,19.2,2.0,1.0,1.0,2021.0,Manchester United,0.0,1.0,0.0,0.0,24,7,1.45,4.5,7.0,8.0,2.0,0.0,10,2,0,1
748,2021-12-27,20:00,Premier League,Matchweek 19,Mon,Away,D,1.0,1.0,Newcastle United,1.6,1.3,68.0,52178.0,Harry Maguire,4-2-2-2,Craig Pawson,13.0,3.0,17.9,0.0,0.0,0.0,2021.0,Manchester United,0.0,0.0,0.0,0.0,33,9,1.44,4.75,6.5,13.0,4.0,4.0,10,0,0,0
749,2021-12-30,20:15,Premier League,Matchweek 20,Thu,Home,W,3.0,1.0,Burnley,2.4,1.1,57.0,73121.0,Harry Maguire,4-2-2-2,Jonathan Moss,18.0,6.0,17.5,1.0,0.0,0.0,2021.0,Manchester United,0.0,0.0,0.0,0.0,34,7,1.36,5.0,9.0,7.0,1.0,4.0,19,5,1,1
750,2022-01-03,17:30,Premier League,Matchweek 21,Mon,Home,L,0.0,1.0,Wolves,0.8,0.7,51.0,73045.0,Cristiano Ronaldo,4-2-2-2,Mike Dean,9.0,2.0,20.8,1.0,0.0,0.0,2021.0,Manchester United,0.0,0.0,0.0,0.0,37,7,1.53,4.33,6.0,6.0,2.0,3.0,28,4,1,-1
751,2022-01-15,17:30,Premier League,Matchweek 22,Sat,Away,D,2.0,2.0,Aston Villa,1.0,1.9,46.0,41968.0,Bruno Fernandes,4-3-3,David Coote,13.0,6.0,17.5,1.0,0.0,0.0,2021.0,Manchester United,0.0,0.0,0.0,0.0,37,4,2.4,3.5,2.87,13.0,1.0,3.0,26,3,0,0
752,2022-01-19,20:00,Premier League,Matchweek 17,Wed,Away,W,3.0,1.0,Brentford,2.3,2.3,56.0,17094.0,Bruno Fernandes,4-2-3-1,Andre Marriner,13.0,5.0,17.8,0.0,0.0,0.0,2021.0,Manchester United,0.0,0.0,0.0,0.0,27,9,1.8,3.7,4.5,0.0,0.0,0.0,20,4,0,1
753,2022-01-22,15:00,Premier League,Matchweek 23,Sat,Home,W,1.0,0.0,West Ham,1.9,0.3,57.0,73130.0,Harry Maguire,4-2-3-1,Jonathan Moss,18.0,3.0,18.3,1.0,0.0,0.0,2021.0,Manchester United,0.0,0.0,0.0,0.0,38,4,1.85,3.8,4.0,12.0,3.0,6.0,37,6,1,1
754,2022-02-08,20:00,Premier League,Matchweek 24,Tue,Away,D,1.0,1.0,Burnley,1.8,0.4,63.0,21233.0,Harry Maguire,4-2-3-1,Mike Dean,22.0,5.0,15.9,0.0,0.0,0.0,2021.0,Manchester United,0.0,0.0,0.0,0.0,41,4,1.61,4.0,5.5,8.0,1.0,4.0,20,1,0,0
755,2022-02-12,12:30,Premier League,Matchweek 25,Sat,Home,D,1.0,1.0,Southampton,2.1,0.8,53.0,73084.0,Harry Maguire,4-2-3-1,Stuart Attwell,12.0,7.0,11.7,0.0,0.0,0.0,2021.0,Manchester United,0.0,0.0,0.0,0.0,42,5,1.6,4.0,5.5,9.0,2.0,8.0,28,4,1,0
756,2022-02-15,20:15,Premier League,Matchweek 18,Tue,Home,W,2.0,0.0,Brighton,1.7,0.7,50.0,73012.0,Harry Maguire,4-2-3-1,Peter Bankes,19.0,7.0,19.7,2.0,0.0,0.0,2021.0,Manchester United,0.0,0.0,0.0,0.0,30,9,1.72,3.75,4.75,6.0,2.0,0.0,20,1,1,1
757,2022-02-20,14:00,Premier League,Matchweek 26,Sun,Away,W,4.0,2.0,Leeds United,2.2,1.8,46.0,36715.0,Harry Maguire,4-2-3-1,Paul Tierney,15.0,9.0,14.3,0.0,0.0,0.0,2021.0,Manchester United,0.0,0.0,0.0,0.0,43,5,1.85,3.8,3.9,2.0,0.0,1.0,23,1,0,1
758,2022-02-26,15:00,Premier League,Matchweek 27,Sat,Home,D,0.0,0.0,Watford,2.8,0.6,67.0,73152.0,Bruno Fernandes,4-2-3-1,Kevin Friend,22.0,3.0,16.9,1.0,0.0,0.0,2021.0,Manchester United,0.0,0.0,0.0,0.0,46,5,1.3,5.5,9.5,8.0,3.0,0.0,18,3,1,0
759,2022-03-06,16:30,Premier League,Matchweek 28,Sun,Away,L,1.0,4.0,Manchester City,0.5,2.7,31.0,53165.0,Harry Maguire,4-2-3-1,Michael Oliver,5.0,2.0,14.1,0.0,0.0,0.0,2021.0,Manchester United,0.0,0.0,0.0,0.0,47,5,7.5,4.75,1.4,8.0,11.0,4.0,66,6,0,-1
760,2022-03-12,17:30,Premier League,Matchweek 29,Sat,Home,W,3.0,2.0,Tottenham,1.0,1.5,43.0,73458.0,Harry Maguire,4-2-3-1,Jonathan Moss,10.0,6.0,16.1,0.0,0.0,0.0,2021.0,Manchester United,0.0,0.0,1.0,0.0,47,4,2.2,3.4,3.25,11.0,7.0,5.0,51,9,1,1
761,2022-04-02,17:30,Premier League,Matchweek 31,Sat,Home,D,1.0,1.0,Leicester City,0.9,0.8,54.0,73444.0,Harry Maguire,4-2-3-1,Andre Marriner,11.0,5.0,14.7,0.0,0.0,0.0,2021.0,Manchester United,0.0,0.0,0.0,0.0,50,3,1.5,4.5,6.0,8.0,3.0,4.0,41,6,1,0
762,2022-04-09,12:30,Premier League,Matchweek 32,Sat,Away,L,0.0,1.0,Everton,0.8,0.4,67.0,39080.0,Harry Maguire,4-2-3-1,Jonathan Moss,12.0,4.0,17.5,0.0,0.0,0.0,2021.0,Manchester United,0.0,0.0,0.0,0.0,51,4,1.75,3.75,4.6,10.0,5.0,8.0,27,1,0,-1
763,2022-04-16,15:00,Premier League,Matchweek 33,Sat,Home,W,3.0,2.0,Norwich City,1.9,1.5,61.0,73381.0,Harry Maguire,4-3-3,Andy Madley,20.0,9.0,17.3,1.0,0.0,0.0,2021.0,Manchester United,0.0,0.0,0.0,0.0,51,1,1.25,6.5,10.0,9.0,2.0,0.0,21,4,1,1
764,2022-04-19,20:00,Premier League,Matchweek 30,Tue,Away,L,0.0,4.0,Liverpool,0.1,2.0,29.0,52686.0,Harry Maguire,3-4-3,Martin Atkinson,2.0,1.0,21.0,0.0,0.0,0.0,2021.0,Manchester United,0.0,0.0,0.0,0.0,50,4,7.0,5.0,1.4,9.0,7.0,7.0,69,9,0,-1
765,2022-04-23,12:30,Premier League,Matchweek 34,Sat,Away,L,1.0,3.0,Arsenal,1.8,2.3,46.0,60223.0,Bruno Fernandes,4-2-3-1,Craig Pawson,13.0,5.0,18.1,0.0,0.0,1.0,2021.0,Manchester United,0.0,0.0,0.0,0.0,54,4,3.5,3.5,2.05,10.0,6.0,7.0,57,0,0,-1
766,2022-04-28,19:45,Premier League,Matchweek 37,Thu,Home,D,1.0,1.0,Chelsea,0.5,1.9,36.0,73564.0,Bruno Fernandes,4-2-3-1,Mike Dean,6.0,3.0,15.9,0.0,0.0,0.0,2021.0,Manchester United,0.0,0.0,0.0,0.0,57,3,3.2,3.4,2.25,7.0,6.0,10.0,70,4,1,0
767,2022-05-02,20:00,Premier League,Matchweek 35,Mon,Home,W,3.0,0.0,Brentford,2.0,0.6,63.0,73482.0,Bruno Fernandes,4-2-3-1,Chris Kavanagh,8.0,4.0,20.3,1.0,1.0,1.0,2021.0,Manchester United,0.0,1.0,0.0,0.0,54,3,1.72,4.0,4.5,1.0,0.0,0.0,40,7,1,1
768,2022-05-07,17:30,Premier League,Matchweek 36,Sat,Away,L,0.0,4.0,Brighton,0.9,2.3,58.0,31637.0,Bruno Fernandes,4-2-3-1,Andy Madley,15.0,5.0,19.4,1.0,0.0,0.0,2021.0,Manchester United,0.0,0.0,0.0,0.0,57,6,2.45,3.5,2.8,7.0,2.0,0.0,44,7,0,-1
769,2022-05-22,16:00,Premier League,Matchweek 38,Sun,Away,L,0.0,1.0,Crystal Palace,0.7,0.6,61.0,25434.0,Harry Maguire,4-2-3-1,Martin Atkinson,10.0,4.0,19.8,1.0,0.0,0.0,2021.0,Manchester United,0.0,0.0,0.0,0.0,58,4,2.25,3.6,3.0,12.0,2.0,3.0,45,7,0,-1
770,2021-08-15,14:00,Premier League,Matchweek 1,Sun,Away,W,4.0,2.0,Newcastle United,2.7,1.8,54.0,50673.0,Declan Rice,4-2-3-1,Martin Atkinson,17.0,7.0,17.1,1.0,0.0,1.0,2021.0,West Ham,0.0,1.0,0.0,0.0,0,0,2.2,3.5,3.2,5.0,10.0,3.0,0,0,0,1
771,2021-08-23,20:00,Premier League,Matchweek 2,Mon,Home,W,4.0,1.0,Leicester City,2.3,0.6,52.0,59901.0,Declan Rice,4-2-3-1,Michael Oliver,19.0,7.0,13.9,0.0,0.0,0.0,2021.0,West Ham,0.0,0.0,0.0,0.0,3,3,2.5,3.5,2.75,4.0,6.0,4.0,3,3,1,1
772,2021-08-28,15:00,Premier League,Matchweek 3,Sat,Home,D,2.0,2.0,Crystal Palace,1.3,1.1,47.0,59751.0,Declan Rice,4-2-3-1,Stuart Attwell,14.0,4.0,15.2,0.0,0.0,0.0,2021.0,West Ham,0.0,0.0,0.0,0.0,6,6,1.55,4.0,6.5,6.0,5.0,5.0,1,1,1,0
773,2021-09-11,15:00,Premier League,Matchweek 4,Sat,Away,D,0.0,0.0,Southampton,0.7,0.7,58.0,30000.0,Declan Rice,4-2-3-1,David Coote,13.0,3.0,20.0,1.0,0.0,0.0,2021.0,West Ham,1.0,0.0,0.0,1.0,7,7,2.4,3.5,2.9,10.0,4.0,4.0,2,2,0,0
774,2021-09-19,14:00,Premier League,Matchweek 5,Sun,Home,L,1.0,2.0,Manchester United,1.6,2.0,40.0,60000.0,Declan Rice,4-4-2,Martin Atkinson,12.0,3.0,22.0,0.0,0.0,1.0,2021.0,West Ham,0.0,0.0,0.0,0.0,8,5,4.33,4.0,1.75,3.0,11.0,6.0,10,7,1,-1
775,2021-09-25,15:00,Premier League,Matchweek 6,Sat,Away,W,2.0,1.0,Leeds United,1.6,1.2,47.0,36417.0,Declan Rice,4-2-3-1,Kevin Friend,20.0,6.0,18.2,2.0,0.0,0.0,2021.0,West Ham,0.0,0.0,0.0,0.0,8,2,2.25,3.6,3.0,2.0,0.0,0.0,3,2,0,1
776,2021-10-03,14:00,Premier League,Matchweek 7,Sun,Home,L,1.0,2.0,Brentford,1.5,1.2,59.0,49940.0,Declan Rice,4-2-3-1,Peter Bankes,18.0,5.0,16.7,1.0,0.0,0.0,2021.0,West Ham,0.0,0.0,0.0,0.0,11,4,1.75,3.75,4.75,0.0,0.0,0.0,9,4,1,-1
777,2021-10-17,14:00,Premier League,Matchweek 8,Sun,Away,W,1.0,0.0,Everton,1.2,0.9,61.0,39132.0,Declan Rice,4-2-3-1,Stuart Attwell,16.0,4.0,16.5,0.0,0.0,0.0,2021.0,West Ham,0.0,0.0,0.0,0.0,11,3,2.8,3.4,2.5,4.0,11.0,5.0,14,4,0,1
778,2021-10-24,14:00,Premier League,Matchweek 9,Sun,Home,W,1.0,0.0,Tottenham,1.3,0.7,38.0,59924.0,Declan Rice,4-2-3-1,Paul Tierney,13.0,4.0,14.8,0.0,0.0,0.0,2021.0,West Ham,0.0,0.0,0.0,0.0,14,6,2.3,3.5,3.0,7.0,9.0,4.0,15,6,1,1
779,2021-10-31,16:30,Premier League,Matchweek 10,Sun,Away,W,4.0,1.0,Aston Villa,2.3,0.7,57.0,41874.0,Declan Rice,4-2-3-1,Chris Kavanagh,21.0,8.0,16.5,3.0,0.0,0.0,2021.0,West Ham,0.0,0.0,0.0,0.0,17,6,2.45,3.5,2.8,5.0,4.0,5.0,10,0,0,1
780,2021-11-07,16:30,Premier League,Matchweek 11,Sun,Home,W,3.0,2.0,Liverpool,1.0,1.2,31.0,59909.0,Declan Rice,4-2-3-1,Craig Pawson,7.0,3.0,14.5,0.0,0.0,0.0,2021.0,West Ham,0.0,0.0,0.0,0.0,20,9,4.75,4.0,1.7,4.0,13.0,3.0,22,7,1,1
781,2021-11-20,15:00,Premier League,Matchweek 12,Sat,Away,L,0.0,1.0,Wolves,0.4,1.4,48.0,30667.0,Declan Rice,4-2-3-1,Mike Dean,8.0,3.0,20.2,0.0,0.0,0.0,2021.0,West Ham,0.0,0.0,0.0,0.0,23,9,2.4,3.25,3.0,3.0,4.0,1.0,16,4,0,-1
782,2021-11-28,14:00,Premier League,Matchweek 13,Sun,Away,L,1.0,2.0,Manchester City,0.2,2.1,32.0,53245.0,Declan Rice,4-2-3-1,Michael Oliver,5.0,3.0,21.4,1.0,0.0,0.0,2021.0,West Ham,0.0,0.0,0.0,0.0,23,6,10.0,5.75,1.28,2.0,15.0,3.0,26,6,0,-1
783,2021-12-01,19:30,Premier League,Matchweek 14,Wed,Home,D,1.0,1.0,Brighton,1.3,1.3,35.0,59626.0,Declan Rice,4-2-3-1,Chris Kavanagh,14.0,5.0,22.6,0.0,0.0,0.0,2021.0,West Ham,0.0,0.0,0.0,0.0,23,3,1.95,3.6,3.8,0.0,3.0,5.0,18,2,1,0
784,2021-12-04,12:30,Premier League,Matchweek 15,Sat,Home,W,3.0,2.0,Chelsea,1.8,1.1,37.0,59942.0,Declan Rice,3-4-3,Andre Marriner,10.0,3.0,20.1,0.0,1.0,1.0,2021.0,West Ham,0.0,1.0,0.0,0.0,24,1,4.75,3.6,1.75,5.0,11.0,4.0,33,7,1,1
785,2021-12-12,14:00,Premier League,Matchweek 16,Sun,Away,D,0.0,0.0,Burnley,0.8,0.8,60.0,18065.0,Declan Rice,4-2-3-1,Graham Scott,16.0,3.0,18.6,0.0,0.0,0.0,2021.0,West Ham,0.0,0.0,0.0,0.0,27,4,2.0,3.6,3.6,7.0,4.0,1.0,13,4,0,0
786,2021-12-15,20:00,Premier League,Matchweek 17,Wed,Away,L,0.0,2.0,Arsenal,0.4,2.8,45.0,59777.0,Declan Rice,4-2-3-1,Anthony Taylor,7.0,1.0,22.3,1.0,0.0,0.0,2021.0,West Ham,1.0,0.0,0.0,1.0,28,5,3.3,3.6,2.1,2.0,15.0,3.0,26,3,0,-1
787,2021-12-26,15:00,Premier League,Matchweek 19,Sun,Home,L,2.0,3.0,Southampton,1.6,1.2,56.0,41027.0,Declan Rice,4-2-3-1,Kevin Friend,11.0,4.0,17.2,0.0,0.0,0.0,2021.0,West Ham,0.0,0.0,0.0,0.0,31,4,1.8,3.9,4.2,10.0,4.0,5.0,20,4,1,-1
788,2021-12-28,15:00,Premier League,Matchweek 20,Tue,Away,W,4.0,1.0,Watford,3.6,1.6,57.0,20073.0,Mark Noble,4-2-3-1,Darren England,12.0,5.0,16.0,0.0,1.0,1.0,2021.0,West Ham,0.0,1.0,0.0,0.0,31,3,2.1,3.6,3.4,5.0,4.0,1.0,14,1,0,1
789,2022-01-01,17:30,Premier League,Matchweek 21,Sat,Away,W,3.0,2.0,Crystal Palace,2.2,2.4,38.0,24351.0,Declan Rice,4-2-3-1,Darren England,9.0,4.0,14.5,0.0,1.0,1.0,2021.0,West Ham,0.0,0.0,0.0,0.0,34,6,2.3,3.4,3.1,6.0,5.0,6.0,26,6,0,1
790,2022-01-12,19:45,Premier League,Matchweek 18,Wed,Home,W,2.0,0.0,Norwich City,2.5,0.3,62.0,59775.0,Declan Rice,4-2-3-1,Simon Hooper,13.0,5.0,15.1,0.0,0.0,0.0,2021.0,West Ham,0.0,0.0,0.0,0.0,28,4,1.28,5.5,10.0,4.0,1.0,3.0,10,0,1,1
791,2022-01-16,14:00,Premier League,Matchweek 22,Sun,Home,L,2.0,3.0,Leeds United,2.4,2.2,48.0,59951.0,Declan Rice,4-2-3-1,Mike Dean,15.0,5.0,12.6,0.0,0.0,0.0,2021.0,West Ham,0.0,0.0,0.0,0.0,37,6,1.61,4.2,5.0,3.0,0.0,0.0,19,3,1,-1
792,2022-01-22,15:00,Premier League,Matchweek 23,Sat,Away,L,0.0,1.0,Manchester United,0.3,1.9,43.0,73130.0,Declan Rice,4-2-3-1,Jonathan Moss,6.0,1.0,17.9,0.0,0.0,0.0,2021.0,West Ham,0.0,0.0,0.0,0.0,37,6,4.0,3.8,1.85,3.0,12.0,6.0,38,4,0,-1
793,2022-02-08,19:45,Premier League,Matchweek 24,Tue,Home,W,1.0,0.0,Watford,0.8,0.3,64.0,59581.0,Declan Rice,4-2-3-1,Martin Atkinson,9.0,2.0,13.2,0.0,0.0,0.0,2021.0,West Ham,0.0,0.0,0.0,0.0,37,3,1.55,4.2,5.75,6.0,4.0,1.0,15,1,1,1
794,2022-02-13,16:30,Premier League,Matchweek 25,Sun,Away,D,2.0,2.0,Leicester City,1.1,1.4,45.0,32061.0,Declan Rice,4-2-3-1,Michael Oliver,8.0,3.0,16.1,0.0,0.0,0.0,2021.0,West Ham,0.0,0.0,0.0,0.0,40,3,2.3,3.5,2.9,5.0,6.0,4.0,33,4,0,0
795,2022-02-19,12:30,Premier League,Matchweek 26,Sat,Home,D,1.0,1.0,Newcastle United,0.6,0.8,47.0,59949.0,Declan Rice,4-2-3-1,Chris Kavanagh,11.0,3.0,14.4,0.0,0.0,0.0,2021.0,West Ham,0.0,0.0,0.0,0.0,41,4,1.7,4.0,4.75,6.0,10.0,3.0,24,9,1,0
796,2022-02-27,14:00,Premier League,Matchweek 27,Sun,Home,W,1.0,0.0,Wolves,1.8,0.7,39.0,59946.0,Declan Rice,3-4-3,Anthony Taylor,13.0,4.0,16.7,1.0,0.0,0.0,2021.0,West Ham,0.0,0.0,0.0,0.0,42,5,2.05,3.3,3.8,3.0,5.0,1.0,43,6,1,1
797,2022-03-05,17:30,Premier League,Matchweek 28,Sat,Away,L,0.0,1.0,Liverpool,1.3,2.4,32.0,59925.0,Aaron Cresswell,4-4-2,Jonathan Moss,13.0,4.0,14.9,0.0,0.0,0.0,2021.0,West Ham,0.0,0.0,0.0,0.0,45,5,9.5,5.75,1.28,5.0,13.0,3.0,63,9,0,-1
798,2022-03-13,14:00,Premier League,Matchweek 29,Sun,Home,W,2.0,1.0,Aston Villa,1.2,1.1,47.0,59957.0,Declan Rice,4-2-3-1,Jarred Gillett,11.0,4.0,16.3,0.0,0.0,0.0,2021.0,West Ham,0.0,0.0,0.0,0.0,45,4,2.25,3.3,3.3,6.0,4.0,5.0,37,6,1,1
799,2022-03-20,16:30,Premier League,Matchweek 30,Sun,Away,L,1.0,3.0,Tottenham,0.6,3.0,47.0,58685.0,Declan Rice,3-4-3,Anthony Taylor,6.0,1.0,9.1,0.0,0.0,0.0,2021.0,West Ham,0.0,0.0,1.0,0.0,48,6,4.75,3.8,1.72,8.0,9.0,4.0,51,6,0,-1
800,2022-04-03,14:00,Premier League,Matchweek 31,Sun,Home,W,2.0,1.0,Everton,1.2,0.7,55.0,59953.0,Declan Rice,4-2-3-1,Michael Oliver,11.0,5.0,19.9,2.0,0.0,0.0,2021.0,West Ham,0.0,0.0,0.0,0.0,48,3,1.75,3.8,4.5,5.0,11.0,5.0,27,1,1,1
801,2022-04-10,14:00,Premier League,Matchweek 32,Sun,Away,L,0.0,2.0,Brentford,0.3,1.4,53.0,17032.0,Declan Rice,4-2-3-1,Martin Atkinson,5.0,1.0,17.5,0.0,0.0,0.0,2021.0,West Ham,0.0,0.0,0.0,0.0,51,6,2.62,3.3,2.62,0.0,1.0,0.0,33,6,0,-1
802,2022-04-17,14:15,Premier League,Matchweek 33,Sun,Home,D,1.0,1.0,Burnley,2.2,1.8,61.0,59958.0,Declan Rice,4-2-3-1,Paul Tierney,21.0,6.0,14.7,0.0,0.0,0.0,2021.0,West Ham,0.0,0.0,0.0,0.0,51,3,1.7,3.8,5.0,7.0,4.0,2.0,28,3,1,0
803,2022-04-24,14:00,Premier League,Matchweek 34,Sun,Away,L,0.0,1.0,Chelsea,0.5,3.0,34.0,32231.0,Mark Noble,3-4-3,Michael Oliver,6.0,2.0,13.4,0.0,0.0,0.0,2021.0,West Ham,1.0,0.0,0.0,0.0,52,4,6.5,4.33,1.5,6.0,11.0,4.0,66,6,0,-1
804,2022-05-01,16:30,Premier League,Matchweek 35,Sun,Home,L,1.0,2.0,Arsenal,0.5,0.9,57.0,59959.0,Mark Noble,4-2-3-1,Mike Dean,8.0,3.0,14.0,0.0,0.0,0.0,2021.0,West Ham,0.0,0.0,0.0,0.0,52,1,4.33,3.8,1.8,2.0,16.0,3.0,60,3,1,-1
805,2022-05-08,14:00,Premier League,Matchweek 36,Sun,Away,W,4.0,0.0,Norwich City,3.0,0.8,63.0,26428.0,Declan Rice,4-2-3-1,Robert Jones,12.0,4.0,14.4,0.0,1.0,1.0,2021.0,West Ham,0.0,0.0,0.0,0.0,52,1,1.75,3.8,4.5,5.0,1.0,3.0,21,0,0,1
806,2022-05-15,14:00,Premier League,Matchweek 37,Sun,Home,D,2.0,2.0,Manchester City,1.1,2.4,22.0,59972.0,Declan Rice,4-2-3-1,Anthony Taylor,6.0,2.0,13.7,0.0,0.0,0.0,2021.0,West Ham,0.0,0.0,1.0,0.0,55,3,7.5,5.0,1.4,2.0,16.0,3.0,89,9,1,0
807,2022-05-22,16:00,Premier League,Matchweek 38,Sun,Away,L,1.0,3.0,Brighton,0.2,1.6,50.0,31604.0,Declan Rice,4-2-3-1,Kevin Friend,7.0,2.0,22.0,0.0,0.0,0.0,2021.0,West Ham,0.0,0.0,0.0,0.0,56,4,2.9,3.5,2.37,0.0,3.0,6.0,48,7,0,-1
808,2021-08-14,15:00,Premier League,Matchweek 1,Sat,Home,W,1.0,0.0,Wolves,0.5,1.3,56.0,31983.0,Kasper Schmeichel,4-2-3-1,Craig Pawson,9.0,5.0,17.1,0.0,0.0,0.0,2021.0,Leicester City,0.0,0.0,0.0,0.0,0,0,1.66,3.8,5.25,2.0,1.0,3.0,0,0,1,1
809,2021-08-23,20:00,Premier League,Matchweek 2,Mon,Away,L,1.0,4.0,West Ham,0.6,2.3,48.0,59901.0,Kasper Schmeichel,4-2-3-1,Michael Oliver,5.0,1.0,14.3,0.0,0.0,0.0,2021.0,Leicester City,1.0,0.0,0.0,0.0,3,3,2.75,3.5,2.5,6.0,4.0,4.0,3,3,0,-1
810,2021-08-28,15:00,Premier League,Matchweek 3,Sat,Away,W,2.0,1.0,Norwich City,1.5,1.5,55.0,26765.0,Kasper Schmeichel,4-4-2,Robert Jones,9.0,3.0,16.0,0.0,0.0,0.0,2021.0,Leicester City,0.0,0.0,0.0,0.0,3,3,1.85,3.5,4.5,2.0,1.0,1.0,0,0,0,1
811,2021-09-11,15:00,Premier League,Matchweek 4,Sat,Home,L,0.0,1.0,Manchester City,0.6,2.8,39.0,32087.0,Kasper Schmeichel,4-2-3-1,Paul Tierney,6.0,1.0,12.1,0.0,0.0,0.0,2021.0,Leicester City,0.0,0.0,0.0,0.0,6,6,6.0,4.0,1.57,4.0,9.0,1.0,6,6,1,-1
812,2021-09-19,14:00,Premier League,Matchweek 5,Sun,Away,L,1.0,2.0,Brighton,1.6,1.7,63.0,31078.0,Kasper Schmeichel,4-3-3,Stuart Attwell,14.0,3.0,19.9,0.0,0.0,0.0,2021.0,Leicester City,0.0,0.0,0.0,0.0,6,3,2.75,3.2,2.7,6.0,0.0,2.0,9,6,0,-1
813,2021-09-25,15:00,Premier League,Matchweek 6,Sat,Home,D,2.0,2.0,Burnley,2.4,0.5,66.0,31650.0,Kasper Schmeichel,4-3-3,Chris Kavanagh,22.0,4.0,16.8,0.0,0.0,0.0,2021.0,Leicester City,0.0,0.0,1.0,0.0,6,3,1.57,4.0,6.0,6.0,3.0,3.0,1,1,1,0
814,2021-10-03,14:00,Premier League,Matchweek 7,Sun,Away,D,2.0,2.0,Crystal Palace,1.2,1.5,40.0,25000.0,Kasper Schmeichel,4-4-2,Anthony Taylor,9.0,5.0,17.9,0.0,0.0,0.0,2021.0,Leicester City,0.0,0.0,0.0,0.0,7,1,2.3,3.4,3.1,6.0,6.0,2.0,6,4,0,0
815,2021-10-16,15:00,Premier League,Matchweek 8,Sat,Home,W,4.0,2.0,Manchester United,2.4,1.2,49.0,32219.0,Kasper Schmeichel,3-4-1-2,Craig Pawson,22.0,11.0,18.4,1.0,0.0,0.0,2021.0,Leicester City,0.0,0.0,0.0,0.0,8,2,3.5,3.6,2.05,2.0,8.0,4.0,14,4,1,1
816,2021-10-24,14:00,Premier League,Matchweek 9,Sun,Away,W,2.0,1.0,Brentford,1.5,1.0,46.0,16814.0,Kasper Schmeichel,3-4-1-2,Simon Hooper,10.0,6.0,21.9,0.0,0.0,0.0,2021.0,Leicester City,0.0,0.0,0.0,0.0,11,5,2.7,3.3,2.62,0.0,0.0,0.0,12,4,0,1
817,2021-10-30,12:30,Premier League,Matchweek 10,Sat,Home,L,0.0,2.0,Arsenal,1.3,0.7,64.0,32209.0,Kasper Schmeichel,3-4-1-2,Michael Oliver,16.0,8.0,17.3,2.0,0.0,0.0,2021.0,Leicester City,0.0,0.0,0.0,0.0,14,7,2.4,3.5,2.87,4.0,7.0,3.0,14,5,1,-1
818,2021-11-07,14:00,Premier League,Matchweek 11,Sun,Away,D,1.0,1.0,Leeds United,0.7,1.3,44.0,36478.0,Kasper Schmeichel,4-3-3,Darren England,9.0,3.0,16.5,0.0,0.0,0.0,2021.0,Leicester City,0.0,0.0,0.0,0.0,14,6,2.45,3.5,2.8,1.0,1.0,0.0,10,4,0,0
819,2021-11-20,12:30,Premier League,Matchweek 12,Sat,Home,L,0.0,3.0,Chelsea,0.4,2.0,39.0,35497.0,Kasper Schmeichel,3-4-3,Paul Tierney,4.0,3.0,24.4,0.0,0.0,0.0,2021.0,Leicester City,0.0,0.0,0.0,0.0,15,4,4.75,3.75,1.75,3.0,6.0,5.0,26,7,1,-1
820,2021-11-28,14:00,Premier League,Matchweek 13,Sun,Home,W,4.0,2.0,Watford,2.1,2.8,56.0,32020.0,Kasper Schmeichel,4-2-3-1,Andy Madley,18.0,8.0,14.6,0.0,0.0,0.0,2021.0,Leicester City,0.0,0.0,0.0,0.0,15,1,1.61,4.0,5.5,6.0,3.0,1.0,13,3,1,1
821,2021-12-01,19:30,Premier League,Matchweek 14,Wed,Away,D,2.0,2.0,Southampton,1.5,1.5,55.0,26951.0,Kasper Schmeichel,4-2-3-1,Robert Jones,15.0,6.0,17.3,0.0,0.0,0.0,2021.0,Leicester City,0.0,0.0,0.0,0.0,18,4,2.87,3.5,2.37,6.0,4.0,4.0,14,3,0,0
822,2021-12-05,16:30,Premier League,Matchweek 15,Sun,Away,L,1.0,2.0,Aston Villa,1.1,2.1,59.0,41572.0,Kasper Schmeichel,4-2-3-1,Michael Oliver,12.0,4.0,15.9,0.0,0.0,0.0,2021.0,Leicester City,0.0,0.0,0.0,0.0,19,4,3.0,3.4,2.37,5.0,2.0,1.0,16,6,0,-1
823,2021-12-12,14:00,Premier League,Matchweek 16,Sun,Home,W,4.0,0.0,Newcastle United,2.6,1.0,47.0,31959.0,Kasper Schmeichel,4-2-3-1,Peter Bankes,7.0,4.0,19.1,1.0,1.0,1.0,2021.0,Leicester City,0.0,1.0,0.0,0.0,19,4,1.66,4.1,4.75,8.0,4.0,0.0,10,4,1,1
824,2021-12-26,15:00,Premier League,Matchweek 19,Sun,Away,L,3.0,6.0,Manchester City,2.7,3.6,28.0,53226.0,Kasper Schmeichel,4-4-1-1,Chris Kavanagh,14.0,8.0,16.9,1.0,0.0,0.0,2021.0,Leicester City,0.0,0.0,0.0,0.0,23,4,13.0,7.5,1.18,4.0,10.0,1.0,44,9,0,-1
825,2021-12-28,20:00,Premier League,Matchweek 20,Tue,Home,W,1.0,0.0,Liverpool,0.4,2.3,37.0,32230.0,Kasper Schmeichel,4-3-1-2,Michael Oliver,6.0,1.0,14.9,0.0,0.0,0.0,2021.0,Leicester City,0.0,0.0,0.0,0.0,23,1,8.0,5.5,1.33,3.0,9.0,2.0,44,7,1,1
826,2022-01-19,19:30,Premier League,Matchweek 17,Wed,Home,L,2.0,3.0,Tottenham,1.2,3.1,49.0,31986.0,Kasper Schmeichel,3-5-2,Jonathan Moss,14.0,4.0,18.2,0.0,0.0,0.0,2021.0,Leicester City,0.0,0.0,0.0,0.0,22,4,3.0,3.5,2.3,4.0,8.0,2.0,28,9,1,-1
827,2022-01-23,14:00,Premier League,Matchweek 23,Sun,Home,D,1.0,1.0,Brighton,1.4,1.1,44.0,31231.0,Kasper Schmeichel,4-2-3-1,Martin Atkinson,15.0,5.0,19.8,1.0,0.0,0.0,2021.0,Leicester City,0.0,0.0,0.0,0.0,32,9,2.5,3.25,2.9,6.0,1.0,2.0,28,5,1,0
828,2022-02-10,19:45,Premier League,Matchweek 24,Thu,Away,L,0.0,2.0,Liverpool,0.5,1.8,36.0,53050.0,Kasper Schmeichel,4-2-3-1,Chris Kavanagh,5.0,1.0,17.3,1.0,0.0,0.0,2021.0,Leicester City,0.0,0.0,0.0,0.0,33,7,10.0,6.5,1.25,4.0,9.0,2.0,51,7,0,-1
829,2022-02-13,16:30,Premier League,Matchweek 25,Sun,Home,D,2.0,2.0,West Ham,1.4,1.1,55.0,32061.0,Kasper Schmeichel,4-3-3,Michael Oliver,12.0,1.0,19.6,0.0,1.0,1.0,2021.0,Leicester City,0.0,0.0,0.0,0.0,33,4,2.9,3.5,2.3,6.0,5.0,4.0,40,3,1,0
830,2022-02-20,16:30,Premier League,Matchweek 26,Sun,Away,L,1.0,2.0,Wolves,1.7,0.5,63.0,31587.0,Kasper Schmeichel,4-3-3,Craig Pawson,17.0,7.0,19.6,1.0,0.0,0.0,2021.0,Leicester City,0.0,0.0,0.0,0.0,34,2,3.25,3.3,2.25,3.0,1.0,3.0,40,6,0,-1
831,2022-03-01,19:45,Premier League,Matchweek 22,Tue,Away,W,2.0,0.0,Burnley,1.5,0.9,55.0,17825.0,Kasper Schmeichel,4-3-3,Chris Kavanagh,22.0,6.0,17.7,1.0,0.0,0.0,2021.0,Leicester City,0.0,0.0,0.0,0.0,29,6,2.4,3.4,2.9,6.0,3.0,4.0,19,3,0,1
832,2022-03-05,12:30,Premier League,Matchweek 28,Sat,Home,W,1.0,0.0,Leeds United,0.4,1.7,51.0,32236.0,Kasper Schmeichel,4-3-3,David Coote,7.0,4.0,19.1,0.0,0.0,0.0,2021.0,Leicester City,0.0,0.0,0.0,0.0,35,2,1.75,4.0,4.2,1.0,1.0,1.0,23,0,1,1
833,2022-03-13,16:30,Premier League,Matchweek 29,Sun,Away,L,0.0,2.0,Arsenal,0.4,2.4,54.0,60111.0,Kasper Schmeichel,4-2-3-1,Anthony Taylor,6.0,3.0,15.1,0.0,0.0,0.0,2021.0,Leicester City,0.0,0.0,0.0,0.0,38,4,6.0,4.5,1.5,4.0,8.0,3.0,51,6,0,-1
834,2022-03-20,14:00,Premier League,Matchweek 30,Sun,Home,W,2.0,1.0,Brentford,1.0,1.3,52.0,31830.0,Kasper Schmeichel,4-2-3-1,Darren England,12.0,4.0,19.2,1.0,0.0,0.0,2021.0,Leicester City,0.0,0.0,0.0,0.0,38,4,2.15,3.4,3.4,1.0,0.0,0.0,30,6,1,1
835,2022-04-02,17:30,Premier League,Matchweek 31,Sat,Away,D,1.0,1.0,Manchester United,0.8,0.9,46.0,73444.0,Kasper Schmeichel,4-2-3-1,Andre Marriner,11.0,3.0,16.7,0.0,0.0,0.0,2021.0,Leicester City,0.0,0.0,0.0,0.0,41,6,6.0,4.5,1.5,3.0,8.0,4.0,50,3,0,0
836,2022-04-10,14:00,Premier League,Matchweek 32,Sun,Home,W,2.0,1.0,Crystal Palace,1.0,1.4,51.0,31896.0,Kasper Schmeichel,4-2-3-1,Robert Jones,12.0,3.0,21.1,2.0,0.0,0.0,2021.0,Leicester City,0.0,0.0,0.0,0.0,42,4,2.37,3.3,2.9,6.0,6.0,3.0,37,4,1,1
837,2022-04-17,14:15,Premier League,Matchweek 33,Sun,Away,L,1.0,2.0,Newcastle United,0.6,1.8,68.0,52104.0,Kasper Schmeichel,4-1-4-1,Jarred Gillett,8.0,2.0,16.4,0.0,0.0,0.0,2021.0,Leicester City,0.0,0.0,0.0,0.0,45,7,3.3,3.4,2.2,9.0,4.0,0.0,37,6,0,-1
838,2022-04-20,19:45,Premier League,Matchweek 18,Wed,Away,D,1.0,1.0,Everton,0.9,1.8,63.0,39153.0,Kasper Schmeichel,4-2-3-1,David Coote,11.0,3.0,16.5,0.0,0.0,0.0,2021.0,Leicester City,0.0,0.0,0.0,0.0,22,3,3.25,3.4,2.25,5.0,6.0,3.0,19,4,0,0
839,2022-04-23,15:00,Premier League,Matchweek 34,Sat,Home,D,0.0,0.0,Aston Villa,0.3,0.9,64.0,32185.0,Kasper Schmeichel,4-1-4-1,Andy Madley,5.0,2.0,24.2,2.0,0.0,0.0,2021.0,Leicester City,0.0,0.0,0.0,0.0,45,4,2.8,3.4,2.5,5.0,3.0,1.0,37,0,1,0
840,2022-05-01,14:00,Premier League,Matchweek 35,Sun,Away,L,1.0,3.0,Tottenham,0.5,1.2,60.0,59482.0,Kasper Schmeichel,3-5-2,Jonathan Moss,6.0,2.0,20.4,0.0,0.0,0.0,2021.0,Leicester City,0.0,0.0,0.0,0.0,46,4,7.0,4.75,1.44,4.0,9.0,2.0,61,4,0,-1
841,2022-05-08,14:00,Premier League,Matchweek 36,Sun,Home,L,1.0,2.0,Everton,1.5,1.1,66.0,32001.0,Kasper Schmeichel,3-1-4-2,Craig Pawson,16.0,8.0,19.8,0.0,0.0,0.0,2021.0,Leicester City,0.0,0.0,0.0,0.0,46,1,2.6,3.3,2.75,5.0,6.0,4.0,36,6,1,-1
842,2022-05-11,19:45,Premier League,Matchweek 21,Wed,Home,W,3.0,0.0,Norwich City,2.0,1.1,65.0,38092.0,Kasper Schmeichel,4-2-3-1,Simon Hooper,20.0,8.0,18.5,0.0,0.0,0.0,2021.0,Leicester City,0.0,0.0,0.0,0.0,26,4,1.44,4.75,7.0,3.0,1.0,1.0,10,0,1,1
843,2022-05-15,14:00,Premier League,Matchweek 37,Sun,Away,W,5.0,1.0,Watford,2.5,1.4,59.0,20257.0,Jonny Evans,4-1-4-1,Jarred Gillett,13.0,7.0,16.4,0.0,0.0,0.0,2021.0,Leicester City,0.0,0.0,0.0,0.0,46,1,1.95,3.5,3.8,7.0,3.0,1.0,23,0,0,1
844,2022-05-19,20:00,Premier League,Matchweek 27,Thu,Away,D,1.0,1.0,Chelsea,0.1,1.6,33.0,31478.0,Kasper Schmeichel,3-1-4-2,Stuart Attwell,2.0,1.0,25.1,0.0,0.0,0.0,2021.0,Leicester City,0.0,0.0,0.0,0.0,34,1,8.0,4.75,1.4,3.0,7.0,5.0,50,4,0,0
845,2022-05-22,16:00,Premier League,Matchweek 38,Sun,Home,W,4.0,1.0,Southampton,3.4,1.1,51.0,32003.0,Kasper Schmeichel,4-2-3-1,Jonathan Moss,12.0,6.0,12.8,0.0,0.0,0.0,2021.0,Leicester City,0.0,0.0,0.0,0.0,49,3,1.85,4.0,3.8,6.0,4.0,5.0,40,0,1,1
846,2021-08-14,15:00,Premier League,Matchweek 1,Sat,Away,W,2.0,1.0,Burnley,1.0,1.5,63.0,16910.0,Lewis Dunk,4-1-4-1,David Coote,14.0,6.0,14.9,1.0,0.0,0.0,2021.0,Brighton,0.0,0.0,0.0,0.0,0,0,2.45,3.1,3.1,1.0,2.0,5.0,0,0,0,1
847,2021-08-21,17:30,Premier League,Matchweek 2,Sat,Home,W,2.0,0.0,Watford,1.3,0.5,56.0,29485.0,Lewis Dunk,4-4-1-1,Anthony Taylor,13.0,3.0,16.9,0.0,0.0,0.0,2021.0,Brighton,0.0,0.0,0.0,0.0,3,3,1.7,3.5,5.75,2.0,1.0,3.0,3,3,1,1
848,2021-08-28,15:00,Premier League,Matchweek 3,Sat,Home,L,0.0,2.0,Everton,0.7,1.4,65.0,30548.0,Lewis Dunk,3-4-3,Jonathan Moss,14.0,3.0,22.3,2.0,0.0,0.0,2021.0,Brighton,0.0,0.0,0.0,0.0,6,6,2.3,3.2,3.3,2.0,4.0,2.0,4,4,1,-1
849,2021-09-11,15:00,Premier League,Matchweek 4,Sat,Away,W,1.0,0.0,Brentford,0.3,0.4,59.0,16518.0,Lewis Dunk,3-4-1-2,Graham Scott,4.0,2.0,19.0,0.0,0.0,0.0,2021.0,Brighton,0.0,0.0,0.0,0.0,6,6,2.62,3.2,2.8,0.0,0.0,0.0,5,5,0,1
850,2021-09-19,14:00,Premier League,Matchweek 5,Sun,Home,W,2.0,1.0,Leicester City,1.7,1.6,37.0,31078.0,Lewis Dunk,4-4-2,Stuart Attwell,11.0,4.0,16.9,2.0,1.0,1.0,2021.0,Brighton,0.0,0.0,0.0,0.0,9,6,2.7,3.2,2.75,0.0,6.0,2.0,6,3,1,1
851,2021-09-27,20:00,Premier League,Matchweek 6,Mon,Away,D,1.0,1.0,Crystal Palace,0.8,1.4,53.0,22975.0,Lewis Dunk,3-4-3,Andre Marriner,8.0,4.0,15.8,0.0,0.0,0.0,2021.0,Brighton,0.0,0.0,0.0,0.0,12,6,2.45,3.2,3.1,2.0,3.0,3.0,5,4,0,0
852,2021-10-02,17:30,Premier League,Matchweek 7,Sat,Home,D,0.0,0.0,Arsenal,1.1,0.4,58.0,31266.0,Lewis Dunk,3-5-2,Jonathan Moss,21.0,2.0,17.7,0.0,0.0,0.0,2021.0,Brighton,0.0,0.0,0.0,0.0,13,7,3.0,3.25,2.4,3.0,3.0,2.0,9,9,1,0
853,2021-10-16,15:00,Premier League,Matchweek 8,Sat,Away,D,0.0,0.0,Norwich City,0.8,1.2,64.0,26777.0,Lewis Dunk,3-5-2,Peter Bankes,11.0,3.0,16.1,0.0,0.0,0.0,2021.0,Brighton,0.0,0.0,0.0,0.0,14,5,2.1,3.4,3.6,2.0,0.0,0.0,1,1,0,0
854,2021-10-23,17:30,Premier League,Matchweek 9,Sat,Home,L,1.0,4.0,Manchester City,1.3,3.8,48.0,31215.0,Lewis Dunk,3-5-2,Kevin Friend,9.0,4.0,18.9,0.0,1.0,1.0,2021.0,Brighton,0.0,1.0,0.0,0.0,15,3,8.0,4.75,1.4,1.0,7.0,0.0,17,7,1,-1
855,2021-10-30,15:00,Premier League,Matchweek 10,Sat,Away,D,2.0,2.0,Liverpool,1.0,1.5,42.0,52598.0,Lewis Dunk,4-2-3-1,Mike Dean,9.0,6.0,17.0,0.0,0.0,0.0,2021.0,Brighton,0.0,0.0,0.0,0.0,15,2,13.0,6.5,1.22,1.0,6.0,1.0,21,7,0,0
856,2021-11-06,17:30,Premier League,Matchweek 11,Sat,Home,D,1.0,1.0,Newcastle United,1.5,0.3,65.0,31267.0,Lewis Dunk,4-2-3-1,David Coote,13.0,4.0,17.9,0.0,1.0,1.0,2021.0,Brighton,1.0,1.0,0.0,0.0,16,2,1.57,3.9,6.0,4.0,0.0,4.0,4,1,1,0
857,2021-11-20,15:00,Premier League,Matchweek 12,Sat,Away,L,0.0,2.0,Aston Villa,0.4,0.7,62.0,41925.0,Lewis Dunk,3-5-2,Anthony Taylor,6.0,2.0,17.7,0.0,0.0,0.0,2021.0,Brighton,0.0,0.0,0.0,0.0,17,2,2.9,3.3,2.45,1.0,1.0,2.0,10,0,0,-1
858,2021-11-27,17:30,Premier League,Matchweek 13,Sat,Home,D,0.0,0.0,Leeds United,2.1,0.6,57.0,31166.0,Lewis Dunk,4-2-3-1,Craig Pawson,20.0,4.0,16.6,0.0,0.0,0.0,2021.0,Brighton,0.0,0.0,0.0,0.0,17,2,2.05,3.4,3.75,2.0,0.0,0.0,11,4,1,0
859,2021-12-01,19:30,Premier League,Matchweek 14,Wed,Away,D,1.0,1.0,West Ham,1.3,1.3,65.0,59626.0,Lewis Dunk,4-2-3-1,Chris Kavanagh,9.0,3.0,16.0,1.0,0.0,0.0,2021.0,Brighton,0.0,0.0,0.0,0.0,18,2,3.8,3.6,1.95,3.0,0.0,5.0,23,3,0,0
860,2021-12-04,15:00,Premier League,Matchweek 15,Sat,Away,D,1.0,1.0,Southampton,1.6,1.6,56.0,28706.0,Shane Duffy,3-5-2,Anthony Taylor,14.0,4.0,18.7,1.0,0.0,0.0,2021.0,Brighton,0.0,0.0,0.0,0.0,19,2,3.0,3.2,2.45,1.0,3.0,4.0,15,1,0,0
861,2021-12-15,19:30,Premier League,Matchweek 17,Wed,Home,L,0.0,1.0,Wolves,1.2,1.0,59.0,30362.0,Dan Burn,4-3-3,Tony Harrington,12.0,2.0,17.8,2.0,0.0,0.0,2021.0,Brighton,0.0,0.0,0.0,0.0,20,2,2.25,3.1,3.5,1.0,1.0,4.0,21,1,1,-1
862,2021-12-26,20:00,Premier League,Matchweek 19,Sun,Home,W,2.0,0.0,Brentford,0.8,0.7,50.0,30141.0,Adam Lallana,4-1-2-1-2◆,Darren England,15.0,5.0,21.7,3.0,0.0,0.0,2021.0,Brighton,0.0,0.0,0.0,0.0,20,0,1.9,3.4,4.2,1.0,0.0,0.0,20,3,1,1
863,2021-12-29,19:30,Premier League,Matchweek 20,Wed,Away,D,1.0,1.0,Chelsea,0.9,0.7,53.0,40080.0,Adam Lallana,3-4-3,Mike Dean,18.0,6.0,20.2,1.0,0.0,0.0,2021.0,Brighton,0.0,0.0,0.0,0.0,23,3,7.5,4.5,1.4,0.0,6.0,2.0,41,5,0,0
864,2022-01-02,14:00,Premier League,Matchweek 21,Sun,Away,W,3.0,2.0,Everton,1.7,1.6,50.0,38203.0,Adam Lallana,4-4-2,John Brooks,12.0,5.0,19.1,0.0,0.0,0.0,2021.0,Brighton,0.0,0.0,0.0,0.0,24,4,2.62,3.2,2.75,2.0,5.0,2.0,23,4,0,1
865,2022-01-14,20:00,Premier League,Matchweek 22,Fri,Home,D,1.0,1.0,Crystal Palace,2.0,0.2,63.0,30675.0,Adam Lallana,4-1-2-1-2◆,Robert Jones,18.0,3.0,18.2,0.0,0.0,1.0,2021.0,Brighton,0.0,1.0,0.0,0.0,27,7,2.05,3.3,3.8,2.0,3.0,4.0,26,3,1,0
866,2022-01-18,20:00,Premier League,Matchweek 24,Tue,Home,D,1.0,1.0,Chelsea,0.7,0.7,44.0,30880.0,Adam Webster,4-1-4-1,Kevin Friend,10.0,2.0,16.2,0.0,0.0,0.0,2021.0,Brighton,0.0,0.0,0.0,0.0,29,5,4.75,3.75,1.72,0.0,6.0,3.0,46,4,1,0
867,2022-01-23,14:00,Premier League,Matchweek 23,Sun,Away,D,1.0,1.0,Leicester City,1.1,1.4,56.0,31231.0,Adam Webster,4-1-2-1-2◆,Martin Atkinson,14.0,4.0,17.9,0.0,0.0,0.0,2021.0,Brighton,0.0,0.0,0.0,0.0,28,5,2.9,3.25,2.5,1.0,6.0,2.0,32,9,0,0
868,2022-02-12,15:00,Premier League,Matchweek 25,Sat,Away,W,2.0,0.0,Watford,1.6,0.5,64.0,20795.0,Lewis Dunk,3-1-4-2,Jonathan Moss,11.0,5.0,12.3,0.0,0.0,0.0,2021.0,Brighton,0.0,0.0,0.0,0.0,30,3,2.05,3.3,3.5,3.0,1.0,3.0,15,1,0,1
869,2022-02-15,20:15,Premier League,Matchweek 18,Tue,Away,L,0.0,2.0,Manchester United,0.7,1.7,50.0,73012.0,Lewis Dunk,4-1-2-1-2◆,Peter Bankes,10.0,3.0,18.9,0.0,0.0,0.0,2021.0,Brighton,1.0,0.0,0.0,0.0,20,1,4.75,3.75,1.72,2.0,6.0,0.0,30,9,0,-1
870,2022-02-19,15:00,Premier League,Matchweek 26,Sat,Home,L,0.0,3.0,Burnley,0.6,0.7,68.0,30361.0,Adam Lallana,4-4-2,Kevin Friend,11.0,1.0,19.5,0.0,0.0,0.0,2021.0,Brighton,0.0,0.0,0.0,0.0,33,5,1.66,3.5,6.0,2.0,2.0,5.0,21,2,1,-1
871,2022-02-26,15:00,Premier League,Matchweek 27,Sat,Home,L,0.0,2.0,Aston Villa,0.7,1.0,66.0,31475.0,Lewis Dunk,3-5-2,John Brooks,12.0,1.0,19.4,0.0,0.0,0.0,2021.0,Brighton,0.0,0.0,0.0,0.0,33,4,2.2,3.3,3.5,1.0,2.0,2.0,31,1,1,-1
872,2022-03-05,15:00,Premier League,Matchweek 28,Sat,Away,L,1.0,2.0,Newcastle United,1.5,1.7,68.0,52214.0,Lewis Dunk,4-1-2-1-2◆,Martin Atkinson,15.0,4.0,14.2,0.0,0.0,0.0,2021.0,Brighton,0.0,0.0,0.0,0.0,33,3,2.62,3.2,2.75,4.0,0.0,5.0,28,7,0,-1
873,2022-03-12,12:30,Premier League,Matchweek 29,Sat,Home,L,0.0,2.0,Liverpool,0.5,2.2,52.0,31474.0,Lewis Dunk,4-2-3-1,Mike Dean,8.0,3.0,18.4,0.0,0.0,0.0,2021.0,Brighton,0.0,0.0,0.0,0.0,33,0,6.0,4.33,1.5,1.0,6.0,2.0,66,9,1,-1
874,2022-03-16,19:30,Premier League,Matchweek 16,Wed,Home,L,0.0,2.0,Tottenham,0.7,2.2,48.0,31144.0,Lewis Dunk,4-2-3-1,Robert Jones,15.0,0.0,18.3,0.0,0.0,0.0,2021.0,Brighton,0.0,0.0,0.0,0.0,20,3,3.3,3.3,2.25,2.0,5.0,1.0,25,6,1,-1
875,2022-04-02,15:00,Premier League,Matchweek 31,Sat,Home,D,0.0,0.0,Norwich City,2.8,0.4,63.0,31245.0,Lewis Dunk,3-4-1-2,Simon Hooper,30.0,4.0,18.7,1.0,0.0,1.0,2021.0,Brighton,0.0,0.0,0.0,0.0,33,0,1.5,4.0,7.0,2.0,0.0,1.0,17,0,1,0
876,2022-04-09,15:00,Premier League,Matchweek 32,Sat,Away,W,2.0,1.0,Arsenal,0.6,1.9,36.0,60112.0,Lewis Dunk,3-5-2,David Coote,8.0,3.0,23.1,0.0,0.0,0.0,2021.0,Brighton,0.0,0.0,0.0,0.0,34,1,5.75,3.8,1.61,3.0,3.0,3.0,57,6,0,1
877,2022-04-16,12:30,Premier League,Matchweek 33,Sat,Away,W,1.0,0.0,Tottenham,0.6,0.5,51.0,58685.0,Lewis Dunk,3-5-2,Craig Pawson,12.0,4.0,17.0,0.0,0.0,0.0,2021.0,Brighton,0.0,0.0,0.0,0.0,37,4,6.5,4.0,1.53,2.0,6.0,1.0,60,9,0,1
878,2022-04-20,20:00,Premier League,Matchweek 30,Wed,Away,L,0.0,3.0,Manchester City,0.2,1.3,35.0,52226.0,Lewis Dunk,3-5-2,Mike Dean,2.0,1.0,19.0,1.0,0.0,0.0,2021.0,Brighton,0.0,0.0,0.0,0.0,33,0,17.0,7.0,1.16,1.0,8.0,0.0,70,7,0,-1
879,2022-04-24,14:00,Premier League,Matchweek 34,Sun,Home,D,2.0,2.0,Southampton,1.7,0.9,48.0,31335.0,Lewis Dunk,4-3-1-2,Robert Jones,8.0,5.0,11.4,0.0,0.0,0.0,2021.0,Brighton,0.0,0.0,0.0,0.0,40,7,2.1,3.4,3.6,1.0,3.0,5.0,39,4,1,0
880,2022-04-30,15:00,Premier League,Matchweek 35,Sat,Away,W,3.0,0.0,Wolves,2.6,0.7,51.0,31243.0,Lewis Dunk,3-4-3,Simon Hooper,15.0,8.0,21.4,0.0,1.0,2.0,2021.0,Brighton,0.0,1.0,0.0,0.0,41,7,2.75,3.2,2.7,1.0,2.0,4.0,49,0,0,1
881,2022-05-07,17:30,Premier League,Matchweek 36,Sat,Home,W,4.0,0.0,Manchester United,2.3,0.9,42.0,31637.0,Lewis Dunk,3-4-3,Andy Madley,17.0,5.0,15.9,0.0,0.0,0.0,2021.0,Brighton,0.0,0.0,0.0,0.0,44,7,2.8,3.5,2.45,2.0,7.0,0.0,57,6,1,1
882,2022-05-15,14:00,Premier League,Matchweek 37,Sun,Away,D,1.0,1.0,Leeds United,2.2,1.6,50.0,36638.0,Lewis Dunk,3-4-3,Mike Dean,15.0,6.0,14.3,0.0,0.0,0.0,2021.0,Brighton,0.0,0.0,0.0,0.0,47,7,2.62,3.5,2.62,2.0,0.0,1.0,34,1,0,0
883,2022-05-22,16:00,Premier League,Matchweek 38,Sun,Home,W,3.0,1.0,West Ham,1.6,0.2,50.0,31604.0,Lewis Dunk,4-3-2-1,Kevin Friend,18.0,7.0,16.4,0.0,0.0,0.0,2021.0,Brighton,0.0,0.0,0.0,0.0,48,7,2.37,3.5,2.9,3.0,0.0,6.0,56,4,1,1
884,2021-08-14,15:00,Premier League,Matchweek 1,Sat,Away,L,0.0,1.0,Leicester City,1.3,0.5,44.0,31983.0,Conor Coady,3-4-3,Craig Pawson,17.0,3.0,17.9,0.0,0.0,0.0,2021.0,Wolves,0.0,0.0,0.0,0.0,0,0,5.25,3.8,1.66,1.0,2.0,3.0,0,0,0,-1
885,2021-08-22,14:00,Premier League,Matchweek 2,Sun,Home,L,0.0,1.0,Tottenham,1.7,1.7,58.0,30368.0,Conor Coady,3-4-3,Stuart Attwell,25.0,6.0,20.3,0.0,0.0,0.0,2021.0,Wolves,0.0,0.0,0.0,0.0,0,0,3.2,3.2,2.35,2.0,5.0,3.0,3,3,1,-1
886,2021-08-29,16:30,Premier League,Matchweek 3,Sun,Home,L,0.0,1.0,Manchester United,2.1,0.6,44.0,30621.0,Conor Coady,3-4-3,Mike Dean,15.0,5.0,15.9,0.0,0.0,0.0,2021.0,Wolves,0.0,0.0,0.0,0.0,0,0,5.0,3.5,1.75,2.0,5.0,3.0,4,4,1,-1
887,2021-09-11,15:00,Premier League,Matchweek 4,Sat,Away,W,2.0,0.0,Watford,2.2,0.2,55.0,20019.0,Conor Coady,3-4-3,Peter Bankes,14.0,5.0,16.4,1.0,0.0,0.0,2021.0,Wolves,0.0,0.0,0.0,0.0,0,0,2.25,3.2,3.4,2.0,2.0,0.0,3,3,0,1
888,2021-09-18,12:30,Premier League,Matchweek 5,Sat,Home,L,0.0,2.0,Brentford,0.6,2.5,62.0,30000.0,Conor Coady,3-4-3,Darren England,11.0,0.0,22.8,1.0,0.0,0.0,2021.0,Wolves,0.0,0.0,0.0,0.0,3,3,1.83,3.25,5.0,0.0,0.0,0.0,5,2,1,-1
889,2021-09-26,14:00,Premier League,Matchweek 6,Sun,Away,W,1.0,0.0,Southampton,1.0,1.0,43.0,28002.0,Conor Coady,3-4-3,Andy Madley,5.0,3.0,13.5,0.0,0.0,0.0,2021.0,Wolves,0.0,0.0,0.0,0.0,3,3,2.8,3.2,2.62,3.0,1.0,2.0,4,3,0,1
890,2021-10-02,15:00,Premier League,Matchweek 7,Sat,Home,W,2.0,1.0,Newcastle United,1.0,0.6,52.0,30483.0,Conor Coady,3-4-3,Graham Scott,7.0,3.0,19.7,0.0,0.0,0.0,2021.0,Wolves,0.0,0.0,0.0,0.0,6,6,1.61,4.2,5.25,1.0,2.0,7.0,3,2,1,1
891,2021-10-16,15:00,Premier League,Matchweek 8,Sat,Away,W,3.0,2.0,Aston Villa,2.0,1.0,52.0,41951.0,Conor Coady,3-4-3,Michael Oliver,9.0,4.0,14.4,1.0,0.0,0.0,2021.0,Wolves,0.0,0.0,0.0,0.0,9,6,3.5,3.25,2.15,3.0,3.0,2.0,10,6,0,1
892,2021-10-23,15:00,Premier League,Matchweek 9,Sat,Away,D,1.0,1.0,Leeds United,0.9,1.6,38.0,36475.0,Conor Coady,3-4-3,Robert Jones,8.0,4.0,16.5,1.0,0.0,0.0,2021.0,Wolves,0.0,0.0,0.0,0.0,12,9,2.87,3.4,2.4,2.0,0.0,0.0,6,3,0,0
893,2021-11-01,20:00,Premier League,Matchweek 10,Mon,Home,W,2.0,1.0,Everton,1.7,1.5,61.0,30617.0,Conor Coady,3-4-3,Martin Atkinson,10.0,4.0,15.6,1.0,0.0,0.0,2021.0,Wolves,0.0,0.0,0.0,0.0,13,7,2.2,3.2,3.5,2.0,5.0,3.0,14,1,1,1
894,2021-11-06,15:00,Premier League,Matchweek 11,Sat,Away,L,0.0,2.0,Crystal Palace,0.3,1.9,40.0,24390.0,Conor Coady,3-4-3,Graham Scott,4.0,2.0,18.8,1.0,0.0,0.0,2021.0,Wolves,0.0,0.0,0.0,0.0,16,7,3.0,3.2,2.45,3.0,2.0,1.0,12,5,0,-1
895,2021-11-20,15:00,Premier League,Matchweek 12,Sat,Home,W,1.0,0.0,West Ham,1.4,0.4,52.0,30667.0,Conor Coady,3-4-3,Mike Dean,15.0,5.0,19.1,0.0,0.0,0.0,2021.0,Wolves,0.0,0.0,0.0,0.0,16,4,3.0,3.25,2.4,4.0,3.0,1.0,23,9,1,1
896,2021-11-27,15:00,Premier League,Matchweek 13,Sat,Away,D,0.0,0.0,Norwich City,0.3,1.6,57.0,26911.0,Conor Coady,3-4-3,Simon Hooper,5.0,2.0,17.0,0.0,0.0,0.0,2021.0,Wolves,0.0,0.0,0.0,0.0,19,6,2.15,3.3,3.5,2.0,1.0,1.0,8,6,0,0
897,2021-12-01,19:30,Premier League,Matchweek 14,Wed,Home,D,0.0,0.0,Burnley,0.7,0.2,65.0,30328.0,Conor Coady,3-4-3,John Brooks,16.0,2.0,20.1,0.0,0.0,0.0,2021.0,Wolves,0.0,0.0,0.0,0.0,20,4,1.85,3.5,4.33,1.0,3.0,2.0,12,5,1,0
898,2021-12-04,15:00,Premier League,Matchweek 15,Sat,Home,L,0.0,1.0,Liverpool,0.1,2.7,34.0,30729.0,Conor Coady,3-4-3,Chris Kavanagh,3.0,1.0,23.7,0.0,0.0,0.0,2021.0,Wolves,0.0,0.0,0.0,0.0,21,5,8.0,4.75,1.4,1.0,9.0,0.0,31,9,1,-1
899,2021-12-11,12:30,Premier League,Matchweek 16,Sat,Away,L,0.0,1.0,Manchester City,0.2,3.2,29.0,52613.0,Conor Coady,3-5-2,Jonathan Moss,2.0,1.0,10.2,0.0,0.0,0.0,2021.0,Wolves,1.0,0.0,0.0,1.0,21,2,19.0,8.0,1.14,3.0,6.0,1.0,35,9,0,-1
900,2021-12-15,19:30,Premier League,Matchweek 17,Wed,Away,W,1.0,0.0,Brighton,1.0,1.2,41.0,30362.0,Conor Coady,3-4-3,Tony Harrington,8.0,5.0,18.0,1.0,0.0,0.0,2021.0,Wolves,0.0,0.0,0.0,0.0,21,1,3.5,3.1,2.25,1.0,1.0,4.0,20,2,0,1
901,2021-12-19,14:00,Premier League,Matchweek 18,Sun,Home,D,0.0,0.0,Chelsea,0.2,0.9,37.0,30631.0,Conor Coady,3-5-2,David Coote,4.0,1.0,27.4,0.0,0.0,0.0,2021.0,Wolves,0.0,0.0,0.0,0.0,24,3,7.0,4.2,1.5,3.0,5.0,2.0,37,4,1,0
902,2022-01-03,17:30,Premier League,Matchweek 21,Mon,Away,W,1.0,0.0,Manchester United,0.7,0.8,49.0,73045.0,Conor Coady,3-4-3,Mike Dean,19.0,6.0,20.4,1.0,0.0,0.0,2021.0,Wolves,0.0,0.0,0.0,0.0,28,4,6.0,4.33,1.53,2.0,6.0,3.0,37,7,0,1
903,2022-01-15,15:00,Premier League,Matchweek 22,Sat,Home,W,3.0,1.0,Southampton,2.5,0.8,43.0,30057.0,Conor Coady,3-4-3,Michael Salisbury,8.0,4.0,15.4,0.0,1.0,1.0,2021.0,Wolves,0.0,1.0,0.0,0.0,31,6,2.25,3.2,3.4,4.0,1.0,2.0,24,4,1,1
904,2022-01-22,15:00,Premier League,Matchweek 23,Sat,Away,W,2.0,1.0,Brentford,0.2,1.1,50.0,16982.0,Conor Coady,3-5-2,Peter Bankes,7.0,2.0,21.7,0.0,0.0,0.0,2021.0,Wolves,0.0,0.0,0.0,0.0,34,6,2.6,2.8,3.2,0.0,1.0,0.0,23,3,0,1
905,2022-02-10,19:45,Premier League,Matchweek 24,Thu,Home,L,0.0,1.0,Arsenal,0.8,1.8,58.0,31523.0,Conor Coady,3-4-3,Michael Oliver,15.0,4.0,19.1,2.0,0.0,0.0,2021.0,Wolves,0.0,0.0,0.0,0.0,37,9,3.5,3.2,2.2,3.0,4.0,3.0,39,1,1,-1
906,2022-02-13,14:00,Premier League,Matchweek 25,Sun,Away,W,2.0,0.0,Tottenham,1.3,1.2,42.0,56452.0,Conor Coady,3-5-2,Kevin Friend,11.0,7.0,15.9,0.0,0.0,0.0,2021.0,Wolves,0.0,0.0,0.0,0.0,37,6,5.5,3.6,1.7,2.0,6.0,3.0,42,3,0,1
907,2022-02-20,16:30,Premier League,Matchweek 26,Sun,Home,W,2.0,1.0,Leicester City,0.5,1.7,37.0,31587.0,Conor Coady,3-5-2,Craig Pawson,11.0,3.0,19.4,1.0,0.0,0.0,2021.0,Wolves,0.0,0.0,0.0,0.0,40,6,2.25,3.3,3.25,1.0,3.0,3.0,34,2,1,1
908,2022-02-24,19:45,Premier League,Matchweek 20,Thu,Away,L,1.0,2.0,Arsenal,1.0,3.1,44.0,59888.0,Conor Coady,3-4-3,Martin Atkinson,6.0,2.0,14.8,0.0,0.0,0.0,2021.0,Wolves,0.0,0.0,1.0,0.0,28,7,5.5,3.8,1.65,3.0,5.0,3.0,35,9,0,-1
909,2022-02-27,14:00,Premier League,Matchweek 27,Sun,Away,L,0.0,1.0,West Ham,0.7,1.8,61.0,59946.0,Conor Coady,3-4-3,Anthony Taylor,14.0,1.0,21.1,0.0,0.0,0.0,2021.0,Wolves,0.0,0.0,0.0,0.0,43,6,3.8,3.3,2.05,5.0,3.0,1.0,42,5,0,-1
910,2022-03-05,15:00,Premier League,Matchweek 28,Sat,Home,L,0.0,2.0,Crystal Palace,0.7,2.7,63.0,31395.0,Conor Coady,3-4-3,Andy Madley,12.0,5.0,19.8,0.0,0.0,0.0,2021.0,Wolves,0.0,0.0,0.0,0.0,43,6,2.3,3.1,3.4,3.0,3.0,1.0,30,2,1,-1
911,2022-03-10,19:30,Premier League,Matchweek 19,Thu,Home,W,4.0,0.0,Watford,0.7,0.6,66.0,29658.0,Conor Coady,3-4-3,Darren England,10.0,5.0,18.9,0.0,0.0,0.0,2021.0,Wolves,0.0,0.0,0.0,0.0,25,4,1.75,3.6,4.5,3.0,2.0,0.0,14,1,1,1
912,2022-03-13,14:00,Premier League,Matchweek 29,Sun,Away,W,1.0,0.0,Everton,0.8,0.4,61.0,39112.0,Conor Coady,3-5-2,Michael Oliver,14.0,3.0,21.7,0.0,0.0,0.0,2021.0,Wolves,0.0,0.0,0.0,0.0,43,3,3.3,3.2,2.3,3.0,5.0,3.0,26,0,0,1
913,2022-03-18,20:00,Premier League,Matchweek 30,Fri,Home,L,2.0,3.0,Leeds United,1.2,2.0,48.0,31842.0,Conor Coady,3-4-3,Kevin Friend,14.0,8.0,20.9,0.0,0.0,0.0,2021.0,Wolves,1.0,0.0,0.0,1.0,46,3,2.1,3.5,3.4,2.0,0.0,1.0,26,3,1,-1
914,2022-04-02,15:00,Premier League,Matchweek 31,Sat,Home,W,2.0,1.0,Aston Villa,1.3,2.1,49.0,31012.0,Conor Coady,3-4-3,Darren England,11.0,4.0,15.0,0.0,0.0,0.0,2021.0,Wolves,0.0,0.0,0.0,0.0,46,3,3.0,3.1,2.55,4.0,3.0,2.0,37,3,1,1
915,2022-04-08,20:00,Premier League,Matchweek 32,Fri,Away,L,0.0,1.0,Newcastle United,0.4,1.5,58.0,52164.0,Conor Coady,3-4-3,Peter Bankes,5.0,2.0,18.2,0.0,0.0,0.0,2021.0,Wolves,0.0,0.0,0.0,0.0,49,6,3.4,3.1,2.25,2.0,2.0,7.0,34,3,0,-1
916,2022-04-24,14:00,Premier League,Matchweek 34,Sun,Away,L,0.0,1.0,Burnley,0.6,1.4,64.0,19246.0,Conor Coady,3-4-3,Anthony Taylor,10.0,4.0,19.0,0.0,0.0,0.0,2021.0,Wolves,0.0,0.0,0.0,0.0,49,3,2.87,3.0,2.7,1.0,3.0,3.0,29,1,0,-1
917,2022-04-30,15:00,Premier League,Matchweek 35,Sat,Home,L,0.0,3.0,Brighton,0.7,2.6,49.0,31243.0,Conor Coady,3-5-2,Simon Hooper,11.0,1.0,18.7,1.0,0.0,0.0,2021.0,Wolves,0.0,0.0,0.0,0.0,49,0,2.7,3.2,2.75,2.0,1.0,4.0,41,7,1,-1
918,2022-05-07,15:00,Premier League,Matchweek 36,Sat,Away,D,2.0,2.0,Chelsea,2.0,1.7,41.0,32190.0,Conor Coady,3-5-2,Peter Bankes,14.0,4.0,15.6,0.0,0.0,0.0,2021.0,Wolves,0.0,0.0,0.0,0.0,49,0,9.5,5.0,1.33,3.0,5.0,3.0,69,6,0,0
919,2022-05-11,20:15,Premier League,Matchweek 33,Wed,Home,L,1.0,5.0,Manchester City,0.5,2.3,34.0,32000.0,Conor Coady,3-5-2,Martin Atkinson,7.0,3.0,16.9,0.0,0.0,0.0,2021.0,Wolves,0.0,0.0,0.0,0.0,49,3,11.0,6.0,1.25,3.0,7.0,1.0,77,7,1,-1
920,2022-05-15,14:00,Premier League,Matchweek 37,Sun,Home,D,1.0,1.0,Norwich City,0.9,1.1,64.0,31219.0,Conor Coady,3-4-3,Tony Harrington,17.0,4.0,20.8,1.0,0.0,0.0,2021.0,Wolves,0.0,0.0,0.0,0.0,50,1,1.45,4.75,6.5,2.0,1.0,2.0,21,0,1,0
921,2022-05-22,16:00,Premier League,Matchweek 38,Sun,Away,L,1.0,3.0,Liverpool,1.3,2.7,37.0,53097.0,Conor Coady,3-5-2,Anthony Taylor,7.0,5.0,14.7,0.0,0.0,0.0,2021.0,Wolves,0.0,0.0,0.0,0.0,51,2,15.0,8.5,1.14,1.0,10.0,0.0,89,7,0,-1
922,2021-08-15,14:00,Premier League,Matchweek 1,Sun,Home,L,2.0,4.0,West Ham,1.8,2.7,46.0,50673.0,Federico Fernández,5-3-2,Martin Atkinson,17.0,3.0,16.3,0.0,0.0,0.0,2021.0,Newcastle United,0.0,0.0,0.0,0.0,0,0,3.2,3.5,2.2,10.0,5.0,3.0,0,0,1,-1
923,2021-08-21,15:00,Premier League,Matchweek 2,Sat,Away,L,0.0,2.0,Aston Villa,0.7,1.2,53.0,41964.0,Jamaal Lascelles,5-3-2,David Coote,9.0,1.0,16.1,0.0,0.0,0.0,2021.0,Newcastle United,0.0,0.0,0.0,0.0,0,0,4.33,3.75,1.8,6.0,3.0,7.0,0,0,0,-1
924,2021-08-28,15:00,Premier League,Matchweek 3,Sat,Home,D,2.0,2.0,Southampton,1.0,3.6,37.0,44017.0,Jamaal Lascelles,3-5-2,Paul Tierney,10.0,4.0,16.5,1.0,0.0,0.0,2021.0,Newcastle United,0.0,0.0,0.0,0.0,0,0,2.5,3.4,2.8,6.0,6.0,4.0,1,1,1,0
925,2021-09-11,15:00,Premier League,Matchweek 4,Sat,Away,L,1.0,4.0,Manchester United,0.4,2.5,37.0,72732.0,Jamaal Lascelles,5-4-1,Anthony Taylor,12.0,3.0,22.5,0.0,0.0,0.0,2021.0,Newcastle United,0.0,0.0,0.0,0.0,1,1,15.0,7.5,1.18,4.0,12.0,4.0,7,7,0,-1
926,2021-09-17,20:00,Premier League,Matchweek 5,Fri,Home,D,1.0,1.0,Leeds United,1.3,1.5,35.0,50407.0,Jamaal Lascelles,5-4-1,Mike Dean,17.0,7.0,19.2,0.0,0.0,0.0,2021.0,Newcastle United,0.0,0.0,0.0,0.0,1,1,3.0,3.6,2.3,0.0,2.0,0.0,2,2,1,0
927,2021-09-25,15:00,Premier League,Matchweek 6,Sat,Away,D,1.0,1.0,Watford,1.9,0.9,47.0,20650.0,Federico Fernández,4-1-4-1,Jarred Gillett,20.0,6.0,17.9,1.0,0.0,0.0,2021.0,Newcastle United,0.0,0.0,0.0,0.0,2,2,3.3,3.4,2.2,1.0,5.0,2.0,6,3,0,0
928,2021-10-02,15:00,Premier League,Matchweek 7,Sat,Away,L,1.0,2.0,Wolves,0.6,1.0,48.0,30483.0,Federico Fernández,4-1-4-1,Graham Scott,8.0,2.0,16.5,1.0,0.0,0.0,2021.0,Newcastle United,0.0,0.0,0.0,0.0,3,2,5.25,4.2,1.61,2.0,1.0,7.0,6,6,0,-1
929,2021-10-17,16:30,Premier League,Matchweek 8,Sun,Home,L,2.0,3.0,Tottenham,0.4,1.7,36.0,52214.0,Jamaal Lascelles,4-1-4-1,Andre Marriner,7.0,1.0,17.4,0.0,0.0,0.0,2021.0,Newcastle United,1.0,0.0,0.0,1.0,3,2,3.5,3.6,2.05,6.0,10.0,4.0,12,3,1,-1
930,2021-10-23,15:00,Premier League,Matchweek 9,Sat,Away,D,1.0,1.0,Crystal Palace,0.3,1.9,26.0,24609.0,Jamaal Lascelles,5-3-2,Darren England,6.0,1.0,14.2,0.0,0.0,0.0,2021.0,Newcastle United,0.0,0.0,0.0,0.0,3,1,4.0,3.6,1.9,6.0,4.0,4.0,8,3,0,0
931,2021-10-30,15:00,Premier League,Matchweek 10,Sat,Home,L,0.0,3.0,Chelsea,0.2,2.2,21.0,52208.0,Jamaal Lascelles,5-3-2,Paul Tierney,6.0,1.0,19.7,0.0,0.0,0.0,2021.0,Newcastle United,0.0,0.0,0.0,0.0,4,1,8.5,5.0,1.36,6.0,11.0,3.0,22,9,1,-1
932,2021-11-06,17:30,Premier League,Matchweek 11,Sat,Away,D,1.0,1.0,Brighton,0.3,1.5,35.0,31267.0,Jamaal Lascelles,5-4-1,David Coote,6.0,1.0,18.1,0.0,0.0,0.0,2021.0,Newcastle United,0.0,0.0,0.0,0.0,4,1,6.0,3.9,1.57,0.0,4.0,4.0,16,2,0,0
933,2021-11-20,15:00,Premier League,Matchweek 12,Sat,Home,D,3.0,3.0,Brentford,1.5,0.9,53.0,52131.0,Jamaal Lascelles,3-4-3,Robert Jones,23.0,8.0,16.1,0.0,0.0,0.0,2021.0,Newcastle United,0.0,0.0,1.0,0.0,5,2,2.62,3.4,2.7,0.0,0.0,0.0,12,0,1,0
934,2021-11-27,12:30,Premier League,Matchweek 13,Sat,Away,L,0.0,2.0,Arsenal,0.3,2.5,34.0,59886.0,Jamaal Lascelles,4-4-2,Stuart Attwell,9.0,5.0,24.5,0.0,0.0,0.0,2021.0,Newcastle United,0.0,0.0,0.0,0.0,6,2,7.0,4.75,1.44,2.0,16.0,2.0,20,6,0,-1
935,2021-11-30,19:30,Premier League,Matchweek 14,Tue,Home,D,1.0,1.0,Norwich City,1.1,1.2,32.0,50757.0,Callum Wilson,4-4-2,Andy Madley,8.0,0.0,22.6,0.0,1.0,1.0,2021.0,Newcastle United,1.0,0.0,0.0,0.0,6,2,1.95,3.5,3.9,4.0,3.0,3.0,9,7,1,0
936,2021-12-04,15:00,Premier League,Matchweek 15,Sat,Home,W,1.0,0.0,Burnley,1.0,0.6,48.0,51948.0,Jamaal Lascelles,4-4-2,Paul Tierney,19.0,4.0,17.9,0.0,0.0,0.0,2021.0,Newcastle United,0.0,0.0,0.0,0.0,7,2,2.3,3.3,3.2,4.0,2.0,4.0,13,5,1,1
937,2021-12-12,14:00,Premier League,Matchweek 16,Sun,Away,L,0.0,4.0,Leicester City,1.0,2.6,53.0,31959.0,Jamaal Lascelles,4-4-2,Peter Bankes,12.0,3.0,18.1,0.0,0.0,0.0,2021.0,Newcastle United,0.0,0.0,0.0,0.0,10,4,4.75,4.1,1.66,4.0,8.0,0.0,19,4,0,-1
938,2021-12-16,20:00,Premier League,Matchweek 17,Thu,Away,L,1.0,3.0,Liverpool,0.3,2.7,26.0,52951.0,Jamaal Lascelles,4-5-1,Mike Dean,5.0,3.0,31.4,2.0,0.0,0.0,2021.0,Newcastle United,0.0,0.0,0.0,0.0,10,4,19.0,9.0,1.12,4.0,10.0,6.0,37,9,0,-1
939,2021-12-19,14:15,Premier League,Matchweek 18,Sun,Home,L,0.0,4.0,Manchester City,0.3,2.9,29.0,52127.0,Jamaal Lascelles,4-5-1,Martin Atkinson,5.0,1.0,19.9,0.0,0.0,0.0,2021.0,Newcastle United,0.0,0.0,0.0,0.0,10,3,13.0,7.5,1.18,1.0,17.0,2.0,41,9,1,-1
940,2021-12-27,20:00,Premier League,Matchweek 19,Mon,Home,D,1.0,1.0,Manchester United,1.3,1.6,32.0,52178.0,Jamaal Lascelles,4-5-1,Craig Pawson,13.0,8.0,22.6,0.0,0.0,0.0,2021.0,Newcastle United,0.0,0.0,0.0,0.0,10,0,6.5,4.75,1.44,4.0,13.0,4.0,33,9,1,0
941,2022-01-15,15:00,Premier League,Matchweek 22,Sat,Home,D,1.0,1.0,Watford,1.2,1.4,52.0,52223.0,Jamaal Lascelles,4-3-3,Paul Tierney,12.0,1.0,14.6,0.0,0.0,0.0,2021.0,Newcastle United,0.0,0.0,0.0,0.0,14,4,2.0,3.6,3.6,1.0,5.0,3.0,14,0,1,0
942,2022-01-22,15:00,Premier League,Matchweek 23,Sat,Away,W,1.0,0.0,Leeds United,0.9,0.7,38.0,36405.0,Jamaal Lascelles,4-3-3,Chris Kavanagh,15.0,3.0,19.7,1.0,0.0,0.0,2021.0,Newcastle United,0.0,0.0,0.0,0.0,15,4,3.75,3.5,2.0,0.0,2.0,1.0,22,6,0,1
943,2022-02-08,19:45,Premier League,Matchweek 24,Tue,Home,W,3.0,1.0,Everton,1.9,0.7,40.0,52186.0,Jamaal Lascelles,4-3-3,Anthony Taylor,20.0,9.0,14.0,1.0,0.0,0.0,2021.0,Newcastle United,0.0,0.0,1.0,0.0,18,7,2.5,3.25,2.87,6.0,11.0,3.0,23,0,1,1
944,2022-02-13,14:00,Premier League,Matchweek 25,Sun,Home,W,1.0,0.0,Aston Villa,0.5,0.6,38.0,52207.0,Kieran Trippier,4-3-3,Craig Pawson,10.0,2.0,21.5,1.0,0.0,0.0,2021.0,Newcastle United,0.0,0.0,0.0,0.0,21,7,2.7,3.3,2.62,6.0,4.0,7.0,31,5,1,1
945,2022-02-19,12:30,Premier League,Matchweek 26,Sat,Away,D,1.0,1.0,West Ham,0.8,0.6,53.0,59949.0,Jonjo Shelvey,4-3-3,Chris Kavanagh,14.0,3.0,16.0,0.0,0.0,0.0,2021.0,Newcastle United,0.0,0.0,0.0,0.0,24,9,4.75,4.0,1.7,10.0,6.0,3.0,41,4,0,0
946,2022-02-26,15:00,Premier League,Matchweek 27,Sat,Away,W,2.0,0.0,Brentford,2.7,0.4,63.0,17039.0,Jonjo Shelvey,4-3-3,Mike Dean,26.0,11.0,15.7,2.0,0.0,0.0,2021.0,Newcastle United,0.0,0.0,0.0,0.0,25,7,3.0,3.2,2.5,0.0,0.0,1.0,24,1,0,1
947,2022-03-05,15:00,Premier League,Matchweek 28,Sat,Home,W,2.0,1.0,Brighton,1.7,1.5,32.0,52214.0,Jonjo Shelvey,4-3-3,Martin Atkinson,10.0,4.0,12.2,0.0,0.0,0.0,2021.0,Newcastle United,0.0,0.0,0.0,0.0,28,7,2.75,3.2,2.62,0.0,4.0,5.0,33,3,1,1
948,2022-03-10,19:30,Premier League,Matchweek 21,Thu,Away,W,2.0,1.0,Southampton,0.6,1.1,33.0,30056.0,Jonjo Shelvey,4-3-3,Kevin Friend,8.0,3.0,16.4,0.0,0.0,0.0,2021.0,Newcastle United,0.0,0.0,0.0,0.0,11,1,3.5,3.75,2.0,6.0,6.0,5.0,24,7,0,1
949,2022-03-13,14:00,Premier League,Matchweek 29,Sun,Away,L,0.0,1.0,Chelsea,0.3,1.1,29.0,40026.0,Jamaal Lascelles,5-4-1,David Coote,7.0,2.0,18.2,0.0,0.0,0.0,2021.0,Newcastle United,0.0,0.0,0.0,0.0,31,7,11.0,5.25,1.3,6.0,12.0,3.0,54,7,0,-1
950,2022-03-17,19:45,Premier League,Matchweek 20,Thu,Away,L,0.0,1.0,Everton,0.9,0.7,61.0,39068.0,Fabian Schär,4-3-3,Craig Pawson,17.0,6.0,20.7,1.0,0.0,0.0,2021.0,Newcastle United,0.0,0.0,0.0,0.0,11,1,3.1,3.25,2.4,7.0,11.0,3.0,20,2,0,-1
951,2022-04-03,16:30,Premier League,Matchweek 31,Sun,Away,L,1.0,5.0,Tottenham,0.5,3.1,40.0,57553.0,Jonjo Shelvey,4-3-3,Martin Atkinson,8.0,1.0,18.0,1.0,0.0,0.0,2021.0,Newcastle United,0.0,0.0,0.0,0.0,34,6,6.5,4.33,1.5,6.0,11.0,4.0,54,6,0,-1
952,2022-04-08,20:00,Premier League,Matchweek 32,Fri,Home,W,1.0,0.0,Wolves,1.5,0.4,42.0,52164.0,Jonjo Shelvey,4-3-3,Peter Bankes,11.0,3.0,19.7,1.0,1.0,1.0,2021.0,Newcastle United,0.0,1.0,0.0,0.0,34,3,2.25,3.1,3.4,2.0,2.0,7.0,49,6,1,1
953,2022-04-17,14:15,Premier League,Matchweek 33,Sun,Home,W,2.0,1.0,Leicester City,1.8,0.6,32.0,52104.0,Jonjo Shelvey,4-3-3,Jarred Gillett,16.0,7.0,15.4,1.0,0.0,0.0,2021.0,Newcastle United,0.0,0.0,0.0,0.0,37,6,2.2,3.4,3.3,4.0,9.0,0.0,45,7,1,1
954,2022-04-20,19:45,Premier League,Matchweek 30,Wed,Home,W,1.0,0.0,Crystal Palace,0.9,0.5,37.0,51938.0,Jonjo Shelvey,4-3-3,Tony Harrington,13.0,4.0,18.1,0.0,0.0,0.0,2021.0,Newcastle United,0.0,0.0,0.0,0.0,31,6,2.25,3.4,3.25,6.0,4.0,5.0,34,5,1,1
955,2022-04-23,15:00,Premier League,Matchweek 34,Sat,Away,W,3.0,0.0,Norwich City,1.9,0.6,54.0,26910.0,Jamaal Lascelles,4-3-3,Chris Kavanagh,13.0,7.0,15.6,0.0,0.0,0.0,2021.0,Newcastle United,0.0,0.0,0.0,0.0,40,6,2.15,3.3,3.5,4.0,3.0,4.0,21,4,0,1
956,2022-04-30,12:30,Premier League,Matchweek 35,Sat,Home,L,0.0,1.0,Liverpool,0.2,2.3,36.0,52281.0,Jonjo Shelvey,4-3-3,Andre Marriner,4.0,2.0,28.3,1.0,0.0,0.0,2021.0,Newcastle United,0.0,0.0,0.0,0.0,43,9,8.5,5.0,1.36,4.0,11.0,6.0,82,7,1,-1
957,2022-05-08,16:30,Premier League,Matchweek 36,Sun,Away,L,0.0,5.0,Manchester City,0.8,3.1,29.0,53336.0,Jamaal Lascelles,4-3-3,Stuart Attwell,7.0,3.0,16.5,0.0,0.0,0.0,2021.0,Newcastle United,0.0,0.0,0.0,0.0,43,6,17.0,7.0,1.16,1.0,18.0,2.0,86,9,0,-1
958,2022-05-16,20:00,Premier League,Matchweek 37,Mon,Home,W,2.0,0.0,Arsenal,1.6,0.6,51.0,52274.0,Callum Wilson,4-3-3,Darren England,16.0,4.0,19.1,0.0,0.0,0.0,2021.0,Newcastle United,0.0,0.0,0.0,0.0,43,3,4.33,3.6,1.83,2.0,17.0,2.0,66,9,1,1
959,2022-05-22,16:00,Premier League,Matchweek 38,Sun,Away,W,2.0,1.0,Burnley,1.8,1.6,48.0,21361.0,Jamaal Lascelles,4-3-3,Craig Pawson,7.0,5.0,23.0,0.0,1.0,1.0,2021.0,Newcastle United,0.0,0.0,0.0,0.0,46,3,3.2,3.4,2.25,5.0,2.0,4.0,35,3,0,1
960,2021-08-14,15:00,Premier League,Matchweek 1,Sat,Away,L,0.0,3.0,Chelsea,0.2,0.7,38.0,38965.0,James McArthur,4-4-2,Jonathan Moss,4.0,1.0,10.8,0.0,0.0,0.0,2021.0,Crystal Palace,0.0,0.0,0.0,0.0,0,0,13.0,5.75,1.25,4.0,12.0,0.0,0,0,0,-1
961,2021-08-21,15:00,Premier League,Matchweek 2,Sat,Home,D,0.0,0.0,Brentford,0.5,0.9,53.0,23091.0,James McArthur,4-3-3,Martin Atkinson,7.0,2.0,15.9,0.0,0.0,0.0,2021.0,Crystal Palace,0.0,0.0,0.0,0.0,0,0,2.55,3.2,2.87,0.0,0.0,0.0,3,3,1,0
962,2021-08-28,15:00,Premier League,Matchweek 3,Sat,Away,D,2.0,2.0,West Ham,1.1,1.3,53.0,59751.0,James McArthur,4-3-3,Stuart Attwell,9.0,2.0,15.2,0.0,0.0,0.0,2021.0,Crystal Palace,0.0,0.0,0.0,0.0,1,1,6.5,4.0,1.55,5.0,6.0,5.0,6,6,0,0
963,2021-09-11,12:30,Premier League,Matchweek 4,Sat,Home,W,3.0,0.0,Tottenham,2.1,0.1,62.0,26000.0,James McArthur,4-3-3,Jonathan Moss,17.0,3.0,17.5,1.0,1.0,1.0,2021.0,Crystal Palace,0.0,0.0,0.0,0.0,2,2,4.2,3.5,1.9,1.0,12.0,3.0,9,9,1,1
964,2021-09-18,15:00,Premier League,Matchweek 5,Sat,Away,L,0.0,3.0,Liverpool,0.6,3.1,41.0,52000.0,James McArthur,4-3-3,Andy Madley,13.0,2.0,19.0,1.0,0.0,0.0,2021.0,Crystal Palace,0.0,0.0,0.0,0.0,5,5,13.0,7.0,1.2,4.0,11.0,1.0,10,7,0,-1
965,2021-09-27,20:00,Premier League,Matchweek 6,Mon,Home,D,1.0,1.0,Brighton,1.4,0.8,47.0,22975.0,Luka Milivojević,4-3-3,Andre Marriner,7.0,2.0,24.1,1.0,1.0,1.0,2021.0,Crystal Palace,0.0,1.0,0.0,0.0,5,4,3.1,3.2,2.45,3.0,2.0,3.0,12,6,1,0
966,2021-10-03,14:00,Premier League,Matchweek 7,Sun,Home,D,2.0,2.0,Leicester City,1.5,1.2,60.0,25000.0,Luka Milivojević,4-3-3,Anthony Taylor,18.0,4.0,15.3,0.0,0.0,0.0,2021.0,Crystal Palace,0.0,0.0,0.0,0.0,6,4,3.1,3.4,2.3,6.0,6.0,2.0,7,1,1,0
967,2021-10-18,20:00,Premier League,Matchweek 8,Mon,Away,D,2.0,2.0,Arsenal,0.7,1.7,46.0,59475.0,Luka Milivojević,4-2-3-1,Mike Dean,9.0,6.0,21.4,0.0,0.0,0.0,2021.0,Crystal Palace,0.0,0.0,0.0,0.0,7,2,6.0,3.8,1.6,2.0,9.0,5.0,10,7,0,0
968,2021-10-23,15:00,Premier League,Matchweek 9,Sat,Home,D,1.0,1.0,Newcastle United,1.9,0.3,74.0,24609.0,Luka Milivojević,4-3-3,Darren England,15.0,3.0,15.6,0.0,0.0,0.0,2021.0,Crystal Palace,0.0,0.0,0.0,0.0,8,3,1.9,3.6,4.0,4.0,6.0,4.0,3,1,1,0
969,2021-10-30,15:00,Premier League,Matchweek 10,Sat,Away,W,2.0,0.0,Manchester City,0.7,0.7,32.0,53014.0,James McArthur,4-3-3,Andre Marriner,8.0,3.0,15.3,0.0,0.0,0.0,2021.0,Crystal Palace,0.0,0.0,0.0,0.0,9,3,19.0,8.0,1.14,2.0,12.0,2.0,20,7,0,1
970,2021-11-06,15:00,Premier League,Matchweek 11,Sat,Home,W,2.0,0.0,Wolves,1.9,0.3,60.0,24390.0,James McArthur,4-3-3,Graham Scott,13.0,6.0,13.2,0.0,0.0,0.0,2021.0,Crystal Palace,0.0,0.0,0.0,0.0,12,5,2.45,3.2,3.0,2.0,3.0,1.0,16,7,1,1
971,2021-11-20,15:00,Premier League,Matchweek 12,Sat,Away,D,3.0,3.0,Burnley,1.9,1.5,60.0,18028.0,Luka Milivojević,4-3-3,Simon Hooper,18.0,8.0,16.4,1.0,0.0,0.0,2021.0,Crystal Palace,0.0,0.0,0.0,0.0,15,7,2.7,3.2,2.7,5.0,6.0,1.0,8,5,0,0
972,2021-11-27,15:00,Premier League,Matchweek 13,Sat,Home,L,1.0,2.0,Aston Villa,1.0,0.5,64.0,25203.0,Luka Milivojević,4-2-3-1,Michael Salisbury,8.0,3.0,13.9,0.0,0.0,0.0,2021.0,Crystal Palace,0.0,0.0,0.0,0.0,16,7,2.2,3.4,3.3,5.0,4.0,1.0,13,3,1,-1
973,2021-11-30,20:15,Premier League,Matchweek 14,Tue,Away,L,0.0,1.0,Leeds United,1.1,1.4,39.0,35558.0,Joel Ward,4-3-3,Kevin Friend,9.0,1.0,18.1,1.0,0.0,0.0,2021.0,Crystal Palace,0.0,0.0,0.0,0.0,16,4,3.0,3.3,2.4,1.0,1.0,0.0,12,2,0,-1
974,2021-12-05,14:00,Premier League,Matchweek 15,Sun,Away,L,0.0,1.0,Manchester United,0.5,0.9,39.0,73172.0,Wilfried Zaha,4-3-3,Craig Pawson,8.0,2.0,19.2,0.0,0.0,0.0,2021.0,Crystal Palace,0.0,0.0,0.0,0.0,16,1,6.5,4.33,1.5,2.0,11.0,3.0,21,4,0,-1
975,2021-12-12,16:30,Premier League,Matchweek 16,Sun,Home,W,3.0,1.0,Everton,1.8,1.0,61.0,24066.0,Joel Ward,4-3-3,Andy Madley,17.0,6.0,16.8,1.0,0.0,0.0,2021.0,Crystal Palace,0.0,0.0,0.0,0.0,16,0,2.3,3.2,3.3,2.0,6.0,8.0,18,3,1,1
976,2021-12-15,19:30,Premier League,Matchweek 17,Wed,Home,D,2.0,2.0,Southampton,1.2,0.6,59.0,22861.0,Joel Ward,4-3-3,Simon Hooper,9.0,6.0,10.9,0.0,0.0,0.0,2021.0,Crystal Palace,0.0,0.0,0.0,0.0,19,3,2.15,3.3,3.5,4.0,10.0,2.0,16,2,1,0
977,2021-12-26,15:00,Premier League,Matchweek 19,Sun,Away,L,0.0,3.0,Tottenham,0.2,2.3,40.0,40539.0,Joel Ward,4-3-3,Jonathan Moss,4.0,0.0,17.7,0.0,0.0,0.0,2021.0,Crystal Palace,1.0,0.0,0.0,1.0,23,7,4.75,3.8,1.72,2.0,12.0,3.0,32,7,0,-1
978,2021-12-28,15:00,Premier League,Matchweek 20,Tue,Home,W,3.0,0.0,Norwich City,1.9,0.9,51.0,24433.0,Joel Ward,4-3-3,Paul Tierney,18.0,5.0,13.3,0.0,1.0,1.0,2021.0,Crystal Palace,0.0,1.0,0.0,0.0,23,4,1.65,3.75,5.5,3.0,1.0,2.0,10,0,1,1
979,2022-01-01,17:30,Premier League,Matchweek 21,Sat,Home,L,2.0,3.0,West Ham,2.4,2.2,62.0,24351.0,Luka Milivojević,4-3-3,Darren England,22.0,6.0,15.8,2.0,0.0,0.0,2021.0,Crystal Palace,0.0,0.0,0.0,0.0,26,6,3.1,3.4,2.3,5.0,6.0,6.0,34,6,1,-1
980,2022-01-14,20:00,Premier League,Matchweek 22,Fri,Away,D,1.0,1.0,Brighton,0.2,2.0,37.0,30675.0,Joel Ward,4-3-3,Robert Jones,3.0,1.0,22.2,0.0,0.0,0.0,2021.0,Crystal Palace,0.0,0.0,1.0,0.0,26,3,3.8,3.3,2.05,3.0,2.0,4.0,27,7,0,0
981,2022-01-23,14:00,Premier League,Matchweek 23,Sun,Home,L,1.0,3.0,Liverpool,2.2,1.9,43.0,25002.0,Joel Ward,4-3-3,Kevin Friend,8.0,5.0,12.2,0.0,0.0,0.0,2021.0,Crystal Palace,0.0,0.0,0.0,0.0,27,4,6.0,4.2,1.53,4.0,12.0,1.0,48,4,1,-1
982,2022-02-09,19:45,Premier League,Matchweek 24,Wed,Away,D,1.0,1.0,Norwich City,1.3,0.4,70.0,26652.0,Joel Ward,4-3-3,Paul Tierney,12.0,5.0,22.3,1.0,0.0,1.0,2021.0,Crystal Palace,0.0,1.0,0.0,0.0,27,1,2.15,3.25,3.5,4.0,1.0,2.0,16,6,0,0
983,2022-02-12,15:00,Premier League,Matchweek 25,Sat,Away,D,0.0,0.0,Brentford,0.3,1.6,58.0,16958.0,Joel Ward,4-3-3,Simon Hooper,6.0,3.0,21.6,0.0,0.0,0.0,2021.0,Crystal Palace,0.0,0.0,0.0,0.0,28,2,3.0,3.1,2.55,0.0,0.0,1.0,23,0,0,0
984,2022-02-19,15:00,Premier League,Matchweek 26,Sat,Home,L,0.0,1.0,Chelsea,0.5,0.9,42.0,25109.0,James McArthur,4-2-3-1,David Coote,7.0,0.0,14.6,0.0,0.0,0.0,2021.0,Crystal Palace,0.0,0.0,0.0,0.0,29,2,5.5,3.8,1.65,4.0,13.0,0.0,47,4,1,-1
985,2022-02-23,19:30,Premier League,Matchweek 18,Wed,Away,W,4.0,1.0,Watford,1.1,1.4,54.0,20012.0,Marc Guéhi,4-3-3,Andre Marriner,7.0,5.0,15.1,0.0,0.0,0.0,2021.0,Crystal Palace,0.0,0.0,0.0,0.0,20,4,2.3,3.3,3.1,4.0,3.0,3.0,14,1,0,1
986,2022-02-26,15:00,Premier League,Matchweek 27,Sat,Home,D,1.0,1.0,Burnley,1.0,0.2,59.0,24203.0,Luka Milivojević,4-3-3,Jonathan Moss,11.0,4.0,18.7,2.0,0.0,0.0,2021.0,Crystal Palace,0.0,0.0,1.0,0.0,29,2,1.9,3.6,4.0,5.0,6.0,2.0,24,4,1,0
987,2022-03-05,15:00,Premier League,Matchweek 28,Sat,Away,W,2.0,0.0,Wolves,2.7,0.7,37.0,31395.0,Marc Guéhi,4-2-3-1,Andy Madley,11.0,7.0,15.1,0.0,1.0,1.0,2021.0,Crystal Palace,0.0,1.0,0.0,0.0,30,2,3.4,3.1,2.3,3.0,3.0,1.0,43,6,0,1
988,2022-03-14,20:00,Premier League,Matchweek 29,Mon,Home,D,0.0,0.0,Manchester City,0.6,2.8,27.0,25309.0,Marc Guéhi,4-3-3,Martin Atkinson,7.0,1.0,14.7,0.0,0.0,0.0,2021.0,Crystal Palace,0.0,0.0,0.0,0.0,33,4,10.0,5.0,1.33,3.0,12.0,2.0,69,6,1,0
989,2022-04-04,20:00,Premier League,Matchweek 31,Mon,Home,W,3.0,0.0,Arsenal,1.5,0.8,32.0,25149.0,Marc Guéhi,4-2-3-1,Paul Tierney,5.0,4.0,21.0,1.0,1.0,1.0,2021.0,Crystal Palace,0.0,1.0,0.0,0.0,34,4,4.0,3.4,1.95,2.0,9.0,6.0,57,9,1,1
990,2022-04-10,14:00,Premier League,Matchweek 32,Sun,Away,L,1.0,2.0,Leicester City,1.4,1.0,49.0,31896.0,Marc Guéhi,4-2-3-1,Robert Jones,10.0,2.0,14.0,0.0,0.0,1.0,2021.0,Crystal Palace,0.0,1.0,0.0,0.0,37,4,2.9,3.3,2.37,6.0,6.0,3.0,42,4,0,-1
991,2022-04-20,19:45,Premier League,Matchweek 30,Wed,Away,L,0.0,1.0,Newcastle United,0.5,0.9,63.0,51938.0,Marc Guéhi,4-2-3-1,Tony Harrington,10.0,2.0,15.4,0.0,0.0,0.0,2021.0,Crystal Palace,0.0,0.0,0.0,0.0,34,5,3.25,3.4,2.25,4.0,6.0,5.0,31,6,0,-1
992,2022-04-25,20:00,Premier League,Matchweek 34,Mon,Home,D,0.0,0.0,Leeds United,1.9,0.5,53.0,25357.0,James McArthur,4-3-3,Darren England,17.0,7.0,13.6,0.0,0.0,0.0,2021.0,Crystal Palace,0.0,0.0,0.0,0.0,37,3,2.05,3.5,3.5,1.0,2.0,0.0,33,4,1,0
993,2022-04-30,15:00,Premier League,Matchweek 35,Sat,Away,W,2.0,1.0,Southampton,1.1,0.6,62.0,31359.0,James McArthur,4-3-3,Jarred Gillett,14.0,5.0,13.9,0.0,0.0,0.0,2021.0,Crystal Palace,0.0,0.0,0.0,0.0,38,1,3.1,3.3,2.4,4.0,10.0,3.0,40,4,0,1
994,2022-05-07,15:00,Premier League,Matchweek 36,Sat,Home,W,1.0,0.0,Watford,2.2,0.4,67.0,24622.0,Joel Ward,4-3-3,Graham Scott,14.0,6.0,15.8,1.0,1.0,1.0,2021.0,Crystal Palace,0.0,0.0,0.0,0.0,41,4,1.65,4.0,5.0,5.0,3.0,3.0,23,0,1,1
995,2022-05-15,14:00,Premier League,Matchweek 37,Sun,Away,D,1.0,1.0,Aston Villa,1.4,1.0,51.0,41136.0,Luka Milivojević,5-3-2,Chris Kavanagh,16.0,4.0,17.6,0.0,0.0,0.0,2021.0,Crystal Palace,0.0,0.0,0.0,0.0,44,7,3.75,3.5,2.0,5.0,5.0,1.0,44,7,0,0
996,2022-05-19,19:45,Premier League,Matchweek 33,Thu,Away,L,2.0,3.0,Everton,1.1,0.8,57.0,38448.0,Marc Guéhi,4-3-3,Anthony Taylor,7.0,5.0,14.2,0.0,0.0,0.0,2021.0,Crystal Palace,0.0,0.0,0.0,0.0,37,3,4.33,3.4,1.9,3.0,6.0,8.0,30,4,0,-1
997,2022-05-22,16:00,Premier League,Matchweek 38,Sun,Home,W,1.0,0.0,Manchester United,0.6,0.7,39.0,25434.0,Joel Ward,4-3-3,Martin Atkinson,6.0,3.0,14.1,0.0,0.0,0.0,2021.0,Crystal Palace,0.0,0.0,0.0,0.0,45,7,3.0,3.6,2.25,2.0,12.0,3.0,58,4,1,1
998,2021-08-13,20:00,Premier League,Matchweek 1,Fri,Home,W,2.0,0.0,Arsenal,1.2,1.3,36.0,16479.0,Pontus Jansson,3-5-2,Michael Oliver,8.0,3.0,12.1,0.0,0.0,0.0,2021.0,Brentford,0.0,0.0,0.0,0.0,0,0,4.0,3.4,1.95,0.0,0.0,0.0,0,0,1,1
999,2021-08-21,15:00,Premier League,Matchweek 2,Sat,Away,D,0.0,0.0,Crystal Palace,0.9,0.5,47.0,23091.0,Pontus Jansson,3-5-2,Martin Atkinson,14.0,3.0,18.0,1.0,0.0,0.0,2021.0,Brentford,0.0,0.0,0.0,0.0,3,3,2.87,3.2,2.55,0.0,0.0,0.0,0,0,0,0
1000,2021-08-28,15:00,Premier League,Matchweek 3,Sat,Away,D,1.0,1.0,Aston Villa,0.9,0.7,54.0,42045.0,Pontus Jansson,3-4-1-2,Peter Bankes,9.0,2.0,15.6,0.0,0.0,0.0,2021.0,Brentford,0.0,0.0,0.0,0.0,4,4,3.8,3.6,1.95,0.0,0.0,0.0,3,3,0,0
1001,2021-09-11,15:00,Premier League,Matchweek 4,Sat,Home,L,0.0,1.0,Brighton,0.4,0.3,41.0,16518.0,Pontus Jansson,3-5-2,Graham Scott,7.0,1.0,20.3,0.0,0.0,0.0,2021.0,Brentford,0.0,0.0,0.0,0.0,5,5,2.8,3.2,2.62,0.0,0.0,0.0,6,6,1,-1
1002,2021-09-18,12:30,Premier League,Matchweek 5,Sat,Away,W,2.0,0.0,Wolves,2.5,0.6,38.0,30000.0,Pontus Jansson,3-5-2,Darren England,8.0,2.0,18.7,0.0,1.0,1.0,2021.0,Brentford,1.0,1.0,0.0,1.0,5,2,5.0,3.25,1.83,0.0,0.0,0.0,3,3,0,1
1003,2021-09-25,17:30,Premier League,Matchweek 6,Sat,Home,D,3.0,3.0,Liverpool,2.1,2.8,33.0,16876.0,Pontus Jansson,3-5-2,Stuart Attwell,12.0,3.0,12.0,0.0,0.0,0.0,2021.0,Brentford,0.0,0.0,0.0,0.0,8,4,7.0,4.5,1.45,0.0,0.0,0.0,13,7,1,0
1004,2021-10-03,14:00,Premier League,Matchweek 7,Sun,Away,W,2.0,1.0,West Ham,1.2,1.5,41.0,49940.0,Pontus Jansson,3-5-2,Peter Bankes,13.0,6.0,13.9,1.0,0.0,0.0,2021.0,Brentford,0.0,0.0,0.0,0.0,9,4,4.75,3.75,1.75,0.0,0.0,0.0,11,4,0,1
1005,2021-10-16,17:30,Premier League,Matchweek 8,Sat,Home,L,0.0,1.0,Chelsea,1.4,0.3,45.0,16940.0,Pontus Jansson,3-5-2,Anthony Taylor,17.0,6.0,14.5,0.0,0.0,0.0,2021.0,Brentford,0.0,0.0,0.0,0.0,12,7,6.5,3.8,1.57,0.0,0.0,0.0,16,6,1,-1
1006,2021-10-24,14:00,Premier League,Matchweek 9,Sun,Home,L,1.0,2.0,Leicester City,1.0,1.5,54.0,16814.0,Pontus Jansson,3-5-2,Simon Hooper,15.0,5.0,16.3,0.0,0.0,0.0,2021.0,Brentford,0.0,0.0,0.0,0.0,12,4,2.62,3.3,2.7,0.0,0.0,0.0,11,5,1,-1
1007,2021-10-30,15:00,Premier League,Matchweek 10,Sat,Away,L,1.0,3.0,Burnley,0.8,2.3,59.0,18821.0,Pontus Jansson,3-5-2,Jonathan Moss,12.0,4.0,18.2,1.0,0.0,0.0,2021.0,Brentford,0.0,0.0,0.0,0.0,12,3,2.75,3.3,2.6,0.0,0.0,0.0,4,2,0,-1
1008,2021-11-06,15:00,Premier League,Matchweek 11,Sat,Home,L,1.0,2.0,Norwich City,2.5,1.2,64.0,16837.0,Pontus Jansson,3-5-2,Jarred Gillett,19.0,7.0,10.8,0.0,0.0,0.0,2021.0,Brentford,0.0,0.0,0.0,0.0,12,0,1.6,4.0,5.75,0.0,0.0,0.0,2,1,1,-1
1009,2021-11-20,15:00,Premier League,Matchweek 12,Sat,Away,D,3.0,3.0,Newcastle United,0.9,1.5,47.0,52131.0,Pontus Jansson,3-5-2,Robert Jones,10.0,3.0,18.5,1.0,0.0,0.0,2021.0,Brentford,0.0,0.0,0.0,0.0,12,0,2.7,3.4,2.62,0.0,0.0,0.0,5,2,0,0
1010,2021-11-28,14:00,Premier League,Matchweek 13,Sun,Home,W,1.0,0.0,Everton,1.2,1.0,40.0,16957.0,Pontus Jansson,3-5-2,Darren England,5.0,3.0,18.9,0.0,1.0,1.0,2021.0,Brentford,0.0,1.0,0.0,0.0,13,1,2.25,3.2,3.4,0.0,0.0,0.0,15,1,1,1
1011,2021-12-02,19:30,Premier League,Matchweek 14,Thu,Away,L,0.0,2.0,Tottenham,0.3,1.9,53.0,54202.0,Pontus Jansson,3-5-2,Jonathan Moss,6.0,2.0,17.1,0.0,0.0,0.0,2021.0,Brentford,0.0,0.0,1.0,0.0,16,4,5.25,4.2,1.6,0.0,0.0,0.0,19,4,0,-1
1012,2021-12-05,14:00,Premier League,Matchweek 15,Sun,Away,D,2.0,2.0,Leeds United,1.0,1.2,37.0,35639.0,Pontus Jansson,3-5-2,David Coote,9.0,3.0,16.7,1.0,0.0,0.0,2021.0,Brentford,0.0,0.0,0.0,0.0,16,4,3.8,3.6,1.95,0.0,0.0,0.0,15,4,0,0
1013,2021-12-10,20:00,Premier League,Matchweek 16,Fri,Home,W,2.0,1.0,Watford,1.6,0.5,63.0,16861.0,Pontus Jansson,3-5-2,Michael Oliver,13.0,4.0,15.5,0.0,1.0,1.0,2021.0,Brentford,0.0,1.0,0.0,0.0,17,4,2.25,3.3,3.3,0.0,0.0,0.0,13,0,1,1
1014,2021-12-26,20:00,Premier League,Matchweek 19,Sun,Away,L,0.0,2.0,Brighton,0.7,0.8,50.0,30141.0,Pontus Jansson,3-5-2,Darren England,16.0,5.0,17.1,0.0,0.0,0.0,2021.0,Brentford,0.0,0.0,0.0,0.0,20,3,4.2,3.4,1.9,0.0,1.0,0.0,20,0,0,-1
1015,2021-12-29,20:15,Premier League,Matchweek 20,Wed,Home,L,0.0,1.0,Manchester City,0.4,1.1,24.0,17009.0,Pontus Jansson,3-5-2,David Coote,6.0,2.0,24.6,0.0,0.0,0.0,2021.0,Brentford,0.0,0.0,0.0,0.0,20,0,19.0,8.0,1.14,0.0,0.0,0.0,47,9,1,-1
1016,2022-01-02,14:00,Premier League,Matchweek 21,Sun,Home,W,2.0,1.0,Aston Villa,0.6,0.8,45.0,16876.0,Pontus Jansson,3-5-2,Craig Pawson,10.0,4.0,17.7,0.0,0.0,0.0,2021.0,Brentford,0.0,0.0,0.0,0.0,20,0,3.0,3.3,2.4,0.0,0.0,1.0,26,4,1,1
1017,2022-01-11,19:45,Premier League,Matchweek 18,Tue,Away,L,1.0,4.0,Southampton,0.5,1.4,52.0,27383.0,Pontus Jansson,3-5-2,Stuart Attwell,5.0,4.0,12.8,0.0,0.0,0.0,2021.0,Brentford,0.0,0.0,1.0,0.0,20,4,3.6,3.4,2.05,0.0,0.0,0.0,17,2,0,-1
1018,2022-01-16,14:00,Premier League,Matchweek 22,Sun,Away,L,0.0,3.0,Liverpool,0.7,2.7,32.0,52824.0,Pontus Jansson,3-5-2,Jonathan Moss,6.0,1.0,21.2,0.0,0.0,0.0,2021.0,Brentford,0.0,0.0,0.0,0.0,23,3,10.0,5.5,1.3,0.0,0.0,1.0,45,4,0,-1
1019,2022-01-19,20:00,Premier League,Matchweek 17,Wed,Home,L,1.0,3.0,Manchester United,2.3,2.3,44.0,17094.0,Pontus Jansson,3-5-2,Andre Marriner,18.0,9.0,16.7,0.0,0.0,0.0,2021.0,Brentford,0.0,0.0,0.0,0.0,20,4,4.5,3.7,1.8,0.0,0.0,0.0,27,9,1,-1
1020,2022-01-22,15:00,Premier League,Matchweek 23,Sat,Home,L,1.0,2.0,Wolves,1.1,0.2,50.0,16982.0,Pontus Jansson,3-5-2,Peter Bankes,11.0,1.0,13.6,1.0,0.0,0.0,2021.0,Brentford,0.0,0.0,0.0,0.0,23,3,3.2,2.8,2.6,1.0,0.0,0.0,34,6,1,-1
1021,2022-02-09,19:45,Premier League,Matchweek 24,Wed,Away,L,0.0,2.0,Manchester City,0.4,1.9,26.0,51658.0,Pontus Jansson,3-5-2,Darren England,6.0,2.0,18.3,0.0,0.0,0.0,2021.0,Brentford,0.0,0.0,0.0,0.0,23,3,23.0,9.5,1.1,0.0,1.0,0.0,57,7,0,-1
1022,2022-02-12,15:00,Premier League,Matchweek 25,Sat,Home,D,0.0,0.0,Crystal Palace,1.6,0.3,42.0,16958.0,Pontus Jansson,3-5-2,Simon Hooper,9.0,2.0,12.9,0.0,0.0,0.0,2021.0,Brentford,0.0,0.0,0.0,0.0,23,0,2.55,3.1,3.0,0.0,0.0,1.0,28,2,1,0
1023,2022-02-19,15:00,Premier League,Matchweek 26,Sat,Away,L,1.0,2.0,Arsenal,0.6,1.7,34.0,59249.0,Pontus Jansson,3-5-2,Jonathan Moss,6.0,2.0,20.7,0.0,0.0,0.0,2021.0,Brentford,0.0,0.0,0.0,0.0,24,1,8.0,4.2,1.44,1.0,0.0,0.0,45,7,0,-1
1024,2022-02-26,15:00,Premier League,Matchweek 27,Sat,Home,L,0.0,2.0,Newcastle United,0.4,2.7,37.0,17039.0,Pontus Jansson,4-3-3,Mike Dean,6.0,1.0,16.5,0.0,0.0,0.0,2021.0,Brentford,1.0,0.0,0.0,0.0,24,1,2.5,3.2,3.0,0.0,0.0,1.0,25,7,1,-1
1025,2022-03-05,15:00,Premier League,Matchweek 28,Sat,Away,W,3.0,1.0,Norwich City,2.0,1.0,40.0,26887.0,Pontus Jansson,4-5-1,Anthony Taylor,8.0,4.0,21.4,0.0,2.0,2.0,2021.0,Brentford,0.0,2.0,0.0,0.0,24,1,2.5,3.1,2.9,0.0,1.0,0.0,17,0,0,1
1026,2022-03-12,15:00,Premier League,Matchweek 29,Sat,Home,W,2.0,0.0,Burnley,1.9,0.7,55.0,17088.0,Pontus Jansson,4-5-1,Paul Tierney,12.0,2.0,21.5,0.0,1.0,1.0,2021.0,Brentford,0.0,1.0,0.0,0.0,27,3,2.15,3.2,3.6,0.0,1.0,0.0,25,4,1,1
1027,2022-03-20,14:00,Premier League,Matchweek 30,Sun,Away,L,1.0,2.0,Leicester City,1.3,1.0,48.0,31830.0,Pontus Jansson,4-5-1,Darren England,15.0,6.0,14.9,0.0,0.0,0.0,2021.0,Brentford,0.0,0.0,0.0,0.0,30,6,3.4,3.4,2.15,0.0,1.0,0.0,38,4,0,-1
1028,2022-04-02,15:00,Premier League,Matchweek 31,Sat,Away,W,4.0,1.0,Chelsea,1.8,1.3,30.0,39061.0,Pontus Jansson,5-3-2,Andy Madley,17.0,6.0,13.5,1.0,0.0,0.0,2021.0,Brentford,0.0,0.0,0.0,0.0,30,6,10.0,5.0,1.33,0.0,1.0,0.0,60,9,0,1
1029,2022-04-10,14:00,Premier League,Matchweek 32,Sun,Home,W,2.0,0.0,West Ham,1.4,0.3,47.0,17032.0,Christian Nørgaard,4-3-3,Martin Atkinson,15.0,7.0,15.8,0.0,0.0,0.0,2021.0,Brentford,0.0,0.0,0.0,0.0,33,6,2.62,3.3,2.62,1.0,0.0,0.0,51,6,1,1
1030,2022-04-16,15:00,Premier League,Matchweek 33,Sat,Away,W,2.0,1.0,Watford,1.9,1.7,50.0,21045.0,Pontus Jansson,4-3-3,Simon Hooper,16.0,5.0,19.7,0.0,0.0,0.0,2021.0,Brentford,0.0,0.0,0.0,0.0,36,6,2.55,3.3,2.7,1.0,0.0,0.0,23,1,0,1
1031,2022-04-23,17:30,Premier League,Matchweek 34,Sat,Home,D,0.0,0.0,Tottenham,0.9,0.6,44.0,17072.0,Pontus Jansson,5-3-2,Martin Atkinson,15.0,1.0,15.3,1.0,0.0,0.0,2021.0,Brentford,0.0,0.0,0.0,0.0,39,9,4.33,3.5,1.85,0.0,1.0,0.0,60,6,1,0
1032,2022-05-02,20:00,Premier League,Matchweek 35,Mon,Away,L,0.0,3.0,Manchester United,0.6,2.0,37.0,73482.0,Pontus Jansson,5-3-2,Chris Kavanagh,12.0,4.0,18.9,1.0,0.0,0.0,2021.0,Brentford,0.0,0.0,0.0,0.0,40,7,4.5,4.0,1.72,0.0,1.0,0.0,54,3,0,-1
1033,2022-05-07,15:00,Premier League,Matchweek 36,Sat,Home,W,3.0,0.0,Southampton,2.6,1.4,41.0,17051.0,Pontus Jansson,4-3-3,Michael Salisbury,18.0,5.0,13.9,1.0,0.0,0.0,2021.0,Brentford,0.0,0.0,0.0,0.0,40,4,2.15,3.5,3.3,0.0,1.0,0.0,40,4,1,1
1034,2022-05-15,16:30,Premier League,Matchweek 37,Sun,Away,W,3.0,2.0,Everton,1.4,2.1,72.0,38819.0,Pontus Jansson,4-3-3,Michael Oliver,18.0,6.0,18.1,1.0,0.0,0.0,2021.0,Brentford,0.0,0.0,0.0,0.0,43,4,3.5,3.6,2.05,1.0,0.0,0.0,39,6,0,1
1035,2022-05-22,16:00,Premier League,Matchweek 38,Sun,Home,L,1.0,2.0,Leeds United,0.8,1.3,49.0,16957.0,Pontus Jansson,4-3-3,Paul Tierney,14.0,5.0,13.7,0.0,0.0,0.0,2021.0,Brentford,1.0,0.0,0.0,1.0,46,6,2.45,3.8,2.62,0.0,0.0,1.0,35,1,1,-1
1036,2021-08-14,15:00,Premier League,Matchweek 1,Sat,Away,L,2.0,3.0,Watford,1.2,1.2,62.0,20051.0,Tyrone Mings,4-2-3-1,Mike Dean,10.0,1.0,22.8,1.0,1.0,1.0,2021.0,Aston Villa,0.0,1.0,0.0,0.0,0,0,2.37,3.2,3.1,1.0,3.0,0.0,0,0,0,-1
1037,2021-08-21,15:00,Premier League,Matchweek 2,Sat,Home,W,2.0,0.0,Newcastle United,1.2,0.7,47.0,41964.0,Tyrone Mings,4-3-3,David Coote,9.0,1.0,19.5,0.0,1.0,1.0,2021.0,Aston Villa,0.0,0.0,0.0,0.0,0,0,1.8,3.75,4.33,3.0,6.0,7.0,0,0,1,1
1038,2021-08-28,15:00,Premier League,Matchweek 3,Sat,Home,D,1.0,1.0,Brentford,0.7,0.9,46.0,42045.0,Ezri Konsa,4-1-4-1,Peter Bankes,7.0,5.0,13.8,0.0,0.0,0.0,2021.0,Aston Villa,0.0,0.0,0.0,0.0,3,3,1.95,3.6,3.8,0.0,0.0,0.0,4,4,1,0
1039,2021-09-11,17:30,Premier League,Matchweek 4,Sat,Away,L,0.0,3.0,Chelsea,1.2,1.3,43.0,39969.0,Tyrone Mings,5-3-2,Stuart Attwell,18.0,6.0,18.6,0.0,0.0,0.0,2021.0,Aston Villa,0.0,0.0,0.0,0.0,4,4,11.0,5.5,1.28,3.0,10.0,3.0,7,7,0,-1
1040,2021-09-18,17:30,Premier League,Matchweek 5,Sat,Home,W,3.0,0.0,Everton,0.8,0.7,55.0,41888.0,Tyrone Mings,5-3-2,Craig Pawson,15.0,3.0,19.3,1.0,0.0,0.0,2021.0,Aston Villa,0.0,0.0,0.0,0.0,4,4,2.4,3.3,3.0,4.0,6.0,6.0,10,7,1,1
1041,2021-09-25,12:30,Premier League,Matchweek 6,Sat,Away,W,1.0,0.0,Manchester United,1.0,2.2,41.0,72922.0,Tyrone Mings,3-5-2,Mike Dean,7.0,3.0,14.1,1.0,0.0,0.0,2021.0,Aston Villa,0.0,0.0,0.0,0.0,7,4,8.0,5.25,1.36,0.0,13.0,3.0,13,9,0,1
1042,2021-10-03,14:00,Premier League,Matchweek 7,Sun,Away,L,1.0,2.0,Tottenham,1.2,1.3,44.0,53076.0,Tyrone Mings,3-5-2,Chris Kavanagh,14.0,3.0,18.0,0.0,0.0,0.0,2021.0,Aston Villa,0.0,0.0,1.0,0.0,10,6,3.4,3.6,2.1,2.0,13.0,1.0,9,0,0,-1
1043,2021-10-16,15:00,Premier League,Matchweek 8,Sat,Home,L,2.0,3.0,Wolves,1.0,2.0,48.0,41951.0,Tyrone Mings,3-4-1-2,Michael Oliver,14.0,5.0,18.0,0.0,0.0,0.0,2021.0,Aston Villa,0.0,0.0,0.0,0.0,10,6,2.15,3.25,3.5,3.0,3.0,2.0,9,6,1,-1
1044,2021-10-22,20:00,Premier League,Matchweek 9,Fri,Away,L,1.0,3.0,Arsenal,1.4,2.7,47.0,59496.0,Tyrone Mings,3-4-1-2,Craig Pawson,10.0,4.0,17.2,1.0,0.0,0.0,2021.0,Aston Villa,0.0,0.0,0.0,0.0,10,3,4.2,3.75,1.83,5.0,10.0,1.0,11,5,0,-1
1045,2021-10-31,16:30,Premier League,Matchweek 10,Sun,Home,L,1.0,4.0,West Ham,0.7,2.3,43.0,41874.0,John McGinn,4-3-3,Chris Kavanagh,9.0,3.0,16.4,0.0,0.0,0.0,2021.0,Aston Villa,1.0,0.0,0.0,0.0,10,0,2.8,3.5,2.45,4.0,5.0,5.0,17,6,1,-1
1046,2021-11-05,20:00,Premier League,Matchweek 11,Fri,Away,L,0.0,1.0,Southampton,0.6,0.6,44.0,30178.0,Tyrone Mings,4-2-3-1,Andy Madley,14.0,3.0,19.5,1.0,0.0,0.0,2021.0,Aston Villa,0.0,0.0,0.0,0.0,10,0,3.75,3.6,1.95,2.0,7.0,3.0,11,7,0,-1
1047,2021-11-20,15:00,Premier League,Matchweek 12,Sat,Home,W,2.0,0.0,Brighton,0.7,0.4,38.0,41925.0,Tyrone Mings,4-3-3,Anthony Taylor,9.0,5.0,16.5,0.0,0.0,0.0,2021.0,Aston Villa,0.0,0.0,0.0,0.0,10,0,2.45,3.3,2.9,1.0,1.0,2.0,17,2,1,1
1048,2021-11-27,15:00,Premier League,Matchweek 13,Sat,Away,W,2.0,1.0,Crystal Palace,0.5,1.0,36.0,25203.0,Tyrone Mings,4-3-3,Michael Salisbury,10.0,3.0,20.5,2.0,0.0,0.0,2021.0,Aston Villa,0.0,0.0,0.0,0.0,13,3,3.3,3.4,2.2,4.0,5.0,1.0,16,7,0,1
1049,2021-12-01,20:15,Premier League,Matchweek 14,Wed,Home,L,1.0,2.0,Manchester City,0.8,1.0,36.0,41400.0,Tyrone Mings,4-3-3,Mike Dean,9.0,3.0,13.1,0.0,0.0,0.0,2021.0,Aston Villa,0.0,0.0,0.0,0.0,16,6,9.0,5.25,1.33,2.0,13.0,1.0,29,9,1,-1
1050,2021-12-05,16:30,Premier League,Matchweek 15,Sun,Home,W,2.0,1.0,Leicester City,2.1,1.1,41.0,41572.0,Tyrone Mings,4-3-3,Michael Oliver,13.0,4.0,13.9,0.0,0.0,0.0,2021.0,Aston Villa,0.0,0.0,0.0,0.0,16,6,2.37,3.4,3.0,2.0,5.0,1.0,19,4,1,1
1051,2021-12-11,15:00,Premier League,Matchweek 16,Sat,Away,L,0.0,1.0,Liverpool,0.2,2.2,38.0,53093.0,Tyrone Mings,4-3-3,Stuart Attwell,4.0,0.0,23.6,1.0,0.0,0.0,2021.0,Aston Villa,0.0,0.0,0.0,0.0,19,6,13.0,7.0,1.2,3.0,10.0,2.0,34,9,0,-1
1052,2021-12-14,19:45,Premier League,Matchweek 17,Tue,Away,W,2.0,0.0,Norwich City,2.0,0.5,50.0,26836.0,Tyrone Mings,4-3-3,David Coote,17.0,6.0,16.7,0.0,0.0,0.0,2021.0,Aston Villa,0.0,0.0,0.0,0.0,19,3,2.25,3.3,3.3,7.0,2.0,1.0,10,1,0,1
1053,2021-12-26,17:30,Premier League,Matchweek 19,Sun,Home,L,1.0,3.0,Chelsea,0.4,2.6,42.0,41907.0,Tyrone Mings,4-3-1-2,Martin Atkinson,8.0,1.0,18.8,0.0,0.0,0.0,2021.0,Aston Villa,0.0,0.0,0.0,0.0,23,4,5.25,3.8,1.65,3.0,11.0,3.0,38,5,1,-1
1054,2022-01-02,14:00,Premier League,Matchweek 21,Sun,Away,L,1.0,2.0,Brentford,0.8,0.6,55.0,16876.0,John McGinn,4-3-3,Craig Pawson,16.0,5.0,17.1,0.0,0.0,0.0,2021.0,Aston Villa,0.0,0.0,0.0,0.0,26,4,2.4,3.3,3.0,0.0,0.0,1.0,20,0,0,-1
1055,2022-01-15,17:30,Premier League,Matchweek 22,Sat,Home,D,2.0,2.0,Manchester United,1.9,1.0,54.0,41968.0,Tyrone Mings,4-3-3,David Coote,13.0,9.0,12.7,0.0,0.0,0.0,2021.0,Aston Villa,0.0,0.0,0.0,0.0,26,3,2.87,3.5,2.4,1.0,13.0,3.0,37,4,1,0
1056,2022-01-22,12:30,Premier League,Matchweek 23,Sat,Away,W,1.0,0.0,Everton,0.8,1.6,50.0,38203.0,Tyrone Mings,4-3-3,Craig Pawson,8.0,3.0,19.8,2.0,0.0,0.0,2021.0,Aston Villa,0.0,0.0,0.0,0.0,27,4,2.62,3.25,2.75,5.0,6.0,6.0,23,3,0,1
1057,2022-02-09,20:00,Premier League,Matchweek 24,Wed,Home,D,3.0,3.0,Leeds United,1.6,1.8,40.0,41927.0,Tyrone Mings,4-3-3,Jarred Gillett,12.0,4.0,15.7,0.0,0.0,0.0,2021.0,Aston Villa,1.0,0.0,0.0,1.0,30,4,1.8,3.8,4.2,1.0,1.0,0.0,22,6,1,0
1058,2022-02-13,14:00,Premier League,Matchweek 25,Sun,Away,L,0.0,1.0,Newcastle United,0.6,0.5,62.0,52207.0,Tyrone Mings,4-3-3,Craig Pawson,11.0,1.0,19.9,1.0,0.0,0.0,2021.0,Aston Villa,0.0,0.0,0.0,0.0,31,5,2.62,3.3,2.7,4.0,6.0,7.0,21,7,0,-1
1059,2022-02-19,15:00,Premier League,Matchweek 26,Sat,Home,L,0.0,1.0,Watford,1.3,1.2,59.0,41936.0,Tyrone Mings,4-3-3,Robert Jones,20.0,1.0,21.0,1.0,0.0,0.0,2021.0,Aston Villa,0.0,0.0,0.0,0.0,31,4,1.65,3.6,5.75,1.0,4.0,0.0,15,0,1,-1
1060,2022-02-26,15:00,Premier League,Matchweek 27,Sat,Away,W,2.0,0.0,Brighton,1.0,0.7,34.0,31475.0,Tyrone Mings,4-1-2-1-2◆,John Brooks,9.0,4.0,17.5,1.0,0.0,0.0,2021.0,Aston Villa,0.0,0.0,0.0,0.0,31,1,3.5,3.3,2.2,2.0,1.0,2.0,33,4,0,1
1061,2022-03-05,15:00,Premier League,Matchweek 28,Sat,Home,W,4.0,0.0,Southampton,2.5,1.1,38.0,41855.0,Tyrone Mings,4-3-1-2,Peter Bankes,14.0,9.0,15.7,0.0,0.0,0.0,2021.0,Aston Villa,0.0,0.0,0.0,0.0,34,3,2.3,3.5,3.0,2.0,8.0,3.0,35,7,1,1
1062,2022-03-10,19:45,Premier League,Matchweek 20,Thu,Away,W,3.0,0.0,Leeds United,1.5,0.2,49.0,36400.0,Tyrone Mings,4-3-1-2,Simon Hooper,15.0,9.0,19.6,1.0,0.0,0.0,2021.0,Aston Villa,0.0,0.0,0.0,0.0,23,4,2.5,3.5,2.7,1.0,1.0,1.0,16,0,0,1
1063,2022-03-13,14:00,Premier League,Matchweek 29,Sun,Away,L,1.0,2.0,West Ham,1.1,1.2,53.0,59957.0,Tyrone Mings,4-1-2-1-2◆,Jarred Gillett,13.0,7.0,14.9,1.0,0.0,0.0,2021.0,Aston Villa,0.0,0.0,0.0,0.0,37,6,3.3,3.3,2.25,4.0,6.0,5.0,45,4,0,-1
1064,2022-03-19,12:30,Premier League,Matchweek 30,Sat,Home,L,0.0,1.0,Arsenal,0.5,1.3,47.0,41956.0,Tyrone Mings,4-3-2-1,Andy Madley,8.0,1.0,16.8,2.0,0.0,0.0,2021.0,Aston Villa,0.0,0.0,0.0,0.0,37,6,3.0,3.3,2.4,5.0,11.0,1.0,54,6,1,-1
1065,2022-04-02,15:00,Premier League,Matchweek 31,Sat,Away,L,1.0,2.0,Wolves,2.1,1.3,51.0,31012.0,Tyrone Mings,4-3-1-2,Darren England,14.0,4.0,20.0,1.0,1.0,1.0,2021.0,Aston Villa,0.0,1.0,1.0,0.0,37,3,2.55,3.1,3.0,3.0,4.0,2.0,46,3,0,-1
1066,2022-04-09,17:30,Premier League,Matchweek 32,Sat,Home,L,0.0,4.0,Tottenham,1.6,1.1,52.0,41949.0,Tyrone Mings,4-3-1-2,Graham Scott,19.0,8.0,16.3,1.0,0.0,0.0,2021.0,Aston Villa,0.0,0.0,0.0,0.0,37,0,3.2,3.4,2.25,2.0,14.0,1.0,57,6,1,-1
1067,2022-04-23,15:00,Premier League,Matchweek 34,Sat,Away,D,0.0,0.0,Leicester City,0.9,0.3,36.0,32185.0,Tyrone Mings,4-3-2-1,Andy Madley,11.0,3.0,17.9,0.0,0.0,0.0,2021.0,Aston Villa,0.0,0.0,0.0,0.0,37,0,2.5,3.4,2.8,3.0,5.0,1.0,45,4,0,0
1068,2022-04-30,15:00,Premier League,Matchweek 35,Sat,Home,W,2.0,0.0,Norwich City,1.8,0.5,45.0,40290.0,Tyrone Mings,4-1-4-1,John Brooks,21.0,6.0,15.7,0.0,0.0,0.0,2021.0,Aston Villa,0.0,0.0,0.0,0.0,38,1,1.4,4.5,9.0,8.0,2.0,1.0,21,3,1,1
1069,2022-05-07,15:00,Premier League,Matchweek 36,Sat,Away,W,3.0,1.0,Burnley,2.1,1.9,51.0,20891.0,Tyrone Mings,4-1-2-1-2◆,David Coote,12.0,7.0,18.3,1.0,0.0,0.0,2021.0,Aston Villa,0.0,0.0,0.0,0.0,41,4,2.4,3.3,3.0,1.0,2.0,3.0,35,7,0,1
1070,2022-05-10,20:00,Premier League,Matchweek 33,Tue,Home,L,1.0,2.0,Liverpool,1.4,1.8,40.0,41919.0,Tyrone Mings,4-3-1-2,Jonathan Moss,9.0,4.0,13.7,0.0,0.0,0.0,2021.0,Aston Villa,0.0,0.0,0.0,0.0,37,0,7.5,4.75,1.4,3.0,11.0,2.0,76,7,1,-1
1071,2022-05-15,14:00,Premier League,Matchweek 37,Sun,Home,D,1.0,1.0,Crystal Palace,1.0,1.4,49.0,41136.0,Tyrone Mings,4-3-1-2,Chris Kavanagh,13.0,4.0,18.7,0.0,0.0,0.0,2021.0,Aston Villa,0.0,0.0,0.0,0.0,44,7,2.0,3.5,3.75,5.0,5.0,1.0,44,7,1,0
1072,2022-05-19,20:00,Premier League,Matchweek 18,Thu,Home,D,1.0,1.0,Burnley,1.5,1.6,71.0,40468.0,Tyrone Mings,4-3-2-1,Paul Tierney,22.0,9.0,19.4,0.0,0.0,0.0,2021.0,Aston Villa,0.0,0.0,0.0,0.0,22,6,2.05,3.5,3.6,2.0,2.0,3.0,15,2,1,0
1073,2022-05-22,16:00,Premier League,Matchweek 38,Sun,Away,L,2.0,3.0,Manchester City,0.2,3.4,29.0,53395.0,Tyrone Mings,4-3-2-1,Michael Oliver,4.0,2.0,16.8,0.0,0.0,0.0,2021.0,Aston Villa,0.0,0.0,0.0,0.0,45,7,17.0,8.0,1.16,2.0,14.0,1.0,90,7,0,-1
1074,2021-08-14,15:00,Premier League,Matchweek 1,Sat,Away,L,1.0,3.0,Everton,0.8,2.4,52.0,38487.0,James Ward-Prowse,4-4-2,Andy Madley,6.0,3.0,15.5,0.0,0.0,0.0,2021.0,Southampton,0.0,0.0,0.0,0.0,0,0,4.0,3.5,1.9,6.0,8.0,4.0,0,0,0,-1
1075,2021-08-22,14:00,Premier League,Matchweek 2,Sun,Home,D,1.0,1.0,Manchester United,0.7,1.8,37.0,32000.0,James Ward-Prowse,4-4-2,Craig Pawson,8.0,3.0,21.5,2.0,0.0,0.0,2021.0,Southampton,0.0,0.0,0.0,0.0,0,0,5.5,4.2,1.57,2.0,9.0,7.0,3,3,1,0
1076,2021-08-28,15:00,Premier League,Matchweek 3,Sat,Away,D,2.0,2.0,Newcastle United,3.6,1.0,63.0,44017.0,James Ward-Prowse,4-4-2,Paul Tierney,21.0,5.0,19.2,1.0,1.0,1.0,2021.0,Southampton,0.0,1.0,0.0,0.0,1,1,2.8,3.4,2.5,6.0,6.0,4.0,0,0,0,0
1077,2021-09-11,15:00,Premier League,Matchweek 4,Sat,Home,D,0.0,0.0,West Ham,0.7,0.7,42.0,30000.0,James Ward-Prowse,4-1-4-1,David Coote,11.0,2.0,14.2,0.0,0.0,0.0,2021.0,Southampton,0.0,0.0,0.0,0.0,2,2,2.9,3.5,2.4,4.0,10.0,4.0,7,7,1,0
1078,2021-09-18,15:00,Premier League,Matchweek 5,Sat,Away,D,0.0,0.0,Manchester City,0.4,1.0,36.0,52698.0,James Ward-Prowse,4-4-2,Jonathan Moss,10.0,2.0,19.8,0.0,0.0,0.0,2021.0,Southampton,0.0,0.0,0.0,0.0,3,3,17.0,9.5,1.12,3.0,13.0,2.0,9,9,0,0
1079,2021-09-26,14:00,Premier League,Matchweek 6,Sun,Home,L,0.0,1.0,Wolves,1.0,1.0,57.0,28002.0,James Ward-Prowse,4-4-2,Andy Madley,18.0,6.0,20.7,1.0,0.0,0.0,2021.0,Southampton,0.0,0.0,0.0,0.0,4,3,2.62,3.2,2.8,1.0,3.0,2.0,3,3,1,-1
1080,2021-10-02,15:00,Premier League,Matchweek 7,Sat,Away,L,1.0,3.0,Chelsea,1.3,3.3,38.0,40109.0,James Ward-Prowse,4-4-2,Martin Atkinson,5.0,1.0,24.0,0.0,1.0,1.0,2021.0,Southampton,1.0,1.0,0.0,0.0,4,2,9.0,4.75,1.36,3.0,9.0,6.0,13,6,0,-1
1081,2021-10-16,15:00,Premier League,Matchweek 8,Sat,Home,W,1.0,0.0,Leeds United,1.9,0.2,46.0,30506.0,Oriol Romeu,4-4-2,David Coote,19.0,4.0,18.7,1.0,0.0,0.0,2021.0,Southampton,0.0,0.0,0.0,0.0,4,1,2.3,3.5,3.0,0.0,2.0,0.0,6,4,1,1
1082,2021-10-23,15:00,Premier League,Matchweek 9,Sat,Home,D,2.0,2.0,Burnley,1.6,0.7,61.0,29145.0,Oriol Romeu,4-4-2,Chris Kavanagh,16.0,4.0,16.9,0.0,0.0,0.0,2021.0,Southampton,0.0,0.0,0.0,0.0,7,3,1.95,3.5,3.9,4.0,5.0,3.0,3,2,1,0
1083,2021-10-30,15:00,Premier League,Matchweek 10,Sat,Away,W,1.0,0.0,Watford,1.8,1.0,60.0,20869.0,James Ward-Prowse,4-4-2,Peter Bankes,12.0,1.0,15.0,0.0,0.0,0.0,2021.0,Southampton,0.0,0.0,0.0,0.0,8,4,2.3,3.3,3.2,4.0,1.0,5.0,10,3,0,1
1084,2021-11-05,20:00,Premier League,Matchweek 11,Fri,Home,W,1.0,0.0,Aston Villa,0.6,0.6,56.0,30178.0,James Ward-Prowse,4-4-2,Andy Madley,9.0,3.0,15.6,0.0,0.0,0.0,2021.0,Southampton,0.0,0.0,0.0,0.0,11,7,1.95,3.6,3.75,7.0,2.0,3.0,10,0,1,1
1085,2021-11-20,15:00,Premier League,Matchweek 12,Sat,Away,L,1.0,2.0,Norwich City,1.0,0.5,62.0,26885.0,James Ward-Prowse,4-4-2,Martin Atkinson,17.0,5.0,18.8,0.0,0.0,0.0,2021.0,Southampton,0.0,0.0,0.0,0.0,14,7,2.05,3.5,3.6,4.0,2.0,2.0,5,3,0,-1
1086,2021-11-27,15:00,Premier League,Matchweek 13,Sat,Away,L,0.0,4.0,Liverpool,1.0,2.9,36.0,53040.0,James Ward-Prowse,3-4-3,Andre Marriner,7.0,3.0,10.5,0.0,0.0,0.0,2021.0,Southampton,0.0,0.0,0.0,0.0,14,6,9.0,6.0,1.28,4.0,11.0,3.0,25,4,0,-1
1087,2021-12-01,19:30,Premier League,Matchweek 14,Wed,Home,D,2.0,2.0,Leicester City,1.5,1.5,45.0,26951.0,James Ward-Prowse,4-4-2,Robert Jones,15.0,7.0,14.9,0.0,0.0,0.0,2021.0,Southampton,0.0,0.0,0.0,0.0,14,3,2.37,3.5,2.87,4.0,6.0,4.0,18,4,1,0
1088,2021-12-04,15:00,Premier League,Matchweek 15,Sat,Home,D,1.0,1.0,Brighton,1.6,1.6,44.0,28706.0,James Ward-Prowse,4-4-2,Anthony Taylor,14.0,4.0,17.6,1.0,0.0,0.0,2021.0,Southampton,0.0,0.0,0.0,0.0,15,1,2.45,3.2,3.0,3.0,1.0,4.0,19,2,1,0
1089,2021-12-11,15:00,Premier League,Matchweek 16,Sat,Away,L,0.0,3.0,Arsenal,0.6,1.8,39.0,59653.0,James Ward-Prowse,4-4-2,Jarred Gillett,11.0,6.0,22.1,3.0,0.0,0.0,2021.0,Southampton,0.0,0.0,0.0,0.0,16,2,5.5,4.0,1.61,3.0,9.0,6.0,23,3,0,-1
1090,2021-12-15,19:30,Premier League,Matchweek 17,Wed,Away,D,2.0,2.0,Crystal Palace,0.6,1.2,41.0,22861.0,James Ward-Prowse,4-4-2,Simon Hooper,15.0,4.0,21.3,1.0,0.0,0.0,2021.0,Southampton,0.0,0.0,0.0,0.0,16,2,3.5,3.3,2.15,10.0,4.0,2.0,19,3,0,0
1091,2021-12-26,15:00,Premier League,Matchweek 19,Sun,Away,W,3.0,2.0,West Ham,1.2,1.6,44.0,41027.0,James Ward-Prowse,4-1-4-1,Kevin Friend,10.0,5.0,22.8,0.0,1.0,1.0,2021.0,Southampton,0.0,1.0,0.0,0.0,20,4,4.2,3.9,1.8,4.0,10.0,5.0,31,4,0,1
1092,2021-12-28,15:00,Premier League,Matchweek 20,Tue,Home,D,1.0,1.0,Tottenham,0.4,2.3,35.0,31304.0,James Ward-Prowse,5-3-2,Anthony Taylor,9.0,2.0,20.7,0.0,0.0,0.0,2021.0,Southampton,1.0,0.0,0.0,1.0,23,7,3.75,3.5,2.0,3.0,13.0,2.0,35,7,1,0
1093,2022-01-11,19:45,Premier League,Matchweek 18,Tue,Home,W,4.0,1.0,Brentford,1.4,0.5,48.0,27383.0,James Ward-Prowse,3-5-2,Stuart Attwell,12.0,6.0,17.9,0.0,0.0,0.0,2021.0,Southampton,0.0,0.0,0.0,0.0,17,2,2.05,3.4,3.6,0.0,0.0,0.0,20,4,1,1
1094,2022-01-15,15:00,Premier League,Matchweek 22,Sat,Away,L,1.0,3.0,Wolves,0.8,2.5,57.0,30057.0,James Ward-Prowse,3-5-2,Michael Salisbury,13.0,10.0,20.4,2.0,0.0,0.0,2021.0,Southampton,0.0,0.0,0.0,0.0,24,4,3.4,3.2,2.25,1.0,4.0,2.0,31,6,0,-1
1095,2022-01-22,17:30,Premier League,Matchweek 23,Sat,Home,D,1.0,1.0,Manchester City,0.8,1.8,26.0,31178.0,James Ward-Prowse,4-4-2,Simon Hooper,7.0,3.0,11.0,0.0,0.0,0.0,2021.0,Southampton,0.0,0.0,0.0,0.0,24,1,10.0,6.5,1.25,3.0,13.0,3.0,56,9,1,0
1096,2022-02-09,19:45,Premier League,Matchweek 24,Wed,Away,W,3.0,2.0,Tottenham,2.2,1.4,52.0,54012.0,James Ward-Prowse,4-4-2,David Coote,23.0,9.0,16.8,0.0,0.0,0.0,2021.0,Southampton,0.0,0.0,1.0,0.0,25,1,5.5,4.0,1.6,3.0,13.0,3.0,42,6,0,1
1097,2022-02-12,12:30,Premier League,Matchweek 25,Sat,Away,D,1.0,1.0,Manchester United,0.8,2.1,47.0,73084.0,James Ward-Prowse,4-4-2,Stuart Attwell,13.0,4.0,21.1,0.0,0.0,0.0,2021.0,Southampton,0.0,0.0,0.0,0.0,28,4,5.5,4.0,1.6,2.0,9.0,8.0,42,5,0,0
1098,2022-02-19,15:00,Premier League,Matchweek 26,Sat,Home,W,2.0,0.0,Everton,2.5,0.3,55.0,31312.0,James Ward-Prowse,4-4-2,Andy Madley,19.0,11.0,15.4,1.0,0.0,0.0,2021.0,Southampton,0.0,0.0,0.0,0.0,29,5,2.1,3.5,3.5,6.0,9.0,4.0,26,3,1,1
1099,2022-02-25,20:00,Premier League,Matchweek 27,Fri,Home,W,2.0,0.0,Norwich City,2.6,0.6,58.0,31182.0,James Ward-Prowse,4-4-2,Simon Hooper,27.0,9.0,15.9,1.0,0.0,0.0,2021.0,Southampton,0.0,0.0,0.0,0.0,32,7,1.53,4.33,6.0,4.0,3.0,2.0,17,1,1,1
1100,2022-03-05,15:00,Premier League,Matchweek 28,Sat,Away,L,0.0,4.0,Aston Villa,1.1,2.5,62.0,41855.0,James Ward-Prowse,4-4-2,Peter Bankes,11.0,1.0,19.1,1.0,0.0,0.0,2021.0,Southampton,0.0,0.0,0.0,0.0,35,7,3.0,3.5,2.3,8.0,2.0,3.0,34,3,0,-1
1101,2022-03-10,19:30,Premier League,Matchweek 21,Thu,Home,L,1.0,2.0,Newcastle United,1.1,0.6,67.0,30056.0,James Ward-Prowse,4-4-2,Kevin Friend,14.0,5.0,13.9,0.0,0.0,0.0,2021.0,Southampton,0.0,0.0,0.0,0.0,24,7,2.0,3.75,3.5,6.0,6.0,5.0,11,1,1,-1
1102,2022-03-13,14:00,Premier League,Matchweek 29,Sun,Home,L,1.0,2.0,Watford,1.4,1.7,63.0,28863.0,James Ward-Prowse,4-4-2,Graham Scott,13.0,6.0,12.8,1.0,0.0,0.0,2021.0,Southampton,0.0,0.0,0.0,0.0,35,6,1.6,4.2,5.25,5.0,1.0,5.0,19,4,1,-1
1103,2022-04-02,15:00,Premier League,Matchweek 31,Sat,Away,D,1.0,1.0,Leeds United,1.4,1.2,44.0,36580.0,James Ward-Prowse,4-3-1-2,Anthony Taylor,14.0,5.0,16.4,1.0,0.0,0.0,2021.0,Southampton,0.0,0.0,0.0,0.0,35,0,2.75,3.75,2.37,1.0,2.0,0.0,29,6,0,0
1104,2022-04-09,15:00,Premier League,Matchweek 32,Sat,Home,L,0.0,6.0,Chelsea,0.5,4.2,30.0,31359.0,James Ward-Prowse,4-4-2,Kevin Friend,4.0,1.0,17.0,0.0,0.0,0.0,2021.0,Southampton,0.0,0.0,0.0,0.0,36,1,3.8,3.6,1.95,3.0,10.0,6.0,60,6,1,-1
1105,2022-04-16,15:00,Premier League,Matchweek 33,Sat,Home,W,1.0,0.0,Arsenal,0.8,1.7,25.0,31465.0,James Ward-Prowse,3-4-3,Peter Bankes,9.0,3.0,15.9,1.0,0.0,0.0,2021.0,Southampton,0.0,0.0,0.0,0.0,36,1,3.8,3.6,1.95,3.0,10.0,6.0,57,3,1,1
1106,2022-04-21,19:45,Premier League,Matchweek 30,Thu,Away,L,0.0,2.0,Burnley,0.9,1.5,56.0,17384.0,James Ward-Prowse,3-1-4-2,Stuart Attwell,11.0,3.0,15.1,1.0,0.0,0.0,2021.0,Southampton,0.0,0.0,0.0,0.0,35,3,2.62,3.25,2.75,4.0,5.0,4.0,25,1,0,-1
1107,2022-04-24,14:00,Premier League,Matchweek 34,Sun,Away,D,2.0,2.0,Brighton,0.9,1.7,52.0,31335.0,James Ward-Prowse,4-4-2,Robert Jones,18.0,5.0,20.4,1.0,0.0,0.0,2021.0,Southampton,0.0,0.0,1.0,0.0,39,4,3.6,3.4,2.1,3.0,1.0,5.0,40,7,0,0
1108,2022-04-30,15:00,Premier League,Matchweek 35,Sat,Home,L,1.0,2.0,Crystal Palace,0.6,1.1,38.0,31359.0,James Ward-Prowse,4-4-2,Jarred Gillett,8.0,3.0,16.4,0.0,0.0,0.0,2021.0,Southampton,0.0,0.0,0.0,0.0,40,4,2.4,3.3,3.1,10.0,4.0,3.0,38,1,1,-1
1109,2022-05-07,15:00,Premier League,Matchweek 36,Sat,Away,L,0.0,3.0,Brentford,1.4,2.6,59.0,17051.0,James Ward-Prowse,4-4-2,Michael Salisbury,19.0,4.0,18.8,2.0,0.0,0.0,2021.0,Southampton,0.0,0.0,0.0,0.0,40,4,3.3,3.5,2.15,1.0,0.0,0.0,40,4,0,-1
1110,2022-05-17,19:45,Premier League,Matchweek 37,Tue,Home,L,1.0,2.0,Liverpool,0.1,1.3,30.0,31588.0,James Ward-Prowse,5-4-1,Martin Atkinson,4.0,2.0,25.2,1.0,0.0,0.0,2021.0,Southampton,0.0,0.0,0.0,0.0,40,1,7.5,5.5,1.33,4.0,12.0,3.0,86,7,1,-1
1111,2022-05-22,16:00,Premier League,Matchweek 38,Sun,Away,L,1.0,4.0,Leicester City,1.1,3.4,49.0,32003.0,James Ward-Prowse,4-4-2,Jonathan Moss,6.0,1.0,18.9,1.0,1.0,1.0,2021.0,Southampton,0.0,1.0,0.0,0.0,40,0,3.8,4.0,1.85,4.0,6.0,5.0,49,3,0,-1
1112,2021-08-14,15:00,Premier League,Matchweek 1,Sat,Home,W,3.0,1.0,Southampton,2.4,0.8,48.0,38487.0,Séamus Coleman,4-2-3-1,Andy Madley,14.0,6.0,12.5,1.0,0.0,0.0,2021.0,Everton,0.0,0.0,0.0,0.0,0,0,1.9,3.5,4.0,8.0,6.0,4.0,0,0,1,1
1113,2021-08-21,15:00,Premier League,Matchweek 2,Sat,Away,D,2.0,2.0,Leeds United,1.8,1.2,31.0,36293.0,Séamus Coleman,4-4-1-1,Darren England,16.0,7.0,20.9,0.0,1.0,1.0,2021.0,Everton,0.0,1.0,0.0,0.0,3,3,3.0,3.4,2.37,1.0,1.0,0.0,0,0,0,0
1114,2021-08-28,15:00,Premier League,Matchweek 3,Sat,Away,W,2.0,0.0,Brighton,1.4,0.7,35.0,30548.0,Séamus Coleman,4-4-1-1,Jonathan Moss,13.0,4.0,21.2,0.0,1.0,1.0,2021.0,Everton,0.0,1.0,0.0,0.0,4,4,3.3,3.2,2.3,4.0,2.0,2.0,6,6,0,1
1115,2021-09-13,20:00,Premier League,Matchweek 4,Mon,Home,W,3.0,1.0,Burnley,1.4,1.0,52.0,30000.0,Séamus Coleman,3-4-3,Martin Atkinson,14.0,6.0,19.5,1.0,0.0,0.0,2021.0,Everton,0.0,0.0,0.0,0.0,7,7,1.7,3.75,5.0,6.0,5.0,1.0,1,1,1,1
1116,2021-09-18,17:30,Premier League,Matchweek 5,Sat,Away,L,0.0,3.0,Aston Villa,0.7,0.8,45.0,41888.0,Lucas Digne,4-4-1-1,Craig Pawson,11.0,1.0,16.2,1.0,0.0,0.0,2021.0,Everton,0.0,0.0,1.0,0.0,10,7,3.0,3.3,2.4,6.0,4.0,6.0,4,4,0,-1
1117,2021-09-25,15:00,Premier League,Matchweek 6,Sat,Home,W,2.0,0.0,Norwich City,1.9,0.5,47.0,38821.0,Lucas Digne,4-4-1-1,David Coote,10.0,3.0,18.8,0.0,1.0,1.0,2021.0,Everton,0.0,1.0,0.0,0.0,10,6,1.61,3.8,5.75,3.0,2.0,5.0,0,0,1,1
1118,2021-10-02,12:30,Premier League,Matchweek 7,Sat,Away,D,1.0,1.0,Manchester United,1.3,1.0,28.0,73128.0,Lucas Digne,4-4-1-1,Michael Oliver,12.0,2.0,14.5,0.0,0.0,0.0,2021.0,Everton,0.0,0.0,0.0,0.0,13,6,7.5,4.33,1.45,5.0,10.0,7.0,13,6,0,0
1119,2021-10-17,14:00,Premier League,Matchweek 8,Sun,Home,L,0.0,1.0,West Ham,0.9,1.2,39.0,39132.0,Séamus Coleman,4-4-1-1,Stuart Attwell,15.0,2.0,14.7,0.0,0.0,0.0,2021.0,Everton,0.0,0.0,0.0,0.0,14,4,2.5,3.4,2.8,11.0,4.0,5.0,11,3,1,-1
1120,2021-10-23,15:00,Premier League,Matchweek 9,Sat,Home,L,2.0,5.0,Watford,1.5,3.7,49.0,38834.0,Séamus Coleman,4-4-1-1,Graham Scott,15.0,4.0,15.7,0.0,0.0,0.0,2021.0,Everton,0.0,0.0,0.0,0.0,14,4,1.65,3.8,5.5,4.0,3.0,3.0,7,1,1,-1
1121,2021-11-01,20:00,Premier League,Matchweek 10,Mon,Away,L,1.0,2.0,Wolves,1.5,1.7,39.0,30617.0,Séamus Coleman,4-4-2,Martin Atkinson,14.0,5.0,15.7,0.0,0.0,0.0,2021.0,Everton,0.0,0.0,0.0,0.0,14,1,3.5,3.2,2.2,5.0,2.0,3.0,13,7,0,-1
1122,2021-11-07,14:00,Premier League,Matchweek 11,Sun,Home,D,0.0,0.0,Tottenham,0.6,0.7,45.0,39059.0,Séamus Coleman,4-4-1-1,Chris Kavanagh,12.0,2.0,18.3,0.0,0.0,0.0,2021.0,Everton,1.0,0.0,0.0,0.0,14,0,3.1,3.25,2.37,4.0,9.0,9.0,15,3,1,0
1123,2021-11-21,14:00,Premier League,Matchweek 12,Sun,Away,L,0.0,3.0,Manchester City,0.2,2.5,23.0,52571.0,Séamus Coleman,4-4-1-1,Stuart Attwell,4.0,1.0,15.5,1.0,0.0,0.0,2021.0,Everton,0.0,0.0,0.0,0.0,15,1,19.0,8.0,1.14,5.0,12.0,5.0,23,6,0,-1
1124,2021-11-28,14:00,Premier League,Matchweek 13,Sun,Away,L,0.0,1.0,Brentford,1.0,1.2,60.0,16957.0,Séamus Coleman,4-4-1-1,Darren England,14.0,5.0,16.6,1.0,0.0,0.0,2021.0,Everton,0.0,0.0,0.0,0.0,15,1,3.4,3.2,2.25,0.0,0.0,0.0,13,1,0,-1
1125,2021-12-01,20:15,Premier League,Matchweek 14,Wed,Home,L,1.0,4.0,Liverpool,0.7,2.4,33.0,39641.0,Séamus Coleman,4-4-2,Paul Tierney,8.0,2.0,20.8,1.0,0.0,0.0,2021.0,Everton,0.0,0.0,0.0,0.0,15,1,7.5,5.25,1.36,2.0,8.0,12.0,28,6,1,-1
1126,2021-12-06,20:00,Premier League,Matchweek 15,Mon,Home,W,2.0,1.0,Arsenal,0.9,1.0,37.0,38906.0,Séamus Coleman,4-4-1-1,Mike Dean,11.0,5.0,17.1,0.0,0.0,0.0,2021.0,Everton,0.0,0.0,0.0,0.0,15,0,3.4,3.5,2.1,5.0,12.0,5.0,23,3,1,1
1127,2021-12-12,16:30,Premier League,Matchweek 16,Sun,Away,L,1.0,3.0,Crystal Palace,1.0,1.8,39.0,24066.0,Séamus Coleman,4-1-4-1,Andy Madley,12.0,6.0,20.5,1.0,0.0,0.0,2021.0,Everton,0.0,0.0,0.0,0.0,18,3,3.3,3.2,2.3,6.0,2.0,8.0,16,0,0,-1
1128,2021-12-16,19:45,Premier League,Matchweek 17,Thu,Away,D,1.0,1.0,Chelsea,0.6,2.9,20.0,13933.0,Michael Keane,5-4-1,Michael Oliver,5.0,3.0,21.1,0.0,0.0,0.0,2021.0,Everton,0.0,0.0,0.0,0.0,18,3,13.0,6.5,1.22,6.0,11.0,4.0,36,6,0,0
1129,2022-01-02,14:00,Premier League,Matchweek 21,Sun,Home,L,2.0,3.0,Brighton,1.6,1.7,50.0,38203.0,Séamus Coleman,5-4-1,John Brooks,16.0,6.0,17.9,0.0,0.0,1.0,2021.0,Everton,0.0,1.0,0.0,0.0,23,4,2.75,3.2,2.62,5.0,2.0,2.0,24,4,1,-1
1130,2022-01-15,15:00,Premier League,Matchweek 22,Sat,Away,L,1.0,2.0,Norwich City,0.6,1.0,59.0,26629.0,Séamus Coleman,4-4-2,Andy Madley,12.0,5.0,17.0,1.0,0.0,0.0,2021.0,Everton,0.0,0.0,1.0,0.0,23,3,2.0,3.5,3.75,4.0,2.0,5.0,10,0,0,-1
1131,2022-01-22,12:30,Premier League,Matchweek 23,Sat,Home,L,0.0,1.0,Aston Villa,1.6,0.8,50.0,38203.0,Yerry Mina,4-4-2,Craig Pawson,15.0,0.0,14.1,2.0,0.0,0.0,2021.0,Everton,0.0,0.0,0.0,0.0,23,3,2.75,3.25,2.62,6.0,5.0,6.0,27,4,1,-1
1132,2022-02-08,19:45,Premier League,Matchweek 24,Tue,Away,L,1.0,3.0,Newcastle United,0.7,1.9,60.0,52186.0,Séamus Coleman,3-4-3,Anthony Taylor,11.0,2.0,19.1,1.0,0.0,0.0,2021.0,Everton,0.0,0.0,1.0,0.0,23,0,2.87,3.25,2.5,11.0,6.0,3.0,18,7,0,-1
1133,2022-02-12,15:00,Premier League,Matchweek 25,Sat,Home,W,3.0,0.0,Leeds United,2.7,0.3,42.0,39150.0,Séamus Coleman,4-4-2,Graham Scott,21.0,10.0,18.2,0.0,0.0,0.0,2021.0,Everton,0.0,0.0,0.0,0.0,23,0,2.25,3.5,3.0,1.0,1.0,1.0,23,4,1,1
1134,2022-02-19,15:00,Premier League,Matchweek 26,Sat,Away,L,0.0,2.0,Southampton,0.3,2.5,45.0,31312.0,Séamus Coleman,4-4-2,Andy Madley,9.0,0.0,23.4,0.0,0.0,0.0,2021.0,Everton,0.0,0.0,0.0,0.0,26,3,3.5,3.5,2.1,9.0,6.0,4.0,29,5,0,-1
1135,2022-02-26,17:30,Premier League,Matchweek 27,Sat,Home,L,0.0,1.0,Manchester City,0.5,1.8,33.0,39105.0,Séamus Coleman,4-3-3,Paul Tierney,6.0,2.0,19.1,1.0,0.0,0.0,2021.0,Everton,0.0,0.0,0.0,0.0,26,3,10.0,5.75,1.28,5.0,13.0,5.0,63,6,1,-1
1136,2022-03-07,20:00,Premier League,Matchweek 28,Mon,Away,L,0.0,5.0,Tottenham,0.2,2.5,45.0,59647.0,Séamus Coleman,4-2-3-1,Stuart Attwell,6.0,0.0,22.5,1.0,0.0,0.0,2021.0,Everton,0.0,0.0,1.0,0.0,26,3,5.75,3.8,1.57,4.0,9.0,10.0,48,6,0,-1
1137,2022-03-13,14:00,Premier League,Matchweek 29,Sun,Home,L,0.0,1.0,Wolves,0.4,0.8,39.0,39112.0,Séamus Coleman,3-4-3,Michael Oliver,7.0,2.0,20.5,1.0,0.0,0.0,2021.0,Everton,1.0,0.0,0.0,1.0,26,0,2.3,3.2,3.3,5.0,3.0,3.0,43,3,1,-1
1138,2022-03-17,19:45,Premier League,Matchweek 20,Thu,Home,W,1.0,0.0,Newcastle United,0.7,0.9,39.0,39068.0,Séamus Coleman,4-2-3-1,Craig Pawson,9.0,3.0,17.2,1.0,0.0,0.0,2021.0,Everton,1.0,0.0,0.0,0.0,20,2,2.4,3.25,3.1,11.0,7.0,3.0,11,1,1,1
1139,2022-04-03,14:00,Premier League,Matchweek 31,Sun,Away,L,1.0,2.0,West Ham,0.7,1.2,45.0,59953.0,Michael Keane,4-3-3,Michael Oliver,13.0,2.0,18.7,0.0,0.0,0.0,2021.0,Everton,1.0,0.0,0.0,1.0,27,1,4.5,3.8,1.75,11.0,5.0,5.0,48,3,0,-1
1140,2022-04-06,19:30,Premier League,Matchweek 19,Wed,Away,L,2.0,3.0,Burnley,2.4,2.0,48.0,19830.0,Jordan Pickford,4-3-3,Mike Dean,14.0,2.0,19.5,0.0,2.0,2.0,2021.0,Everton,0.0,2.0,0.0,0.0,20,2,2.87,3.1,2.62,7.0,5.0,1.0,16,3,0,-1
1141,2022-04-09,12:30,Premier League,Matchweek 32,Sat,Home,W,1.0,0.0,Manchester United,0.4,0.8,33.0,39080.0,Séamus Coleman,4-3-3,Jonathan Moss,7.0,3.0,18.3,0.0,0.0,0.0,2021.0,Everton,0.0,0.0,0.0,0.0,27,1,4.6,3.75,1.75,5.0,10.0,8.0,51,4,1,1
1142,2022-04-20,19:45,Premier League,Matchweek 18,Wed,Home,D,1.0,1.0,Leicester City,1.8,0.9,37.0,39153.0,Séamus Coleman,4-3-3,David Coote,13.0,3.0,14.7,0.0,0.0,0.0,2021.0,Everton,0.0,0.0,0.0,0.0,19,4,2.25,3.4,3.25,6.0,5.0,3.0,22,3,1,0
1143,2022-04-24,16:30,Premier League,Matchweek 34,Sun,Away,L,0.0,2.0,Liverpool,0.4,1.7,18.0,53213.0,Séamus Coleman,4-3-3,Stuart Attwell,9.0,1.0,19.1,1.0,0.0,0.0,2021.0,Everton,0.0,0.0,0.0,0.0,33,6,15.0,7.0,1.18,2.0,9.0,12.0,79,7,0,-1
1144,2022-05-01,14:00,Premier League,Matchweek 35,Sun,Home,W,1.0,0.0,Chelsea,0.8,0.8,23.0,39256.0,Séamus Coleman,5-4-1,Kevin Friend,9.0,4.0,17.8,1.0,0.0,0.0,2021.0,Everton,0.0,0.0,0.0,0.0,33,6,5.0,3.6,1.75,6.0,11.0,5.0,69,9,1,1
1145,2022-05-08,14:00,Premier League,Matchweek 36,Sun,Away,W,2.0,1.0,Leicester City,1.1,1.5,34.0,32001.0,Séamus Coleman,5-4-1,Craig Pawson,10.0,4.0,13.8,0.0,0.0,0.0,2021.0,Everton,0.0,0.0,0.0,0.0,36,6,2.75,3.3,2.6,6.0,5.0,4.0,46,1,0,1
1146,2022-05-11,19:45,Premier League,Matchweek 30,Wed,Away,D,0.0,0.0,Watford,0.7,0.3,52.0,20653.0,Séamus Coleman,5-4-1,Mike Dean,16.0,5.0,16.8,0.0,0.0,0.0,2021.0,Everton,0.0,0.0,0.0,0.0,26,0,1.83,3.6,4.2,4.0,4.0,3.0,22,4,0,0
1147,2022-05-15,16:30,Premier League,Matchweek 37,Sun,Home,L,2.0,3.0,Brentford,2.1,1.4,28.0,38819.0,Séamus Coleman,3-4-3,Michael Oliver,9.0,4.0,17.4,0.0,1.0,1.0,2021.0,Everton,2.0,1.0,1.0,0.0,39,6,2.05,3.6,3.5,0.0,1.0,0.0,43,4,1,-1
1148,2022-05-19,19:45,Premier League,Matchweek 33,Thu,Home,W,3.0,2.0,Crystal Palace,0.8,1.1,43.0,38448.0,Séamus Coleman,3-4-3,Anthony Taylor,12.0,6.0,18.5,1.0,0.0,0.0,2021.0,Everton,0.0,0.0,0.0,0.0,30,4,1.9,3.4,4.33,6.0,3.0,8.0,37,3,1,1
1149,2022-05-22,16:00,Premier League,Matchweek 38,Sun,Away,L,1.0,5.0,Arsenal,1.1,4.2,27.0,60201.0,Asmir Begović,5-4-1,Andre Marriner,6.0,2.0,17.7,0.0,0.0,0.0,2021.0,Everton,0.0,0.0,0.0,0.0,39,6,9.0,4.75,1.36,6.0,12.0,5.0,66,6,0,-1
1150,2021-08-14,12:30,Premier League,Matchweek 1,Sat,Away,L,1.0,5.0,Manchester United,0.5,1.5,51.0,72732.0,Liam Cooper,4-1-4-1,Paul Tierney,10.0,3.0,21.3,0.0,0.0,0.0,2021.0,Leeds United,0.0,0.0,0.0,0.0,0,0,5.75,4.5,1.53,0.0,1.0,1.0,0,0,0,-1
1151,2021-08-21,15:00,Premier League,Matchweek 2,Sat,Home,D,2.0,2.0,Everton,1.2,1.8,69.0,36293.0,Liam Cooper,3-3-3-1,Darren England,17.0,4.0,20.9,0.0,0.0,0.0,2021.0,Leeds United,0.0,0.0,0.0,0.0,0,0,2.37,3.4,3.0,1.0,1.0,0.0,3,3,1,0
1152,2021-08-29,14:00,Premier League,Matchweek 3,Sun,Away,D,1.0,1.0,Burnley,1.2,1.0,64.0,20000.0,Liam Cooper,3-3-3-1,Michael Oliver,12.0,2.0,16.1,0.0,0.0,0.0,2021.0,Leeds United,0.0,0.0,0.0,0.0,1,1,2.25,3.5,3.1,2.0,0.0,0.0,0,0,0,0
1153,2021-09-12,16:30,Premier League,Matchweek 4,Sun,Home,L,0.0,3.0,Liverpool,1.2,4.3,44.0,36507.0,Liam Cooper,4-1-4-1,Craig Pawson,9.0,4.0,15.2,0.0,0.0,0.0,2021.0,Leeds United,1.0,0.0,0.0,0.0,2,2,4.33,4.0,1.75,0.0,1.0,1.0,7,7,1,-1
1154,2021-09-17,20:00,Premier League,Matchweek 5,Fri,Away,D,1.0,1.0,Newcastle United,1.5,1.3,65.0,50407.0,Liam Cooper,4-1-4-1,Mike Dean,22.0,9.0,20.4,0.0,0.0,0.0,2021.0,Leeds United,0.0,0.0,0.0,0.0,2,2,2.3,3.6,3.0,2.0,0.0,0.0,1,1,0,0
1155,2021-09-25,15:00,Premier League,Matchweek 6,Sat,Home,L,1.0,2.0,West Ham,1.2,1.6,53.0,36417.0,Liam Cooper,4-1-4-1,Kevin Friend,15.0,5.0,19.5,0.0,0.0,0.0,2021.0,Leeds United,0.0,0.0,1.0,0.0,3,2,3.0,3.6,2.25,0.0,2.0,0.0,8,2,1,-1
1156,2021-10-02,15:00,Premier League,Matchweek 7,Sat,Home,W,1.0,0.0,Watford,1.3,0.2,66.0,36261.0,Liam Cooper,4-1-4-1,Simon Hooper,20.0,3.0,18.8,1.0,0.0,0.0,2021.0,Leeds United,0.0,0.0,0.0,0.0,3,1,1.7,4.0,4.75,0.0,0.0,0.0,7,4,1,1
1157,2021-10-16,15:00,Premier League,Matchweek 8,Sat,Away,L,0.0,1.0,Southampton,0.2,1.9,54.0,30506.0,Liam Cooper,3-3-3-1,David Coote,3.0,0.0,21.7,0.0,0.0,0.0,2021.0,Leeds United,0.0,0.0,0.0,0.0,6,4,3.0,3.5,2.3,2.0,0.0,0.0,4,1,0,-1
1158,2021-10-23,15:00,Premier League,Matchweek 9,Sat,Home,D,1.0,1.0,Wolves,1.6,0.9,62.0,36475.0,Liam Cooper,4-4-1-1,Robert Jones,17.0,3.0,19.2,0.0,1.0,1.0,2021.0,Leeds United,0.0,1.0,0.0,0.0,6,3,2.4,3.4,2.87,0.0,2.0,0.0,12,9,1,0
1159,2021-10-31,14:00,Premier League,Matchweek 10,Sun,Away,W,2.0,1.0,Norwich City,0.7,0.8,52.0,26913.0,Liam Cooper,3-3-3-1,Anthony Taylor,13.0,5.0,20.9,0.0,0.0,0.0,2021.0,Leeds United,0.0,0.0,0.0,0.0,7,4,2.1,3.5,3.4,0.0,0.0,0.0,2,2,0,1
1160,2021-11-07,14:00,Premier League,Matchweek 11,Sun,Home,D,1.0,1.0,Leicester City,1.3,0.7,56.0,36478.0,Liam Cooper,4-2-3-1,Darren England,18.0,5.0,17.7,1.0,0.0,0.0,2021.0,Leeds United,0.0,0.0,0.0,0.0,10,4,2.8,3.5,2.45,1.0,1.0,0.0,14,6,1,0
1161,2021-11-21,16:30,Premier League,Matchweek 12,Sun,Away,L,1.0,2.0,Tottenham,1.4,2.1,57.0,58989.0,Liam Cooper,3-3-3-1,Andre Marriner,18.0,7.0,21.4,1.0,0.0,0.0,2021.0,Leeds United,0.0,0.0,0.0,0.0,11,5,4.5,4.2,1.7,1.0,1.0,0.0,16,1,0,-1
1162,2021-11-27,17:30,Premier League,Matchweek 13,Sat,Away,D,0.0,0.0,Brighton,0.6,2.1,43.0,31166.0,Liam Cooper,4-2-3-1,Craig Pawson,11.0,4.0,17.4,1.0,0.0,0.0,2021.0,Leeds United,0.0,0.0,0.0,0.0,11,4,3.75,3.4,2.05,0.0,2.0,0.0,17,2,0,0
1163,2021-11-30,20:15,Premier League,Matchweek 14,Tue,Home,W,1.0,0.0,Crystal Palace,1.4,1.1,61.0,35558.0,Liam Cooper,4-1-4-1,Kevin Friend,14.0,2.0,20.1,0.0,1.0,1.0,2021.0,Leeds United,0.0,0.0,0.0,0.0,12,2,2.4,3.3,3.0,1.0,1.0,0.0,16,4,1,1
1164,2021-12-05,14:00,Premier League,Matchweek 15,Sun,Home,D,2.0,2.0,Brentford,1.2,1.0,63.0,35639.0,Liam Cooper,3-4-3,David Coote,13.0,6.0,17.3,0.0,0.0,0.0,2021.0,Leeds United,0.0,0.0,0.0,0.0,15,4,1.95,3.6,3.8,0.0,0.0,0.0,16,4,1,0
1165,2021-12-11,15:00,Premier League,Matchweek 16,Sat,Away,L,2.0,3.0,Chelsea,1.4,2.5,43.0,39959.0,Luke Ayling,4-3-1-2,Chris Kavanagh,11.0,4.0,19.4,2.0,1.0,1.0,2021.0,Leeds United,0.0,1.0,0.0,0.0,16,5,12.0,5.75,1.25,0.0,1.0,1.0,33,4,0,-1
1166,2021-12-14,20:00,Premier League,Matchweek 17,Tue,Away,L,0.0,7.0,Manchester City,0.3,3.1,37.0,52401.0,Luke Ayling,4-2-3-1,Paul Tierney,6.0,3.0,25.3,1.0,0.0,0.0,2021.0,Leeds United,0.0,0.0,0.0,0.0,16,4,15.0,8.5,1.14,1.0,0.0,1.0,38,9,0,-1
1167,2021-12-18,17:30,Premier League,Matchweek 18,Sat,Home,L,1.0,4.0,Arsenal,1.6,3.5,51.0,36166.0,Luke Ayling,4-2-3-1,Andre Marriner,8.0,1.0,24.8,0.0,1.0,1.0,2021.0,Leeds United,0.0,1.0,0.0,0.0,16,1,3.9,3.8,1.83,0.0,1.0,1.0,29,6,1,-1
1168,2022-01-02,14:00,Premier League,Matchweek 21,Sun,Home,W,3.0,1.0,Burnley,1.9,1.0,55.0,36083.0,Luke Ayling,3-4-3,Paul Tierney,22.0,7.0,18.9,0.0,0.0,0.0,2021.0,Leeds United,0.0,0.0,0.0,0.0,16,0,2.05,3.5,3.5,2.0,0.0,1.0,19,4,1,1
1169,2022-01-16,14:00,Premier League,Matchweek 22,Sun,Away,W,3.0,2.0,West Ham,2.2,2.4,52.0,59951.0,Luke Ayling,4-1-4-1,Mike Dean,18.0,5.0,16.8,2.0,0.0,0.0,2021.0,Leeds United,0.0,0.0,0.0,0.0,19,3,5.0,4.2,1.61,0.0,3.0,0.0,37,6,0,1
1170,2022-01-22,15:00,Premier League,Matchweek 23,Sat,Home,L,0.0,1.0,Newcastle United,0.7,0.9,62.0,36405.0,Luke Ayling,4-2-3-1,Chris Kavanagh,13.0,4.0,16.1,0.0,0.0,0.0,2021.0,Leeds United,0.0,0.0,0.0,0.0,22,6,2.0,3.5,3.75,2.0,0.0,1.0,15,4,1,-1
1171,2022-02-09,20:00,Premier League,Matchweek 24,Wed,Away,D,3.0,3.0,Aston Villa,1.8,1.6,60.0,41927.0,Luke Ayling,4-2-3-1,Jarred Gillett,16.0,7.0,13.9,0.0,0.0,0.0,2021.0,Leeds United,0.0,0.0,0.0,0.0,22,6,4.2,3.8,1.8,1.0,1.0,0.0,30,4,0,0
1172,2022-02-12,15:00,Premier League,Matchweek 25,Sat,Away,L,0.0,3.0,Everton,0.3,2.7,58.0,39150.0,Luke Ayling,3-3-3-1,Graham Scott,7.0,0.0,24.1,0.0,0.0,0.0,2021.0,Leeds United,0.0,0.0,0.0,0.0,23,4,3.0,3.5,2.25,1.0,1.0,1.0,23,0,0,-1
1173,2022-02-20,14:00,Premier League,Matchweek 26,Sun,Home,L,2.0,4.0,Manchester United,1.8,2.2,54.0,36715.0,Luke Ayling,4-2-3-1,Paul Tierney,16.0,6.0,19.3,0.0,0.0,0.0,2021.0,Leeds United,0.0,0.0,0.0,0.0,23,1,3.9,3.8,1.85,0.0,2.0,1.0,43,5,1,-1
1174,2022-02-23,19:45,Premier League,Matchweek 19,Wed,Away,L,0.0,6.0,Liverpool,0.2,5.9,37.0,53018.0,Luke Ayling,4-1-4-1,Michael Oliver,3.0,2.0,21.1,0.0,0.0,0.0,2021.0,Leeds United,0.0,0.0,0.0,0.0,16,0,15.0,8.0,1.16,0.0,2.0,1.0,41,7,0,-1
1175,2022-02-26,12:30,Premier League,Matchweek 27,Sat,Home,L,0.0,4.0,Tottenham,1.5,1.9,50.0,36599.0,Luke Ayling,4-1-4-1,Craig Pawson,19.0,2.0,18.0,1.0,0.0,0.0,2021.0,Leeds United,0.0,0.0,0.0,0.0,23,1,4.2,3.6,1.85,1.0,2.0,0.0,45,3,1,-1
1176,2022-03-05,12:30,Premier League,Matchweek 28,Sat,Away,L,0.0,1.0,Leicester City,1.7,0.4,49.0,32236.0,Luke Ayling,4-2-3-1,David Coote,19.0,4.0,13.3,0.0,0.0,0.0,2021.0,Leeds United,0.0,0.0,0.0,0.0,23,0,4.2,4.0,1.75,1.0,1.0,1.0,35,2,0,-1
1177,2022-03-10,19:45,Premier League,Matchweek 20,Thu,Home,L,0.0,3.0,Aston Villa,0.2,1.5,51.0,36400.0,Luke Ayling,4-2-3-1,Simon Hooper,4.0,1.0,22.5,0.0,0.0,0.0,2021.0,Leeds United,0.0,0.0,0.0,0.0,16,0,2.7,3.5,2.5,1.0,1.0,1.0,23,4,1,-1
1178,2022-03-13,14:00,Premier League,Matchweek 29,Sun,Home,W,2.0,1.0,Norwich City,2.5,1.5,52.0,36321.0,Luke Ayling,4-2-3-1,Stuart Attwell,13.0,7.0,14.4,1.0,0.0,0.0,2021.0,Leeds United,0.0,0.0,0.0,0.0,23,0,1.55,4.2,5.75,1.0,0.0,0.0,17,0,1,1
1179,2022-03-18,20:00,Premier League,Matchweek 30,Fri,Away,W,3.0,2.0,Wolves,2.0,1.2,52.0,31842.0,Luke Ayling,4-2-3-1,Kevin Friend,15.0,5.0,13.8,1.0,0.0,0.0,2021.0,Leeds United,0.0,0.0,0.0,0.0,26,3,3.4,3.5,2.1,0.0,2.0,1.0,46,3,0,1
1180,2022-04-02,15:00,Premier League,Matchweek 31,Sat,Home,D,1.0,1.0,Southampton,1.2,1.4,56.0,36580.0,Liam Cooper,4-2-3-1,Anthony Taylor,12.0,3.0,17.8,0.0,0.0,0.0,2021.0,Leeds United,0.0,0.0,0.0,0.0,29,6,2.37,3.75,2.75,2.0,1.0,0.0,35,0,1,0
1181,2022-04-09,15:00,Premier League,Matchweek 32,Sat,Away,W,3.0,0.0,Watford,0.7,1.1,51.0,20957.0,Liam Cooper,4-2-3-1,Andre Marriner,10.0,5.0,17.9,0.0,0.0,0.0,2021.0,Leeds United,0.0,0.0,0.0,0.0,30,7,2.55,3.4,2.7,1.0,0.0,0.0,23,4,0,1
1182,2022-04-25,20:00,Premier League,Matchweek 34,Mon,Away,D,0.0,0.0,Crystal Palace,0.5,1.9,47.0,25357.0,Liam Cooper,4-2-3-1,Darren England,9.0,2.0,17.4,0.0,0.0,0.0,2021.0,Leeds United,0.0,0.0,0.0,0.0,33,4,3.5,3.5,2.05,2.0,1.0,0.0,37,3,0,0
1183,2022-04-30,17:30,Premier League,Matchweek 35,Sat,Home,L,0.0,4.0,Manchester City,1.3,2.4,42.0,35771.0,Luke Ayling,5-4-1,Paul Tierney,7.0,1.0,12.2,0.0,0.0,0.0,2021.0,Leeds United,0.0,0.0,0.0,0.0,34,4,8.5,6.0,1.3,1.0,1.0,1.0,83,7,1,-1
1184,2022-05-08,14:00,Premier League,Matchweek 36,Sun,Away,L,1.0,2.0,Arsenal,0.3,2.0,36.0,60108.0,Luke Ayling,4-2-3-1,Chris Kavanagh,3.0,2.0,11.0,0.0,0.0,0.0,2021.0,Leeds United,1.0,0.0,0.0,0.0,34,1,7.0,4.5,1.45,0.0,2.0,1.0,63,6,0,-1
1185,2022-05-11,19:30,Premier League,Matchweek 33,Wed,Home,L,0.0,3.0,Chelsea,0.4,1.3,33.0,36549.0,Liam Cooper,5-4-1,Anthony Taylor,5.0,0.0,19.3,0.0,0.0,0.0,2021.0,Leeds United,1.0,0.0,0.0,0.0,33,7,4.75,4.2,1.65,0.0,2.0,1.0,63,6,1,-1
1186,2022-05-15,14:00,Premier League,Matchweek 37,Sun,Home,D,1.0,1.0,Brighton,1.6,2.2,50.0,36638.0,Liam Cooper,4-2-3-1,Mike Dean,19.0,4.0,15.1,1.0,0.0,0.0,2021.0,Leeds United,0.0,0.0,0.0,0.0,34,1,2.62,3.5,2.62,0.0,2.0,1.0,47,7,1,0
1187,2022-05-22,16:00,Premier League,Matchweek 38,Sun,Away,W,2.0,1.0,Brentford,1.3,0.8,51.0,16957.0,Liam Cooper,4-4-1-1,Paul Tierney,13.0,5.0,24.7,0.0,1.0,1.0,2021.0,Leeds United,0.0,1.0,0.0,0.0,35,1,2.62,3.8,2.45,0.0,0.0,1.0,46,6,0,1
1188,2021-08-14,15:00,Premier League,Matchweek 1,Sat,Home,L,1.0,2.0,Brighton,1.5,1.0,37.0,16910.0,Ben Mee,4-4-2,David Coote,14.0,3.0,16.2,1.0,0.0,0.0,2021.0,Burnley,0.0,0.0,0.0,0.0,0,0,3.1,3.1,2.45,2.0,1.0,5.0,0,0,1,-1
1189,2021-08-21,12:30,Premier League,Matchweek 2,Sat,Away,L,0.0,2.0,Liverpool,0.9,2.7,35.0,52591.0,Ben Mee,4-4-2,Mike Dean,9.0,3.0,15.3,0.0,0.0,0.0,2021.0,Burnley,0.0,0.0,0.0,0.0,0,0,13.0,7.5,1.18,2.0,8.0,2.0,3,3,0,-1
1190,2021-08-29,14:00,Premier League,Matchweek 3,Sun,Home,D,1.0,1.0,Leeds United,1.0,1.2,36.0,20000.0,Ben Mee,4-4-2,Michael Oliver,12.0,3.0,16.5,0.0,0.0,0.0,2021.0,Burnley,0.0,0.0,0.0,0.0,0,0,3.1,3.5,2.25,0.0,2.0,0.0,1,1,1,0
1191,2021-09-13,20:00,Premier League,Matchweek 4,Mon,Away,L,1.0,3.0,Everton,1.0,1.4,48.0,30000.0,Ben Mee,4-4-2,Martin Atkinson,11.0,6.0,16.8,0.0,0.0,0.0,2021.0,Burnley,0.0,0.0,0.0,0.0,1,1,5.0,3.75,1.7,5.0,6.0,1.0,7,7,0,-1
1192,2021-09-18,15:00,Premier League,Matchweek 5,Sat,Home,L,0.0,1.0,Arsenal,1.0,1.1,46.0,20000.0,Ben Mee,4-4-2,Anthony Taylor,18.0,3.0,15.4,0.0,0.0,0.0,2021.0,Burnley,0.0,0.0,0.0,0.0,1,1,3.8,3.6,1.95,1.0,9.0,2.0,3,3,1,-1
1193,2021-09-25,15:00,Premier League,Matchweek 6,Sat,Away,D,2.0,2.0,Leicester City,0.5,2.4,34.0,31650.0,Ben Mee,4-4-2,Chris Kavanagh,9.0,3.0,22.7,1.0,0.0,0.0,2021.0,Burnley,0.0,0.0,0.0,0.0,1,1,6.0,4.0,1.57,3.0,6.0,3.0,6,3,0,0
1194,2021-10-02,15:00,Premier League,Matchweek 7,Sat,Home,D,0.0,0.0,Norwich City,1.2,0.6,56.0,17427.0,James Tarkowski,4-4-2,Kevin Friend,14.0,4.0,16.6,1.0,0.0,0.0,2021.0,Burnley,0.0,0.0,0.0,0.0,2,1,1.85,3.6,4.33,2.0,0.0,0.0,0,0,1,0
1195,2021-10-16,15:00,Premier League,Matchweek 8,Sat,Away,L,0.0,2.0,Manchester City,0.9,2.1,30.0,52711.0,James Tarkowski,4-4-2,Martin Atkinson,7.0,2.0,14.5,0.0,0.0,0.0,2021.0,Burnley,0.0,0.0,0.0,0.0,3,2,19.0,9.0,1.12,1.0,9.0,2.0,14,5,0,-1
1196,2021-10-23,15:00,Premier League,Matchweek 9,Sat,Away,D,2.0,2.0,Southampton,0.7,1.6,39.0,29145.0,James Tarkowski,4-4-2,Chris Kavanagh,9.0,5.0,20.9,0.0,0.0,0.0,2021.0,Burnley,0.0,0.0,0.0,0.0,3,2,3.9,3.5,1.95,5.0,4.0,3.0,7,3,0,0
1197,2021-10-30,15:00,Premier League,Matchweek 10,Sat,Home,W,3.0,1.0,Brentford,2.3,0.8,41.0,18821.0,Ben Mee,4-4-2,Jonathan Moss,15.0,5.0,16.6,1.0,0.0,0.0,2021.0,Burnley,0.0,0.0,0.0,0.0,4,2,2.6,3.3,2.75,0.0,0.0,0.0,12,3,1,1
1198,2021-11-06,15:00,Premier League,Matchweek 11,Sat,Away,D,1.0,1.0,Chelsea,0.7,1.8,30.0,39798.0,Ben Mee,4-4-2,Andre Marriner,5.0,2.0,15.9,0.0,0.0,0.0,2021.0,Burnley,0.0,0.0,0.0,0.0,7,4,12.0,6.0,1.25,1.0,8.0,3.0,25,9,0,0
1199,2021-11-20,15:00,Premier League,Matchweek 12,Sat,Home,D,3.0,3.0,Crystal Palace,1.5,1.9,40.0,18028.0,Ben Mee,4-4-2,Simon Hooper,15.0,9.0,16.1,1.0,0.0,0.0,2021.0,Burnley,0.0,0.0,0.0,0.0,8,5,2.7,3.2,2.7,6.0,5.0,1.0,15,7,1,0
1200,2021-12-01,19:30,Premier League,Matchweek 14,Wed,Away,D,0.0,0.0,Wolves,0.2,0.7,35.0,30328.0,Ben Mee,4-4-2,John Brooks,6.0,1.0,21.3,0.0,0.0,0.0,2021.0,Burnley,0.0,0.0,0.0,0.0,12,5,4.33,3.5,1.85,3.0,1.0,2.0,20,4,0,0
1201,2021-12-04,15:00,Premier League,Matchweek 15,Sat,Away,L,0.0,1.0,Newcastle United,0.6,1.0,52.0,51948.0,James Tarkowski,4-4-2,Paul Tierney,10.0,1.0,18.8,2.0,0.0,0.0,2021.0,Burnley,0.0,0.0,0.0,0.0,13,5,3.2,3.3,2.3,2.0,4.0,4.0,7,2,0,-1
1202,2021-12-12,14:00,Premier League,Matchweek 16,Sun,Home,D,0.0,0.0,West Ham,0.8,0.8,40.0,18065.0,Ben Mee,4-4-2,Graham Scott,9.0,1.0,15.2,0.0,0.0,0.0,2021.0,Burnley,0.0,0.0,0.0,0.0,13,4,3.6,3.6,2.0,4.0,7.0,1.0,27,4,1,0
1203,2021-12-30,20:15,Premier League,Matchweek 20,Thu,Away,L,1.0,3.0,Manchester United,1.1,2.4,43.0,73121.0,Ben Mee,4-4-2,Jonathan Moss,10.0,3.0,13.3,0.0,0.0,0.0,2021.0,Burnley,0.0,0.0,1.0,0.0,19,5,9.0,5.0,1.36,1.0,7.0,4.0,34,7,0,-1
1204,2022-01-02,14:00,Premier League,Matchweek 21,Sun,Away,L,1.0,3.0,Leeds United,1.0,1.9,45.0,36083.0,Ben Mee,4-4-2,Paul Tierney,8.0,2.0,17.8,1.0,0.0,0.0,2021.0,Burnley,0.0,0.0,0.0,0.0,19,4,3.5,3.5,2.05,0.0,2.0,1.0,16,0,0,-1
1205,2022-01-23,14:00,Premier League,Matchweek 23,Sun,Away,D,0.0,0.0,Arsenal,0.4,1.2,25.0,59255.0,Ben Mee,4-4-2,David Coote,10.0,1.0,21.2,0.0,0.0,0.0,2021.0,Burnley,0.0,0.0,0.0,0.0,19,0,9.0,4.75,1.36,1.0,10.0,2.0,38,3,0,0
1206,2022-02-05,18:00,Premier League,Matchweek 17,Sat,Home,D,0.0,0.0,Watford,0.6,0.8,53.0,19527.0,Ben Mee,4-4-2,Craig Pawson,13.0,2.0,19.5,1.0,0.0,0.0,2021.0,Burnley,0.0,0.0,0.0,0.0,14,2,2.2,3.25,3.5,5.0,2.0,1.0,13,0,1,0
1207,2022-02-08,20:00,Premier League,Matchweek 24,Tue,Home,D,1.0,1.0,Manchester United,0.4,1.8,37.0,21233.0,Ben Mee,4-4-2,Mike Dean,9.0,3.0,20.5,0.0,0.0,0.0,2021.0,Burnley,0.0,0.0,0.0,0.0,20,1,5.5,4.0,1.61,1.0,8.0,4.0,41,4,1,0
1208,2022-02-13,14:00,Premier League,Matchweek 25,Sun,Home,L,0.0,1.0,Liverpool,1.5,1.7,34.0,19563.0,Ben Mee,4-4-2,Martin Atkinson,8.0,5.0,19.3,0.0,0.0,0.0,2021.0,Burnley,0.0,0.0,0.0,0.0,21,2,10.0,5.25,1.28,2.0,9.0,2.0,54,9,1,-1
1209,2022-02-19,15:00,Premier League,Matchweek 26,Sat,Away,W,3.0,0.0,Brighton,0.7,0.6,32.0,30361.0,Ben Mee,4-4-2,Kevin Friend,10.0,4.0,19.7,0.0,0.0,0.0,2021.0,Burnley,0.0,0.0,0.0,0.0,21,2,6.0,3.5,1.66,2.0,2.0,5.0,33,5,0,1
1210,2022-02-23,19:30,Premier League,Matchweek 13,Wed,Home,W,1.0,0.0,Tottenham,0.9,0.7,34.0,19488.0,Ben Mee,4-4-2,Graham Scott,15.0,4.0,17.3,0.0,0.0,0.0,2021.0,Burnley,0.0,0.0,0.0,0.0,9,5,4.6,3.8,1.75,1.0,8.0,3.0,19,4,1,1
1211,2022-02-26,15:00,Premier League,Matchweek 27,Sat,Away,D,1.0,1.0,Crystal Palace,0.2,1.0,41.0,24203.0,Ben Mee,4-4-2,Jonathan Moss,5.0,1.0,19.2,0.0,0.0,0.0,2021.0,Burnley,0.0,0.0,0.0,0.0,24,4,4.0,3.6,1.9,6.0,5.0,2.0,29,2,0,0
1212,2022-03-01,19:45,Premier League,Matchweek 22,Tue,Home,L,0.0,2.0,Leicester City,0.9,1.5,45.0,17825.0,Ben Mee,4-4-2,Chris Kavanagh,9.0,2.0,16.6,0.0,0.0,0.0,2021.0,Burnley,0.0,0.0,0.0,0.0,19,3,2.9,3.4,2.4,3.0,6.0,4.0,29,6,1,-1
1213,2022-03-05,15:00,Premier League,Matchweek 28,Sat,Home,L,0.0,4.0,Chelsea,0.7,2.3,28.0,19439.0,James Tarkowski,4-4-2,Andre Marriner,6.0,0.0,17.2,1.0,0.0,0.0,2021.0,Burnley,0.0,0.0,0.0,0.0,25,4,6.5,4.33,1.5,1.0,8.0,4.0,51,4,1,-1
1214,2022-03-12,15:00,Premier League,Matchweek 29,Sat,Away,L,0.0,2.0,Brentford,0.7,1.9,45.0,17088.0,James Tarkowski,4-4-2,Paul Tierney,7.0,1.0,21.4,1.0,0.0,0.0,2021.0,Burnley,1.0,0.0,0.0,0.0,25,4,3.6,3.2,2.15,1.0,0.0,0.0,27,3,0,-1
1215,2022-04-02,15:00,Premier League,Matchweek 31,Sat,Home,L,0.0,2.0,Manchester City,0.1,1.8,24.0,21249.0,James Tarkowski,4-5-1,Craig Pawson,3.0,1.0,18.3,0.0,0.0,0.0,2021.0,Burnley,0.0,0.0,0.0,0.0,28,3,15.0,6.5,1.2,1.0,10.0,2.0,73,7,1,-1
1216,2022-04-06,19:30,Premier League,Matchweek 19,Wed,Home,W,3.0,2.0,Everton,2.0,2.4,52.0,19830.0,James Tarkowski,4-4-2,Mike Dean,13.0,4.0,15.6,0.0,0.0,0.0,2021.0,Burnley,0.0,0.0,0.0,0.0,16,3,2.62,3.1,2.87,5.0,7.0,1.0,20,2,1,1
1217,2022-04-10,14:00,Premier League,Matchweek 32,Sun,Away,L,0.0,2.0,Norwich City,1.7,1.7,55.0,26361.0,James Tarkowski,4-4-2,Michael Oliver,18.0,3.0,17.4,1.0,0.0,0.0,2021.0,Burnley,0.0,0.0,0.0,0.0,28,3,2.55,3.2,2.87,2.0,0.0,1.0,18,1,0,-1
1218,2022-04-17,14:15,Premier League,Matchweek 33,Sun,Away,D,1.0,1.0,West Ham,1.8,2.2,39.0,59958.0,James Tarkowski,4-4-2,Paul Tierney,8.0,1.0,16.4,0.0,0.0,1.0,2021.0,Burnley,0.0,1.0,0.0,0.0,28,3,5.0,3.8,1.7,4.0,7.0,2.0,51,3,0,0
1219,2022-04-21,19:45,Premier League,Matchweek 30,Thu,Home,W,2.0,0.0,Southampton,1.5,0.9,44.0,17384.0,James Tarkowski,4-4-2,Stuart Attwell,16.0,6.0,14.2,0.0,0.0,0.0,2021.0,Burnley,0.0,0.0,0.0,0.0,25,1,2.75,3.25,2.62,5.0,4.0,4.0,35,3,1,1
1220,2022-04-24,14:00,Premier League,Matchweek 34,Sun,Home,W,1.0,0.0,Wolves,1.4,0.6,36.0,19246.0,James Tarkowski,4-4-2,Anthony Taylor,14.0,5.0,18.8,0.0,0.0,0.0,2021.0,Burnley,0.0,0.0,0.0,0.0,29,1,2.7,3.0,2.87,3.0,1.0,3.0,49,3,1,1
1221,2022-04-30,15:00,Premier League,Matchweek 35,Sat,Away,W,2.0,1.0,Watford,1.6,1.0,53.0,20738.0,James Tarkowski,4-4-2,Craig Pawson,17.0,6.0,15.9,1.0,0.0,0.0,2021.0,Burnley,0.0,0.0,1.0,0.0,32,4,2.75,3.3,2.6,5.0,2.0,2.0,23,0,0,1
1222,2022-05-07,15:00,Premier League,Matchweek 36,Sat,Home,L,1.0,3.0,Aston Villa,1.9,2.1,49.0,20891.0,James Tarkowski,4-4-2,David Coote,14.0,6.0,16.4,0.0,0.0,0.0,2021.0,Burnley,0.0,0.0,0.0,0.0,35,7,3.0,3.3,2.4,2.0,1.0,3.0,41,4,1,-1
1223,2022-05-15,12:00,Premier League,Matchweek 37,Sun,Away,L,0.0,1.0,Tottenham,0.7,2.2,32.0,61729.0,Jack Cork,5-3-2,Kevin Friend,8.0,1.0,15.4,0.0,0.0,0.0,2021.0,Burnley,0.0,0.0,0.0,0.0,35,6,9.0,5.25,1.33,2.0,8.0,3.0,65,5,0,-1
1224,2022-05-19,20:00,Premier League,Matchweek 18,Thu,Away,D,1.0,1.0,Aston Villa,1.6,1.5,29.0,40468.0,James Tarkowski,5-3-2,Paul Tierney,9.0,3.0,17.2,0.0,1.0,1.0,2021.0,Burnley,1.0,1.0,0.0,0.0,15,2,3.6,3.5,2.05,2.0,2.0,3.0,22,6,0,0
1225,2022-05-22,16:00,Premier League,Matchweek 38,Sun,Home,L,1.0,2.0,Newcastle United,1.6,1.8,52.0,21361.0,James Tarkowski,4-4-2,Craig Pawson,12.0,4.0,15.7,1.0,0.0,0.0,2021.0,Burnley,0.0,0.0,0.0,0.0,35,3,2.25,3.4,3.2,2.0,5.0,4.0,46,3,1,-1
1226,2021-08-14,15:00,Premier League,Matchweek 1,Sat,Home,W,3.0,2.0,Aston Villa,1.2,1.2,38.0,20051.0,Tom Cleverley,4-1-4-1,Mike Dean,13.0,7.0,17.9,0.0,0.0,0.0,2021.0,Watford,0.0,0.0,0.0,0.0,0,0,3.1,3.2,2.37,3.0,1.0,0.0,0,0,1,1
1227,2021-08-21,17:30,Premier League,Matchweek 2,Sat,Away,L,0.0,2.0,Brighton,0.5,1.3,44.0,29485.0,Tom Cleverley,4-1-4-1,Anthony Taylor,10.0,1.0,19.3,0.0,0.0,0.0,2021.0,Watford,0.0,0.0,0.0,0.0,3,3,5.75,3.5,1.7,1.0,2.0,3.0,3,3,0,-1
1228,2021-08-29,14:00,Premier League,Matchweek 3,Sun,Away,L,0.0,1.0,Tottenham,0.8,1.0,43.0,57672.0,Craig Cathcart,4-1-4-1,Andre Marriner,9.0,2.0,16.3,1.0,0.0,0.0,2021.0,Watford,0.0,0.0,0.0,0.0,3,3,9.0,4.75,1.36,1.0,6.0,3.0,6,6,0,-1
1229,2021-09-11,15:00,Premier League,Matchweek 4,Sat,Home,L,0.0,2.0,Wolves,0.2,2.2,45.0,20019.0,William Troost-Ekong,4-1-4-1,Peter Bankes,6.0,2.0,23.1,0.0,0.0,0.0,2021.0,Watford,0.0,0.0,1.0,0.0,3,3,3.4,3.2,2.25,2.0,2.0,0.0,0,0,1,-1
1230,2021-09-18,15:00,Premier League,Matchweek 5,Sat,Away,W,3.0,1.0,Norwich City,2.4,1.0,51.0,26649.0,Tom Cleverley,4-2-3-1,Robert Jones,12.0,8.0,13.5,0.0,0.0,0.0,2021.0,Watford,0.0,0.0,0.0,0.0,3,0,3.5,3.3,2.15,3.0,1.0,0.0,0,0,0,1
1231,2021-09-25,15:00,Premier League,Matchweek 6,Sat,Home,D,1.0,1.0,Newcastle United,0.9,1.9,53.0,20650.0,Tom Cleverley,4-2-3-1,Jarred Gillett,15.0,4.0,21.2,1.0,0.0,0.0,2021.0,Watford,0.0,0.0,0.0,0.0,6,3,2.2,3.4,3.3,5.0,1.0,2.0,2,2,1,0
1232,2021-10-02,15:00,Premier League,Matchweek 7,Sat,Away,L,0.0,1.0,Leeds United,0.2,1.3,34.0,36261.0,Ben Foster,4-2-3-1,Simon Hooper,5.0,1.0,19.4,0.0,0.0,0.0,2021.0,Watford,0.0,0.0,0.0,0.0,7,4,4.75,4.0,1.7,0.0,0.0,0.0,3,1,0,-1
1233,2021-10-16,12:30,Premier League,Matchweek 8,Sat,Home,L,0.0,5.0,Liverpool,0.5,3.3,25.0,21085.0,Moussa Sissoko,5-4-1,Jonathan Moss,6.0,2.0,18.2,0.0,0.0,0.0,2021.0,Watford,0.0,0.0,0.0,0.0,7,4,8.5,5.5,1.33,2.0,7.0,1.0,15,5,1,-1
1234,2021-10-23,15:00,Premier League,Matchweek 9,Sat,Away,W,5.0,2.0,Everton,3.7,1.5,51.0,38834.0,Moussa Sissoko,4-1-4-1,Graham Scott,20.0,8.0,19.2,0.0,0.0,0.0,2021.0,Watford,0.0,0.0,0.0,0.0,7,1,5.5,3.8,1.65,3.0,4.0,3.0,14,4,0,1
1235,2021-10-30,15:00,Premier League,Matchweek 10,Sat,Home,L,0.0,1.0,Southampton,1.0,1.8,40.0,20869.0,Moussa Sissoko,4-4-1-1,Peter Bankes,10.0,3.0,20.2,1.0,0.0,0.0,2021.0,Watford,0.0,0.0,0.0,0.0,10,3,3.2,3.3,2.3,1.0,4.0,5.0,8,4,1,-1
1236,2021-11-07,14:00,Premier League,Matchweek 11,Sun,Away,L,0.0,1.0,Arsenal,0.5,1.6,40.0,59833.0,Moussa Sissoko,4-1-4-1,Kevin Friend,7.0,1.0,19.7,0.0,0.0,0.0,2021.0,Watford,1.0,0.0,0.0,1.0,10,3,8.5,4.75,1.36,2.0,7.0,1.0,17,7,0,-1
1237,2021-11-20,15:00,Premier League,Matchweek 12,Sat,Home,W,4.0,1.0,Manchester United,2.7,1.4,39.0,21087.0,Moussa Sissoko,4-1-4-1,Jonathan Moss,19.0,6.0,15.9,2.0,0.0,1.0,2021.0,Watford,0.0,1.0,0.0,0.0,10,3,6.5,4.75,1.45,2.0,8.0,0.0,17,3,1,1
1238,2021-11-28,14:00,Premier League,Matchweek 13,Sun,Away,L,2.0,4.0,Leicester City,2.8,2.1,44.0,32020.0,Moussa Sissoko,4-1-4-1,Andy Madley,16.0,4.0,16.4,1.0,1.0,1.0,2021.0,Watford,0.0,1.0,0.0,0.0,13,3,5.5,4.0,1.61,3.0,6.0,1.0,15,1,0,-1
1239,2021-12-01,19:30,Premier League,Matchweek 14,Wed,Home,L,1.0,2.0,Chelsea,1.0,0.9,51.0,20388.0,Moussa Sissoko,4-1-4-1,David Coote,14.0,6.0,21.4,2.0,0.0,0.0,2021.0,Watford,0.0,0.0,0.0,0.0,13,3,10.0,5.25,1.3,1.0,7.0,2.0,30,5,1,-1
1240,2021-12-04,17:30,Premier League,Matchweek 15,Sat,Home,L,1.0,3.0,Manchester City,0.8,3.1,23.0,20673.0,Moussa Sissoko,4-1-4-1,Simon Hooper,11.0,4.0,19.6,1.0,0.0,0.0,2021.0,Watford,0.0,0.0,0.0,0.0,13,3,12.0,7.0,1.2,0.0,10.0,0.0,32,9,1,-1
1241,2021-12-10,20:00,Premier League,Matchweek 16,Fri,Away,L,1.0,2.0,Brentford,0.5,1.6,37.0,16861.0,Moussa Sissoko,4-2-3-1,Michael Oliver,6.0,2.0,14.9,1.0,0.0,0.0,2021.0,Watford,0.0,0.0,0.0,0.0,13,0,3.3,3.3,2.25,0.0,0.0,0.0,17,4,0,-1
1242,2021-12-28,15:00,Premier League,Matchweek 20,Tue,Home,L,1.0,4.0,West Ham,1.6,3.6,43.0,20073.0,Moussa Sissoko,4-1-4-1,Darren England,14.0,5.0,15.2,0.0,0.0,0.0,2021.0,Watford,0.0,0.0,0.0,0.0,14,1,3.4,3.6,2.1,4.0,5.0,1.0,31,3,1,-1
1243,2022-01-01,15:00,Premier League,Matchweek 21,Sat,Home,L,0.0,1.0,Tottenham,0.3,2.2,26.0,20391.0,Moussa Sissoko,4-4-2,Robert Jones,6.0,4.0,19.0,1.0,0.0,0.0,2021.0,Watford,0.0,0.0,0.0,0.0,14,0,5.0,4.2,1.61,1.0,7.0,3.0,36,5,1,-1
1244,2022-01-15,15:00,Premier League,Matchweek 22,Sat,Away,D,1.0,1.0,Newcastle United,1.4,1.2,48.0,52223.0,Moussa Sissoko,4-3-3,Paul Tierney,18.0,5.0,19.3,2.0,0.0,0.0,2021.0,Watford,0.0,0.0,0.0,0.0,14,0,3.6,3.6,2.0,5.0,1.0,3.0,14,4,0,0
1245,2022-01-21,20:00,Premier League,Matchweek 23,Fri,Home,L,0.0,3.0,Norwich City,1.2,1.1,67.0,20782.0,Moussa Sissoko,4-3-3,Mike Dean,15.0,3.0,19.1,0.0,0.0,0.0,2021.0,Watford,1.0,0.0,1.0,1.0,15,1,2.0,3.5,3.75,4.0,1.0,0.0,13,3,1,-1
1246,2022-02-05,18:00,Premier League,Matchweek 17,Sat,Away,D,0.0,0.0,Burnley,0.8,0.6,47.0,19527.0,Moussa Sissoko,4-4-2,Craig Pawson,11.0,5.0,16.3,0.0,0.0,0.0,2021.0,Watford,0.0,0.0,0.0,0.0,13,0,3.5,3.25,2.2,2.0,5.0,1.0,14,2,0,0
1247,2022-02-08,19:45,Premier League,Matchweek 24,Tue,Away,L,0.0,1.0,West Ham,0.3,0.8,36.0,59581.0,Moussa Sissoko,4-4-2,Martin Atkinson,6.0,1.0,22.6,0.0,0.0,0.0,2021.0,Watford,0.0,0.0,0.0,0.0,15,1,5.75,4.2,1.55,4.0,6.0,1.0,37,3,0,-1
1248,2022-02-12,15:00,Premier League,Matchweek 25,Sat,Home,L,0.0,2.0,Brighton,0.5,1.6,36.0,20795.0,Moussa Sissoko,4-4-2,Jonathan Moss,9.0,1.0,17.4,1.0,0.0,0.0,2021.0,Watford,0.0,0.0,0.0,0.0,15,1,3.5,3.3,2.05,1.0,3.0,3.0,30,3,1,-1
1249,2022-02-19,15:00,Premier League,Matchweek 26,Sat,Away,W,1.0,0.0,Aston Villa,1.2,1.3,41.0,41936.0,Moussa Sissoko,4-3-3,Robert Jones,8.0,4.0,18.1,0.0,0.0,0.0,2021.0,Watford,0.0,0.0,0.0,0.0,15,0,5.75,3.6,1.65,4.0,1.0,0.0,31,4,0,1
1250,2022-02-23,19:30,Premier League,Matchweek 18,Wed,Home,L,1.0,4.0,Crystal Palace,1.4,1.1,46.0,20012.0,Moussa Sissoko,4-3-3,Andre Marriner,8.0,1.0,13.3,0.0,0.0,0.0,2021.0,Watford,0.0,0.0,0.0,0.0,14,1,3.1,3.3,2.3,3.0,4.0,3.0,20,4,1,-1
1251,2022-02-26,15:00,Premier League,Matchweek 27,Sat,Away,D,0.0,0.0,Manchester United,0.6,2.8,33.0,73152.0,Moussa Sissoko,4-3-3,Kevin Friend,10.0,2.0,21.7,0.0,0.0,0.0,2021.0,Watford,0.0,0.0,0.0,0.0,18,3,9.5,5.5,1.3,3.0,8.0,0.0,46,5,0,0
1252,2022-03-06,14:00,Premier League,Matchweek 28,Sun,Home,L,2.0,3.0,Arsenal,1.0,1.0,44.0,21142.0,Moussa Sissoko,4-3-3,Craig Pawson,13.0,7.0,19.0,2.0,0.0,0.0,2021.0,Watford,0.0,0.0,0.0,0.0,19,4,6.0,4.0,1.57,2.0,8.0,1.0,48,6,1,-1
1253,2022-03-10,19:30,Premier League,Matchweek 19,Thu,Away,L,0.0,4.0,Wolves,0.6,0.7,34.0,29658.0,Moussa Sissoko,4-3-3,Darren England,9.0,0.0,21.8,2.0,0.0,0.0,2021.0,Watford,0.0,0.0,1.0,0.0,14,1,4.5,3.6,1.75,2.0,3.0,0.0,25,4,0,-1
1254,2022-03-13,14:00,Premier League,Matchweek 29,Sun,Away,W,2.0,1.0,Southampton,1.7,1.4,37.0,28863.0,Moussa Sissoko,4-3-3,Graham Scott,9.0,5.0,16.9,0.0,0.0,0.0,2021.0,Watford,0.0,0.0,0.0,0.0,19,4,5.25,4.2,1.6,1.0,5.0,5.0,35,6,0,1
1255,2022-04-02,12:30,Premier League,Matchweek 31,Sat,Away,L,0.0,2.0,Liverpool,0.6,2.2,27.0,53104.0,Moussa Sissoko,4-1-4-1,Stuart Attwell,5.0,2.0,15.3,0.0,0.0,0.0,2021.0,Watford,0.0,0.0,0.0,0.0,23,4,17.0,9.5,1.12,2.0,8.0,1.0,72,9,0,-1
1256,2022-04-09,15:00,Premier League,Matchweek 32,Sat,Home,L,0.0,3.0,Leeds United,1.1,0.7,49.0,20957.0,Moussa Sissoko,4-3-3,Andre Marriner,8.0,1.0,26.0,1.0,0.0,0.0,2021.0,Watford,0.0,0.0,0.0,0.0,23,4,2.7,3.4,2.55,0.0,1.0,0.0,30,7,1,-1
1257,2022-04-16,15:00,Premier League,Matchweek 33,Sat,Home,L,1.0,2.0,Brentford,1.7,1.9,50.0,21045.0,Moussa Sissoko,4-3-3,Simon Hooper,18.0,4.0,16.3,2.0,0.0,0.0,2021.0,Watford,0.0,0.0,0.0,0.0,23,1,2.7,3.3,2.55,0.0,1.0,0.0,36,6,1,-1
1258,2022-04-23,15:00,Premier League,Matchweek 34,Sat,Away,L,1.0,5.0,Manchester City,0.5,3.6,27.0,53013.0,Moussa Sissoko,4-3-3,Kevin Friend,5.0,2.0,14.5,0.0,0.0,0.0,2021.0,Watford,0.0,0.0,0.0,0.0,23,0,26.0,10.0,1.1,0.0,11.0,0.0,80,7,0,-1
1259,2022-04-30,15:00,Premier League,Matchweek 35,Sat,Home,L,1.0,2.0,Burnley,1.0,1.6,47.0,20738.0,Moussa Sissoko,4-3-3,Craig Pawson,13.0,1.0,15.5,1.0,0.0,0.0,2021.0,Watford,0.0,0.0,0.0,0.0,23,0,2.6,3.3,2.75,2.0,5.0,2.0,32,4,1,-1
1260,2022-05-07,15:00,Premier League,Matchweek 36,Sat,Away,L,0.0,1.0,Crystal Palace,0.4,2.2,33.0,24622.0,Moussa Sissoko,4-3-3,Graham Scott,6.0,1.0,17.7,0.0,0.0,0.0,2021.0,Watford,1.0,0.0,0.0,1.0,23,0,5.0,4.0,1.65,3.0,5.0,3.0,41,4,0,-1
1261,2022-05-11,19:45,Premier League,Matchweek 30,Wed,Home,D,0.0,0.0,Everton,0.3,0.7,48.0,20653.0,Moussa Sissoko,4-3-3,Mike Dean,6.0,0.0,20.0,1.0,0.0,0.0,2021.0,Watford,0.0,0.0,0.0,0.0,22,4,4.2,3.6,1.83,4.0,4.0,3.0,26,0,1,0
1262,2022-05-15,14:00,Premier League,Matchweek 37,Sun,Home,L,1.0,5.0,Leicester City,1.4,2.5,41.0,20257.0,Moussa Sissoko,4-3-3,Jarred Gillett,13.0,5.0,12.4,0.0,0.0,0.0,2021.0,Watford,0.0,0.0,0.0,0.0,23,0,3.8,3.5,1.95,3.0,7.0,1.0,46,1,1,-1
1263,2022-05-22,16:00,Premier League,Matchweek 38,Sun,Away,L,1.0,2.0,Chelsea,0.6,2.2,29.0,32089.0,Moussa Sissoko,4-3-3,Mike Dean,8.0,3.0,21.9,1.0,0.0,0.0,2021.0,Watford,0.0,0.0,0.0,0.0,23,0,15.0,7.5,1.18,1.0,8.0,2.0,71,2,0,-1
1264,2021-08-14,17:30,Premier League,Matchweek 1,Sat,Home,L,0.0,3.0,Liverpool,1.4,1.6,50.0,27023.0,Grant Hanley,4-3-3,Andre Marriner,14.0,3.0,17.1,0.0,0.0,0.0,2021.0,Norwich City,0.0,0.0,0.0,0.0,0,0,9.0,5.75,1.3,0.0,8.0,2.0,0,0,1,-1
1265,2021-08-21,15:00,Premier League,Matchweek 2,Sat,Away,L,0.0,5.0,Manchester City,0.1,2.6,33.0,51437.0,Grant Hanley,4-3-3,Graham Scott,1.0,0.0,16.8,0.0,0.0,0.0,2021.0,Norwich City,0.0,0.0,1.0,0.0,0,0,26.0,11.0,1.08,2.0,6.0,2.0,0,0,0,-1
1266,2021-08-28,15:00,Premier League,Matchweek 3,Sat,Home,L,1.0,2.0,Leicester City,1.5,1.5,45.0,26765.0,Grant Hanley,4-3-3,Robert Jones,13.0,3.0,22.6,1.0,1.0,1.0,2021.0,Norwich City,0.0,1.0,0.0,0.0,0,0,4.5,3.5,1.85,1.0,2.0,1.0,3,3,1,-1
1267,2021-09-11,15:00,Premier League,Matchweek 4,Sat,Away,L,0.0,1.0,Arsenal,0.7,2.7,49.0,58000.0,Grant Hanley,4-3-3,Michael Oliver,10.0,1.0,19.9,1.0,0.0,0.0,2021.0,Norwich City,0.0,0.0,0.0,0.0,0,0,6.0,4.6,1.5,1.0,6.0,3.0,0,0,0,-1
1268,2021-09-18,15:00,Premier League,Matchweek 5,Sat,Home,L,1.0,3.0,Watford,1.0,2.4,49.0,26649.0,Grant Hanley,4-3-3,Robert Jones,12.0,5.0,20.7,1.0,0.0,0.0,2021.0,Norwich City,0.0,0.0,0.0,0.0,0,0,2.15,3.3,3.5,1.0,3.0,0.0,3,0,1,-1
1269,2021-09-25,15:00,Premier League,Matchweek 6,Sat,Away,L,0.0,2.0,Everton,0.5,1.9,53.0,38821.0,Grant Hanley,5-3-2,David Coote,10.0,2.0,22.3,1.0,0.0,0.0,2021.0,Norwich City,0.0,0.0,0.0,0.0,0,0,5.75,3.8,1.61,2.0,3.0,5.0,10,6,0,-1
1270,2021-10-02,15:00,Premier League,Matchweek 7,Sat,Away,D,0.0,0.0,Burnley,0.6,1.2,44.0,17427.0,Grant Hanley,5-3-2,Kevin Friend,10.0,2.0,20.7,2.0,0.0,0.0,2021.0,Norwich City,0.0,0.0,0.0,0.0,0,0,4.33,3.6,1.85,0.0,2.0,0.0,2,1,0,0
1271,2021-10-16,15:00,Premier League,Matchweek 8,Sat,Home,D,0.0,0.0,Brighton,1.2,0.8,36.0,26777.0,Grant Hanley,5-3-2,Peter Bankes,15.0,2.0,21.7,1.0,0.0,0.0,2021.0,Norwich City,0.0,0.0,0.0,0.0,1,1,3.6,3.4,2.1,0.0,2.0,0.0,14,5,1,0
1272,2021-10-23,12:30,Premier League,Matchweek 9,Sat,Away,L,0.0,7.0,Chelsea,0.1,3.1,38.0,40113.0,Grant Hanley,3-5-2,Andy Madley,3.0,1.0,20.8,0.0,0.0,0.0,2021.0,Norwich City,1.0,0.0,1.0,1.0,2,2,15.0,7.0,1.18,0.0,8.0,2.0,19,6,0,-1
1273,2021-10-31,14:00,Premier League,Matchweek 10,Sun,Home,L,1.0,2.0,Leeds United,0.8,0.7,48.0,26913.0,Grant Hanley,4-4-2,Anthony Taylor,14.0,3.0,21.8,3.0,0.0,0.0,2021.0,Norwich City,0.0,0.0,0.0,0.0,2,2,3.4,3.5,2.1,0.0,0.0,0.0,7,4,1,-1
1274,2021-11-06,15:00,Premier League,Matchweek 11,Sat,Away,W,2.0,1.0,Brentford,1.2,2.5,36.0,16837.0,Ben Gibson,4-2-3-1,Jarred Gillett,8.0,4.0,25.6,1.0,1.0,1.0,2021.0,Norwich City,0.0,1.0,0.0,0.0,2,1,5.75,4.0,1.6,0.0,0.0,0.0,12,0,0,1
1275,2021-11-20,15:00,Premier League,Matchweek 12,Sat,Home,W,2.0,1.0,Southampton,0.5,1.0,38.0,26885.0,Grant Hanley,4-3-3,Martin Atkinson,8.0,4.0,16.3,0.0,0.0,0.0,2021.0,Norwich City,0.0,0.0,0.0,0.0,5,3,3.6,3.5,2.05,2.0,4.0,2.0,14,7,1,1
1276,2021-11-27,15:00,Premier League,Matchweek 13,Sat,Home,D,0.0,0.0,Wolves,1.6,0.3,43.0,26911.0,Grant Hanley,4-1-4-1,Simon Hooper,14.0,4.0,18.2,1.0,0.0,0.0,2021.0,Norwich City,0.0,0.0,0.0,0.0,8,6,3.5,3.3,2.15,1.0,2.0,1.0,19,6,1,0
1277,2021-11-30,19:30,Premier League,Matchweek 14,Tue,Away,D,1.0,1.0,Newcastle United,1.2,1.1,68.0,50757.0,Grant Hanley,4-1-4-1,Andy Madley,16.0,6.0,16.9,1.0,0.0,0.0,2021.0,Norwich City,0.0,0.0,0.0,0.0,9,7,3.9,3.5,1.95,3.0,4.0,3.0,6,2,0,0
1278,2021-12-05,14:00,Premier League,Matchweek 15,Sun,Away,L,0.0,3.0,Tottenham,1.2,1.6,59.0,57088.0,Grant Hanley,5-3-2,Jarred Gillett,10.0,1.0,16.2,0.0,0.0,0.0,2021.0,Norwich City,0.0,0.0,0.0,0.0,10,5,8.5,5.0,1.36,2.0,5.0,3.0,22,6,0,-1
1279,2021-12-11,17:30,Premier League,Matchweek 16,Sat,Home,L,0.0,1.0,Manchester United,1.2,2.0,48.0,27606.0,Grant Hanley,4-3-3,Darren England,11.0,5.0,14.2,0.0,0.0,0.0,2021.0,Norwich City,0.0,0.0,0.0,0.0,10,2,7.0,4.5,1.45,2.0,8.0,0.0,24,7,1,-1
1280,2021-12-14,19:45,Premier League,Matchweek 17,Tue,Home,L,0.0,2.0,Aston Villa,0.5,2.0,50.0,26836.0,Ben Gibson,4-3-3,David Coote,7.0,3.0,14.3,0.0,0.0,0.0,2021.0,Norwich City,0.0,0.0,0.0,0.0,10,1,3.3,3.3,2.25,2.0,7.0,1.0,19,3,1,-1
1281,2021-12-26,15:00,Premier League,Matchweek 19,Sun,Home,L,0.0,5.0,Arsenal,0.1,2.5,36.0,26940.0,Ben Gibson,4-2-3-1,Graham Scott,4.0,2.0,17.9,0.0,0.0,0.0,2021.0,Norwich City,0.0,0.0,0.0,0.0,10,0,8.0,4.75,1.4,1.0,7.0,3.0,32,9,1,-1
1282,2021-12-28,15:00,Premier League,Matchweek 20,Tue,Away,L,0.0,3.0,Crystal Palace,0.9,1.9,49.0,24433.0,Ben Gibson,4-2-3-1,Paul Tierney,12.0,2.0,17.7,0.0,0.0,0.0,2021.0,Norwich City,0.0,0.0,0.0,0.0,10,0,5.5,3.75,1.65,1.0,3.0,2.0,23,4,0,-1
1283,2022-01-12,19:45,Premier League,Matchweek 18,Wed,Away,L,0.0,2.0,West Ham,0.3,2.5,38.0,59775.0,Grant Hanley,4-2-3-1,Simon Hooper,7.0,3.0,21.4,0.0,0.0,0.0,2021.0,Norwich City,0.0,0.0,0.0,0.0,10,0,10.0,5.5,1.28,1.0,4.0,3.0,28,4,0,-1
1284,2022-01-15,15:00,Premier League,Matchweek 22,Sat,Home,W,2.0,1.0,Everton,1.0,0.6,41.0,26629.0,Grant Hanley,4-4-2,Andy Madley,14.0,3.0,21.5,0.0,0.0,0.0,2021.0,Norwich City,0.0,0.0,0.0,0.0,10,0,3.75,3.5,2.0,2.0,4.0,5.0,23,3,1,1
1285,2022-01-21,20:00,Premier League,Matchweek 23,Fri,Away,W,3.0,0.0,Watford,1.1,1.2,33.0,20782.0,Grant Hanley,4-4-2,Mike Dean,7.0,2.0,15.7,1.0,0.0,0.0,2021.0,Norwich City,0.0,0.0,0.0,0.0,13,3,3.75,3.5,2.0,1.0,4.0,0.0,15,1,0,1
1286,2022-02-09,19:45,Premier League,Matchweek 24,Wed,Home,D,1.0,1.0,Crystal Palace,0.4,1.3,30.0,26652.0,Grant Hanley,4-4-2,Paul Tierney,5.0,1.0,15.7,0.0,0.0,0.0,2021.0,Norwich City,0.0,0.0,0.0,0.0,16,6,3.5,3.25,2.15,1.0,4.0,2.0,27,1,1,0
1287,2022-02-12,17:30,Premier League,Matchweek 25,Sat,Home,L,0.0,4.0,Manchester City,0.4,4.6,29.0,27010.0,Grant Hanley,4-3-3,Andre Marriner,8.0,3.0,14.4,0.0,0.0,0.0,2021.0,Norwich City,0.0,0.0,0.0,0.0,17,7,15.0,8.0,1.16,2.0,7.0,2.0,60,7,1,-1
1288,2022-02-19,15:00,Premier League,Matchweek 26,Sat,Away,L,1.0,3.0,Liverpool,0.6,3.6,31.0,53135.0,Grant Hanley,4-3-3,Mike Dean,6.0,1.0,17.8,0.0,0.0,0.0,2021.0,Norwich City,0.0,0.0,0.0,0.0,17,4,23.0,9.0,1.1,0.0,9.0,2.0,57,9,0,-1
1289,2022-02-25,20:00,Premier League,Matchweek 27,Fri,Away,L,0.0,2.0,Southampton,0.6,2.6,42.0,31182.0,Grant Hanley,4-1-4-1,Simon Hooper,8.0,1.0,18.1,0.0,0.0,0.0,2021.0,Norwich City,0.0,0.0,0.0,0.0,17,1,6.0,4.33,1.53,3.0,4.0,2.0,32,7,0,-1
1290,2022-03-05,15:00,Premier League,Matchweek 28,Sat,Home,L,1.0,3.0,Brentford,1.0,2.0,60.0,26887.0,Grant Hanley,4-2-3-1,Anthony Taylor,15.0,7.0,18.6,0.0,0.0,0.0,2021.0,Norwich City,0.0,0.0,0.0,0.0,17,0,2.9,3.1,2.5,1.0,0.0,0.0,24,1,1,-1
1291,2022-03-10,19:30,Premier League,Matchweek 30,Thu,Home,L,1.0,3.0,Chelsea,1.0,1.8,34.0,26684.0,Grant Hanley,5-3-2,Martin Atkinson,7.0,2.0,25.7,0.0,1.0,1.0,2021.0,Norwich City,0.0,0.0,0.0,0.0,17,0,11.0,4.75,1.3,0.0,9.0,2.0,57,7,1,-1
1292,2022-03-13,14:00,Premier League,Matchweek 29,Sun,Away,L,1.0,2.0,Leeds United,1.5,2.5,48.0,36321.0,Ben Gibson,4-3-3,Stuart Attwell,12.0,4.0,18.8,1.0,0.0,0.0,2021.0,Norwich City,0.0,0.0,0.0,0.0,17,0,5.75,4.2,1.55,0.0,1.0,0.0,23,0,0,-1
1293,2022-04-02,15:00,Premier League,Matchweek 31,Sat,Away,D,0.0,0.0,Brighton,0.4,2.8,37.0,31245.0,Grant Hanley,4-1-2-1-2◆,Simon Hooper,6.0,0.0,17.8,0.0,0.0,0.0,2021.0,Norwich City,0.0,0.0,0.0,0.0,17,0,7.0,4.0,1.5,0.0,2.0,1.0,33,0,0,0
1294,2022-04-10,14:00,Premier League,Matchweek 32,Sun,Home,W,2.0,0.0,Burnley,1.7,1.7,45.0,26361.0,Grant Hanley,4-2-3-1,Michael Oliver,17.0,6.0,19.4,0.0,0.0,0.0,2021.0,Norwich City,0.0,0.0,0.0,0.0,18,1,2.87,3.2,2.55,0.0,2.0,1.0,28,3,1,1
1295,2022-04-16,15:00,Premier League,Matchweek 33,Sat,Away,L,2.0,3.0,Manchester United,1.5,1.9,39.0,73381.0,Grant Hanley,4-2-3-1,Andy Madley,15.0,4.0,19.9,1.0,0.0,0.0,2021.0,Norwich City,0.0,0.0,0.0,0.0,21,4,10.0,6.5,1.25,2.0,9.0,0.0,51,1,0,-1
1296,2022-04-23,15:00,Premier League,Matchweek 34,Sat,Home,L,0.0,3.0,Newcastle United,0.6,1.9,46.0,26910.0,Grant Hanley,4-2-3-1,Chris Kavanagh,5.0,2.0,15.2,1.0,0.0,0.0,2021.0,Norwich City,0.0,0.0,0.0,0.0,21,4,3.5,3.3,2.15,3.0,4.0,4.0,40,6,1,-1
1297,2022-04-30,15:00,Premier League,Matchweek 35,Sat,Away,L,0.0,2.0,Aston Villa,0.5,1.8,55.0,40290.0,Grant Hanley,4-2-3-1,John Brooks,9.0,3.0,21.6,0.0,0.0,0.0,2021.0,Norwich City,0.0,0.0,0.0,0.0,21,3,9.0,4.5,1.4,2.0,8.0,1.0,38,1,0,-1
1298,2022-05-08,14:00,Premier League,Matchweek 36,Sun,Home,L,0.0,4.0,West Ham,0.8,3.0,37.0,26428.0,Grant Hanley,4-2-3-1,Robert Jones,8.0,2.0,22.2,1.0,0.0,0.0,2021.0,Norwich City,0.0,0.0,0.0,0.0,21,0,4.5,3.8,1.75,1.0,5.0,3.0,52,1,1,-1
1299,2022-05-11,19:45,Premier League,Matchweek 21,Wed,Away,L,0.0,3.0,Leicester City,1.1,2.0,35.0,38092.0,Grant Hanley,4-1-4-1,Simon Hooper,9.0,5.0,17.0,0.0,0.0,0.0,2021.0,Norwich City,0.0,0.0,0.0,0.0,10,0,7.0,4.75,1.44,1.0,3.0,1.0,26,4,0,-1
1300,2022-05-15,14:00,Premier League,Matchweek 37,Sun,Away,D,1.0,1.0,Wolves,1.1,0.9,36.0,31219.0,Grant Hanley,3-4-3,Tony Harrington,11.0,2.0,14.4,0.0,0.0,0.0,2021.0,Norwich City,0.0,0.0,0.0,0.0,21,0,6.5,4.75,1.45,1.0,2.0,2.0,50,1,0,0
1301,2022-05-22,16:00,Premier League,Matchweek 38,Sun,Home,L,0.0,5.0,Tottenham,0.5,3.4,41.0,27022.0,Grant Hanley,5-4-1,Chris Kavanagh,9.0,0.0,18.6,0.0,0.0,0.0,2021.0,Norwich City,0.0,0.0,0.0,0.0,22,1,9.5,6.5,1.25,2.0,6.0,3.0,68,7,1,-1
1302,2020-09-21,20:15,Premier League,Matchweek 2,Mon,Away,W,3.0,1.0,Wolves,1.9,0.6,65.0,,Fernandinho,4-2-3-1,Andre Marriner,13.0,8.0,21.1,2.0,1.0,1.0,2020.0,Manchester City,0.0,1.0,0.0,0.0,3,3,1.5,4.33,6.5,4.0,3.0,1.0,3,3,0,1
1303,2020-09-27,16:30,Premier League,Matchweek 3,Sun,Home,L,2.0,5.0,Leicester City,0.9,2.9,72.0,,Fernandinho,4-2-3-1,Michael Oliver,16.0,5.0,19.8,1.0,0.0,0.0,2020.0,Manchester City,0.0,0.0,0.0,0.0,6,6,1.28,6.0,9.5,8.0,3.0,1.0,6,6,1,-1
1304,2020-10-03,17:30,Premier League,Matchweek 4,Sat,Away,D,1.0,1.0,Leeds United,1.2,2.4,49.0,,Kevin De Bruyne,4-3-3,Mike Dean,23.0,1.0,18.2,1.0,0.0,0.0,2020.0,Manchester City,0.0,0.0,0.0,0.0,6,6,1.36,5.25,7.5,0.0,0.0,0.0,6,6,0,0
1305,2020-10-17,17:30,Premier League,Matchweek 5,Sat,Home,W,1.0,0.0,Arsenal,1.3,0.9,58.0,,Raheem Sterling,3-1-4-2,Chris Kavanagh,13.0,5.0,17.7,0.0,0.0,0.0,2020.0,Manchester City,0.0,0.0,0.0,0.0,7,4,1.44,5.0,6.5,10.0,4.0,6.0,9,6,1,1
1306,2020-10-24,12:30,Premier League,Matchweek 6,Sat,Away,D,1.0,1.0,West Ham,1.0,0.3,69.0,,Raheem Sterling,4-3-3,Anthony Taylor,14.0,7.0,20.9,1.0,0.0,0.0,2020.0,Manchester City,0.0,0.0,0.0,0.0,10,4,1.36,5.25,8.0,14.0,2.0,2.0,7,7,0,0
1307,2020-10-31,12:30,Premier League,Matchweek 7,Sat,Away,W,1.0,0.0,Sheffield United,1.6,0.5,65.0,,Kevin De Bruyne,4-3-3,Michael Oliver,16.0,8.0,18.5,2.0,0.0,0.0,2020.0,Manchester City,0.0,0.0,0.0,0.0,11,5,1.28,6.0,9.5,2.0,0.0,0.0,1,1,0,1
1308,2020-11-08,16:30,Premier League,Matchweek 8,Sun,Home,D,1.0,1.0,Liverpool,1.4,1.2,54.0,,Kevin De Bruyne,4-2-3-1,Craig Pawson,6.0,2.0,20.6,0.0,0.0,1.0,2020.0,Manchester City,0.0,0.0,0.0,0.0,14,7,1.95,4.2,3.4,7.0,8.0,5.0,16,7,1,0
1309,2020-11-21,17:30,Premier League,Matchweek 9,Sat,Away,L,0.0,2.0,Tottenham,1.4,0.7,66.0,,Kevin De Bruyne,4-3-3,Mike Dean,22.0,5.0,16.0,0.0,0.0,0.0,2020.0,Manchester City,0.0,0.0,0.0,0.0,15,5,1.8,4.0,4.0,12.0,5.0,3.0,17,9,0,-1
1310,2020-11-28,15:00,Premier League,Matchweek 10,Sat,Home,W,5.0,0.0,Burnley,1.7,0.5,68.0,,Kevin De Bruyne,4-2-3-1,Lee Mason,19.0,6.0,16.4,0.0,0.0,0.0,2020.0,Manchester City,0.0,0.0,0.0,0.0,15,4,1.16,7.5,16.0,7.0,1.0,2.0,5,4,1,1
1311,2020-12-05,15:00,Premier League,Matchweek 11,Sat,Home,W,2.0,0.0,Fulham,2.9,0.3,69.0,,Kevin De Bruyne,4-2-3-1,Jonathan Moss,14.0,4.0,15.9,0.0,1.0,1.0,2020.0,Manchester City,0.0,1.0,0.0,0.0,18,4,1.1,11.0,19.0,8.0,0.0,2.0,7,3,1,1
1312,2020-12-12,17:30,Premier League,Matchweek 12,Sat,Away,D,0.0,0.0,Manchester United,1.3,0.6,54.0,,Fernandinho,4-2-3-1,Chris Kavanagh,9.0,2.0,18.3,1.0,0.0,0.0,2020.0,Manchester City,0.0,0.0,0.0,0.0,21,6,1.72,4.2,4.33,10.0,7.0,3.0,22,9,0,0
1313,2020-12-15,20:00,Premier League,Matchweek 13,Tue,Home,D,1.0,1.0,West Brom,2.2,0.4,77.0,,Kevin De Bruyne,4-2-3-1,Peter Bankes,26.0,7.0,17.1,2.0,0.0,0.0,2020.0,Manchester City,0.0,0.0,1.0,0.0,22,7,1.09,11.0,21.0,15.0,0.0,1.0,6,3,1,0
1314,2020-12-19,15:00,Premier League,Matchweek 14,Sat,Away,W,1.0,0.0,Southampton,0.9,0.7,52.0,,Kevin De Bruyne,4-2-3-1,Mike Dean,11.0,5.0,20.1,0.0,0.0,0.0,2020.0,Manchester City,0.0,0.0,0.0,0.0,23,5,1.44,4.5,7.0,11.0,3.0,2.0,24,7,0,1
1315,2020-12-26,20:00,Premier League,Matchweek 15,Sat,Home,W,2.0,0.0,Newcastle United,3.0,0.3,74.0,,Kevin De Bruyne,3-4-3◆,Andre Marriner,11.0,6.0,12.3,0.0,0.0,0.0,2020.0,Manchester City,0.0,0.0,0.0,0.0,26,5,1.11,10.0,19.0,15.0,1.0,2.0,18,4,1,1
1316,2021-01-03,16:30,Premier League,Matchweek 17,Sun,Away,W,3.0,1.0,Chelsea,2.7,0.8,46.0,,Kevin De Bruyne,4-3-3,Anthony Taylor,18.0,6.0,15.1,1.0,0.0,0.0,2020.0,Manchester City,0.0,0.0,0.0,0.0,32,9,2.2,3.7,3.0,9.0,8.0,3.0,26,4,0,1
1317,2021-01-13,18:00,Premier League,Matchweek 18,Wed,Home,W,1.0,0.0,Brighton,2.0,0.2,65.0,,Kevin De Bruyne,4-3-3,Darren England,15.0,6.0,16.9,0.0,0.0,1.0,2020.0,Manchester City,0.0,1.0,0.0,0.0,35,9,1.14,8.5,16.0,6.0,0.0,0.0,14,2,1,1
1318,2021-01-17,19:15,Premier League,Matchweek 19,Sun,Home,W,4.0,0.0,Crystal Palace,0.7,0.1,71.0,,Fernandinho,4-3-3,Lee Mason,13.0,6.0,19.1,2.0,0.0,0.0,2020.0,Manchester City,0.0,0.0,0.0,0.0,38,9,1.14,8.5,17.0,10.0,2.0,2.0,23,5,1,1
1319,2021-01-20,18:00,Premier League,Matchweek 1,Wed,Home,W,2.0,0.0,Aston Villa,3.4,0.6,69.0,,Kevin De Bruyne,4-3-3,Jonathan Moss,27.0,8.0,15.8,0.0,1.0,1.0,2020.0,Manchester City,0.0,0.0,0.0,0.0,0,0,1.22,6.5,12.0,11.0,2.0,1.0,0,0,1,1
1320,2021-01-26,20:15,Premier League,Matchweek 20,Tue,Away,W,5.0,0.0,West Brom,1.8,0.5,77.0,,Raheem Sterling,4-3-3,Chris Kavanagh,18.0,7.0,17.4,0.0,0.0,0.0,2020.0,Manchester City,0.0,0.0,0.0,0.0,41,9,1.18,7.5,15.0,15.0,0.0,2.0,11,3,0,1
1321,2021-01-30,15:00,Premier League,Matchweek 21,Sat,Home,W,1.0,0.0,Sheffield United,1.5,0.2,75.0,,Fernandinho,4-3-3,David Coote,10.0,5.0,17.2,0.0,0.0,0.0,2020.0,Manchester City,0.0,0.0,0.0,0.0,44,9,1.12,9.0,18.0,3.0,0.0,0.0,8,6,1,1
1322,2021-02-03,18:00,Premier League,Matchweek 22,Wed,Away,W,2.0,0.0,Burnley,2.0,0.1,74.0,,Raheem Sterling,4-3-3,Martin Atkinson,13.0,6.0,15.5,0.0,0.0,0.0,2020.0,Manchester City,0.0,0.0,0.0,0.0,47,9,1.2,7.0,13.0,8.0,1.0,2.0,23,3,0,1
1323,2021-02-07,16:30,Premier League,Matchweek 23,Sun,Away,W,4.0,1.0,Liverpool,3.5,1.2,44.0,,Raheem Sterling,4-3-3,Michael Oliver,7.0,5.0,13.4,0.0,0.0,1.0,2020.0,Manchester City,0.0,1.0,0.0,0.0,50,9,2.05,3.6,3.4,7.0,8.0,6.0,40,6,0,1
1324,2021-02-13,17:30,Premier League,Matchweek 24,Sat,Home,W,3.0,0.0,Tottenham,2.2,0.3,60.0,,Raheem Sterling,4-3-3,Paul Tierney,14.0,5.0,16.3,0.0,1.0,1.0,2020.0,Manchester City,0.0,1.0,0.0,0.0,53,9,1.28,5.75,9.5,12.0,6.0,3.0,39,3,1,1
1325,2021-02-17,20:15,Premier League,Matchweek 16,Wed,Away,W,3.0,1.0,Everton,1.0,1.0,71.0,,Raheem Sterling,4-3-3,Andre Marriner,16.0,7.0,17.9,0.0,0.0,0.0,2020.0,Manchester City,0.0,0.0,0.0,0.0,29,7,1.33,5.5,8.5,10.0,5.0,5.0,29,9,0,1
1326,2021-02-21,16:30,Premier League,Matchweek 25,Sun,Away,W,1.0,0.0,Arsenal,1.8,0.3,55.0,,Fernandinho,4-3-3,Jonathan Moss,15.0,3.0,16.2,0.0,0.0,0.0,2020.0,Manchester City,0.0,0.0,0.0,0.0,56,9,1.5,4.33,6.5,11.0,4.0,6.0,34,3,0,1
1327,2021-02-27,12:30,Premier League,Matchweek 26,Sat,Home,W,2.0,1.0,West Ham,0.5,1.5,63.0,,Fernandinho,4-3-3,Michael Oliver,10.0,3.0,20.4,0.0,0.0,0.0,2020.0,Manchester City,0.0,0.0,0.0,0.0,59,9,1.22,6.5,12.0,14.0,2.0,3.0,45,7,1,1
1328,2021-03-02,20:00,Premier League,Matchweek 29,Tue,Home,W,4.0,1.0,Wolves,3.3,0.3,72.0,,Kevin De Bruyne,4-3-3,Chris Kavanagh,22.0,10.0,14.6,0.0,0.0,0.0,2020.0,Manchester City,0.0,0.0,0.0,0.0,65,6,1.18,7.0,15.0,5.0,3.0,1.0,35,2,1,1
1329,2021-03-07,16:30,Premier League,Matchweek 27,Sun,Home,L,0.0,2.0,Manchester United,1.3,1.7,66.0,,Kevin De Bruyne,4-2-3-1,Anthony Taylor,23.0,6.0,18.7,1.0,0.0,0.0,2020.0,Manchester City,0.0,0.0,0.0,0.0,62,9,1.45,4.5,7.0,10.0,7.0,4.0,50,5,1,-1
1330,2021-03-10,18:00,Premier League,Matchweek 33,Wed,Home,W,5.0,2.0,Southampton,2.6,1.6,58.0,,Fernandinho,4-3-3,Jonathan Moss,17.0,10.0,16.0,0.0,0.0,0.0,2020.0,Manchester City,0.0,0.0,0.0,0.0,74,6,1.18,7.5,15.0,12.0,3.0,2.0,39,6,1,1
1331,2021-03-13,20:00,Premier League,Matchweek 28,Sat,Away,W,3.0,0.0,Fulham,2.2,0.3,54.0,,Sergio Agüero,3-4-3,Andre Marriner,7.0,6.0,15.3,0.0,1.0,1.0,2020.0,Manchester City,0.0,1.0,0.0,0.0,62,6,1.33,5.0,10.0,9.0,0.0,2.0,26,7,0,1
1332,2021-04-03,17:30,Premier League,Matchweek 30,Sat,Away,W,2.0,0.0,Leicester City,1.4,0.3,56.0,,Fernandinho,4-2-3-1,Anthony Taylor,11.0,4.0,14.5,1.0,0.0,0.0,2020.0,Manchester City,0.0,0.0,0.0,0.0,68,6,1.53,4.2,6.0,8.0,4.0,1.0,56,7,0,1
1333,2021-04-10,12:30,Premier League,Matchweek 31,Sat,Home,L,1.0,2.0,Leeds United,2.1,0.1,71.0,,Fernandinho,4-3-3,Andre Marriner,29.0,7.0,18.9,1.0,0.0,0.0,2020.0,Manchester City,0.0,0.0,0.0,0.0,71,9,1.28,5.75,10.0,0.0,0.0,1.0,42,7,1,-1
1334,2021-04-21,20:15,Premier League,Matchweek 32,Wed,Away,W,2.0,1.0,Aston Villa,1.2,0.7,72.0,,İlkay Gündoğan,4-3-3,Peter Bankes,13.0,3.0,19.3,2.0,0.0,0.0,2020.0,Manchester City,1.0,0.0,0.0,0.0,71,6,1.36,4.75,9.0,12.0,2.0,1.0,45,3,0,1
1335,2021-05-01,12:30,Premier League,Matchweek 34,Sat,Away,W,2.0,0.0,Crystal Palace,1.7,0.9,68.0,,Fernandinho,4-4-1-1,David Coote,20.0,3.0,14.6,1.0,0.0,0.0,2020.0,Manchester City,0.0,0.0,0.0,0.0,77,6,1.33,5.0,10.0,11.0,2.0,2.0,38,0,0,1
1336,2021-05-08,17:30,Premier League,Matchweek 35,Sat,Home,L,1.0,2.0,Chelsea,1.8,0.7,48.0,,Raheem Sterling,3-1-4-2,Anthony Taylor,15.0,3.0,20.0,0.0,0.0,1.0,2020.0,Manchester City,0.0,1.0,0.0,0.0,80,9,1.9,3.4,4.2,10.0,8.0,3.0,61,7,1,-1
1337,2021-05-14,20:00,Premier League,Matchweek 36,Fri,Away,W,4.0,3.0,Newcastle United,1.5,2.2,82.0,,Raheem Sterling,4-3-3,Kevin Friend,15.0,6.0,20.0,1.0,0.0,0.0,2020.0,Manchester City,0.0,0.0,0.0,0.0,80,6,1.25,6.0,11.0,16.0,1.0,2.0,39,4,0,1
1338,2021-05-18,19:00,Premier League,Matchweek 37,Tue,Away,L,2.0,3.0,Brighton,0.9,1.1,37.0,7945.0,İlkay Gündoğan,4-3-3,Stuart Attwell,8.0,4.0,14.2,1.0,0.0,0.0,2020.0,Manchester City,1.0,0.0,0.0,0.0,83,6,1.45,4.5,7.0,7.0,0.0,0.0,38,4,0,-1
1339,2021-05-23,16:00,Premier League,Matchweek 38,Sun,Home,W,5.0,0.0,Everton,2.5,1.1,67.0,10000.0,Fernandinho,4-3-3,Michael Oliver,21.0,11.0,15.6,0.0,0.0,0.0,2020.0,Manchester City,0.0,0.0,0.0,0.0,83,3,1.44,5.0,6.5,11.0,5.0,5.0,59,6,1,1
1340,2020-09-19,17:30,Premier League,Matchweek 2,Sat,Home,L,1.0,3.0,Crystal Palace,1.2,1.6,75.0,,Harry Maguire,4-2-3-1,Martin Atkinson,17.0,4.0,20.2,1.0,0.0,0.0,2020.0,Manchester United,0.0,0.0,0.0,0.0,3,3,1.3,5.5,9.5,11.0,1.0,2.0,3,3,1,-1
1341,2020-09-26,12:30,Premier League,Matchweek 3,Sat,Away,W,3.0,2.0,Brighton,1.5,2.5,47.0,,Harry Maguire,4-2-3-1,Chris Kavanagh,6.0,2.0,18.2,0.0,1.0,1.0,2020.0,Manchester United,0.0,0.0,0.0,0.0,3,3,1.72,3.75,4.75,4.0,2.0,0.0,3,3,0,1
1342,2020-10-04,16:30,Premier League,Matchweek 4,Sun,Home,L,1.0,6.0,Tottenham,0.9,3.4,39.0,,Harry Maguire,4-2-3-1,Anthony Taylor,4.0,1.0,25.4,0.0,1.0,1.0,2020.0,Manchester United,1.0,1.0,0.0,0.0,6,6,1.85,3.8,4.0,9.0,6.0,5.0,4,4,1,-1
1343,2020-10-17,20:00,Premier League,Matchweek 5,Sat,Away,W,4.0,1.0,Newcastle United,2.3,0.9,63.0,,Harry Maguire,4-2-3-1,Craig Pawson,27.0,11.0,20.5,0.0,0.0,1.0,2020.0,Manchester United,0.0,1.0,1.0,0.0,6,3,1.66,4.0,4.75,10.0,4.0,4.0,7,4,0,1
1344,2020-10-24,17:30,Premier League,Matchweek 6,Sat,Home,D,0.0,0.0,Chelsea,0.6,0.2,51.0,,Harry Maguire,4-2-3-1,Martin Atkinson,14.0,4.0,17.9,0.0,0.0,0.0,2020.0,Manchester United,0.0,0.0,0.0,0.0,9,6,2.37,3.6,2.8,7.0,6.0,7.0,8,5,1,0
1345,2020-11-01,16:30,Premier League,Matchweek 7,Sun,Home,L,0.0,1.0,Arsenal,0.4,1.0,54.0,,Harry Maguire,4-1-2-1-2◆,Mike Dean,8.0,2.0,19.9,0.0,0.0,0.0,2020.0,Manchester United,0.0,0.0,0.0,0.0,10,4,2.0,3.6,3.6,9.0,5.0,6.0,9,3,1,-1
1346,2020-11-07,12:30,Premier League,Matchweek 8,Sat,Away,W,3.0,1.0,Everton,1.5,0.4,45.0,,Harry Maguire,4-2-3-1,Paul Tierney,13.0,5.0,21.1,2.0,0.0,0.0,2020.0,Manchester United,0.0,0.0,0.0,0.0,10,4,2.37,3.5,2.9,9.0,5.0,6.0,13,1,0,1
1347,2020-11-21,20:00,Premier League,Matchweek 9,Sat,Home,W,1.0,0.0,West Brom,2.4,0.6,63.0,,Harry Maguire,4-2-3-1,David Coote,16.0,6.0,18.4,1.0,1.0,1.0,2020.0,Manchester United,0.0,0.0,0.0,0.0,13,4,1.3,5.5,9.5,8.0,4.0,4.0,3,1,1,1
1348,2020-11-29,14:00,Premier League,Matchweek 10,Sun,Away,W,3.0,2.0,Southampton,2.1,0.5,50.0,,Harry Maguire,4-3-1-2,Jonathan Moss,15.0,6.0,16.2,0.0,0.0,0.0,2020.0,Manchester United,0.0,0.0,0.0,0.0,16,6,1.95,3.5,4.0,7.0,2.0,7.0,17,7,0,1
1349,2020-12-05,17:30,Premier League,Matchweek 11,Sat,Away,W,3.0,1.0,West Ham,1.7,2.0,60.0,2000.0,Harry Maguire,4-2-3-1,Andre Marriner,15.0,6.0,19.3,0.0,0.0,0.0,2020.0,Manchester United,0.0,0.0,0.0,0.0,19,9,2.0,3.6,3.6,9.0,3.0,6.0,17,9,0,1
1350,2020-12-12,17:30,Premier League,Matchweek 12,Sat,Home,D,0.0,0.0,Manchester City,0.6,1.3,46.0,,Harry Maguire,4-2-3-1,Chris Kavanagh,11.0,2.0,17.2,1.0,0.0,0.0,2020.0,Manchester United,0.0,0.0,0.0,0.0,22,9,4.33,4.2,1.72,7.0,10.0,3.0,21,6,1,0
1351,2020-12-17,20:00,Premier League,Matchweek 13,Thu,Away,W,3.0,2.0,Sheffield United,1.9,1.5,60.0,,Harry Maguire,4-2-3-1,Michael Oliver,15.0,8.0,18.4,1.0,0.0,0.0,2020.0,Manchester United,0.0,0.0,0.0,0.0,23,7,1.44,4.6,7.0,1.0,0.0,1.0,1,0,0,1
1352,2020-12-20,16:30,Premier League,Matchweek 14,Sun,Home,W,6.0,2.0,Leeds United,3.6,1.8,41.0,,Harry Maguire,4-2-3-1,Anthony Taylor,25.0,13.0,15.9,0.0,1.0,1.0,2020.0,Manchester United,0.0,1.0,0.0,0.0,26,7,1.66,4.33,4.5,0.0,0.0,0.0,17,3,1,1
1353,2020-12-26,12:30,Premier League,Matchweek 15,Sat,Away,D,2.0,2.0,Leicester City,1.7,0.9,46.0,,Harry Maguire,4-2-3-1,Mike Dean,9.0,4.0,12.7,0.0,0.0,0.0,2020.0,Manchester United,0.0,0.0,1.0,0.0,29,7,2.3,3.6,2.9,8.0,1.0,3.0,27,6,0,0
1354,2020-12-29,20:00,Premier League,Matchweek 16,Tue,Home,W,1.0,0.0,Wolves,1.5,0.5,58.0,,Harry Maguire,4-2-3-1,Jonathan Moss,11.0,3.0,17.3,0.0,0.0,0.0,2020.0,Manchester United,0.0,0.0,0.0,0.0,30,7,1.53,4.2,6.25,3.0,2.0,3.0,21,4,1,1
1355,2021-01-01,20:00,Premier League,Matchweek 17,Fri,Home,W,2.0,1.0,Aston Villa,2.1,1.4,48.0,,Harry Maguire,4-2-3-1,Michael Oliver,18.0,8.0,18.5,0.0,1.0,1.0,2020.0,Manchester United,0.0,1.0,0.0,0.0,33,7,1.72,4.2,4.2,11.0,0.0,3.0,29,7,1,1
1356,2021-01-12,20:15,Premier League,Matchweek 1,Tue,Away,W,1.0,0.0,Burnley,1.2,0.9,62.0,,Harry Maguire,4-2-3-1,Kevin Friend,13.0,7.0,17.6,0.0,0.0,0.0,2020.0,Manchester United,0.0,0.0,0.0,0.0,0,0,1.45,4.5,7.0,5.0,1.0,4.0,0,0,0,1
1357,2021-01-17,16:30,Premier League,Matchweek 19,Sun,Away,D,0.0,0.0,Liverpool,1.1,1.2,35.0,,Harry Maguire,4-2-3-1,Paul Tierney,8.0,4.0,17.3,2.0,0.0,0.0,2020.0,Manchester United,0.0,0.0,0.0,0.0,39,9,3.6,3.8,1.95,9.0,5.0,6.0,33,1,0,0
1358,2021-01-20,20:15,Premier League,Matchweek 18,Wed,Away,W,2.0,1.0,Fulham,1.7,0.9,62.0,,Harry Maguire,4-2-3-1,Martin Atkinson,15.0,5.0,15.5,1.0,0.0,0.0,2020.0,Manchester United,0.0,0.0,0.0,0.0,36,7,1.53,4.33,6.0,8.0,0.0,2.0,13,3,0,1
1359,2021-01-27,20:15,Premier League,Matchweek 20,Wed,Home,L,1.0,2.0,Sheffield United,1.1,1.0,75.0,,Harry Maguire,4-2-3-1,Peter Bankes,16.0,4.0,18.9,2.0,0.0,0.0,2020.0,Manchester United,0.0,0.0,0.0,0.0,40,7,1.25,6.0,11.0,2.0,0.0,1.0,5,3,1,-1
1360,2021-01-30,17:30,Premier League,Matchweek 21,Sat,Away,D,0.0,0.0,Arsenal,1.6,0.9,57.0,,Harry Maguire,4-2-3-1,Michael Oliver,14.0,3.0,18.2,1.0,0.0,0.0,2020.0,Manchester United,0.0,0.0,0.0,0.0,40,4,2.45,3.5,2.8,9.0,6.0,6.0,30,7,0,0
1361,2021-02-02,20:15,Premier League,Matchweek 22,Tue,Home,W,9.0,0.0,Southampton,4.7,0.5,74.0,,Harry Maguire,4-2-3-1,Mike Dean,23.0,13.0,17.1,1.0,1.0,1.0,2020.0,Manchester United,0.0,1.0,0.0,0.0,41,2,1.4,4.75,7.0,8.0,2.0,7.0,29,0,1,1
1362,2021-02-06,20:00,Premier League,Matchweek 23,Sat,Home,D,3.0,3.0,Everton,1.8,1.5,61.0,,Harry Maguire,4-2-3-1,Jonathan Moss,14.0,5.0,15.2,1.0,0.0,0.0,2020.0,Manchester United,0.0,0.0,0.0,0.0,44,4,1.53,4.2,6.0,10.0,5.0,6.0,37,4,1,0
1363,2021-02-14,14:00,Premier League,Matchweek 24,Sun,Away,D,1.0,1.0,West Brom,0.5,1.0,73.0,,Harry Maguire,4-2-3-1,Craig Pawson,10.0,6.0,19.1,0.0,0.0,0.0,2020.0,Manchester United,0.0,0.0,0.0,0.0,45,5,1.3,5.5,10.0,9.0,4.0,4.0,12,1,0,0
1364,2021-02-21,19:00,Premier League,Matchweek 25,Sun,Home,W,3.0,1.0,Newcastle United,1.7,0.4,71.0,,Harry Maguire,4-2-3-1,Paul Tierney,14.0,6.0,19.1,0.0,1.0,1.0,2020.0,Manchester United,0.0,1.0,0.0,0.0,46,5,1.28,5.5,10.0,11.0,4.0,4.0,25,3,1,1
1365,2021-02-28,16:30,Premier League,Matchweek 26,Sun,Away,D,0.0,0.0,Chelsea,0.4,1.1,43.0,,Harry Maguire,4-2-3-1,Stuart Attwell,11.0,4.0,25.2,1.0,0.0,0.0,2020.0,Manchester United,0.0,0.0,0.0,0.0,49,5,3.4,3.4,2.15,7.0,6.0,8.0,43,7,0,0
1366,2021-03-03,20:15,Premier League,Matchweek 29,Wed,Away,D,0.0,0.0,Crystal Palace,0.9,0.9,63.0,,Harry Maguire,4-2-3-1,Andre Marriner,11.0,1.0,18.4,0.0,0.0,0.0,2020.0,Manchester United,0.0,0.0,0.0,0.0,56,7,1.4,4.75,8.0,11.0,2.0,2.0,36,4,0,0
1367,2021-03-07,16:30,Premier League,Matchweek 27,Sun,Away,W,2.0,0.0,Manchester City,1.7,1.3,34.0,,Harry Maguire,4-2-3-1,Anthony Taylor,7.0,5.0,17.5,0.0,1.0,1.0,2020.0,Manchester United,0.0,1.0,0.0,0.0,50,5,7.0,4.5,1.45,7.0,10.0,4.0,62,9,0,1
1368,2021-03-14,19:15,Premier League,Matchweek 28,Sun,Home,W,1.0,0.0,West Ham,1.5,0.6,61.0,,Harry Maguire,4-2-3-1,Martin Atkinson,15.0,4.0,18.0,0.0,0.0,0.0,2020.0,Manchester United,0.0,0.0,0.0,0.0,53,7,1.83,3.6,4.33,10.0,3.0,6.0,48,6,1,1
1369,2021-04-04,19:30,Premier League,Matchweek 30,Sun,Home,W,2.0,1.0,Brighton,1.5,1.2,57.0,,Harry Maguire,4-2-3-1,Mike Dean,15.0,7.0,18.4,0.0,0.0,0.0,2020.0,Manchester United,0.0,0.0,0.0,0.0,57,7,1.61,4.0,5.5,5.0,2.0,0.0,32,6,1,1
1370,2021-04-11,16:30,Premier League,Matchweek 31,Sun,Away,W,3.0,1.0,Tottenham,2.1,0.9,53.0,,Harry Maguire,4-2-3-1,Chris Kavanagh,12.0,7.0,15.0,0.0,0.0,0.0,2020.0,Manchester United,0.0,0.0,0.0,0.0,60,7,2.45,3.4,2.87,9.0,7.0,5.0,49,4,0,1
1371,2021-04-18,16:00,Premier League,Matchweek 32,Sun,Home,W,3.0,1.0,Burnley,2.5,0.9,69.0,,Harry Maguire,4-2-3-1,Jonathan Moss,17.0,8.0,12.9,0.0,0.0,0.0,2020.0,Manchester United,0.0,0.0,0.0,0.0,63,7,1.33,5.25,9.0,6.0,1.0,4.0,33,1,1,1
1372,2021-04-25,14:00,Premier League,Matchweek 33,Sun,Away,D,0.0,0.0,Leeds United,1.2,0.3,56.0,,Harry Maguire,4-2-3-1,Craig Pawson,16.0,4.0,18.4,3.0,0.0,0.0,2020.0,Manchester United,0.0,0.0,0.0,0.0,66,9,1.75,4.2,4.0,1.0,0.0,0.0,46,7,0,0
1373,2021-05-09,14:05,Premier League,Matchweek 35,Sun,Away,W,3.0,1.0,Aston Villa,1.7,0.5,59.0,,Harry Maguire,4-2-3-1,Chris Kavanagh,17.0,6.0,21.5,0.0,1.0,1.0,2020.0,Manchester United,0.0,1.0,0.0,0.0,67,4,1.8,3.8,4.2,12.0,0.0,3.0,49,4,0,1
1374,2021-05-11,18:00,Premier League,Matchweek 36,Tue,Home,L,1.0,2.0,Leicester City,0.2,0.9,53.0,,Nemanja Matić,4-2-3-1,Craig Pawson,4.0,1.0,12.3,0.0,0.0,0.0,2020.0,Manchester United,0.0,0.0,0.0,0.0,70,4,2.5,3.4,2.8,8.0,1.0,4.0,63,4,1,-1
1375,2021-05-13,20:15,Premier League,Matchweek 34,Thu,Home,L,2.0,4.0,Liverpool,1.9,2.7,53.0,,Bruno Fernandes,4-2-3-1,Anthony Taylor,18.0,2.0,15.5,1.0,0.0,0.0,2020.0,Manchester United,0.0,0.0,0.0,0.0,67,7,3.0,3.75,2.2,9.0,5.0,7.0,54,5,1,-1
1376,2021-05-18,18:00,Premier League,Matchweek 37,Tue,Home,D,1.0,1.0,Fulham,0.9,0.9,57.0,10000.0,Bruno Fernandes,4-2-3-1,Lee Mason,13.0,6.0,21.7,2.0,0.0,0.0,2020.0,Manchester United,0.0,0.0,0.0,0.0,70,3,1.28,6.0,9.0,9.0,0.0,2.0,27,0,1,0
1377,2021-05-23,16:00,Premier League,Matchweek 38,Sun,Away,W,2.0,1.0,Wolves,2.0,0.9,43.0,4500.0,Nemanja Matić,4-2-3-1,Mike Dean,8.0,3.0,18.6,0.0,1.0,1.0,2020.0,Manchester United,0.0,1.0,0.0,0.0,71,4,2.7,3.5,2.5,4.0,2.0,3.0,45,3,0,1
1378,2020-09-12,17:30,Premier League,Matchweek 1,Sat,Home,W,4.0,3.0,Leeds United,2.7,0.3,49.0,,Jordan Henderson,4-3-3,Michael Oliver,20.0,4.0,18.4,0.0,2.0,2.0,2020.0,Liverpool,0.0,1.0,0.0,0.0,0,0,1.28,6.0,9.5,0.0,0.0,0.0,0,0,1,1
1379,2020-09-20,16:30,Premier League,Matchweek 2,Sun,Away,W,2.0,0.0,Chelsea,2.1,0.9,61.0,,Jordan Henderson,4-3-3,Paul Tierney,18.0,5.0,18.2,1.0,0.0,0.0,2020.0,Liverpool,0.0,0.0,0.0,0.0,3,3,2.2,3.6,3.1,9.0,4.0,7.0,3,3,0,1
1380,2020-09-28,20:00,Premier League,Matchweek 3,Mon,Home,W,3.0,1.0,Arsenal,2.7,1.3,66.0,,Virgil van Dijk,4-3-3,Craig Pawson,21.0,8.0,17.9,0.0,0.0,0.0,2020.0,Liverpool,0.0,0.0,0.0,0.0,6,6,1.45,4.75,6.5,7.0,5.0,8.0,6,6,1,1
1381,2020-10-04,19:15,Premier League,Matchweek 4,Sun,Away,L,2.0,7.0,Aston Villa,1.8,2.7,69.0,,Virgil van Dijk,4-3-3,Martin Atkinson,14.0,8.0,16.3,1.0,0.0,0.0,2020.0,Liverpool,0.0,0.0,0.0,0.0,9,9,1.3,5.5,10.0,9.0,2.0,2.0,6,6,0,-1
1382,2020-10-17,12:30,Premier League,Matchweek 5,Sat,Away,D,2.0,2.0,Everton,2.6,1.2,58.0,,Jordan Henderson,4-3-3,Michael Oliver,22.0,8.0,16.0,2.0,0.0,0.0,2020.0,Liverpool,0.0,0.0,0.0,0.0,9,6,1.83,4.2,3.75,8.0,1.0,11.0,12,9,0,0
1383,2020-10-24,20:00,Premier League,Matchweek 6,Sat,Home,W,2.0,1.0,Sheffield United,2.3,1.6,62.0,,Jordan Henderson,4-2-3-1,Mike Dean,17.0,5.0,18.8,1.0,0.0,0.0,2020.0,Liverpool,0.0,0.0,0.0,0.0,10,4,1.22,6.5,12.0,2.0,0.0,0.0,1,1,1,1
1384,2020-10-31,17:30,Premier League,Matchweek 7,Sat,Home,W,2.0,1.0,West Ham,1.7,0.3,72.0,,Jordan Henderson,4-3-3,Kevin Friend,8.0,4.0,20.0,1.0,1.0,1.0,2020.0,Liverpool,0.0,1.0,0.0,0.0,13,4,1.36,5.25,7.5,11.0,4.0,3.0,8,5,1,1
1385,2020-11-08,16:30,Premier League,Matchweek 8,Sun,Away,D,1.0,1.0,Manchester City,1.2,1.4,46.0,,Jordan Henderson,4-2-3-1,Craig Pawson,9.0,2.0,22.1,1.0,1.0,1.0,2020.0,Liverpool,0.0,1.0,0.0,0.0,16,7,3.4,4.2,1.95,8.0,7.0,5.0,14,7,0,0
1386,2020-11-22,19:15,Premier League,Matchweek 9,Sun,Home,W,3.0,0.0,Leicester City,3.1,1.6,56.0,,James Milner,4-3-3,Chris Kavanagh,24.0,11.0,12.7,0.0,0.0,0.0,2020.0,Liverpool,0.0,0.0,0.0,0.0,17,7,1.85,4.0,3.8,8.0,2.0,2.0,18,9,1,1
1387,2020-11-28,12:30,Premier League,Matchweek 10,Sat,Away,D,1.0,1.0,Brighton,0.2,2.3,60.0,,James Milner,4-3-3,Stuart Attwell,6.0,2.0,21.1,0.0,0.0,0.0,2020.0,Liverpool,0.0,0.0,0.0,0.0,20,7,1.57,4.2,5.5,6.0,0.0,0.0,9,4,0,0
1388,2020-12-06,19:15,Premier League,Matchweek 11,Sun,Home,W,4.0,0.0,Wolves,1.2,0.4,60.0,2000.0,Jordan Henderson,4-3-3,Craig Pawson,11.0,6.0,17.2,1.0,0.0,0.0,2020.0,Liverpool,0.0,0.0,0.0,0.0,21,5,1.5,4.33,6.5,7.0,1.0,0.0,17,4,1,1
1389,2020-12-13,16:30,Premier League,Matchweek 12,Sun,Away,D,1.0,1.0,Fulham,1.8,1.5,74.0,2000.0,Jordan Henderson,4-3-3,Andre Marriner,11.0,5.0,21.7,1.0,1.0,1.0,2020.0,Liverpool,0.0,0.0,0.0,0.0,24,7,1.3,5.5,9.0,8.0,2.0,0.0,7,3,0,0
1390,2020-12-16,20:00,Premier League,Matchweek 13,Wed,Home,W,2.0,1.0,Tottenham,1.0,1.1,75.0,2000.0,Jordan Henderson,4-3-3,Anthony Taylor,17.0,11.0,16.4,0.0,0.0,0.0,2020.0,Liverpool,0.0,0.0,0.0,0.0,25,5,1.75,3.8,4.5,10.0,5.0,5.0,25,5,1,1
1391,2020-12-19,12:30,Premier League,Matchweek 14,Sat,Away,W,7.0,0.0,Crystal Palace,2.5,0.3,64.0,,Jordan Henderson,4-3-3,Jonathan Moss,14.0,7.0,14.1,1.0,0.0,0.0,2020.0,Liverpool,0.0,0.0,0.0,0.0,28,7,1.5,4.33,6.5,9.0,4.0,1.0,18,5,0,1
1392,2020-12-27,16:30,Premier League,Matchweek 15,Sun,Home,D,1.0,1.0,West Brom,1.5,0.6,77.0,2000.0,Jordan Henderson,4-3-3,Kevin Friend,17.0,2.0,19.2,2.0,0.0,0.0,2020.0,Liverpool,0.0,0.0,0.0,0.0,31,7,1.11,10.0,19.0,6.0,4.0,6.0,7,1,1,0
1393,2020-12-30,20:00,Premier League,Matchweek 16,Wed,Away,D,0.0,0.0,Newcastle United,1.4,0.5,72.0,,Jordan Henderson,4-3-3,Paul Tierney,11.0,4.0,18.3,0.0,0.0,0.0,2020.0,Liverpool,0.0,0.0,0.0,0.0,32,7,1.25,6.0,12.0,10.0,4.0,4.0,18,1,0,0
1394,2021-01-04,20:00,Premier League,Matchweek 17,Mon,Away,L,0.0,1.0,Southampton,1.5,0.4,66.0,,Jordan Henderson,4-3-3,Andre Marriner,17.0,1.0,15.7,0.0,0.0,0.0,2020.0,Liverpool,0.0,0.0,0.0,0.0,33,5,1.61,4.33,5.0,10.0,3.0,3.0,26,2,0,-1
1395,2021-01-17,16:30,Premier League,Matchweek 19,Sun,Home,D,0.0,0.0,Manchester United,1.2,1.1,65.0,,Jordan Henderson,4-3-3,Paul Tierney,17.0,3.0,17.9,0.0,0.0,0.0,2020.0,Liverpool,0.0,0.0,0.0,0.0,33,1,1.95,3.8,3.6,5.0,9.0,6.0,39,9,1,0
1396,2021-01-21,20:00,Premier League,Matchweek 18,Thu,Home,L,0.0,1.0,Burnley,1.6,1.1,72.0,,Georginio Wijnaldum,4-3-3,Mike Dean,27.0,6.0,18.6,0.0,0.0,0.0,2020.0,Liverpool,0.0,0.0,0.0,0.0,33,2,1.18,7.5,15.0,7.0,1.0,2.0,17,4,1,-1
1397,2021-01-28,20:00,Premier League,Matchweek 20,Thu,Away,W,3.0,1.0,Tottenham,2.5,0.1,50.0,,Jordan Henderson,4-3-3,Martin Atkinson,14.0,7.0,15.5,0.0,0.0,0.0,2020.0,Liverpool,0.0,0.0,0.0,0.0,34,1,2.2,3.6,3.2,11.0,5.0,5.0,36,9,0,1
1398,2021-01-31,16:30,Premier League,Matchweek 21,Sun,Away,W,3.0,1.0,West Ham,2.0,0.8,67.0,,Jordan Henderson,4-3-1-2,Jonathan Moss,14.0,5.0,15.7,0.0,0.0,0.0,2020.0,Liverpool,0.0,0.0,0.0,0.0,37,4,1.75,4.0,4.33,12.0,4.0,3.0,35,9,0,1
1399,2021-02-03,20:15,Premier League,Matchweek 22,Wed,Home,L,0.0,1.0,Brighton,1.0,1.3,63.0,,Jordan Henderson,4-3-3,Kevin Friend,11.0,1.0,20.9,0.0,0.0,0.0,2020.0,Liverpool,0.0,0.0,0.0,0.0,40,7,1.33,5.25,9.0,6.0,0.0,1.0,21,7,1,-1
1400,2021-02-07,16:30,Premier League,Matchweek 23,Sun,Home,L,1.0,4.0,Manchester City,1.2,3.5,56.0,,Jordan Henderson,4-3-3,Michael Oliver,7.0,2.0,19.4,1.0,1.0,1.0,2020.0,Liverpool,0.0,1.0,0.0,0.0,40,6,3.4,3.6,2.05,8.0,7.0,6.0,50,9,1,-1
1401,2021-02-13,12:30,Premier League,Matchweek 24,Sat,Away,L,1.0,3.0,Leicester City,1.7,1.9,62.0,,Jordan Henderson,4-3-3,Anthony Taylor,15.0,4.0,15.4,2.0,0.0,0.0,2020.0,Liverpool,0.0,0.0,0.0,0.0,40,3,2.1,3.4,3.5,9.0,2.0,2.0,43,4,0,-1
1402,2021-02-20,17:30,Premier League,Matchweek 25,Sat,Home,L,0.0,2.0,Everton,1.4,1.6,71.0,,Jordan Henderson,4-3-3,Chris Kavanagh,15.0,6.0,17.1,1.0,0.0,0.0,2020.0,Liverpool,0.0,0.0,0.0,0.0,40,0,1.44,4.5,7.0,8.0,1.0,12.0,38,4,1,-1
1403,2021-02-28,19:15,Premier League,Matchweek 26,Sun,Away,W,2.0,0.0,Sheffield United,2.7,0.7,60.0,,Georginio Wijnaldum,4-3-3,Jonathan Moss,16.0,8.0,13.9,0.0,0.0,0.0,2020.0,Liverpool,0.0,0.0,0.0,0.0,40,0,1.36,5.0,8.0,3.0,0.0,0.0,11,0,0,1
1404,2021-03-04,20:15,Premier League,Matchweek 29,Thu,Home,L,0.0,1.0,Chelsea,0.3,1.0,54.0,,Georginio Wijnaldum,4-3-3,Martin Atkinson,7.0,1.0,19.7,0.0,0.0,0.0,2020.0,Liverpool,0.0,0.0,0.0,0.0,46,6,2.25,3.6,3.0,10.0,4.0,7.0,48,5,1,-1
1405,2021-03-07,14:00,Premier League,Matchweek 27,Sun,Home,L,0.0,1.0,Fulham,0.9,1.3,63.0,,James Milner,4-3-3,Kevin Friend,16.0,3.0,17.3,1.0,0.0,0.0,2020.0,Liverpool,0.0,0.0,0.0,0.0,43,3,1.36,5.0,8.5,8.0,2.0,1.0,23,7,1,-1
1406,2021-03-15,20:00,Premier League,Matchweek 28,Mon,Away,W,1.0,0.0,Wolves,0.9,1.1,47.0,,Georginio Wijnaldum,4-3-3,Craig Pawson,12.0,4.0,16.2,0.0,0.0,0.0,2020.0,Liverpool,0.0,0.0,0.0,0.0,43,3,1.72,3.75,4.75,8.0,1.0,0.0,35,5,0,1
1407,2021-04-03,20:00,Premier League,Matchweek 30,Sat,Away,W,3.0,0.0,Arsenal,2.4,0.1,64.0,,James Milner,4-3-3,Stuart Attwell,16.0,7.0,18.2,0.0,0.0,0.0,2020.0,Liverpool,0.0,0.0,0.0,0.0,46,3,2.15,3.7,3.1,8.0,5.0,8.0,42,5,0,1
1408,2021-04-10,15:00,Premier League,Matchweek 31,Sat,Home,W,2.0,1.0,Aston Villa,2.3,0.5,65.0,,James Milner,4-3-3,Paul Tierney,23.0,10.0,16.7,1.0,0.0,0.0,2020.0,Liverpool,0.0,0.0,0.0,0.0,49,6,1.5,4.33,6.5,9.0,3.0,2.0,45,4,1,1
1409,2021-04-19,20:00,Premier League,Matchweek 32,Mon,Away,D,1.0,1.0,Leeds United,1.4,2.3,39.0,,James Milner,4-3-3,Anthony Taylor,17.0,7.0,17.1,0.0,0.0,0.0,2020.0,Liverpool,0.0,0.0,0.0,0.0,52,6,1.66,4.33,4.5,1.0,0.0,0.0,45,9,0,0
1410,2021-04-24,12:30,Premier League,Matchweek 33,Sat,Home,D,1.0,1.0,Newcastle United,2.4,1.0,68.0,,Georginio Wijnaldum,4-4-2,Andre Marriner,22.0,9.0,17.6,1.0,0.0,0.0,2020.0,Liverpool,0.0,0.0,0.0,0.0,53,7,1.22,6.5,12.0,10.0,4.0,5.0,35,7,1,0
1411,2021-05-08,20:15,Premier League,Matchweek 35,Sat,Home,W,2.0,0.0,Southampton,1.7,1.1,54.0,,Georginio Wijnaldum,4-3-3,Kevin Friend,14.0,6.0,13.6,0.0,0.0,0.0,2020.0,Liverpool,0.0,0.0,0.0,0.0,57,5,1.25,6.0,11.0,10.0,4.0,3.0,40,4,1,1
1412,2021-05-13,20:15,Premier League,Matchweek 34,Thu,Away,W,4.0,2.0,Manchester United,2.7,1.9,47.0,,Georginio Wijnaldum,4-3-3,Anthony Taylor,17.0,8.0,14.9,0.0,0.0,0.0,2020.0,Liverpool,0.0,0.0,0.0,0.0,54,5,2.2,3.75,3.0,5.0,9.0,7.0,67,7,0,1
1413,2021-05-16,16:30,Premier League,Matchweek 36,Sun,Away,W,2.0,1.0,West Brom,1.9,1.0,76.0,,Roberto Firmino,4-3-3,Mike Dean,26.0,6.0,18.3,1.0,0.0,0.0,2020.0,Liverpool,0.0,0.0,0.0,0.0,60,7,1.22,6.5,12.0,6.0,4.0,7.0,26,2,0,1
1414,2021-05-19,20:15,Premier League,Matchweek 37,Wed,Away,W,3.0,0.0,Burnley,2.6,0.8,59.0,3387.0,Georginio Wijnaldum,4-3-3,Chris Kavanagh,20.0,3.0,16.2,1.0,0.0,0.0,2020.0,Liverpool,0.0,0.0,0.0,0.0,63,9,1.22,7.0,11.0,7.0,2.0,2.0,39,3,0,1
1415,2021-05-23,16:00,Premier League,Matchweek 38,Sun,Home,W,2.0,0.0,Crystal Palace,1.6,0.6,69.0,9901.0,Georginio Wijnaldum,4-3-3,Craig Pawson,19.0,5.0,14.7,1.0,0.0,0.0,2020.0,Liverpool,0.0,0.0,0.0,0.0,66,9,1.14,8.5,15.0,10.0,4.0,1.0,44,6,1,1
1416,2020-09-14,20:15,Premier League,Matchweek 1,Mon,Away,W,3.0,1.0,Brighton,1.2,1.1,48.0,,Jorginho,4-2-2-2,Craig Pawson,9.0,4.0,21.3,0.0,1.0,1.0,2020.0,Chelsea,0.0,1.0,0.0,0.0,0,0,1.61,4.33,5.0,5.0,0.0,1.0,0,0,0,1
1417,2020-09-20,16:30,Premier League,Matchweek 2,Sun,Home,L,0.0,2.0,Liverpool,0.9,2.1,39.0,,Jorginho,4-3-3,Paul Tierney,4.0,2.0,22.7,0.0,0.0,1.0,2020.0,Chelsea,1.0,1.0,0.0,0.0,3,3,3.1,3.6,2.2,4.0,9.0,7.0,3,3,1,-1
1418,2020-09-26,17:30,Premier League,Matchweek 3,Sat,Away,D,3.0,3.0,West Brom,2.0,0.6,75.0,,Thiago Silva,4-2-3-1,Jonathan Moss,22.0,10.0,19.4,1.0,0.0,0.0,2020.0,Chelsea,0.0,0.0,0.0,0.0,3,3,1.36,4.75,9.0,10.0,3.0,3.0,0,0,0,0
1419,2020-10-03,12:30,Premier League,Matchweek 4,Sat,Home,W,4.0,0.0,Crystal Palace,2.7,0.2,70.0,,César Azpilicueta,4-2-3-1,Michael Oliver,15.0,4.0,17.2,0.0,2.0,2.0,2020.0,Chelsea,0.0,2.0,0.0,0.0,4,4,1.4,4.75,8.0,10.0,4.0,0.0,6,6,1,1
1420,2020-10-17,15:00,Premier League,Matchweek 5,Sat,Home,D,3.0,3.0,Southampton,1.8,1.9,53.0,,César Azpilicueta,4-2-3-1,Peter Bankes,11.0,5.0,11.3,0.0,0.0,0.0,2020.0,Chelsea,0.0,0.0,0.0,0.0,7,4,1.45,4.75,6.5,9.0,3.0,4.0,6,6,1,0
1421,2020-10-24,17:30,Premier League,Matchweek 6,Sat,Away,D,0.0,0.0,Manchester United,0.2,0.6,49.0,,César Azpilicueta,3-4-3,Martin Atkinson,6.0,1.0,20.3,0.0,0.0,0.0,2020.0,Chelsea,0.0,0.0,0.0,0.0,8,5,2.8,3.6,2.37,6.0,7.0,7.0,9,6,0,0
1422,2020-10-31,15:00,Premier League,Matchweek 7,Sat,Away,W,3.0,0.0,Burnley,0.9,0.5,63.0,,Thiago Silva,4-3-3,David Coote,14.0,9.0,18.9,1.0,0.0,0.0,2020.0,Chelsea,0.0,0.0,0.0,0.0,9,5,1.5,4.5,6.0,6.0,1.0,3.0,1,1,0,1
1423,2020-11-07,17:30,Premier League,Matchweek 8,Sat,Home,W,4.0,1.0,Sheffield United,2.2,0.4,69.0,,Thiago Silva,4-3-3,Jonathan Moss,20.0,9.0,17.0,1.0,0.0,0.0,2020.0,Chelsea,0.0,0.0,0.0,0.0,12,5,1.36,5.0,8.5,0.0,1.0,1.0,1,1,1,1
1424,2020-11-21,12:30,Premier League,Matchweek 9,Sat,Away,W,2.0,0.0,Newcastle United,1.5,0.3,70.0,,N'Golo Kanté,4-3-3,Craig Pawson,14.0,3.0,18.5,0.0,0.0,0.0,2020.0,Chelsea,0.0,0.0,0.0,0.0,15,7,1.45,4.75,6.5,9.0,6.0,3.0,11,4,0,1
1425,2020-11-29,16:30,Premier League,Matchweek 10,Sun,Home,D,0.0,0.0,Tottenham,0.8,0.2,60.0,,Thiago Silva,4-3-3,Paul Tierney,13.0,3.0,17.3,0.0,0.0,0.0,2020.0,Chelsea,0.0,0.0,0.0,0.0,18,9,2.05,3.5,3.6,9.0,4.0,7.0,20,9,1,0
1426,2020-12-05,20:00,Premier League,Matchweek 11,Sat,Home,W,3.0,1.0,Leeds United,4.1,0.8,46.0,2000.0,Thiago Silva,4-3-3,Kevin Friend,23.0,10.0,11.6,0.0,0.0,0.0,2020.0,Chelsea,0.0,0.0,0.0,0.0,19,7,1.5,4.5,6.0,0.0,0.0,0.0,14,4,1,1
1427,2020-12-12,20:00,Premier League,Matchweek 12,Sat,Away,L,0.0,1.0,Everton,0.7,1.2,71.0,2000.0,Thiago Silva,4-3-3,Jonathan Moss,10.0,3.0,20.3,2.0,0.0,0.0,2020.0,Chelsea,0.0,0.0,0.0,0.0,22,7,1.7,4.2,4.33,10.0,5.0,4.0,17,4,0,-1
1428,2020-12-15,18:00,Premier League,Matchweek 13,Tue,Away,L,1.0,2.0,Wolves,1.0,0.5,55.0,,Thiago Silva,4-3-3,Stuart Attwell,13.0,3.0,18.5,1.0,0.0,0.0,2020.0,Chelsea,0.0,0.0,0.0,0.0,22,4,1.66,3.8,5.25,5.0,2.0,1.0,17,3,0,-1
1429,2020-12-21,20:00,Premier League,Matchweek 14,Mon,Home,W,3.0,0.0,West Ham,2.0,0.4,53.0,,César Azpilicueta,4-3-3,Chris Kavanagh,11.0,7.0,14.1,0.0,0.0,0.0,2020.0,Chelsea,0.0,0.0,0.0,0.0,22,3,1.44,5.0,6.25,9.0,5.0,4.0,21,4,1,1
1430,2020-12-26,17:30,Premier League,Matchweek 15,Sat,Away,L,1.0,3.0,Arsenal,2.6,2.0,60.0,,Thiago Silva,4-3-3,Michael Oliver,18.0,2.0,16.8,1.0,0.0,1.0,2020.0,Chelsea,0.0,1.0,0.0,0.0,25,3,1.9,3.6,4.0,10.0,4.0,6.0,14,1,0,-1
1431,2020-12-28,17:30,Premier League,Matchweek 16,Mon,Home,D,1.0,1.0,Aston Villa,1.7,0.7,63.0,,César Azpilicueta,4-3-3,Stuart Attwell,16.0,5.0,17.1,0.0,0.0,0.0,2020.0,Chelsea,0.0,0.0,0.0,0.0,25,3,1.61,4.2,5.0,10.0,2.0,2.0,28,7,1,0
1432,2021-01-03,16:30,Premier League,Matchweek 17,Sun,Home,L,1.0,3.0,Manchester City,0.8,2.7,54.0,,César Azpilicueta,4-3-3,Anthony Taylor,9.0,2.0,17.0,1.0,0.0,0.0,2020.0,Chelsea,0.0,0.0,0.0,0.0,26,4,3.0,3.7,2.2,8.0,9.0,3.0,32,9,1,-1
1433,2021-01-16,17:30,Premier League,Matchweek 19,Sat,Away,W,1.0,0.0,Fulham,1.6,0.7,69.0,,César Azpilicueta,4-3-3,Peter Bankes,21.0,6.0,18.6,0.0,0.0,0.0,2020.0,Chelsea,0.0,0.0,0.0,0.0,26,1,1.5,4.33,6.5,6.0,0.0,4.0,13,2,0,1
1434,2021-01-19,20:15,Premier League,Matchweek 18,Tue,Away,L,0.0,2.0,Leicester City,0.7,1.4,64.0,,Thiago Silva,4-2-3-1,Craig Pawson,9.0,5.0,12.7,1.0,0.0,0.0,2020.0,Chelsea,0.0,0.0,0.0,0.0,26,1,2.45,3.4,2.87,5.0,2.0,5.0,32,5,0,-1
1435,2021-01-27,18:00,Premier League,Matchweek 20,Wed,Home,D,0.0,0.0,Wolves,0.7,0.5,78.0,,César Azpilicueta,3-4-3,Andy Madley,14.0,5.0,16.5,0.0,0.0,0.0,2020.0,Chelsea,0.0,0.0,0.0,0.0,29,3,1.6,4.2,5.25,5.0,3.0,1.0,22,1,1,0
1436,2021-01-31,12:00,Premier League,Matchweek 21,Sun,Home,W,2.0,0.0,Burnley,1.2,0.2,70.0,,César Azpilicueta,3-4-3,Graham Scott,19.0,8.0,16.7,0.0,0.0,0.0,2020.0,Chelsea,0.0,0.0,0.0,0.0,30,4,1.33,5.0,9.5,7.0,1.0,3.0,23,6,1,1
1437,2021-02-04,20:00,Premier League,Matchweek 22,Thu,Away,W,1.0,0.0,Tottenham,1.6,0.6,58.0,,César Azpilicueta,3-4-1-2,Andre Marriner,15.0,1.0,18.0,0.0,1.0,1.0,2020.0,Chelsea,0.0,1.0,0.0,0.0,33,7,2.1,3.4,3.5,9.0,4.0,8.0,36,3,0,1
1438,2021-02-07,19:15,Premier League,Matchweek 23,Sun,Away,W,2.0,1.0,Sheffield United,1.6,0.6,68.0,,César Azpilicueta,3-4-3,Kevin Friend,8.0,1.0,20.3,0.0,1.0,1.0,2020.0,Chelsea,0.0,1.0,1.0,0.0,36,7,1.45,4.5,7.0,1.0,1.0,1.0,11,6,0,1
1439,2021-02-15,20:00,Premier League,Matchweek 24,Mon,Home,W,2.0,0.0,Newcastle United,2.2,0.6,64.0,,César Azpilicueta,3-4-3,Peter Bankes,18.0,5.0,14.2,0.0,0.0,0.0,2020.0,Chelsea,0.0,0.0,0.0,0.0,39,9,1.22,6.5,12.0,10.0,6.0,3.0,25,6,1,1
1440,2021-02-20,12:30,Premier League,Matchweek 25,Sat,Away,D,1.0,1.0,Southampton,1.2,0.6,70.0,,César Azpilicueta,3-4-3,Anthony Taylor,8.0,2.0,19.6,1.0,1.0,1.0,2020.0,Chelsea,0.0,1.0,0.0,0.0,42,9,1.7,3.8,5.0,9.0,3.0,5.0,29,0,0,0
1441,2021-02-28,16:30,Premier League,Matchweek 26,Sun,Home,D,0.0,0.0,Manchester United,1.1,0.4,57.0,,César Azpilicueta,3-4-3,Stuart Attwell,18.0,6.0,21.9,0.0,0.0,0.0,2020.0,Chelsea,0.0,0.0,0.0,0.0,43,7,2.15,3.4,3.4,6.0,7.0,8.0,49,5,1,0
1442,2021-03-04,20:15,Premier League,Matchweek 29,Thu,Away,W,1.0,0.0,Liverpool,1.0,0.3,46.0,,César Azpilicueta,3-4-3,Martin Atkinson,11.0,4.0,17.7,0.0,0.0,0.0,2020.0,Chelsea,0.0,0.0,0.0,0.0,48,5,3.0,3.6,2.25,4.0,10.0,7.0,46,6,0,1
1443,2021-03-08,18:00,Premier League,Matchweek 27,Mon,Home,W,2.0,0.0,Everton,2.4,0.3,65.0,,César Azpilicueta,3-4-3,David Coote,18.0,8.0,20.2,1.0,1.0,1.0,2020.0,Chelsea,0.0,1.0,0.0,0.0,44,5,1.53,4.0,6.5,10.0,6.0,4.0,44,6,1,1
1444,2021-03-13,12:30,Premier League,Matchweek 28,Sat,Away,D,0.0,0.0,Leeds United,1.0,0.4,62.0,,César Azpilicueta,4-2-3-1,Kevin Friend,15.0,8.0,17.6,0.0,0.0,0.0,2020.0,Chelsea,0.0,0.0,0.0,0.0,47,5,1.7,4.0,4.75,1.0,0.0,0.0,35,0,0,0
1445,2021-04-03,12:30,Premier League,Matchweek 30,Sat,Home,L,2.0,5.0,West Brom,2.1,1.6,65.0,,César Azpilicueta,3-4-3,David Coote,18.0,7.0,16.1,2.0,0.0,0.0,2020.0,Chelsea,1.0,0.0,0.0,1.0,51,7,1.22,6.0,15.0,10.0,3.0,4.0,18,1,1,-1
1446,2021-04-10,17:30,Premier League,Matchweek 31,Sat,Away,W,4.0,1.0,Crystal Palace,3.1,0.4,64.0,,César Azpilicueta,3-4-3,Michael Oliver,23.0,9.0,13.6,0.0,0.0,0.0,2020.0,Chelsea,0.0,0.0,0.0,0.0,51,4,1.53,3.8,7.0,11.0,4.0,0.0,38,5,0,1
1447,2021-04-20,20:15,Premier League,Matchweek 32,Tue,Home,D,0.0,0.0,Brighton,0.7,0.5,64.0,,Jorginho,3-4-3,Stuart Attwell,7.0,4.0,16.9,0.0,0.0,0.0,2020.0,Chelsea,0.0,0.0,0.0,0.0,54,6,1.57,4.0,6.0,6.0,0.0,1.0,33,4,1,0
1448,2021-04-24,17:30,Premier League,Matchweek 33,Sat,Away,W,1.0,0.0,West Ham,2.5,0.4,55.0,,César Azpilicueta,3-4-3,Chris Kavanagh,17.0,6.0,18.8,1.0,0.0,0.0,2020.0,Chelsea,0.0,0.0,0.0,0.0,55,4,1.75,3.6,4.75,10.0,5.0,4.0,55,6,0,1
1449,2021-05-01,17:30,Premier League,Matchweek 34,Sat,Home,W,2.0,0.0,Fulham,1.7,0.3,49.0,,Thiago Silva,3-5-2,Kevin Friend,9.0,5.0,14.4,1.0,0.0,0.0,2020.0,Chelsea,0.0,0.0,0.0,0.0,58,7,1.44,4.4,7.5,7.0,0.0,4.0,27,1,1,1
1450,2021-05-08,17:30,Premier League,Matchweek 35,Sat,Away,W,2.0,1.0,Manchester City,0.7,1.8,52.0,,César Azpilicueta,3-4-3,Anthony Taylor,12.0,5.0,22.3,1.0,0.0,0.0,2020.0,Chelsea,0.0,0.0,0.0,0.0,61,7,4.2,3.4,1.9,8.0,10.0,3.0,80,9,0,1
1451,2021-05-12,20:15,Premier League,Matchweek 36,Wed,Home,L,0.0,1.0,Arsenal,1.8,0.6,67.0,,César Azpilicueta,3-4-3,Andre Marriner,19.0,4.0,15.0,0.0,0.0,0.0,2020.0,Chelsea,0.0,0.0,0.0,0.0,64,9,1.65,4.0,5.0,10.0,5.0,6.0,52,6,1,-1
1452,2021-05-18,20:15,Premier League,Matchweek 37,Tue,Home,W,2.0,1.0,Leicester City,3.1,0.8,58.0,8000.0,César Azpilicueta,3-4-3,Mike Dean,16.0,5.0,13.8,0.0,1.0,1.0,2020.0,Chelsea,0.0,1.0,0.0,0.0,64,6,1.7,3.75,5.0,5.0,3.0,5.0,66,4,1,1
1453,2021-05-23,16:00,Premier League,Matchweek 38,Sun,Away,L,1.0,2.0,Aston Villa,3.3,1.1,71.0,10000.0,César Azpilicueta,3-4-3,Stuart Attwell,23.0,7.0,15.9,0.0,0.0,0.0,2020.0,Chelsea,1.0,0.0,0.0,0.0,67,6,1.45,4.6,6.5,10.0,2.0,3.0,52,3,0,-1
1454,2020-09-13,14:00,Premier League,Matchweek 1,Sun,Away,W,3.0,0.0,West Brom,2.8,0.4,64.0,,Kasper Schmeichel,4-1-4-1,Anthony Taylor,11.0,5.0,19.3,1.0,2.0,2.0,2020.0,Leicester City,0.0,2.0,0.0,0.0,0,0,1.95,3.6,3.8,4.0,2.0,2.0,0,0,0,1
1455,2020-09-20,19:00,Premier League,Matchweek 2,Sun,Home,W,4.0,2.0,Burnley,1.2,1.4,67.0,,Kasper Schmeichel,4-1-4-1,Lee Mason,14.0,6.0,14.5,0.0,0.0,0.0,2020.0,Leicester City,0.0,0.0,0.0,0.0,3,3,1.61,4.0,5.5,5.0,3.0,2.0,0,0,1,1
1456,2020-09-27,16:30,Premier League,Matchweek 3,Sun,Away,W,5.0,2.0,Manchester City,2.9,0.9,28.0,,Kasper Schmeichel,5-4-1,Michael Oliver,4.0,4.0,30.1,0.0,3.0,3.0,2020.0,Leicester City,0.0,3.0,0.0,0.0,6,6,9.5,6.0,1.28,3.0,8.0,1.0,6,6,0,1
1457,2020-10-04,12:00,Premier League,Matchweek 4,Sun,Home,L,0.0,3.0,West Ham,0.6,2.0,69.0,,Kasper Schmeichel,3-4-3,Andy Madley,4.0,0.0,18.2,0.0,0.0,0.0,2020.0,Leicester City,0.0,0.0,0.0,0.0,9,9,1.61,4.2,5.25,6.0,2.0,4.0,3,3,1,-1
1458,2020-10-18,19:15,Premier League,Matchweek 5,Sun,Home,L,0.0,1.0,Aston Villa,0.6,0.7,50.0,,Kasper Schmeichel,4-1-4-1,Jonathan Moss,11.0,5.0,19.2,2.0,0.0,0.0,2020.0,Leicester City,0.0,0.0,0.0,0.0,9,6,1.83,3.8,4.1,4.0,1.0,1.0,9,9,1,-1
1459,2020-10-25,19:15,Premier League,Matchweek 6,Sun,Away,W,1.0,0.0,Arsenal,0.7,0.7,44.0,,Kasper Schmeichel,3-4-3,Craig Pawson,6.0,2.0,29.5,1.0,0.0,0.0,2020.0,Leicester City,0.0,0.0,0.0,0.0,9,3,3.8,3.75,1.9,3.0,6.0,3.0,9,3,0,1
1460,2020-11-02,20:00,Premier League,Matchweek 7,Mon,Away,W,4.0,1.0,Leeds United,2.9,2.1,33.0,,Kasper Schmeichel,3-4-3,Andre Marriner,9.0,7.0,14.9,0.0,1.0,1.0,2020.0,Leicester City,0.0,1.0,0.0,0.0,12,3,2.62,3.6,2.5,0.0,0.0,0.0,10,4,0,1
1461,2020-11-08,14:00,Premier League,Matchweek 8,Sun,Home,W,1.0,0.0,Wolves,2.0,0.8,49.0,,Kasper Schmeichel,3-4-3,Anthony Taylor,8.0,1.0,22.8,0.0,1.0,2.0,2020.0,Leicester City,0.0,1.0,0.0,0.0,15,6,2.3,3.2,3.25,1.0,1.0,2.0,13,7,1,1
1462,2020-11-22,19:15,Premier League,Matchweek 9,Sun,Away,L,0.0,3.0,Liverpool,1.6,3.1,44.0,,Kasper Schmeichel,3-4-3,Chris Kavanagh,11.0,4.0,16.3,0.0,0.0,0.0,2020.0,Leicester City,0.0,0.0,1.0,0.0,18,9,3.8,4.0,1.85,2.0,8.0,2.0,17,7,0,-1
1463,2020-11-30,17:30,Premier League,Matchweek 10,Mon,Home,L,1.0,2.0,Fulham,1.2,2.2,68.0,,Kasper Schmeichel,3-4-3,Simon Hooper,16.0,3.0,18.1,1.0,0.0,0.0,2020.0,Leicester City,0.0,0.0,0.0,0.0,18,6,1.5,4.33,6.5,1.0,0.0,1.0,4,3,1,-1
1464,2020-12-06,14:15,Premier League,Matchweek 11,Sun,Away,W,2.0,1.0,Sheffield United,1.4,0.2,69.0,,Kasper Schmeichel,3-4-3,Stuart Attwell,13.0,4.0,18.4,1.0,0.0,0.0,2020.0,Leicester City,0.0,0.0,0.0,0.0,18,3,1.95,3.5,3.8,2.0,0.0,0.0,1,0,0,1
1465,2020-12-13,19:15,Premier League,Matchweek 12,Sun,Home,W,3.0,0.0,Brighton,1.5,0.9,54.0,,Kasper Schmeichel,3-4-3,Martin Atkinson,15.0,6.0,16.3,0.0,0.0,0.0,2020.0,Leicester City,0.0,0.0,0.0,0.0,21,3,2.0,3.5,3.8,4.0,0.0,2.0,10,4,1,1
1466,2020-12-16,18:00,Premier League,Matchweek 13,Wed,Home,L,0.0,2.0,Everton,0.8,1.4,61.0,,Kasper Schmeichel,4-2-3-1,Lee Mason,14.0,2.0,20.5,0.0,0.0,0.0,2020.0,Leicester City,0.0,0.0,0.0,0.0,24,6,2.15,3.6,3.25,5.0,5.0,2.0,20,4,1,-1
1467,2020-12-20,14:15,Premier League,Matchweek 14,Sun,Away,W,2.0,0.0,Tottenham,1.7,0.7,44.0,,Kasper Schmeichel,4-2-3-1,Craig Pawson,16.0,3.0,18.6,0.0,1.0,1.0,2020.0,Leicester City,0.0,1.0,0.0,0.0,24,6,3.6,3.5,2.05,3.0,7.0,2.0,25,4,0,1
1468,2020-12-26,12:30,Premier League,Matchweek 15,Sat,Home,D,2.0,2.0,Manchester United,0.9,1.7,54.0,,Kasper Schmeichel,4-2-3-1,Mike Dean,10.0,2.0,17.6,1.0,0.0,0.0,2020.0,Leicester City,0.0,0.0,0.0,0.0,27,6,2.9,3.6,2.3,1.0,8.0,3.0,29,7,1,0
1469,2020-12-28,15:00,Premier League,Matchweek 16,Mon,Away,D,1.0,1.0,Crystal Palace,1.9,0.5,66.0,,Kasper Schmeichel,4-2-3-1,Graham Scott,16.0,2.0,20.4,2.0,0.0,1.0,2020.0,Leicester City,0.0,1.0,0.0,0.0,28,4,2.0,3.5,3.75,5.0,6.0,1.0,18,1,0,0
1470,2021-01-03,14:15,Premier League,Matchweek 17,Sun,Away,W,2.0,1.0,Newcastle United,0.6,0.5,56.0,,Kasper Schmeichel,4-2-3-1,Robert Jones,9.0,3.0,20.2,0.0,0.0,0.0,2020.0,Leicester City,0.0,0.0,0.0,0.0,29,5,1.61,4.2,5.25,7.0,3.0,0.0,19,2,0,1
1471,2021-01-16,20:00,Premier League,Matchweek 19,Sat,Home,W,2.0,0.0,Southampton,2.2,0.6,47.0,,Kasper Schmeichel,4-2-3-1,Stuart Attwell,16.0,4.0,15.1,0.0,0.0,0.0,2020.0,Leicester City,0.0,0.0,0.0,0.0,35,7,1.8,3.75,4.5,5.0,4.0,3.0,29,4,1,1
1472,2021-01-19,20:15,Premier League,Matchweek 18,Tue,Home,W,2.0,0.0,Chelsea,1.4,0.7,36.0,,Kasper Schmeichel,4-1-4-1,Craig Pawson,8.0,6.0,17.1,0.0,0.0,0.0,2020.0,Leicester City,0.0,0.0,0.0,0.0,32,5,2.87,3.4,2.45,2.0,5.0,5.0,26,1,1,1
1473,2021-01-27,20:15,Premier League,Matchweek 20,Wed,Away,D,1.0,1.0,Everton,1.2,0.5,65.0,,Kasper Schmeichel,4-2-3-1,Mike Dean,19.0,6.0,21.4,2.0,0.0,0.0,2020.0,Leicester City,0.0,0.0,0.0,0.0,38,9,2.55,3.3,2.8,5.0,6.0,2.0,33,4,0,0
1474,2021-01-31,14:00,Premier League,Matchweek 21,Sun,Home,L,1.0,3.0,Leeds United,1.8,2.1,51.0,,Kasper Schmeichel,4-2-3-1,Chris Kavanagh,18.0,8.0,19.3,1.0,0.0,0.0,2020.0,Leicester City,0.0,0.0,0.0,0.0,39,7,1.8,4.0,4.2,1.0,0.0,0.0,29,6,1,-1
1475,2021-02-03,18:00,Premier League,Matchweek 22,Wed,Away,W,2.0,0.0,Fulham,1.4,0.6,43.0,,Kasper Schmeichel,4-2-3-1,Robert Jones,9.0,5.0,15.6,0.0,0.0,0.0,2020.0,Leicester City,0.0,0.0,0.0,0.0,39,4,1.9,3.5,4.0,1.0,1.0,1.0,15,2,0,1
1476,2021-02-07,14:00,Premier League,Matchweek 23,Sun,Away,D,0.0,0.0,Wolves,0.8,1.1,56.0,,Kasper Schmeichel,4-2-3-1,Martin Atkinson,13.0,3.0,19.8,1.0,0.0,0.0,2020.0,Leicester City,0.0,0.0,0.0,0.0,42,4,2.1,3.4,3.5,2.0,1.0,2.0,26,4,0,0
1477,2021-02-13,12:30,Premier League,Matchweek 24,Sat,Home,W,3.0,1.0,Liverpool,1.9,1.7,38.0,,Kasper Schmeichel,4-2-3-1,Anthony Taylor,11.0,6.0,18.4,1.0,0.0,0.0,2020.0,Leicester City,0.0,0.0,0.0,0.0,43,4,3.5,3.4,2.1,2.0,9.0,2.0,40,3,1,1
1478,2021-02-21,14:05,Premier League,Matchweek 25,Sun,Away,W,2.0,1.0,Aston Villa,1.1,1.4,49.0,,Kasper Schmeichel,4-2-3-1,Michael Oliver,16.0,7.0,20.7,1.0,0.0,0.0,2020.0,Leicester City,0.0,0.0,0.0,0.0,46,7,2.4,3.5,2.87,4.0,2.0,1.0,37,4,0,1
1479,2021-02-28,12:00,Premier League,Matchweek 26,Sun,Home,L,1.0,3.0,Arsenal,0.4,2.3,44.0,,Kasper Schmeichel,4-4-2,Paul Tierney,8.0,3.0,18.1,0.0,0.0,0.0,2020.0,Leicester City,0.0,0.0,0.0,0.0,49,7,2.5,3.4,2.8,4.0,6.0,3.0,34,3,1,-1
1480,2021-03-03,18:00,Premier League,Matchweek 29,Wed,Away,D,1.0,1.0,Burnley,1.2,1.8,61.0,,Kasper Schmeichel,3-1-4-2,Andy Madley,16.0,4.0,20.0,0.0,0.0,0.0,2020.0,Leicester City,0.0,0.0,0.0,0.0,55,6,2.0,3.25,4.0,6.0,3.0,2.0,32,4,0,0
1481,2021-03-06,20:00,Premier League,Matchweek 27,Sat,Away,W,2.0,1.0,Brighton,0.9,0.8,63.0,,Kasper Schmeichel,3-1-4-2,Michael Oliver,8.0,4.0,17.1,0.0,0.0,0.0,2020.0,Leicester City,0.0,0.0,0.0,0.0,49,6,2.8,3.25,2.55,5.0,0.0,2.0,26,1,0,1
1482,2021-03-14,14:00,Premier League,Matchweek 28,Sun,Home,W,5.0,0.0,Sheffield United,4.0,0.1,71.0,,Kasper Schmeichel,3-4-1-2,Peter Bankes,19.0,9.0,16.3,0.0,0.0,0.0,2020.0,Leicester City,0.0,0.0,0.0,0.0,52,6,1.5,4.2,6.5,3.0,0.0,0.0,11,0,1,1
1483,2021-04-03,17:30,Premier League,Matchweek 30,Sat,Home,L,0.0,2.0,Manchester City,0.3,1.4,44.0,,Kasper Schmeichel,3-5-2,Anthony Taylor,5.0,2.0,19.3,0.0,0.0,0.0,2020.0,Leicester City,0.0,0.0,0.0,0.0,56,7,6.0,4.2,1.53,4.0,8.0,1.0,68,6,1,-1
1484,2021-04-11,14:05,Premier League,Matchweek 31,Sun,Away,L,2.0,3.0,West Ham,0.9,0.8,63.0,,Kasper Schmeichel,3-5-2,Mike Dean,15.0,4.0,16.2,0.0,0.0,0.0,2020.0,Leicester City,0.0,0.0,0.0,0.0,56,4,2.37,3.3,3.0,6.0,3.0,4.0,52,4,0,-1
1485,2021-04-22,20:00,Premier League,Matchweek 32,Thu,Home,W,3.0,0.0,West Brom,2.1,0.5,72.0,,Kasper Schmeichel,3-4-1-2,Andy Madley,17.0,7.0,20.5,1.0,0.0,0.0,2020.0,Leicester City,0.0,0.0,0.0,0.0,56,1,1.53,3.8,6.0,5.0,2.0,2.0,24,6,1,1
1486,2021-04-26,20:00,Premier League,Matchweek 33,Mon,Home,W,2.0,1.0,Crystal Palace,1.5,0.7,66.0,,Kasper Schmeichel,3-4-1-2,Graham Scott,13.0,5.0,17.0,1.0,0.0,0.0,2020.0,Leicester City,0.0,0.0,0.0,0.0,59,3,1.4,4.33,8.5,5.0,6.0,2.0,38,1,1,1
1487,2021-04-30,20:00,Premier League,Matchweek 34,Fri,Away,D,1.0,1.0,Southampton,1.9,0.9,70.0,,Kasper Schmeichel,3-4-1-2,Robert Jones,23.0,9.0,18.6,1.0,0.0,0.0,2020.0,Leicester City,0.0,0.0,0.0,0.0,62,6,1.9,3.8,3.8,6.0,4.0,3.0,39,3,0,0
1488,2021-05-07,20:00,Premier League,Matchweek 35,Fri,Home,L,2.0,4.0,Newcastle United,2.2,2.7,68.0,,Kasper Schmeichel,3-4-1-2,Darren England,25.0,9.0,16.2,1.0,0.0,0.0,2020.0,Leicester City,0.0,0.0,0.0,0.0,63,7,1.4,4.75,8.0,8.0,3.0,0.0,36,4,1,-1
1489,2021-05-11,18:00,Premier League,Matchweek 36,Tue,Away,W,2.0,1.0,Manchester United,0.9,0.2,47.0,,Kasper Schmeichel,4-4-2,Craig Pawson,12.0,3.0,20.3,1.0,0.0,0.0,2020.0,Leicester City,0.0,0.0,0.0,0.0,63,4,2.8,3.4,2.5,1.0,8.0,4.0,70,4,0,1
1490,2021-05-18,20:15,Premier League,Matchweek 37,Tue,Away,L,1.0,2.0,Chelsea,0.8,3.1,42.0,8000.0,Kasper Schmeichel,3-4-3,Mike Dean,7.0,3.0,19.0,0.0,0.0,0.0,2020.0,Leicester City,0.0,0.0,0.0,0.0,66,4,5.0,3.75,1.7,3.0,5.0,5.0,64,6,0,-1
1491,2021-05-23,16:00,Premier League,Matchweek 38,Sun,Home,L,2.0,4.0,Tottenham,1.9,1.5,47.0,8000.0,Kasper Schmeichel,4-4-2,Anthony Taylor,8.0,4.0,22.6,0.0,2.0,2.0,2020.0,Leicester City,0.0,2.0,1.0,0.0,66,3,2.0,4.0,3.3,4.0,7.0,2.0,59,3,1,-1
1492,2020-09-12,20:00,Premier League,Matchweek 1,Sat,Home,L,0.0,2.0,Newcastle United,1.0,1.6,58.0,,Mark Noble,4-2-3-1,Stuart Attwell,15.0,3.0,16.5,0.0,0.0,0.0,2020.0,West Ham,0.0,0.0,0.0,0.0,0,0,2.15,3.4,3.4,5.0,8.0,3.0,0,0,1,-1
1493,2020-09-19,20:00,Premier League,Matchweek 2,Sat,Away,L,1.0,2.0,Arsenal,2.0,1.1,38.0,,Declan Rice,5-4-1,Michael Oliver,14.0,2.0,18.1,1.0,0.0,0.0,2020.0,West Ham,0.0,0.0,0.0,0.0,0,0,5.5,4.5,1.53,2.0,14.0,2.0,3,3,0,-1
1494,2020-09-27,19:00,Premier League,Matchweek 3,Sun,Home,W,4.0,0.0,Wolves,2.4,0.5,37.0,,Declan Rice,5-4-1,Martin Atkinson,15.0,7.0,12.6,0.0,0.0,0.0,2020.0,West Ham,0.0,0.0,0.0,0.0,0,0,3.6,3.5,2.05,1.0,4.0,1.0,3,3,1,1
1495,2020-10-04,12:00,Premier League,Matchweek 4,Sun,Away,W,3.0,0.0,Leicester City,2.0,0.6,31.0,,Declan Rice,5-4-1,Andy Madley,14.0,6.0,13.2,0.0,0.0,0.0,2020.0,West Ham,0.0,0.0,0.0,0.0,3,3,5.25,4.2,1.61,2.0,6.0,4.0,9,9,0,1
1496,2020-10-18,16:30,Premier League,Matchweek 5,Sun,Away,D,3.0,3.0,Tottenham,1.9,1.7,50.0,,Declan Rice,5-4-1,Paul Tierney,13.0,4.0,15.2,1.0,0.0,0.0,2020.0,West Ham,0.0,0.0,0.0,0.0,6,6,5.5,4.33,1.57,6.0,9.0,3.0,7,7,0,0
1497,2020-10-24,12:30,Premier League,Matchweek 6,Sat,Home,D,1.0,1.0,Manchester City,0.3,1.0,31.0,,Declan Rice,5-4-1,Anthony Taylor,6.0,2.0,22.3,0.0,0.0,0.0,2020.0,West Ham,0.0,0.0,0.0,0.0,7,7,8.0,5.25,1.36,2.0,14.0,2.0,10,4,1,0
1498,2020-10-31,17:30,Premier League,Matchweek 7,Sat,Away,L,1.0,2.0,Liverpool,0.3,1.7,28.0,,Declan Rice,5-4-1,Kevin Friend,4.0,3.0,14.2,0.0,0.0,0.0,2020.0,West Ham,0.0,0.0,0.0,0.0,8,5,7.5,5.25,1.36,4.0,11.0,3.0,13,4,0,-1
1499,2020-11-07,20:00,Premier League,Matchweek 8,Sat,Home,W,1.0,0.0,Fulham,1.3,1.7,53.0,,Declan Rice,3-4-3,Robert Jones,16.0,7.0,15.8,1.0,0.0,0.0,2020.0,West Ham,0.0,0.0,0.0,0.0,8,2,1.83,3.75,4.2,5.0,2.0,1.0,4,4,1,1
1500,2020-11-22,14:00,Premier League,Matchweek 9,Sun,Away,W,1.0,0.0,Sheffield United,2.1,0.9,49.0,,Declan Rice,3-4-3,Martin Atkinson,15.0,3.0,12.3,0.0,0.0,0.0,2020.0,West Ham,0.0,0.0,0.0,0.0,11,4,2.4,3.25,3.0,0.0,1.0,1.0,1,0,0,1
1501,2020-11-30,20:00,Premier League,Matchweek 10,Mon,Home,W,2.0,1.0,Aston Villa,0.4,2.5,34.0,,Declan Rice,3-4-3,Peter Bankes,6.0,2.0,15.8,0.0,0.0,0.0,2020.0,West Ham,0.0,0.0,0.0,0.0,14,6,2.25,3.6,3.0,3.0,4.0,5.0,15,3,1,1
1502,2020-12-05,17:30,Premier League,Matchweek 11,Sat,Home,L,1.0,3.0,Manchester United,2.0,1.7,40.0,2000.0,Declan Rice,3-4-3,Andre Marriner,19.0,6.0,15.7,1.0,0.0,0.0,2020.0,West Ham,0.0,0.0,0.0,0.0,17,9,3.6,3.6,2.0,3.0,9.0,6.0,19,9,1,-1
1503,2020-12-11,20:00,Premier League,Matchweek 12,Fri,Away,W,2.0,1.0,Leeds United,1.3,1.6,37.0,,Declan Rice,4-2-3-1,Michael Oliver,19.0,8.0,16.8,1.0,0.0,0.0,2020.0,West Ham,0.0,0.0,0.0,0.0,17,6,3.1,3.7,2.15,0.0,0.0,0.0,14,4,0,1
1504,2020-12-16,20:00,Premier League,Matchweek 13,Wed,Home,D,1.0,1.0,Crystal Palace,0.4,1.1,52.0,,Declan Rice,4-2-3-1,David Coote,9.0,2.0,20.1,1.0,0.0,0.0,2020.0,West Ham,0.0,0.0,0.0,0.0,20,6,2.05,3.4,3.6,5.0,5.0,4.0,17,4,1,0
1505,2020-12-21,20:00,Premier League,Matchweek 14,Mon,Away,L,0.0,3.0,Chelsea,0.4,2.0,47.0,,Mark Noble,4-2-3-1,Chris Kavanagh,6.0,0.0,12.8,0.0,0.0,0.0,2020.0,West Ham,0.0,0.0,0.0,0.0,21,4,6.25,5.0,1.44,5.0,9.0,4.0,22,3,0,-1
1506,2020-12-27,14:15,Premier League,Matchweek 15,Sun,Home,D,2.0,2.0,Brighton,1.3,1.1,44.0,,Mark Noble,3-4-1-2,Simon Hooper,11.0,4.0,13.4,0.0,0.0,0.0,2020.0,West Ham,0.0,0.0,0.0,0.0,21,4,2.3,3.4,3.1,0.0,3.0,3.0,12,2,1,0
1507,2020-12-29,18:00,Premier League,Matchweek 16,Tue,Away,D,0.0,0.0,Southampton,1.2,0.6,38.0,,Declan Rice,4-1-4-1,Andy Madley,8.0,3.0,13.9,0.0,0.0,0.0,2020.0,West Ham,0.0,0.0,0.0,0.0,22,2,3.4,3.6,2.1,9.0,4.0,3.0,25,2,0,0
1508,2021-01-01,17:30,Premier League,Matchweek 17,Fri,Away,W,1.0,0.0,Everton,1.3,0.4,40.0,,Declan Rice,4-2-3-1,Kevin Friend,11.0,5.0,16.9,1.0,0.0,0.0,2020.0,West Ham,0.0,0.0,0.0,0.0,23,2,3.5,3.5,2.1,3.0,10.0,5.0,29,6,0,1
1509,2021-01-16,15:00,Premier League,Matchweek 19,Sat,Home,W,1.0,0.0,Burnley,1.7,0.5,45.0,,Declan Rice,4-2-3-1,Chris Kavanagh,15.0,3.0,12.9,1.0,0.0,0.0,2020.0,West Ham,0.0,0.0,0.0,0.0,29,7,1.8,3.5,4.75,5.0,4.0,1.0,20,7,1,1
1510,2021-01-19,18:00,Premier League,Matchweek 18,Tue,Home,W,2.0,1.0,West Brom,2.0,0.5,59.0,,Declan Rice,4-2-3-1,Graham Scott,14.0,6.0,18.3,1.0,0.0,0.0,2020.0,West Ham,0.0,0.0,0.0,0.0,26,5,1.57,4.2,5.5,4.0,2.0,8.0,8,1,1,1
1511,2021-01-26,18:00,Premier League,Matchweek 20,Tue,Away,W,3.0,2.0,Crystal Palace,2.8,0.7,46.0,,Declan Rice,4-2-3-1,Stuart Attwell,17.0,7.0,15.5,0.0,0.0,0.0,2020.0,West Ham,0.0,0.0,0.0,0.0,32,9,2.37,3.25,3.1,5.0,5.0,5.0,23,4,0,1
1512,2021-01-31,16:30,Premier League,Matchweek 21,Sun,Home,L,1.0,3.0,Liverpool,0.8,2.0,33.0,,Declan Rice,4-2-3-1,Jonathan Moss,8.0,2.0,14.7,0.0,0.0,0.0,2020.0,West Ham,0.0,0.0,0.0,0.0,35,9,4.33,4.0,1.75,4.0,12.0,3.0,37,4,1,-1
1513,2021-02-03,20:15,Premier League,Matchweek 22,Wed,Away,W,3.0,1.0,Aston Villa,1.7,0.7,44.0,,Declan Rice,4-2-3-1,Andy Madley,20.0,9.0,18.9,1.0,0.0,0.0,2020.0,West Ham,0.0,0.0,0.0,0.0,35,6,3.25,3.4,2.2,4.0,4.0,5.0,33,4,0,1
1514,2021-02-06,17:30,Premier League,Matchweek 23,Sat,Away,D,0.0,0.0,Fulham,1.0,1.5,40.0,,Declan Rice,4-2-3-1,Mike Dean,8.0,1.0,13.3,1.0,0.0,0.0,2020.0,West Ham,1.0,0.0,0.0,0.0,38,6,2.05,3.5,3.6,6.0,2.0,1.0,15,2,0,0
1515,2021-02-15,18:00,Premier League,Matchweek 24,Mon,Home,W,3.0,0.0,Sheffield United,1.9,0.7,46.0,,Declan Rice,3-4-3,Simon Hooper,12.0,8.0,19.0,2.0,1.0,1.0,2020.0,West Ham,0.0,1.0,0.0,0.0,39,4,1.66,3.75,5.25,1.0,1.0,1.0,11,3,1,1
1516,2021-02-21,12:00,Premier League,Matchweek 25,Sun,Home,W,2.0,1.0,Tottenham,1.1,1.1,32.0,,Declan Rice,4-2-3-1,Craig Pawson,4.0,4.0,7.6,0.0,0.0,0.0,2020.0,West Ham,0.0,0.0,0.0,0.0,42,7,2.62,3.4,2.7,6.0,9.0,4.0,39,3,1,1
1517,2021-02-27,12:30,Premier League,Matchweek 26,Sat,Away,L,1.0,2.0,Manchester City,1.5,0.5,37.0,,Declan Rice,3-4-3,Michael Oliver,9.0,3.0,13.0,0.0,0.0,0.0,2020.0,West Ham,0.0,0.0,0.0,0.0,45,7,12.0,6.5,1.22,2.0,14.0,3.0,59,9,0,-1
1518,2021-03-08,20:00,Premier League,Matchweek 27,Mon,Home,W,2.0,0.0,Leeds United,1.8,1.4,35.0,,Declan Rice,4-2-3-1,Mike Dean,15.0,4.0,21.2,1.0,0.0,1.0,2020.0,West Ham,0.0,1.0,0.0,0.0,45,6,2.05,3.6,3.5,1.0,0.0,0.0,35,0,1,1
1519,2021-03-14,19:15,Premier League,Matchweek 28,Sun,Away,L,0.0,1.0,Manchester United,0.6,1.5,39.0,,Mark Noble,3-1-4-2,Martin Atkinson,7.0,0.0,14.0,0.0,0.0,0.0,2020.0,West Ham,0.0,0.0,1.0,0.0,48,6,4.33,3.6,1.83,3.0,10.0,6.0,53,7,0,-1
1520,2021-03-21,15:00,Premier League,Matchweek 29,Sun,Home,D,3.0,3.0,Arsenal,2.4,1.4,38.0,,Declan Rice,4-2-3-1,Jonathan Moss,15.0,5.0,12.9,0.0,0.0,0.0,2020.0,West Ham,0.0,0.0,2.0,0.0,48,3,2.8,3.5,2.45,2.0,15.0,2.0,41,7,1,0
1521,2021-04-05,20:15,Premier League,Matchweek 30,Mon,Away,W,3.0,2.0,Wolves,1.3,2.1,35.0,,Mark Noble,4-2-3-1,Michael Oliver,9.0,6.0,12.6,0.0,0.0,0.0,2020.0,West Ham,0.0,0.0,0.0,0.0,49,4,2.55,3.2,2.87,2.0,4.0,1.0,35,1,0,1
1522,2021-04-11,14:05,Premier League,Matchweek 31,Sun,Home,W,3.0,2.0,Leicester City,0.8,0.9,37.0,,Mark Noble,3-4-1-2,Mike Dean,4.0,4.0,15.4,0.0,0.0,0.0,2020.0,West Ham,0.0,0.0,0.0,0.0,52,4,3.0,3.3,2.37,3.0,6.0,4.0,56,4,1,1
1523,2021-04-17,12:30,Premier League,Matchweek 32,Sat,Away,L,2.0,3.0,Newcastle United,1.9,2.2,66.0,,Mark Noble,3-4-1-2,Kevin Friend,15.0,5.0,19.3,0.0,1.0,1.0,2020.0,West Ham,1.0,0.0,1.0,1.0,55,7,2.05,3.5,3.5,5.0,9.0,3.0,32,4,0,-1
1524,2021-04-24,17:30,Premier League,Matchweek 33,Sat,Home,L,0.0,1.0,Chelsea,0.4,2.5,45.0,,Mark Noble,3-4-1-2,Chris Kavanagh,9.0,2.0,23.2,1.0,0.0,0.0,2020.0,West Ham,1.0,0.0,0.0,0.0,55,6,4.75,3.6,1.75,5.0,10.0,4.0,55,4,1,-1
1525,2021-05-03,20:15,Premier League,Matchweek 34,Mon,Away,W,2.0,1.0,Burnley,2.3,2.0,55.0,,Aaron Cresswell,4-2-3-1,Anthony Taylor,22.0,4.0,16.9,1.0,0.0,0.0,2020.0,West Ham,0.0,0.0,0.0,0.0,55,3,2.2,3.6,3.1,6.0,4.0,1.0,36,3,0,1
1526,2021-05-09,16:30,Premier League,Matchweek 35,Sun,Home,L,0.0,1.0,Everton,1.3,1.5,68.0,,Aaron Cresswell,4-2-3-1,Stuart Attwell,11.0,0.0,15.8,0.0,0.0,0.0,2020.0,West Ham,0.0,0.0,0.0,0.0,58,3,2.2,3.5,3.2,4.0,10.0,5.0,53,4,1,-1
1527,2021-05-15,20:00,Premier League,Matchweek 36,Sat,Away,D,1.0,1.0,Brighton,1.7,0.8,49.0,,Declan Rice,4-2-3-1,Andre Marriner,15.0,2.0,18.6,0.0,0.0,0.0,2020.0,West Ham,0.0,0.0,0.0,0.0,58,3,2.3,3.6,2.9,0.0,3.0,4.0,37,3,0,0
1528,2021-05-19,20:15,Premier League,Matchweek 37,Wed,Away,W,3.0,1.0,West Brom,3.4,1.1,48.0,5371.0,Declan Rice,4-2-3-1,Michael Oliver,20.0,9.0,16.2,1.0,0.0,1.0,2020.0,West Ham,0.0,1.0,0.0,0.0,59,4,1.6,4.33,5.0,5.0,2.0,8.0,26,1,0,1
1529,2021-05-23,16:00,Premier League,Matchweek 38,Sun,Home,W,3.0,0.0,Southampton,1.3,1.5,38.0,10000.0,Declan Rice,4-2-3-1,Martin Atkinson,14.0,7.0,15.9,0.0,0.0,0.0,2020.0,West Ham,0.0,0.0,0.0,0.0,62,4,1.65,4.0,5.0,9.0,4.0,4.0,43,3,1,1
1530,2020-09-13,16:30,Premier League,Matchweek 1,Sun,Home,L,0.0,1.0,Everton,1.1,1.2,52.0,,Hugo Lloris,4-2-3-1,Martin Atkinson,9.0,5.0,12.6,0.0,0.0,0.0,2020.0,Tottenham,0.0,0.0,0.0,0.0,0,0,1.83,3.6,4.33,9.0,3.0,8.0,0,0,1,-1
1531,2020-09-20,12:00,Premier League,Matchweek 2,Sun,Away,W,5.0,2.0,Southampton,2.1,2.0,49.0,,Hugo Lloris,4-3-3,David Coote,9.0,6.0,17.4,0.0,0.0,0.0,2020.0,Tottenham,0.0,0.0,0.0,0.0,0,0,2.37,3.3,3.0,11.0,3.0,2.0,0,0,0,1
1532,2020-09-27,14:00,Premier League,Matchweek 3,Sun,Home,D,1.0,1.0,Newcastle United,2.9,1.0,66.0,,Hugo Lloris,4-2-3-1,Peter Bankes,23.0,12.0,14.7,2.0,0.0,0.0,2020.0,Tottenham,0.0,0.0,0.0,0.0,3,3,1.45,4.5,7.0,10.0,6.0,2.0,3,3,1,0
1533,2020-10-04,16:30,Premier League,Matchweek 4,Sun,Away,W,6.0,1.0,Manchester United,3.4,0.9,61.0,,Hugo Lloris,4-3-3,Anthony Taylor,21.0,7.0,16.4,1.0,1.0,1.0,2020.0,Tottenham,0.0,1.0,0.0,0.0,4,4,4.0,3.8,1.85,6.0,9.0,5.0,6,6,0,1
1534,2020-10-18,16:30,Premier League,Matchweek 5,Sun,Home,D,3.0,3.0,West Ham,1.7,1.9,50.0,,Hugo Lloris,4-2-3-1,Paul Tierney,11.0,6.0,19.8,1.0,0.0,0.0,2020.0,Tottenham,0.0,0.0,1.0,0.0,7,7,1.57,4.33,5.5,9.0,6.0,3.0,6,6,1,0
1535,2020-10-26,20:00,Premier League,Matchweek 6,Mon,Away,W,1.0,0.0,Burnley,0.6,1.0,61.0,,Hugo Lloris,4-2-3-1,Michael Oliver,9.0,3.0,14.5,0.0,0.0,0.0,2020.0,Tottenham,0.0,0.0,0.0,0.0,8,5,1.6,4.0,5.75,6.0,1.0,3.0,1,1,0,1
1536,2020-11-01,19:15,Premier League,Matchweek 7,Sun,Home,W,2.0,1.0,Brighton,1.7,0.3,44.0,,Hugo Lloris,4-2-3-1,Graham Scott,8.0,2.0,18.7,1.0,1.0,1.0,2020.0,Tottenham,0.0,1.0,0.0,0.0,11,7,1.61,4.0,5.5,4.0,1.0,1.0,5,2,1,1
1537,2020-11-08,12:00,Premier League,Matchweek 8,Sun,Away,W,1.0,0.0,West Brom,1.9,0.8,58.0,,Harry Kane,4-2-3-1,Andy Madley,19.0,5.0,17.5,1.0,0.0,0.0,2020.0,Tottenham,0.0,0.0,0.0,0.0,14,7,1.45,4.33,7.0,5.0,2.0,9.0,3,2,0,1
1538,2020-11-21,17:30,Premier League,Matchweek 9,Sat,Home,W,2.0,0.0,Manchester City,0.7,1.4,34.0,,Hugo Lloris,4-2-3-1,Mike Dean,4.0,2.0,21.3,1.0,0.0,0.0,2020.0,Tottenham,0.0,0.0,0.0,0.0,17,9,4.0,4.0,1.8,5.0,12.0,3.0,15,5,1,1
1539,2020-11-29,16:30,Premier League,Matchweek 10,Sun,Away,D,0.0,0.0,Chelsea,0.2,0.8,40.0,,Hugo Lloris,4-2-3-1,Paul Tierney,5.0,1.0,23.8,1.0,0.0,0.0,2020.0,Tottenham,0.0,0.0,0.0,0.0,20,9,3.6,3.5,2.05,4.0,9.0,7.0,18,9,0,0
1540,2020-12-06,16:30,Premier League,Matchweek 11,Sun,Home,W,2.0,0.0,Arsenal,0.3,0.6,31.0,2000.0,Hugo Lloris,4-2-3-1,Martin Atkinson,5.0,3.0,23.3,1.0,0.0,0.0,2020.0,Tottenham,0.0,0.0,0.0,0.0,21,7,1.95,3.6,3.8,7.0,6.0,7.0,13,1,1,1
1541,2020-12-13,14:15,Premier League,Matchweek 12,Sun,Away,D,1.0,1.0,Crystal Palace,0.9,1.6,56.0,2000.0,Hugo Lloris,4-2-3-1,Kevin Friend,14.0,6.0,20.4,3.0,0.0,0.0,2020.0,Tottenham,0.0,0.0,0.0,0.0,24,7,1.72,3.9,4.5,11.0,1.0,2.0,16,3,0,0
1542,2020-12-16,20:00,Premier League,Matchweek 13,Wed,Away,L,1.0,2.0,Liverpool,1.1,1.0,25.0,2000.0,Hugo Lloris,4-4-2,Anthony Taylor,8.0,2.0,19.2,1.0,0.0,0.0,2020.0,Tottenham,0.0,0.0,0.0,0.0,25,5,4.5,3.8,1.75,5.0,10.0,5.0,25,5,0,-1
1543,2020-12-20,14:15,Premier League,Matchweek 14,Sun,Home,L,0.0,2.0,Leicester City,0.7,1.7,56.0,,Hugo Lloris,4-2-3-1,Craig Pawson,8.0,3.0,16.5,2.0,0.0,0.0,2020.0,Tottenham,0.0,0.0,1.0,0.0,25,4,2.05,3.5,3.6,7.0,3.0,2.0,24,6,1,-1
1544,2020-12-27,19:15,Premier League,Matchweek 15,Sun,Away,D,1.0,1.0,Wolves,0.4,0.9,45.0,,Hugo Lloris,3-4-1-2,Paul Tierney,6.0,3.0,17.2,1.0,0.0,0.0,2020.0,Tottenham,0.0,0.0,0.0,0.0,25,1,2.15,3.25,3.6,4.0,2.0,2.0,20,3,0,0
1545,2021-01-02,12:30,Premier League,Matchweek 17,Sat,Home,W,3.0,0.0,Leeds United,2.6,1.1,37.0,,Hugo Lloris,4-2-3-1,David Coote,19.0,6.0,19.0,0.0,1.0,1.0,2020.0,Tottenham,1.0,1.0,0.0,1.0,27,2,1.75,4.1,4.2,0.0,0.0,0.0,23,6,1,1
1546,2021-01-13,20:15,Premier League,Matchweek 16,Wed,Home,D,1.0,1.0,Fulham,2.4,1.1,53.0,,Hugo Lloris,4-2-3-1,Paul Tierney,15.0,6.0,15.7,1.0,0.0,0.0,2020.0,Tottenham,0.0,0.0,0.0,0.0,26,1,1.36,5.0,8.5,9.0,1.0,0.0,11,3,1,0
1547,2021-01-17,14:00,Premier League,Matchweek 19,Sun,Away,W,3.0,1.0,Sheffield United,1.0,0.9,57.0,,Hugo Lloris,3-4-3,Andre Marriner,14.0,5.0,22.1,0.0,0.0,0.0,2020.0,Tottenham,0.0,0.0,0.0,0.0,33,7,1.6,3.75,6.25,0.0,1.0,1.0,5,3,0,1
1548,2021-01-28,20:00,Premier League,Matchweek 20,Thu,Home,L,1.0,3.0,Liverpool,0.1,2.5,50.0,,Hugo Lloris,3-4-3,Martin Atkinson,3.0,2.0,35.0,0.0,0.0,0.0,2020.0,Tottenham,0.0,0.0,0.0,0.0,36,9,3.2,3.6,2.2,5.0,11.0,5.0,34,1,1,-1
1549,2021-01-31,19:15,Premier League,Matchweek 21,Sun,Away,L,0.0,1.0,Brighton,0.4,1.6,57.0,,Hugo Lloris,3-4-3,Peter Bankes,8.0,4.0,21.2,1.0,0.0,0.0,2020.0,Tottenham,0.0,0.0,0.0,0.0,36,6,2.25,3.4,3.2,5.0,1.0,1.0,18,4,0,-1
1550,2021-02-04,20:00,Premier League,Matchweek 22,Thu,Home,L,0.0,1.0,Chelsea,0.6,1.6,43.0,,Hugo Lloris,4-2-2-2,Andre Marriner,7.0,2.0,20.9,1.0,0.0,0.0,2020.0,Tottenham,0.0,0.0,0.0,0.0,36,3,3.5,3.4,2.1,4.0,9.0,8.0,33,7,1,-1
1551,2021-02-07,12:00,Premier League,Matchweek 23,Sun,Home,W,2.0,0.0,West Brom,1.5,0.6,65.0,,Hugo Lloris,4-2-3-1,Stuart Attwell,13.0,6.0,16.7,0.0,0.0,0.0,2020.0,Tottenham,0.0,0.0,0.0,0.0,36,0,1.45,4.5,7.0,6.0,2.0,9.0,12,1,1,1
1552,2021-02-13,17:30,Premier League,Matchweek 24,Sat,Away,L,0.0,3.0,Manchester City,0.3,2.2,40.0,,Hugo Lloris,4-2-3-1,Paul Tierney,7.0,3.0,20.9,1.0,0.0,0.0,2020.0,Tottenham,0.0,0.0,0.0,0.0,39,3,9.5,5.75,1.28,6.0,12.0,3.0,53,9,0,-1
1553,2021-02-21,12:00,Premier League,Matchweek 25,Sun,Away,L,1.0,2.0,West Ham,1.1,1.1,68.0,,Hugo Lloris,4-2-3-1,Craig Pawson,20.0,4.0,19.4,2.0,0.0,0.0,2020.0,Tottenham,0.0,0.0,0.0,0.0,39,3,2.7,3.4,2.62,9.0,6.0,4.0,42,7,0,-1
1554,2021-02-28,14:00,Premier League,Matchweek 26,Sun,Home,W,4.0,0.0,Burnley,2.1,0.7,58.0,,Hugo Lloris,4-2-3-1,Kevin Friend,16.0,7.0,18.9,0.0,0.0,0.0,2020.0,Tottenham,0.0,0.0,0.0,0.0,39,3,1.53,4.0,6.5,7.0,1.0,3.0,28,5,1,1
1555,2021-03-04,18:00,Premier League,Matchweek 33,Thu,Away,W,1.0,0.0,Fulham,1.6,0.7,40.0,,Hugo Lloris,4-2-3-1,David Coote,9.0,2.0,18.9,2.0,0.0,0.0,2020.0,Tottenham,0.0,0.0,0.0,0.0,50,2,1.9,3.6,4.0,9.0,1.0,1.0,27,1,0,1
1556,2021-03-07,19:15,Premier League,Matchweek 27,Sun,Home,W,4.0,1.0,Crystal Palace,2.7,0.5,63.0,,Hugo Lloris,4-2-3-1,Stuart Attwell,12.0,5.0,12.5,1.0,0.0,0.0,2020.0,Tottenham,0.0,0.0,0.0,0.0,42,3,1.45,4.5,7.0,11.0,1.0,3.0,33,4,1,1
1557,2021-03-14,16:30,Premier League,Matchweek 28,Sun,Away,L,1.0,2.0,Arsenal,0.4,1.7,48.0,,Hugo Lloris,4-2-3-1,Michael Oliver,6.0,3.0,18.9,2.0,0.0,0.0,2020.0,Tottenham,1.0,0.0,0.0,1.0,45,6,2.75,3.4,2.55,8.0,6.0,7.0,38,4,0,-1
1558,2021-03-21,19:30,Premier League,Matchweek 18,Sun,Away,W,2.0,0.0,Aston Villa,1.8,0.4,50.0,,Hugo Lloris,4-4-2,Mike Dean,8.0,2.0,18.8,0.0,1.0,1.0,2020.0,Tottenham,0.0,1.0,0.0,0.0,30,5,2.45,3.3,2.9,12.0,1.0,1.0,29,4,0,1
1559,2021-04-04,14:05,Premier League,Matchweek 30,Sun,Away,D,2.0,2.0,Newcastle United,2.7,3.4,58.0,,Hugo Lloris,4-4-2,Craig Pawson,11.0,4.0,16.0,3.0,0.0,0.0,2020.0,Tottenham,0.0,0.0,0.0,0.0,48,6,1.6,4.0,5.5,10.0,6.0,3.0,28,2,0,0
1560,2021-04-11,16:30,Premier League,Matchweek 31,Sun,Home,L,1.0,3.0,Manchester United,0.9,2.1,47.0,,Hugo Lloris,4-3-3,Chris Kavanagh,12.0,3.0,16.5,0.0,0.0,0.0,2020.0,Tottenham,0.0,0.0,0.0,0.0,49,4,2.87,3.4,2.45,7.0,9.0,5.0,60,7,1,-1
1561,2021-04-16,20:00,Premier League,Matchweek 32,Fri,Away,D,2.0,2.0,Everton,1.4,1.8,47.0,,Hugo Lloris,3-4-1-2,Michael Oliver,12.0,3.0,19.3,0.0,0.0,0.0,2020.0,Tottenham,0.0,0.0,0.0,0.0,49,4,2.1,3.5,3.4,9.0,4.0,8.0,49,5,0,0
1562,2021-04-21,18:00,Premier League,Matchweek 29,Wed,Home,W,2.0,1.0,Southampton,1.4,0.8,62.0,,Hugo Lloris,4-2-3-1,David Coote,11.0,2.0,19.0,1.0,1.0,1.0,2020.0,Tottenham,0.0,1.0,0.0,0.0,45,6,1.75,3.8,4.5,12.0,3.0,2.0,33,3,1,1
1563,2021-05-02,19:15,Premier League,Matchweek 34,Sun,Home,W,4.0,0.0,Sheffield United,2.2,0.5,66.0,,Hugo Lloris,4-2-3-1,Andre Marriner,20.0,10.0,19.6,2.0,0.0,0.0,2020.0,Tottenham,0.0,0.0,0.0,0.0,53,4,1.25,6.0,12.0,1.0,1.0,1.0,17,3,1,1
1564,2021-05-08,12:30,Premier League,Matchweek 35,Sat,Away,L,1.0,3.0,Leeds United,0.9,2.5,47.0,,Hugo Lloris,4-2-3-1,Michael Oliver,11.0,3.0,16.8,1.0,0.0,0.0,2020.0,Tottenham,0.0,0.0,0.0,0.0,56,7,2.0,3.8,3.4,1.0,0.0,0.0,47,2,0,-1
1565,2021-05-16,14:05,Premier League,Matchweek 36,Sun,Home,W,2.0,0.0,Wolves,3.2,0.9,62.0,,Hugo Lloris,4-2-3-1,Martin Atkinson,24.0,11.0,17.3,1.0,0.0,0.0,2020.0,Tottenham,0.0,0.0,0.0,0.0,56,6,1.5,4.33,6.5,4.0,2.0,3.0,45,4,1,1
1566,2021-05-19,18:00,Premier League,Matchweek 37,Wed,Home,L,1.0,2.0,Aston Villa,0.8,1.4,60.0,10000.0,Hugo Lloris,4-2-3-1,Craig Pawson,10.0,4.0,17.6,0.0,0.0,0.0,2020.0,Tottenham,0.0,0.0,1.0,0.0,59,6,1.5,4.5,6.0,13.0,1.0,1.0,49,3,1,-1
1567,2021-05-23,16:00,Premier League,Matchweek 38,Sun,Away,W,4.0,2.0,Leicester City,1.5,1.9,53.0,8000.0,Hugo Lloris,4-2-3-1,Anthony Taylor,11.0,4.0,13.9,0.0,0.0,0.0,2020.0,Tottenham,0.0,0.0,0.0,0.0,59,3,3.3,4.0,2.0,7.0,4.0,2.0,66,3,0,1
1568,2020-09-12,12:30,Premier League,Matchweek 1,Sat,Away,W,3.0,0.0,Fulham,1.9,0.1,54.0,,Pierre-Emerick Aubameyang,3-4-3,Chris Kavanagh,13.0,5.0,14.1,2.0,0.0,0.0,2020.0,Arsenal,0.0,0.0,0.0,0.0,0,0,1.53,4.33,6.0,6.0,1.0,2.0,0,0,0,1
1569,2020-09-19,20:00,Premier League,Matchweek 2,Sat,Home,W,2.0,1.0,West Ham,1.1,2.0,62.0,,Pierre-Emerick Aubameyang,3-4-3,Michael Oliver,7.0,3.0,14.8,0.0,0.0,0.0,2020.0,Arsenal,0.0,0.0,0.0,0.0,3,3,1.53,4.5,5.5,14.0,2.0,2.0,0,0,1,1
1570,2020-09-28,20:00,Premier League,Matchweek 3,Mon,Away,L,1.0,3.0,Liverpool,1.3,2.7,34.0,,Pierre-Emerick Aubameyang,3-4-3,Craig Pawson,4.0,3.0,15.0,0.0,0.0,0.0,2020.0,Arsenal,0.0,0.0,0.0,0.0,6,6,6.5,4.75,1.45,5.0,7.0,8.0,6,6,0,-1
1571,2020-10-04,14:00,Premier League,Matchweek 4,Sun,Home,W,2.0,1.0,Sheffield United,0.6,0.2,64.0,,Pierre-Emerick Aubameyang,4-3-3,Lee Mason,6.0,5.0,16.3,0.0,0.0,0.0,2020.0,Arsenal,0.0,0.0,0.0,0.0,6,6,1.57,4.0,6.0,0.0,1.0,1.0,0,0,1,1
1572,2020-10-17,17:30,Premier League,Matchweek 5,Sat,Away,L,0.0,1.0,Manchester City,0.9,1.3,42.0,,Pierre-Emerick Aubameyang,4-3-3,Chris Kavanagh,11.0,3.0,18.4,2.0,0.0,0.0,2020.0,Arsenal,0.0,0.0,0.0,0.0,9,6,6.5,5.0,1.44,4.0,10.0,6.0,7,4,0,-1
1573,2020-10-25,19:15,Premier League,Matchweek 6,Sun,Home,L,0.0,1.0,Leicester City,0.7,0.7,56.0,,Pierre-Emerick Aubameyang,3-4-3,Craig Pawson,12.0,4.0,15.0,1.0,0.0,0.0,2020.0,Arsenal,0.0,0.0,0.0,0.0,9,3,1.9,3.75,3.8,6.0,3.0,3.0,9,3,1,-1
1574,2020-11-01,16:30,Premier League,Matchweek 7,Sun,Away,W,1.0,0.0,Manchester United,1.0,0.4,46.0,,Pierre-Emerick Aubameyang,3-4-3,Mike Dean,6.0,1.0,24.6,0.0,1.0,1.0,2020.0,Arsenal,0.0,1.0,0.0,0.0,9,3,3.6,3.6,2.0,5.0,9.0,6.0,10,4,0,1
1575,2020-11-08,19:15,Premier League,Matchweek 8,Sun,Home,L,0.0,3.0,Aston Villa,1.5,1.8,59.0,,Pierre-Emerick Aubameyang,3-4-3,Martin Atkinson,13.0,2.0,16.4,0.0,0.0,0.0,2020.0,Arsenal,0.0,0.0,1.0,0.0,12,3,1.65,4.1,5.0,10.0,3.0,1.0,12,3,1,-1
1576,2020-11-22,16:30,Premier League,Matchweek 9,Sun,Away,D,0.0,0.0,Leeds United,0.9,1.8,34.0,,Pierre-Emerick Aubameyang,4-2-3-1,Anthony Taylor,9.0,2.0,19.6,2.0,0.0,0.0,2020.0,Arsenal,1.0,0.0,0.0,0.0,12,3,2.2,3.75,3.0,0.0,0.0,0.0,10,3,0,0
1577,2020-11-29,19:15,Premier League,Matchweek 10,Sun,Home,L,1.0,2.0,Wolves,1.5,1.8,56.0,,Pierre-Emerick Aubameyang,4-2-3-1,Michael Oliver,13.0,2.0,15.6,2.0,0.0,0.0,2020.0,Arsenal,0.0,0.0,0.0,0.0,13,4,2.05,3.4,3.75,4.0,1.0,3.0,14,4,1,-1
1578,2020-12-06,16:30,Premier League,Matchweek 11,Sun,Away,L,0.0,2.0,Tottenham,0.6,0.3,69.0,2000.0,Pierre-Emerick Aubameyang,4-2-3-1,Martin Atkinson,11.0,2.0,16.8,1.0,0.0,0.0,2020.0,Arsenal,0.0,0.0,0.0,0.0,13,1,3.8,3.6,1.95,6.0,7.0,7.0,21,7,0,-1
1579,2020-12-13,19:15,Premier League,Matchweek 12,Sun,Home,L,0.0,1.0,Burnley,1.6,1.4,65.0,2000.0,Pierre-Emerick Aubameyang,4-2-3-1,Graham Scott,18.0,6.0,17.6,0.0,0.0,0.0,2020.0,Arsenal,1.0,0.0,1.0,0.0,13,1,1.53,4.2,6.25,9.0,0.0,1.0,6,4,1,-1
1580,2020-12-16,18:00,Premier League,Matchweek 13,Wed,Home,D,1.0,1.0,Southampton,0.6,1.2,36.0,,Pierre-Emerick Aubameyang,3-4-3,Paul Tierney,9.0,4.0,22.3,0.0,0.0,0.0,2020.0,Arsenal,1.0,0.0,0.0,1.0,13,0,2.25,3.5,3.1,8.0,3.0,5.0,23,6,1,0
1581,2020-12-19,17:30,Premier League,Matchweek 14,Sat,Away,L,1.0,2.0,Everton,1.4,0.6,57.0,,Rob Holding,3-4-3,Andre Marriner,12.0,1.0,18.9,1.0,1.0,1.0,2020.0,Arsenal,0.0,1.0,1.0,0.0,14,1,2.8,3.5,2.45,12.0,3.0,5.0,23,7,0,-1
1582,2020-12-26,17:30,Premier League,Matchweek 15,Sat,Home,W,3.0,1.0,Chelsea,2.0,2.6,40.0,,Héctor Bellerín,4-2-3-1,Michael Oliver,14.0,6.0,17.9,1.0,1.0,1.0,2020.0,Arsenal,0.0,1.0,0.0,0.0,14,1,4.0,3.6,1.9,4.0,10.0,6.0,25,3,1,1
1583,2020-12-29,18:00,Premier League,Matchweek 16,Tue,Away,W,1.0,0.0,Brighton,1.1,0.8,50.0,,Pierre-Emerick Aubameyang,4-2-3-1,Martin Atkinson,11.0,3.0,14.5,1.0,0.0,0.0,2020.0,Arsenal,0.0,0.0,0.0,0.0,17,4,2.2,3.5,3.25,1.0,3.0,2.0,13,3,0,1
1584,2021-01-02,20:00,Premier League,Matchweek 17,Sat,Away,W,4.0,0.0,West Brom,3.7,1.0,61.0,,Pierre-Emerick Aubameyang,4-2-3-1,Martin Atkinson,21.0,11.0,15.2,0.0,0.0,0.0,2020.0,Arsenal,0.0,0.0,0.0,0.0,20,6,1.57,4.0,5.75,10.0,3.0,3.0,8,1,0,1
1585,2021-01-14,20:00,Premier League,Matchweek 18,Thu,Home,D,0.0,0.0,Crystal Palace,0.4,0.8,67.0,,Pierre-Emerick Aubameyang,4-2-3-1,Andre Marriner,11.0,4.0,20.1,0.0,0.0,0.0,2020.0,Arsenal,0.0,0.0,0.0,0.0,23,9,1.53,4.0,6.5,8.0,2.0,4.0,22,4,1,0
1586,2021-01-18,20:00,Premier League,Matchweek 19,Mon,Home,W,3.0,0.0,Newcastle United,2.4,0.2,66.0,,Pierre-Emerick Aubameyang,4-2-3-1,David Coote,20.0,6.0,16.6,1.0,0.0,0.0,2020.0,Arsenal,0.0,0.0,0.0,0.0,24,7,1.4,4.5,8.0,14.0,2.0,2.0,19,1,1,1
1587,2021-01-26,20:15,Premier League,Matchweek 20,Tue,Away,W,3.0,1.0,Southampton,2.2,0.8,42.0,,Héctor Bellerín,4-2-3-1,Kevin Friend,9.0,4.0,15.2,0.0,0.0,0.0,2020.0,Arsenal,0.0,0.0,0.0,0.0,27,7,2.05,3.6,3.5,8.0,3.0,6.0,29,3,0,1
1588,2021-01-30,17:30,Premier League,Matchweek 21,Sat,Home,D,0.0,0.0,Manchester United,0.9,1.6,43.0,,Héctor Bellerín,4-2-3-1,Michael Oliver,17.0,3.0,20.8,3.0,0.0,0.0,2020.0,Arsenal,0.0,0.0,0.0,0.0,30,7,2.8,3.5,2.45,6.0,9.0,6.0,40,4,1,0
1589,2021-02-02,18:00,Premier League,Matchweek 22,Tue,Away,L,1.0,2.0,Wolves,0.8,1.5,45.0,,Héctor Bellerín,4-2-3-1,Craig Pawson,9.0,3.0,18.7,0.0,0.0,0.0,2020.0,Arsenal,2.0,0.0,0.0,0.0,31,7,2.1,3.3,3.6,4.0,2.0,3.0,23,1,0,-1
1590,2021-02-06,12:30,Premier League,Matchweek 23,Sat,Away,L,0.0,1.0,Aston Villa,0.8,1.2,65.0,,Héctor Bellerín,4-2-3-1,Chris Kavanagh,14.0,3.0,17.3,1.0,0.0,0.0,2020.0,Arsenal,0.0,0.0,0.0,0.0,31,4,2.6,3.5,2.62,10.0,4.0,1.0,33,3,0,-1
1591,2021-02-14,16:30,Premier League,Matchweek 24,Sun,Home,W,4.0,2.0,Leeds United,2.3,0.9,46.0,,Pierre-Emerick Aubameyang,4-2-3-1,Stuart Attwell,12.0,4.0,19.1,0.0,1.0,1.0,2020.0,Arsenal,0.0,1.0,0.0,0.0,31,1,1.83,3.8,4.0,0.0,0.0,1.0,35,6,1,1
1592,2021-02-21,16:30,Premier League,Matchweek 25,Sun,Home,L,0.0,1.0,Manchester City,0.3,1.8,45.0,,Pierre-Emerick Aubameyang,4-2-3-1,Jonathan Moss,7.0,1.0,19.5,0.0,0.0,0.0,2020.0,Arsenal,0.0,0.0,0.0,0.0,34,3,6.5,4.33,1.5,4.0,11.0,6.0,56,9,1,-1
1593,2021-02-28,12:00,Premier League,Matchweek 26,Sun,Away,W,3.0,1.0,Leicester City,2.3,0.4,56.0,,Alexandre Lacazette,4-2-3-1,Paul Tierney,11.0,3.0,18.5,0.0,1.0,1.0,2020.0,Arsenal,0.0,0.0,0.0,0.0,34,3,2.8,3.4,2.5,6.0,4.0,3.0,49,7,0,1
1594,2021-03-06,12:30,Premier League,Matchweek 27,Sat,Away,D,1.0,1.0,Burnley,2.5,1.1,59.0,,Pierre-Emerick Aubameyang,4-2-3-1,Andre Marriner,15.0,2.0,15.5,0.0,0.0,0.0,2020.0,Arsenal,0.0,0.0,0.0,0.0,37,6,1.61,4.0,5.5,9.0,1.0,1.0,28,4,0,0
1595,2021-03-14,16:30,Premier League,Matchweek 28,Sun,Home,W,2.0,1.0,Tottenham,1.7,0.4,52.0,,Alexandre Lacazette,4-2-3-1,Michael Oliver,12.0,2.0,22.5,0.0,1.0,1.0,2020.0,Arsenal,0.0,1.0,0.0,0.0,38,4,2.55,3.4,2.75,6.0,8.0,7.0,45,6,1,1
1596,2021-03-21,15:00,Premier League,Matchweek 29,Sun,Away,D,3.0,3.0,West Ham,1.4,2.4,62.0,,Pierre-Emerick Aubameyang,4-2-3-1,Jonathan Moss,16.0,6.0,18.2,0.0,0.0,0.0,2020.0,Arsenal,0.0,0.0,0.0,0.0,41,7,2.45,3.5,2.8,15.0,2.0,2.0,48,3,0,0
1597,2021-04-03,20:00,Premier League,Matchweek 30,Sat,Home,L,0.0,3.0,Liverpool,0.1,2.4,36.0,,Pierre-Emerick Aubameyang,4-2-3-1,Stuart Attwell,3.0,2.0,18.9,0.0,0.0,0.0,2020.0,Arsenal,0.0,0.0,0.0,0.0,42,5,3.1,3.7,2.15,5.0,8.0,8.0,46,3,1,-1
1598,2021-04-11,19:00,Premier League,Matchweek 31,Sun,Away,W,3.0,0.0,Sheffield United,1.7,0.3,55.0,,Alexandre Lacazette,4-2-3-1,Peter Bankes,14.0,5.0,18.3,1.0,0.0,0.0,2020.0,Arsenal,0.0,0.0,0.0,0.0,42,4,1.57,3.75,6.5,1.0,1.0,1.0,14,3,0,1
1599,2021-04-18,13:30,Premier League,Matchweek 32,Sun,Home,D,1.0,1.0,Fulham,2.7,0.9,69.0,,Héctor Bellerín,4-2-3-1,Craig Pawson,18.0,5.0,16.0,1.0,0.0,0.0,2020.0,Arsenal,0.0,0.0,0.0,0.0,45,4,1.7,3.8,4.8,7.0,1.0,2.0,26,0,1,0
1600,2021-04-23,20:00,Premier League,Matchweek 33,Fri,Home,L,0.0,1.0,Everton,0.8,0.5,59.0,,Rob Holding,4-2-3-1,Jonathan Moss,14.0,3.0,18.3,0.0,0.0,0.0,2020.0,Arsenal,0.0,0.0,1.0,0.0,46,4,2.0,3.5,3.75,12.0,4.0,5.0,50,3,1,-1
1601,2021-05-02,14:00,Premier League,Matchweek 34,Sun,Away,W,2.0,0.0,Newcastle United,2.0,0.3,61.0,,Pierre-Emerick Aubameyang,4-2-3-1,Mike Dean,19.0,4.0,17.0,1.0,0.0,0.0,2020.0,Arsenal,0.0,0.0,0.0,0.0,46,4,2.0,3.6,3.6,15.0,2.0,2.0,36,7,0,1
1602,2021-05-09,19:00,Premier League,Matchweek 35,Sun,Home,W,3.0,1.0,West Brom,0.9,1.8,65.0,,Rob Holding,4-2-3-1,Peter Bankes,15.0,7.0,19.7,1.0,0.0,0.0,2020.0,Arsenal,0.0,0.0,0.0,0.0,49,4,1.44,4.5,7.0,11.0,3.0,3.0,26,2,1,1
1603,2021-05-12,20:15,Premier League,Matchweek 36,Wed,Away,W,1.0,0.0,Chelsea,0.6,1.8,33.0,,Pierre-Emerick Aubameyang,3-4-3,Andre Marriner,5.0,2.0,20.7,0.0,0.0,0.0,2020.0,Arsenal,0.0,0.0,0.0,0.0,52,6,5.0,4.0,1.65,5.0,10.0,6.0,64,9,0,1
1604,2021-05-19,19:00,Premier League,Matchweek 37,Wed,Away,W,3.0,1.0,Crystal Palace,1.8,1.0,68.0,6500.0,Pierre-Emerick Aubameyang,4-2-3-1,Anthony Taylor,6.0,3.0,14.2,0.0,0.0,0.0,2020.0,Arsenal,0.0,0.0,0.0,0.0,55,9,1.5,4.5,6.0,8.0,2.0,5.0,44,6,0,1
1605,2021-05-23,16:00,Premier League,Matchweek 38,Sun,Home,W,2.0,0.0,Brighton,0.8,0.2,54.0,10000.0,Pierre-Emerick Aubameyang,4-2-3-1,Jonathan Moss,16.0,5.0,20.8,1.0,0.0,0.0,2020.0,Arsenal,0.0,0.0,0.0,0.0,58,9,1.57,4.33,5.25,2.0,3.0,2.0,41,4,1,1
1606,2020-09-12,17:30,Premier League,Matchweek 1,Sat,Away,L,3.0,4.0,Liverpool,0.3,2.7,51.0,,Luke Ayling,4-1-4-1,Michael Oliver,6.0,3.0,19.9,1.0,0.0,0.0,2020.0,Leeds United,0.0,0.0,0.0,0.0,0,0,9.5,6.0,1.28,0.0,0.0,0.0,0,0,0,-1
1607,2020-09-19,15:00,Premier League,Matchweek 2,Sat,Home,W,4.0,3.0,Fulham,1.4,1.7,51.0,,Liam Cooper,4-1-4-1,Anthony Taylor,9.0,6.0,16.9,1.0,1.0,1.0,2020.0,Leeds United,0.0,1.0,0.0,0.0,0,0,1.61,3.9,5.75,0.0,0.0,0.0,0,0,1,1
1608,2020-09-27,12:00,Premier League,Matchweek 3,Sun,Away,W,1.0,0.0,Sheffield United,1.2,1.4,64.0,,Liam Cooper,3-1-4-2,Paul Tierney,17.0,8.0,19.0,0.0,0.0,0.0,2020.0,Leeds United,0.0,0.0,0.0,0.0,3,3,2.62,3.3,2.7,0.0,0.0,0.0,0,0,0,1
1609,2020-10-03,17:30,Premier League,Matchweek 4,Sat,Home,D,1.0,1.0,Manchester City,2.4,1.2,51.0,,Liam Cooper,4-1-4-1,Mike Dean,12.0,7.0,11.5,0.0,0.0,0.0,2020.0,Leeds United,0.0,0.0,0.0,0.0,6,6,7.5,5.25,1.36,0.0,0.0,0.0,6,6,1,0
1610,2020-10-19,20:00,Premier League,Matchweek 5,Mon,Home,L,0.0,1.0,Wolves,1.0,0.4,66.0,,Luke Ayling,4-1-4-1,David Coote,13.0,2.0,12.8,0.0,0.0,0.0,2020.0,Leeds United,0.0,0.0,0.0,0.0,7,7,2.5,3.3,2.87,0.0,0.0,0.0,6,3,1,-1
1611,2020-10-23,20:00,Premier League,Matchweek 6,Fri,Away,W,3.0,0.0,Aston Villa,2.7,1.4,59.0,,Luke Ayling,4-4-1-1,Paul Tierney,27.0,9.0,16.9,1.0,0.0,0.0,2020.0,Leeds United,0.0,0.0,0.0,0.0,7,4,3.3,3.75,2.05,0.0,0.0,0.0,12,9,0,1
1612,2020-11-02,20:00,Premier League,Matchweek 7,Mon,Home,L,1.0,4.0,Leicester City,2.1,2.9,67.0,,Liam Cooper,4-1-4-1,Andre Marriner,11.0,4.0,18.0,0.0,0.0,0.0,2020.0,Leeds United,0.0,0.0,0.0,0.0,10,4,2.5,3.6,2.62,0.0,0.0,0.0,12,3,1,-1
1613,2020-11-07,15:00,Premier League,Matchweek 8,Sat,Away,L,1.0,4.0,Crystal Palace,0.8,0.9,64.0,,Liam Cooper,3-3-3-1,Chris Kavanagh,9.0,3.0,18.9,1.0,0.0,0.0,2020.0,Leeds United,0.0,0.0,1.0,0.0,10,3,2.45,3.4,2.87,0.0,0.0,0.0,10,4,0,-1
1614,2020-11-22,16:30,Premier League,Matchweek 9,Sun,Home,D,0.0,0.0,Arsenal,1.8,0.9,66.0,,Liam Cooper,4-1-4-1,Anthony Taylor,25.0,4.0,18.0,0.0,0.0,0.0,2020.0,Leeds United,0.0,0.0,0.0,0.0,10,3,3.0,3.75,2.2,0.0,0.0,0.0,12,3,1,0
1615,2020-11-28,17:30,Premier League,Matchweek 10,Sat,Away,W,1.0,0.0,Everton,2.9,1.2,59.0,,Liam Cooper,4-4-1-1,Chris Kavanagh,23.0,6.0,16.5,0.0,0.0,0.0,2020.0,Leeds United,0.0,0.0,0.0,0.0,11,1,3.6,3.8,1.95,0.0,0.0,0.0,16,3,0,1
1616,2020-12-05,20:00,Premier League,Matchweek 11,Sat,Away,L,1.0,3.0,Chelsea,0.8,4.1,54.0,2000.0,Liam Cooper,4-4-1-1,Kevin Friend,8.0,3.0,16.8,0.0,0.0,0.0,2020.0,Leeds United,0.0,0.0,0.0,0.0,14,4,6.0,4.5,1.5,0.0,0.0,0.0,19,7,0,-1
1617,2020-12-11,20:00,Premier League,Matchweek 12,Fri,Home,L,1.0,2.0,West Ham,1.6,1.3,63.0,,Liam Cooper,4-1-4-1,Michael Oliver,12.0,6.0,17.7,0.0,1.0,1.0,2020.0,Leeds United,0.0,1.0,0.0,0.0,14,4,2.15,3.7,3.1,0.0,0.0,0.0,17,6,1,-1
1618,2020-12-16,18:00,Premier League,Matchweek 13,Wed,Home,W,5.0,2.0,Newcastle United,2.7,1.5,68.0,,Liam Cooper,4-1-4-1,Simon Hooper,25.0,10.0,16.7,0.0,0.0,0.0,2020.0,Leeds United,0.0,0.0,0.0,0.0,14,3,1.75,4.0,4.33,0.0,0.0,0.0,17,6,1,1
1619,2020-12-20,16:30,Premier League,Matchweek 14,Sun,Away,L,2.0,6.0,Manchester United,1.8,3.6,59.0,,Liam Cooper,4-1-4-1,Anthony Taylor,17.0,4.0,13.9,0.0,0.0,0.0,2020.0,Leeds United,0.0,0.0,0.0,0.0,17,3,4.5,4.33,1.66,0.0,0.0,0.0,26,7,0,-1
1620,2020-12-27,12:00,Premier League,Matchweek 15,Sun,Home,W,1.0,0.0,Burnley,1.9,1.5,51.0,,Luke Ayling,3-3-3-1,Robert Jones,10.0,3.0,21.1,0.0,1.0,1.0,2020.0,Leeds United,0.0,1.0,0.0,0.0,17,3,1.72,4.0,4.33,0.0,0.0,0.0,13,7,1,1
1621,2020-12-29,18:00,Premier League,Matchweek 16,Tue,Away,W,5.0,0.0,West Brom,1.2,0.5,75.0,,Luke Ayling,4-1-4-1,Lee Mason,14.0,6.0,18.6,0.0,0.0,0.0,2020.0,Leeds United,0.0,0.0,0.0,0.0,20,6,2.0,3.6,3.6,0.0,0.0,0.0,8,2,0,1
1622,2021-01-02,12:30,Premier League,Matchweek 17,Sat,Away,L,0.0,3.0,Tottenham,1.1,2.6,63.0,,Luke Ayling,4-1-4-1,David Coote,18.0,5.0,18.5,0.0,0.0,0.0,2020.0,Leeds United,0.0,0.0,0.0,0.0,23,6,4.2,4.1,1.75,0.0,0.0,0.0,27,2,0,-1
1623,2021-01-16,15:00,Premier League,Matchweek 19,Sat,Home,L,0.0,1.0,Brighton,0.3,1.4,66.0,,Liam Cooper,4-1-4-1,Kevin Friend,7.0,2.0,18.4,0.0,0.0,0.0,2020.0,Leeds United,0.0,0.0,0.0,0.0,26,6,2.1,3.5,3.4,0.0,0.0,0.0,14,1,1,-1
1624,2021-01-26,18:00,Premier League,Matchweek 20,Tue,Away,W,2.0,1.0,Newcastle United,0.7,1.4,58.0,,Liam Cooper,4-1-4-1,Anthony Taylor,9.0,2.0,13.6,0.0,0.0,0.0,2020.0,Leeds United,0.0,0.0,0.0,0.0,26,3,1.85,3.8,3.9,1.0,0.0,0.0,19,0,0,1
1625,2021-01-31,14:00,Premier League,Matchweek 21,Sun,Away,W,3.0,1.0,Leicester City,2.1,1.8,49.0,,Liam Cooper,4-1-4-1,Chris Kavanagh,8.0,6.0,13.3,0.0,0.0,0.0,2020.0,Leeds United,0.0,0.0,0.0,0.0,29,6,4.2,4.0,1.8,0.0,1.0,0.0,39,7,0,1
1626,2021-02-03,19:30,Premier League,Matchweek 22,Wed,Home,L,1.0,2.0,Everton,1.3,1.6,63.0,,Liam Cooper,4-1-4-1,Michael Oliver,16.0,7.0,14.8,0.0,0.0,0.0,2020.0,Leeds United,0.0,0.0,0.0,0.0,32,6,2.5,3.5,2.7,1.0,0.0,0.0,34,2,1,-1
1627,2021-02-08,20:00,Premier League,Matchweek 23,Mon,Home,W,2.0,0.0,Crystal Palace,1.9,0.4,67.0,,Liam Cooper,4-1-4-1,Andre Marriner,17.0,7.0,14.3,1.0,0.0,0.0,2020.0,Leeds United,0.0,0.0,0.0,0.0,32,6,1.8,3.8,4.2,0.0,1.0,0.0,29,6,1,1
1628,2021-02-14,16:30,Premier League,Matchweek 24,Sun,Away,L,2.0,4.0,Arsenal,0.9,2.3,54.0,,Liam Cooper,4-1-4-1,Stuart Attwell,9.0,5.0,17.6,0.0,0.0,0.0,2020.0,Leeds United,0.0,0.0,0.0,0.0,35,6,4.0,3.8,1.83,0.0,0.0,1.0,31,1,0,-1
1629,2021-02-19,20:00,Premier League,Matchweek 25,Fri,Away,L,0.0,1.0,Wolves,1.7,0.6,58.0,,Liam Cooper,4-4-1-1,David Coote,18.0,7.0,13.2,0.0,0.0,0.0,2020.0,Leeds United,0.0,0.0,1.0,0.0,35,3,3.0,3.3,2.37,0.0,1.0,0.0,30,7,0,-1
1630,2021-02-23,18:00,Premier League,Matchweek 18,Tue,Home,W,3.0,0.0,Southampton,1.3,0.9,46.0,,Liam Cooper,3-3-3-1,Andre Marriner,11.0,7.0,16.2,1.0,0.0,0.0,2020.0,Leeds United,0.0,0.0,0.0,0.0,23,6,2.25,3.5,3.1,0.0,0.0,0.0,29,5,1,1
1631,2021-02-27,17:30,Premier League,Matchweek 26,Sat,Home,L,0.0,1.0,Aston Villa,0.9,0.7,69.0,,Liam Cooper,4-1-4-1,Peter Bankes,13.0,3.0,18.9,0.0,0.0,0.0,2020.0,Leeds United,0.0,0.0,0.0,0.0,35,3,2.15,3.6,3.2,1.0,0.0,0.0,37,4,1,-1
1632,2021-03-08,20:00,Premier League,Matchweek 27,Mon,Away,L,0.0,2.0,West Ham,1.4,1.8,65.0,,Liam Cooper,4-1-4-1,Mike Dean,17.0,2.0,18.4,0.0,0.0,0.0,2020.0,Leeds United,0.0,0.0,0.0,0.0,35,0,3.5,3.6,2.05,0.0,1.0,0.0,45,6,0,-1
1633,2021-03-13,12:30,Premier League,Matchweek 28,Sat,Home,D,0.0,0.0,Chelsea,0.4,1.0,38.0,,Luke Ayling,4-1-4-1,Kevin Friend,7.0,4.0,16.0,0.0,0.0,0.0,2020.0,Leeds United,0.0,0.0,0.0,0.0,35,0,4.75,4.0,1.7,0.0,1.0,0.0,47,5,1,0
1634,2021-03-19,20:00,Premier League,Matchweek 29,Fri,Away,W,2.0,1.0,Fulham,1.3,1.6,49.0,,Luke Ayling,4-1-4-1,David Coote,13.0,4.0,17.5,1.0,0.0,0.0,2020.0,Leeds United,0.0,0.0,0.0,0.0,36,1,3.0,3.4,2.37,1.0,0.0,0.0,26,4,0,1
1635,2021-04-03,15:00,Premier League,Matchweek 30,Sat,Home,W,2.0,1.0,Sheffield United,2.4,1.1,54.0,,Liam Cooper,4-1-4-1,Graham Scott,23.0,8.0,18.3,1.0,0.0,0.0,2020.0,Leeds United,0.0,0.0,0.0,0.0,39,4,1.5,4.33,6.5,1.0,0.0,0.0,14,3,1,1
1636,2021-04-10,12:30,Premier League,Matchweek 31,Sat,Away,W,2.0,1.0,Manchester City,0.1,2.1,29.0,,Liam Cooper,4-1-4-1,Andre Marriner,2.0,2.0,20.5,0.0,0.0,0.0,2020.0,Leeds United,1.0,0.0,0.0,0.0,42,7,10.0,5.75,1.28,0.0,0.0,1.0,71,9,0,1
1637,2021-04-19,20:00,Premier League,Matchweek 32,Mon,Home,D,1.0,1.0,Liverpool,2.3,1.4,61.0,,Luke Ayling,4-1-4-1,Anthony Taylor,12.0,5.0,12.0,0.0,0.0,0.0,2020.0,Leeds United,0.0,0.0,0.0,0.0,45,9,4.5,4.33,1.66,0.0,1.0,0.0,52,6,1,0
1638,2021-04-25,14:00,Premier League,Matchweek 33,Sun,Home,D,0.0,0.0,Manchester United,0.3,1.2,44.0,,Luke Ayling,4-1-4-1,Craig Pawson,6.0,3.0,21.9,0.0,0.0,0.0,2020.0,Leeds United,0.0,0.0,0.0,0.0,46,7,4.0,4.2,1.75,0.0,1.0,0.0,66,9,1,0
1639,2021-05-01,15:00,Premier League,Matchweek 34,Sat,Away,L,0.0,2.0,Brighton,0.6,2.3,58.0,,Luke Ayling,4-1-4-1,Chris Kavanagh,11.0,2.0,21.6,0.0,0.0,0.0,2020.0,Leeds United,0.0,0.0,0.0,0.0,47,5,3.5,3.5,2.05,0.0,1.0,0.0,34,2,0,-1
1640,2021-05-08,12:30,Premier League,Matchweek 35,Sat,Home,W,3.0,1.0,Tottenham,2.5,0.9,53.0,,Luke Ayling,4-1-4-1,Michael Oliver,16.0,7.0,15.0,0.0,0.0,0.0,2020.0,Leeds United,0.0,0.0,0.0,0.0,47,2,3.4,3.8,2.0,0.0,1.0,0.0,56,7,1,1
1641,2021-05-15,12:30,Premier League,Matchweek 36,Sat,Away,W,4.0,0.0,Burnley,1.5,1.3,52.0,,Luke Ayling,3-3-3-1,Graham Scott,16.0,6.0,16.8,0.0,0.0,0.0,2020.0,Leeds United,0.0,0.0,0.0,0.0,50,4,2.1,3.75,3.2,1.0,0.0,0.0,39,6,0,1
1642,2021-05-18,18:00,Premier League,Matchweek 37,Tue,Away,W,2.0,0.0,Southampton,1.7,1.6,49.0,8000.0,Liam Cooper,3-3-3-1,Peter Bankes,15.0,7.0,18.8,0.0,0.0,0.0,2020.0,Leeds United,0.0,0.0,0.0,0.0,53,6,2.5,3.9,2.55,1.0,0.0,0.0,43,4,0,1
1643,2021-05-23,16:00,Premier League,Matchweek 38,Sun,Home,W,3.0,1.0,West Brom,2.3,1.0,64.0,8000.0,Liam Cooper,3-4-3,David Coote,16.0,8.0,18.9,1.0,1.0,1.0,2020.0,Leeds United,0.0,0.0,0.0,0.0,56,9,1.4,5.25,6.5,1.0,0.0,0.0,26,0,1,1
1644,2020-09-13,16:30,Premier League,Matchweek 1,Sun,Away,W,1.0,0.0,Tottenham,1.2,1.1,48.0,,Séamus Coleman,4-3-3,Martin Atkinson,15.0,4.0,17.8,0.0,0.0,0.0,2020.0,Everton,0.0,0.0,0.0,0.0,0,0,4.33,3.6,1.83,3.0,9.0,8.0,0,0,0,1
1645,2020-09-19,12:30,Premier League,Matchweek 2,Sat,Home,W,5.0,2.0,West Brom,3.9,0.3,71.0,,Séamus Coleman,4-3-3,Mike Dean,17.0,7.0,12.0,1.0,0.0,0.0,2020.0,Everton,0.0,0.0,0.0,0.0,3,3,1.5,4.2,6.5,7.0,4.0,5.0,0,0,1,1
1646,2020-09-26,15:00,Premier League,Matchweek 3,Sat,Away,W,2.0,1.0,Crystal Palace,1.9,0.4,58.0,,Séamus Coleman,4-3-3,Kevin Friend,9.0,4.0,17.2,1.0,1.0,1.0,2020.0,Everton,0.0,0.0,0.0,0.0,6,6,2.1,3.25,3.75,5.0,2.0,7.0,6,6,0,1
1647,2020-10-03,15:00,Premier League,Matchweek 4,Sat,Home,W,4.0,2.0,Brighton,1.6,1.3,43.0,,Séamus Coleman,4-3-3,Simon Hooper,11.0,6.0,16.3,0.0,0.0,0.0,2020.0,Everton,0.0,0.0,0.0,0.0,9,9,1.72,3.75,4.8,3.0,2.0,1.0,3,3,1,1
1648,2020-10-17,12:30,Premier League,Matchweek 5,Sat,Home,D,2.0,2.0,Liverpool,1.2,2.6,42.0,,Séamus Coleman,4-3-3,Michael Oliver,11.0,5.0,17.4,0.0,0.0,0.0,2020.0,Everton,1.0,0.0,0.0,0.0,12,9,3.75,4.2,1.83,1.0,8.0,11.0,9,6,1,0
1649,2020-10-25,14:00,Premier League,Matchweek 6,Sun,Away,L,0.0,2.0,Southampton,0.4,0.7,46.0,,Gylfi Sigurðsson,4-3-3,Kevin Friend,6.0,2.0,20.3,1.0,0.0,0.0,2020.0,Everton,1.0,0.0,0.0,0.0,13,7,2.55,3.4,2.75,7.0,5.0,4.0,7,7,0,-1
1650,2020-11-01,14:00,Premier League,Matchweek 7,Sun,Away,L,1.0,2.0,Newcastle United,1.5,2.9,61.0,,Gylfi Sigurðsson,4-3-2-1,Stuart Attwell,15.0,4.0,19.1,0.0,0.0,0.0,2020.0,Everton,0.0,0.0,0.0,0.0,13,4,2.05,3.4,3.7,11.0,4.0,3.0,8,4,0,-1
1651,2020-11-07,12:30,Premier League,Matchweek 8,Sat,Home,L,1.0,3.0,Manchester United,0.4,1.5,55.0,,Séamus Coleman,4-3-3,Paul Tierney,7.0,1.0,16.2,0.0,0.0,0.0,2020.0,Everton,0.0,0.0,0.0,0.0,13,1,2.9,3.5,2.37,5.0,9.0,6.0,10,4,1,-1
1652,2020-11-22,12:00,Premier League,Matchweek 9,Sun,Away,W,3.0,2.0,Fulham,2.0,1.9,46.0,,Lucas Digne,3-4-3,Andy Madley,9.0,7.0,15.1,0.0,0.0,0.0,2020.0,Everton,0.0,0.0,0.0,0.0,13,0,1.85,3.9,3.9,7.0,1.0,2.0,4,3,0,1
1653,2020-11-28,17:30,Premier League,Matchweek 10,Sat,Home,L,0.0,1.0,Leeds United,1.2,2.9,41.0,,Mason Holgate,3-4-3,Chris Kavanagh,15.0,8.0,17.7,0.0,0.0,0.0,2020.0,Everton,0.0,0.0,0.0,0.0,16,3,1.95,3.8,3.6,0.0,0.0,0.0,11,1,1,-1
1654,2020-12-05,12:30,Premier League,Matchweek 11,Sat,Away,D,1.0,1.0,Burnley,2.2,0.8,58.0,,Michael Keane,3-4-3,Anthony Taylor,13.0,6.0,17.8,0.0,0.0,0.0,2020.0,Everton,0.0,0.0,0.0,0.0,16,3,1.9,3.5,4.0,6.0,4.0,0.0,5,4,0,0
1655,2020-12-12,20:00,Premier League,Matchweek 12,Sat,Home,W,1.0,0.0,Chelsea,1.2,0.7,29.0,2000.0,Gylfi Sigurðsson,4-3-3,Jonathan Moss,8.0,3.0,17.1,1.0,1.0,1.0,2020.0,Everton,0.0,1.0,0.0,0.0,17,4,4.33,4.2,1.7,5.0,10.0,4.0,22,7,1,1
1656,2020-12-16,18:00,Premier League,Matchweek 13,Wed,Away,W,2.0,0.0,Leicester City,1.4,0.8,39.0,,Gylfi Sigurðsson,4-3-3,Lee Mason,11.0,6.0,13.0,0.0,0.0,0.0,2020.0,Everton,0.0,0.0,0.0,0.0,20,4,3.25,3.6,2.15,5.0,5.0,2.0,24,6,0,1
1657,2020-12-19,17:30,Premier League,Matchweek 14,Sat,Home,W,2.0,1.0,Arsenal,0.6,1.4,43.0,,Gylfi Sigurðsson,4-2-3-1,Andre Marriner,9.0,2.0,19.7,1.0,0.0,0.0,2020.0,Everton,0.0,0.0,0.0,0.0,23,7,2.45,3.5,2.8,3.0,12.0,5.0,14,1,1,1
1658,2020-12-26,20:00,Premier League,Matchweek 15,Sat,Away,W,1.0,0.0,Sheffield United,0.7,1.4,56.0,,Gylfi Sigurðsson,4-2-3-1,David Coote,7.0,3.0,19.9,0.0,0.0,0.0,2020.0,Everton,0.0,0.0,0.0,0.0,26,9,1.85,3.6,4.2,1.0,1.0,0.0,2,1,0,1
1659,2021-01-01,17:30,Premier League,Matchweek 17,Fri,Home,L,0.0,1.0,West Ham,0.4,1.3,60.0,,Séamus Coleman,4-2-3-1,Kevin Friend,10.0,2.0,21.0,0.0,0.0,0.0,2020.0,Everton,0.0,0.0,0.0,0.0,29,6,2.1,3.5,3.5,10.0,3.0,5.0,23,2,1,-1
1660,2021-01-12,20:15,Premier League,Matchweek 18,Tue,Away,W,2.0,1.0,Wolves,0.6,0.7,48.0,,Gylfi Sigurðsson,4-4-2,Martin Atkinson,5.0,3.0,11.7,0.0,0.0,0.0,2020.0,Everton,0.0,0.0,0.0,0.0,29,3,3.1,3.1,2.45,3.0,2.0,3.0,22,2,0,1
1661,2021-01-27,20:15,Premier League,Matchweek 20,Wed,Home,D,1.0,1.0,Leicester City,0.5,1.2,35.0,,Lucas Digne,4-4-2,Mike Dean,8.0,2.0,15.0,0.0,0.0,0.0,2020.0,Everton,0.0,0.0,0.0,0.0,33,4,2.8,3.3,2.55,6.0,5.0,2.0,38,9,1,0
1662,2021-01-30,12:30,Premier League,Matchweek 21,Sat,Home,L,0.0,2.0,Newcastle United,0.8,1.7,60.0,,Séamus Coleman,4-2-3-1,Stuart Attwell,11.0,3.0,17.5,0.0,0.0,0.0,2020.0,Everton,0.0,0.0,0.0,0.0,34,5,1.55,4.0,6.5,11.0,5.0,3.0,19,0,1,-1
1663,2021-02-03,19:30,Premier League,Matchweek 22,Wed,Away,W,2.0,1.0,Leeds United,1.6,1.3,37.0,,Gylfi Sigurðsson,4-2-3-1,Michael Oliver,10.0,6.0,15.9,0.0,0.0,0.0,2020.0,Everton,0.0,0.0,0.0,0.0,34,2,2.7,3.5,2.5,0.0,1.0,0.0,32,6,0,1
1664,2021-02-06,20:00,Premier League,Matchweek 23,Sat,Away,D,3.0,3.0,Manchester United,1.5,1.8,39.0,,Lucas Digne,4-3-1-2,Jonathan Moss,6.0,3.0,13.7,0.0,0.0,0.0,2020.0,Everton,0.0,0.0,0.0,0.0,37,4,6.0,4.2,1.53,5.0,10.0,6.0,44,4,0,0
1665,2021-02-14,19:00,Premier League,Matchweek 24,Sun,Home,L,0.0,2.0,Fulham,0.3,2.5,50.0,,Séamus Coleman,4-3-1-2,Andy Madley,7.0,2.0,18.7,0.0,0.0,0.0,2020.0,Everton,0.0,0.0,0.0,0.0,38,4,1.85,3.6,4.2,8.0,1.0,2.0,16,2,1,-1
1666,2021-02-17,20:15,Premier League,Matchweek 16,Wed,Home,L,1.0,3.0,Manchester City,1.0,1.0,29.0,,Gylfi Sigurðsson,4-4-1-1,Andre Marriner,3.0,2.0,9.4,0.0,0.0,0.0,2020.0,Everton,0.0,0.0,0.0,0.0,29,9,8.5,5.5,1.33,5.0,10.0,5.0,29,7,1,-1
1667,2021-02-20,17:30,Premier League,Matchweek 25,Sat,Away,W,2.0,0.0,Liverpool,1.6,1.4,29.0,,Séamus Coleman,5-3-2,Chris Kavanagh,8.0,5.0,22.8,1.0,1.0,1.0,2020.0,Everton,0.0,1.0,0.0,0.0,38,4,7.0,4.5,1.44,1.0,8.0,12.0,40,0,0,1
1668,2021-03-01,20:00,Premier League,Matchweek 26,Mon,Home,W,1.0,0.0,Southampton,1.2,0.6,47.0,,Gylfi Sigurðsson,4-3-1-2,Martin Atkinson,7.0,1.0,13.8,1.0,0.0,0.0,2020.0,Everton,0.0,0.0,0.0,0.0,41,4,2.15,3.5,3.3,7.0,6.0,4.0,30,1,1,1
1669,2021-03-04,18:00,Premier League,Matchweek 29,Thu,Away,W,1.0,0.0,West Brom,1.0,1.0,51.0,,Lucas Digne,4-4-2,Darren England,11.0,3.0,20.8,0.0,0.0,0.0,2020.0,Everton,0.0,0.0,0.0,0.0,44,3,1.83,3.6,4.33,8.0,4.0,5.0,18,4,0,1
1670,2021-03-08,18:00,Premier League,Matchweek 27,Mon,Away,L,0.0,2.0,Chelsea,0.3,2.4,35.0,,Gylfi Sigurðsson,3-4-1-2,David Coote,7.0,1.0,24.0,1.0,0.0,0.0,2020.0,Everton,0.0,0.0,1.0,0.0,44,6,6.5,4.0,1.53,6.0,10.0,4.0,44,5,0,-1
1671,2021-03-13,17:30,Premier League,Matchweek 28,Sat,Home,L,1.0,2.0,Burnley,1.5,0.8,65.0,,Lucas Digne,4-1-2-1-2◆,Jonathan Moss,14.0,4.0,16.6,0.0,0.0,0.0,2020.0,Everton,0.0,0.0,0.0,0.0,44,6,1.83,3.5,4.5,6.0,4.0,1.0,29,2,1,-1
1672,2021-04-05,18:00,Premier League,Matchweek 30,Mon,Home,D,1.0,1.0,Crystal Palace,2.5,0.7,48.0,,Séamus Coleman,3-4-1-2,Kevin Friend,15.0,7.0,15.1,1.0,0.0,0.0,2020.0,Everton,0.0,0.0,0.0,0.0,47,3,1.75,3.5,5.0,6.0,2.0,7.0,37,4,1,0
1673,2021-04-12,20:15,Premier League,Matchweek 31,Mon,Away,D,0.0,0.0,Brighton,0.4,1.2,45.0,,Séamus Coleman,5-3-2,Darren England,8.0,1.0,22.0,1.0,0.0,0.0,2020.0,Everton,0.0,0.0,0.0,0.0,48,4,3.3,3.3,2.25,4.0,2.0,1.0,32,6,0,0
1674,2021-04-16,20:00,Premier League,Matchweek 32,Fri,Home,D,2.0,2.0,Tottenham,1.8,1.4,53.0,,Gylfi Sigurðsson,4-4-2,Michael Oliver,17.0,6.0,18.5,1.0,1.0,1.0,2020.0,Everton,0.0,1.0,0.0,0.0,49,5,3.4,3.5,2.1,4.0,9.0,8.0,49,4,1,0
1675,2021-04-23,20:00,Premier League,Matchweek 33,Fri,Away,W,1.0,0.0,Arsenal,0.5,0.8,41.0,,Séamus Coleman,4-2-3-1,Jonathan Moss,8.0,1.0,20.8,2.0,0.0,0.0,2020.0,Everton,0.0,0.0,0.0,0.0,50,3,3.75,3.5,2.0,4.0,12.0,5.0,46,4,0,1
1676,2021-05-01,20:00,Premier League,Matchweek 34,Sat,Home,L,1.0,2.0,Aston Villa,1.0,1.6,47.0,,Séamus Coleman,4-2-3-1,Simon Hooper,16.0,3.0,19.6,0.0,0.0,0.0,2020.0,Everton,0.0,0.0,0.0,0.0,53,5,1.95,3.6,3.8,6.0,3.0,5.0,46,1,1,-1
1677,2021-05-09,16:30,Premier League,Matchweek 35,Sun,Away,W,1.0,0.0,West Ham,1.5,1.3,32.0,,Séamus Coleman,4-4-2,Stuart Attwell,9.0,3.0,12.5,1.0,0.0,0.0,2020.0,Everton,0.0,0.0,0.0,0.0,53,4,3.2,3.5,2.2,10.0,4.0,5.0,58,3,0,1
1678,2021-05-13,18:00,Premier League,Matchweek 19,Thu,Away,D,0.0,0.0,Aston Villa,1.0,0.6,42.0,,Séamus Coleman,4-4-2,Martin Atkinson,15.0,5.0,14.6,1.0,0.0,0.0,2020.0,Everton,0.0,0.0,0.0,0.0,32,3,2.6,3.4,2.7,6.0,4.0,5.0,29,1,0,0
1679,2021-05-16,19:00,Premier League,Matchweek 36,Sun,Home,L,0.0,1.0,Sheffield United,1.4,1.2,62.0,,Séamus Coleman,4-2-3-1,Jonathan Moss,16.0,6.0,15.9,0.0,0.0,0.0,2020.0,Everton,0.0,0.0,0.0,0.0,56,6,1.36,4.75,8.5,2.0,1.0,0.0,17,3,1,-1
1680,2021-05-19,18:00,Premier League,Matchweek 37,Wed,Home,W,1.0,0.0,Wolves,0.7,0.3,41.0,4988.0,Séamus Coleman,4-4-2,Andy Madley,14.0,4.0,15.9,0.0,0.0,0.0,2020.0,Everton,0.0,0.0,0.0,0.0,56,3,1.85,3.6,4.2,4.0,2.0,3.0,45,4,1,1
1681,2021-05-23,16:00,Premier League,Matchweek 38,Sun,Away,L,0.0,5.0,Manchester City,1.1,2.5,33.0,10000.0,Gylfi Sigurðsson,4-3-1-2,Michael Oliver,7.0,2.0,23.1,0.0,0.0,1.0,2020.0,Everton,0.0,1.0,0.0,0.0,59,6,6.5,5.0,1.44,5.0,11.0,5.0,83,3,0,-1
1682,2020-09-21,18:00,Premier League,Matchweek 2,Mon,Home,W,1.0,0.0,Sheffield United,1.0,0.9,71.0,,Jack Grealish,4-3-3,Graham Scott,18.0,2.0,17.4,0.0,0.0,0.0,2020.0,Aston Villa,0.0,0.0,0.0,0.0,0,0,2.7,3.1,2.75,0.0,1.0,1.0,0,0,1,1
1683,2020-09-28,17:45,Premier League,Matchweek 3,Mon,Away,W,3.0,0.0,Fulham,1.4,0.7,36.0,,Jack Grealish,4-3-3,Stuart Attwell,12.0,5.0,14.5,0.0,0.0,0.0,2020.0,Aston Villa,0.0,0.0,0.0,0.0,3,3,2.5,3.25,2.9,1.0,3.0,4.0,0,0,0,1
1684,2020-10-04,19:15,Premier League,Matchweek 4,Sun,Home,W,7.0,2.0,Liverpool,2.7,1.8,31.0,,Jack Grealish,4-2-3-1,Martin Atkinson,18.0,11.0,16.7,0.0,0.0,0.0,2020.0,Aston Villa,0.0,0.0,0.0,0.0,6,6,10.0,5.5,1.3,2.0,9.0,2.0,9,9,1,1
1685,2020-10-18,19:15,Premier League,Matchweek 5,Sun,Away,W,1.0,0.0,Leicester City,0.7,0.6,50.0,,Jack Grealish,4-2-3-1,Jonathan Moss,10.0,4.0,19.4,1.0,0.0,0.0,2020.0,Aston Villa,0.0,0.0,0.0,0.0,9,9,4.1,3.8,1.83,1.0,4.0,1.0,9,6,0,1
1686,2020-10-23,20:00,Premier League,Matchweek 6,Fri,Home,L,0.0,3.0,Leeds United,1.4,2.7,41.0,,Jack Grealish,4-2-3-1,Paul Tierney,12.0,3.0,18.5,0.0,0.0,0.0,2020.0,Aston Villa,0.0,0.0,0.0,0.0,12,9,2.05,3.75,3.3,0.0,0.0,0.0,7,4,1,-1
1687,2020-11-01,12:00,Premier League,Matchweek 7,Sun,Home,L,3.0,4.0,Southampton,1.9,0.7,56.0,,Jack Grealish,4-2-3-1,Darren England,18.0,9.0,15.9,1.0,1.0,1.0,2020.0,Aston Villa,0.0,1.0,0.0,0.0,12,6,2.45,3.5,2.8,1.0,6.0,3.0,10,7,1,-1
1688,2020-11-08,19:15,Premier League,Matchweek 8,Sun,Away,W,3.0,0.0,Arsenal,1.8,1.5,41.0,,Jack Grealish,4-2-3-1,Martin Atkinson,15.0,5.0,12.7,0.0,0.0,0.0,2020.0,Aston Villa,0.0,0.0,0.0,0.0,12,3,5.0,4.1,1.65,3.0,10.0,1.0,12,3,0,1
1689,2020-11-21,15:00,Premier League,Matchweek 9,Sat,Home,L,1.0,2.0,Brighton,1.5,1.4,56.0,,Jack Grealish,4-2-3-1,Michael Oliver,15.0,4.0,18.2,0.0,0.0,0.0,2020.0,Aston Villa,0.0,0.0,0.0,0.0,15,3,2.15,3.6,3.2,1.0,0.0,1.0,6,2,1,-1
1690,2020-11-30,20:00,Premier League,Matchweek 10,Mon,Away,L,1.0,2.0,West Ham,2.5,0.4,66.0,,Jack Grealish,4-3-3,Peter Bankes,15.0,6.0,18.5,2.0,0.0,1.0,2020.0,Aston Villa,0.0,1.0,0.0,0.0,15,3,3.0,3.6,2.25,4.0,3.0,5.0,14,6,0,-1
1691,2020-12-12,12:30,Premier League,Matchweek 12,Sat,Away,W,1.0,0.0,Wolves,1.4,1.1,50.0,,Jack Grealish,4-3-3,Mike Dean,12.0,1.0,20.1,1.0,1.0,1.0,2020.0,Aston Villa,1.0,1.0,0.0,1.0,18,3,3.25,3.25,2.25,2.0,3.0,1.0,17,4,0,1
1692,2020-12-17,18:00,Premier League,Matchweek 13,Thu,Home,D,0.0,0.0,Burnley,1.5,0.3,59.0,,Jack Grealish,4-2-3-1,Craig Pawson,27.0,6.0,17.0,1.0,0.0,0.0,2020.0,Aston Villa,0.0,0.0,0.0,0.0,21,6,1.75,3.8,4.5,1.0,1.0,2.0,9,4,1,0
1693,2020-12-20,19:15,Premier League,Matchweek 14,Sun,Away,W,3.0,0.0,West Brom,2.4,0.0,67.0,,Jack Grealish,4-2-3-1,Martin Atkinson,18.0,9.0,19.7,1.0,1.0,1.0,2020.0,Aston Villa,0.0,1.0,0.0,0.0,22,7,1.95,3.8,3.6,3.0,4.0,5.0,7,1,0,1
1694,2020-12-26,15:00,Premier League,Matchweek 15,Sat,Home,W,3.0,0.0,Crystal Palace,3.9,0.9,39.0,,Jack Grealish,4-2-3-1,Anthony Taylor,20.0,9.0,12.3,0.0,0.0,0.0,2020.0,Aston Villa,1.0,0.0,0.0,1.0,25,7,1.9,3.75,3.8,3.0,4.0,1.0,18,2,1,1
1695,2020-12-28,17:30,Premier League,Matchweek 16,Mon,Away,D,1.0,1.0,Chelsea,0.7,1.7,37.0,,Jack Grealish,4-2-3-1,Stuart Attwell,10.0,2.0,17.5,0.0,0.0,0.0,2020.0,Aston Villa,0.0,0.0,0.0,0.0,28,7,5.0,4.2,1.61,2.0,10.0,2.0,25,3,0,0
1696,2021-01-01,20:00,Premier League,Matchweek 17,Fri,Away,L,1.0,2.0,Manchester United,1.4,2.1,52.0,,Jack Grealish,4-2-3-1,Michael Oliver,15.0,5.0,14.4,1.0,0.0,0.0,2020.0,Aston Villa,0.0,0.0,0.0,0.0,29,7,4.2,4.2,1.72,0.0,11.0,3.0,33,7,0,-1
1697,2021-01-20,18:00,Premier League,Matchweek 1,Wed,Away,L,0.0,2.0,Manchester City,0.6,3.4,31.0,,Jack Grealish,4-2-3-1,Jonathan Moss,11.0,4.0,18.6,1.0,0.0,0.0,2020.0,Aston Villa,0.0,0.0,0.0,0.0,0,0,12.0,6.5,1.22,2.0,11.0,1.0,0,0,0,-1
1698,2021-01-23,20:00,Premier League,Matchweek 11,Sat,Home,W,2.0,0.0,Newcastle United,2.3,0.5,58.0,,Jack Grealish,4-2-3-1,Simon Hooper,14.0,5.0,17.4,0.0,0.0,0.0,2020.0,Aston Villa,0.0,0.0,0.0,0.0,15,3,1.45,4.75,6.5,2.0,6.0,6.0,14,3,1,1
1699,2021-01-27,18:00,Premier League,Matchweek 20,Wed,Away,L,2.0,3.0,Burnley,2.2,0.5,61.0,,Jack Grealish,4-2-3-1,Paul Tierney,18.0,10.0,15.1,1.0,0.0,0.0,2020.0,Aston Villa,0.0,0.0,0.0,0.0,30,1,1.95,3.5,3.8,1.0,1.0,3.0,20,4,0,-1
1700,2021-01-30,20:00,Premier League,Matchweek 21,Sat,Away,W,1.0,0.0,Southampton,0.6,1.9,41.0,,Jack Grealish,4-2-3-1,Lee Mason,8.0,4.0,16.2,0.0,0.0,0.0,2020.0,Aston Villa,0.0,0.0,0.0,0.0,30,1,2.37,3.6,2.8,1.0,7.0,3.0,29,0,0,1
1701,2021-02-03,20:15,Premier League,Matchweek 22,Wed,Home,L,1.0,3.0,West Ham,0.7,1.7,56.0,,Jack Grealish,4-2-3-1,Andy Madley,9.0,2.0,17.5,1.0,0.0,0.0,2020.0,Aston Villa,0.0,0.0,0.0,0.0,33,4,2.2,3.4,3.25,4.0,4.0,5.0,35,6,1,-1
1702,2021-02-06,12:30,Premier League,Matchweek 23,Sat,Home,W,1.0,0.0,Arsenal,1.2,0.8,35.0,,Jack Grealish,4-2-3-1,Chris Kavanagh,12.0,8.0,16.6,0.0,0.0,0.0,2020.0,Aston Villa,0.0,0.0,0.0,0.0,33,3,2.62,3.5,2.6,4.0,10.0,1.0,31,4,1,1
1703,2021-02-13,20:00,Premier League,Matchweek 24,Sat,Away,D,0.0,0.0,Brighton,0.1,2.2,42.0,,Jack Grealish,4-2-3-1,Darren England,4.0,1.0,23.9,0.0,0.0,0.0,2020.0,Aston Villa,0.0,0.0,0.0,0.0,36,6,2.5,3.5,2.7,1.0,1.0,1.0,25,7,0,0
1704,2021-02-21,14:05,Premier League,Matchweek 25,Sun,Home,L,1.0,2.0,Leicester City,1.4,1.1,51.0,,Tyrone Mings,4-2-3-1,Michael Oliver,11.0,2.0,16.6,0.0,0.0,0.0,2020.0,Aston Villa,0.0,0.0,0.0,0.0,37,4,2.87,3.5,2.4,2.0,4.0,1.0,46,7,1,-1
1705,2021-02-27,17:30,Premier League,Matchweek 26,Sat,Away,W,1.0,0.0,Leeds United,0.7,0.9,31.0,,Tyrone Mings,4-3-3,Peter Bankes,9.0,4.0,15.8,0.0,0.0,0.0,2020.0,Aston Villa,0.0,0.0,0.0,0.0,37,4,3.2,3.6,2.15,0.0,1.0,0.0,35,3,0,1
1706,2021-03-03,18:00,Premier League,Matchweek 29,Wed,Away,L,0.0,1.0,Sheffield United,2.3,0.9,72.0,,Tyrone Mings,4-3-3,Robert Jones,16.0,4.0,16.1,1.0,0.0,0.0,2020.0,Aston Villa,0.0,0.0,0.0,0.0,42,5,2.05,3.4,3.75,1.0,1.0,1.0,11,0,0,-1
1707,2021-03-06,17:30,Premier League,Matchweek 27,Sat,Home,D,0.0,0.0,Wolves,0.6,1.6,49.0,,Tyrone Mings,4-3-3,Andy Madley,9.0,1.0,18.0,0.0,0.0,0.0,2020.0,Aston Villa,0.0,0.0,0.0,0.0,40,4,2.37,3.25,3.1,3.0,3.0,1.0,34,7,1,0
1708,2021-03-12,20:00,Premier League,Matchweek 28,Fri,Away,D,1.0,1.0,Newcastle United,0.9,1.5,51.0,,Tyrone Mings,4-3-3,Paul Tierney,15.0,6.0,20.1,0.0,0.0,0.0,2020.0,Aston Villa,0.0,0.0,0.0,0.0,41,4,2.05,3.3,3.8,3.0,6.0,6.0,27,2,0,0
1709,2021-03-21,19:30,Premier League,Matchweek 18,Sun,Home,L,0.0,2.0,Tottenham,0.4,1.8,50.0,,Tyrone Mings,4-2-3-1,Mike Dean,8.0,1.0,19.9,0.0,0.0,0.0,2020.0,Aston Villa,0.0,0.0,0.0,0.0,29,4,2.9,3.3,2.45,1.0,12.0,1.0,30,5,1,-1
1710,2021-04-04,16:30,Premier League,Matchweek 30,Sun,Home,W,3.0,1.0,Fulham,1.5,1.0,53.0,,Tyrone Mings,4-2-3-1,Andy Madley,14.0,4.0,19.7,0.0,0.0,0.0,2020.0,Aston Villa,0.0,0.0,0.0,0.0,42,2,2.25,3.3,3.3,2.0,3.0,4.0,26,3,1,1
1711,2021-04-10,15:00,Premier League,Matchweek 31,Sat,Away,L,1.0,2.0,Liverpool,0.5,2.3,35.0,,Tyrone Mings,4-3-3,Paul Tierney,9.0,5.0,17.4,0.0,0.0,0.0,2020.0,Aston Villa,0.0,0.0,0.0,0.0,45,4,6.5,4.33,1.5,3.0,9.0,2.0,49,6,0,-1
1712,2021-04-21,20:15,Premier League,Matchweek 32,Wed,Home,L,1.0,2.0,Manchester City,0.7,1.2,28.0,,Tyrone Mings,4-1-4-1,Peter Bankes,8.0,3.0,14.6,0.0,0.0,0.0,2020.0,Aston Villa,1.0,0.0,0.0,1.0,45,3,9.0,4.75,1.36,2.0,12.0,1.0,71,6,1,-1
1713,2021-04-25,19:00,Premier League,Matchweek 33,Sun,Home,D,2.0,2.0,West Brom,3.2,1.5,70.0,,Tyrone Mings,4-2-3-1,Stuart Attwell,23.0,10.0,16.1,0.0,1.0,1.0,2020.0,Aston Villa,0.0,1.0,1.0,0.0,45,3,1.85,3.6,4.2,4.0,4.0,5.0,24,6,1,0
1714,2021-05-01,20:00,Premier League,Matchweek 34,Sat,Away,W,2.0,1.0,Everton,1.6,1.0,53.0,,Tyrone Mings,4-2-3-1,Simon Hooper,13.0,5.0,19.6,1.0,0.0,0.0,2020.0,Aston Villa,0.0,0.0,0.0,0.0,46,1,3.8,3.6,1.95,3.0,6.0,5.0,53,5,0,1
1715,2021-05-09,14:05,Premier League,Matchweek 35,Sun,Home,L,1.0,3.0,Manchester United,0.5,1.7,41.0,,Tyrone Mings,4-2-3-1,Chris Kavanagh,11.0,5.0,20.5,0.0,0.0,0.0,2020.0,Aston Villa,1.0,0.0,0.0,1.0,49,4,4.2,3.8,1.8,0.0,12.0,3.0,67,4,1,-1
1716,2021-05-13,18:00,Premier League,Matchweek 19,Thu,Home,D,0.0,0.0,Everton,0.6,1.0,58.0,,Tyrone Mings,4-2-3-1,Martin Atkinson,13.0,2.0,19.2,1.0,0.0,0.0,2020.0,Aston Villa,0.0,0.0,0.0,0.0,29,1,2.7,3.4,2.6,4.0,6.0,5.0,32,3,1,0
1717,2021-05-16,12:00,Premier League,Matchweek 36,Sun,Away,L,2.0,3.0,Crystal Palace,1.4,1.9,55.0,,John McGinn,4-3-3,David Coote,19.0,5.0,17.9,2.0,0.0,0.0,2020.0,Aston Villa,0.0,0.0,0.0,0.0,49,4,2.25,3.6,3.0,4.0,4.0,1.0,41,3,0,-1
1718,2021-05-19,18:00,Premier League,Matchweek 37,Wed,Away,W,2.0,1.0,Tottenham,1.4,0.8,40.0,10000.0,Jack Grealish,4-2-3-1,Craig Pawson,20.0,4.0,17.0,0.0,0.0,0.0,2020.0,Aston Villa,0.0,0.0,0.0,0.0,49,3,6.0,4.5,1.5,1.0,13.0,1.0,59,6,0,1
1719,2021-05-23,16:00,Premier League,Matchweek 38,Sun,Home,W,2.0,1.0,Chelsea,1.1,3.3,29.0,10000.0,Jack Grealish,4-2-3-1,Stuart Attwell,5.0,2.0,21.4,0.0,1.0,1.0,2020.0,Aston Villa,0.0,1.0,0.0,0.0,52,3,6.5,4.6,1.45,2.0,10.0,3.0,67,6,1,1
1720,2020-09-12,20:00,Premier League,Matchweek 1,Sat,Away,W,2.0,0.0,West Ham,1.6,1.0,42.0,,Jamaal Lascelles,4-4-2,Stuart Attwell,15.0,2.0,17.6,1.0,0.0,0.0,2020.0,Newcastle United,0.0,0.0,0.0,0.0,0,0,3.4,3.4,2.15,8.0,5.0,3.0,0,0,0,1
1721,2020-09-20,14:00,Premier League,Matchweek 2,Sun,Home,L,0.0,3.0,Brighton,0.5,1.8,47.0,,Jamaal Lascelles,4-4-2,Kevin Friend,6.0,0.0,21.3,0.0,0.0,0.0,2020.0,Newcastle United,0.0,0.0,0.0,0.0,3,3,2.6,3.1,2.87,0.0,2.0,4.0,0,0,1,-1
1722,2020-09-27,14:00,Premier League,Matchweek 3,Sun,Away,D,1.0,1.0,Tottenham,1.0,2.9,34.0,,Jamaal Lascelles,5-4-1,Peter Bankes,5.0,0.0,19.1,0.0,1.0,1.0,2020.0,Newcastle United,0.0,0.0,0.0,0.0,3,3,7.0,4.5,1.45,6.0,10.0,2.0,3,3,0,0
1723,2020-10-03,20:00,Premier League,Matchweek 4,Sat,Home,W,3.0,1.0,Burnley,1.8,0.4,48.0,,Jonjo Shelvey,4-4-2,David Coote,9.0,4.0,19.8,0.0,1.0,1.0,2020.0,Newcastle United,0.0,1.0,0.0,0.0,4,4,2.4,3.2,3.1,2.0,2.0,4.0,0,0,1,1
1724,2020-10-17,20:00,Premier League,Matchweek 5,Sat,Home,L,1.0,4.0,Manchester United,0.9,2.3,37.0,,Jamaal Lascelles,4-1-4-1,Craig Pawson,7.0,4.0,20.6,0.0,0.0,0.0,2020.0,Newcastle United,0.0,0.0,0.0,0.0,7,4,4.75,4.0,1.66,4.0,10.0,4.0,6,3,1,-1
1725,2020-10-25,16:30,Premier League,Matchweek 6,Sun,Away,D,1.0,1.0,Wolves,0.3,0.7,37.0,,Jamaal Lascelles,5-3-2,Lee Mason,5.0,2.0,21.2,1.0,0.0,0.0,2020.0,Newcastle United,0.0,0.0,0.0,0.0,7,4,5.25,3.5,1.75,2.0,1.0,5.0,9,6,0,0
1726,2020-11-01,14:00,Premier League,Matchweek 7,Sun,Home,W,2.0,1.0,Everton,2.9,1.5,39.0,,Jamaal Lascelles,5-3-2,Stuart Attwell,10.0,3.0,17.8,0.0,1.0,1.0,2020.0,Newcastle United,0.0,1.0,0.0,0.0,8,4,3.7,3.4,2.05,4.0,11.0,3.0,13,4,1,1
1727,2020-11-06,20:00,Premier League,Matchweek 8,Fri,Away,L,0.0,2.0,Southampton,0.3,0.7,39.0,,Jamaal Lascelles,5-3-2,Peter Bankes,4.0,2.0,15.2,1.0,0.0,0.0,2020.0,Newcastle United,0.0,0.0,0.0,0.0,11,4,3.7,3.6,2.0,5.0,5.0,4.0,13,7,0,-1
1728,2020-11-21,12:30,Premier League,Matchweek 9,Sat,Home,L,0.0,2.0,Chelsea,0.3,1.5,30.0,,Jamaal Lascelles,5-4-1,Craig Pawson,8.0,1.0,23.7,0.0,0.0,0.0,2020.0,Newcastle United,0.0,0.0,1.0,0.0,11,4,6.5,4.75,1.45,6.0,9.0,3.0,15,7,1,-1
1729,2020-11-27,20:00,Premier League,Matchweek 10,Fri,Away,W,2.0,0.0,Crystal Palace,1.3,0.6,43.0,,Jonjo Shelvey,4-4-2,Graham Scott,14.0,7.0,19.5,2.0,0.0,0.0,2020.0,Newcastle United,0.0,0.0,0.0,0.0,11,3,3.75,3.25,2.05,5.0,3.0,4.0,13,3,0,1
1730,2020-12-12,15:00,Premier League,Matchweek 12,Sat,Home,W,2.0,1.0,West Brom,0.8,0.6,46.0,,Jonjo Shelvey,4-4-2,Darren England,12.0,6.0,16.7,0.0,0.0,0.0,2020.0,Newcastle United,0.0,0.0,0.0,0.0,14,3,2.45,3.2,3.0,5.0,5.0,3.0,6,3,1,1
1731,2020-12-16,18:00,Premier League,Matchweek 13,Wed,Away,L,2.0,5.0,Leeds United,1.5,2.7,32.0,,Federico Fernández,4-4-2,Simon Hooper,10.0,4.0,13.9,1.0,0.0,0.0,2020.0,Newcastle United,0.0,0.0,0.0,0.0,17,6,4.33,4.0,1.75,0.0,0.0,0.0,14,3,0,-1
1732,2020-12-19,20:00,Premier League,Matchweek 14,Sat,Home,D,1.0,1.0,Fulham,1.4,1.0,49.0,,Jonjo Shelvey,4-4-2,Graham Scott,11.0,4.0,22.3,2.0,1.0,1.0,2020.0,Newcastle United,0.0,1.0,1.0,0.0,17,3,2.5,3.25,2.9,4.0,4.0,2.0,9,2,1,0
1733,2020-12-26,20:00,Premier League,Matchweek 15,Sat,Away,L,0.0,2.0,Manchester City,0.3,3.0,26.0,,Federico Fernández,5-4-1,Andre Marriner,7.0,2.0,21.2,0.0,0.0,0.0,2020.0,Newcastle United,0.0,0.0,0.0,0.0,18,4,19.0,10.0,1.11,1.0,15.0,2.0,26,5,0,-1
1734,2020-12-30,20:00,Premier League,Matchweek 16,Wed,Home,D,0.0,0.0,Liverpool,0.5,1.4,28.0,,Federico Fernández,5-4-1,Paul Tierney,8.0,2.0,17.0,0.0,0.0,0.0,2020.0,Newcastle United,0.0,0.0,0.0,0.0,18,1,12.0,6.0,1.25,4.0,10.0,4.0,32,7,1,0
1735,2021-01-03,14:15,Premier League,Matchweek 17,Sun,Home,L,1.0,2.0,Leicester City,0.5,0.6,44.0,,Federico Fernández,5-4-1,Robert Jones,8.0,2.0,15.1,0.0,0.0,0.0,2020.0,Newcastle United,0.0,0.0,0.0,0.0,19,2,5.25,4.2,1.61,3.0,7.0,0.0,29,5,1,-1
1736,2021-01-12,18:00,Premier League,Matchweek 18,Tue,Away,L,0.0,1.0,Sheffield United,0.6,2.1,35.0,,Federico Fernández,5-4-1,Andy Madley,7.0,3.0,22.6,2.0,0.0,0.0,2020.0,Newcastle United,1.0,0.0,0.0,1.0,19,1,3.1,3.1,2.45,2.0,0.0,0.0,2,0,0,-1
1737,2021-01-18,20:00,Premier League,Matchweek 19,Mon,Away,L,0.0,3.0,Arsenal,0.2,2.4,34.0,,Jamaal Lascelles,4-4-2,David Coote,4.0,1.0,17.3,0.0,0.0,0.0,2020.0,Newcastle United,0.0,0.0,0.0,0.0,19,1,8.0,4.5,1.4,2.0,14.0,2.0,24,7,0,-1
1738,2021-01-23,20:00,Premier League,Matchweek 11,Sat,Away,L,0.0,2.0,Aston Villa,0.5,2.3,42.0,,Jamaal Lascelles,5-3-2,Simon Hooper,7.0,1.0,14.5,0.0,0.0,0.0,2020.0,Newcastle United,0.0,0.0,0.0,0.0,14,3,6.5,4.75,1.45,6.0,2.0,6.0,15,3,0,-1
1739,2021-01-26,18:00,Premier League,Matchweek 20,Tue,Home,L,1.0,2.0,Leeds United,1.4,0.7,42.0,,Jamaal Lascelles,4-4-1-1,Anthony Taylor,22.0,5.0,22.0,4.0,0.0,0.0,2020.0,Newcastle United,0.0,0.0,0.0,0.0,19,0,3.9,3.8,1.85,0.0,1.0,0.0,26,3,1,-1
1740,2021-01-30,12:30,Premier League,Matchweek 21,Sat,Away,W,2.0,0.0,Everton,1.7,0.8,40.0,,Jamaal Lascelles,4-3-1-2,Stuart Attwell,13.0,3.0,17.1,2.0,0.0,0.0,2020.0,Newcastle United,0.0,0.0,0.0,0.0,19,0,6.5,4.0,1.55,5.0,11.0,3.0,34,5,0,1
1741,2021-02-02,20:15,Premier League,Matchweek 22,Tue,Home,L,1.0,2.0,Crystal Palace,1.9,0.7,61.0,,Jonjo Shelvey,4-3-1-2,Darren England,21.0,5.0,16.2,1.0,0.0,0.0,2020.0,Newcastle United,0.0,0.0,0.0,0.0,22,3,2.8,3.2,2.6,6.0,3.0,4.0,26,3,1,-1
1742,2021-02-06,15:00,Premier League,Matchweek 23,Sat,Home,W,3.0,2.0,Southampton,0.7,1.3,27.0,,Jonjo Shelvey,4-3-1-2,Craig Pawson,6.0,4.0,16.1,1.0,0.0,0.0,2020.0,Newcastle United,1.0,0.0,0.0,1.0,22,3,3.0,3.3,2.4,5.0,6.0,4.0,29,0,1,1
1743,2021-02-15,20:00,Premier League,Matchweek 24,Mon,Away,L,0.0,2.0,Chelsea,0.6,2.2,36.0,,Jamaal Lascelles,4-3-3,Peter Bankes,10.0,4.0,20.5,1.0,0.0,0.0,2020.0,Newcastle United,0.0,0.0,0.0,0.0,25,6,12.0,6.5,1.22,6.0,10.0,3.0,39,9,0,-1
1744,2021-02-21,19:00,Premier League,Matchweek 25,Sun,Away,L,1.0,3.0,Manchester United,0.4,1.7,29.0,,Jamaal Lascelles,4-3-1-2,Paul Tierney,10.0,6.0,23.0,0.0,0.0,0.0,2020.0,Newcastle United,0.0,0.0,0.0,0.0,25,3,10.0,5.5,1.28,4.0,11.0,4.0,46,5,0,-1
1745,2021-02-27,20:00,Premier League,Matchweek 26,Sat,Home,D,1.0,1.0,Wolves,1.7,1.1,48.0,,Jamaal Lascelles,4-3-3,Mike Dean,19.0,6.0,18.9,1.0,0.0,0.0,2020.0,Newcastle United,0.0,0.0,0.0,0.0,25,3,3.5,3.2,2.2,2.0,1.0,6.0,33,7,1,0
1746,2021-03-07,12:00,Premier League,Matchweek 27,Sun,Away,D,0.0,0.0,West Brom,0.5,2.0,47.0,,Jamaal Lascelles,4-3-1-2,Martin Atkinson,9.0,5.0,18.6,0.0,0.0,0.0,2020.0,Newcastle United,0.0,0.0,0.0,0.0,26,1,3.1,3.2,2.37,6.0,5.0,3.0,17,5,0,0
1747,2021-03-12,20:00,Premier League,Matchweek 28,Fri,Home,D,1.0,1.0,Aston Villa,1.5,0.9,49.0,,Jamaal Lascelles,4-3-3,Paul Tierney,12.0,3.0,15.8,0.0,0.0,0.0,2020.0,Newcastle United,0.0,0.0,1.0,0.0,27,2,3.8,3.3,2.05,6.0,3.0,6.0,41,4,1,0
1748,2021-03-20,20:00,Premier League,Matchweek 29,Sat,Away,L,0.0,3.0,Brighton,0.1,0.9,35.0,,Jamaal Lascelles,4-3-3,Anthony Taylor,3.0,1.0,19.5,0.0,0.0,0.0,2020.0,Newcastle United,0.0,0.0,0.0,0.0,28,3,6.0,3.5,1.66,0.0,3.0,4.0,29,3,0,-1
1749,2021-04-04,14:05,Premier League,Matchweek 30,Sun,Home,D,2.0,2.0,Tottenham,3.4,2.7,42.0,,Jamaal Lascelles,5-3-2,Craig Pawson,22.0,6.0,13.9,0.0,0.0,0.0,2020.0,Newcastle United,0.0,0.0,0.0,0.0,28,2,5.5,4.0,1.6,6.0,10.0,3.0,48,6,1,0
1750,2021-04-11,12:00,Premier League,Matchweek 31,Sun,Away,W,2.0,1.0,Burnley,1.2,2.0,44.0,,Jonjo Shelvey,5-3-2,Anthony Taylor,10.0,4.0,12.7,0.0,0.0,0.0,2020.0,Newcastle United,0.0,0.0,0.0,0.0,29,2,3.4,3.1,2.3,3.0,2.0,4.0,33,4,0,1
1751,2021-04-17,12:30,Premier League,Matchweek 32,Sat,Home,W,3.0,2.0,West Ham,2.2,1.9,34.0,,Jonjo Shelvey,5-3-2,Kevin Friend,16.0,6.0,19.1,0.0,0.0,0.0,2020.0,Newcastle United,0.0,0.0,0.0,0.0,32,4,3.5,3.5,2.05,9.0,5.0,3.0,55,7,1,1
1752,2021-04-24,12:30,Premier League,Matchweek 33,Sat,Away,D,1.0,1.0,Liverpool,1.0,2.4,32.0,,Jonjo Shelvey,5-3-2,Andre Marriner,7.0,4.0,16.0,0.0,0.0,0.0,2020.0,Newcastle United,0.0,0.0,0.0,0.0,35,7,12.0,6.5,1.22,4.0,10.0,5.0,53,7,0,0
1753,2021-05-02,14:00,Premier League,Matchweek 34,Sun,Home,L,0.0,2.0,Arsenal,0.3,2.0,39.0,,Jonjo Shelvey,5-3-2,Mike Dean,5.0,1.0,20.4,0.0,0.0,0.0,2020.0,Newcastle United,1.0,0.0,0.0,0.0,36,7,3.6,3.6,2.0,2.0,15.0,2.0,46,4,1,-1
1754,2021-05-07,20:00,Premier League,Matchweek 35,Fri,Away,W,4.0,2.0,Leicester City,2.7,2.2,32.0,,Jonjo Shelvey,5-3-2,Darren England,14.0,6.0,17.2,2.0,0.0,0.0,2020.0,Newcastle United,0.0,0.0,0.0,0.0,36,4,8.0,4.75,1.4,3.0,8.0,0.0,63,7,0,1
1755,2021-05-14,20:00,Premier League,Matchweek 36,Fri,Home,L,3.0,4.0,Manchester City,2.2,1.5,18.0,,Jonjo Shelvey,5-3-2,Kevin Friend,9.0,3.0,17.8,1.0,1.0,2.0,2020.0,Newcastle United,0.0,2.0,0.0,0.0,39,4,11.0,6.0,1.25,1.0,16.0,2.0,80,6,1,-1
1756,2021-05-19,18:00,Premier League,Matchweek 37,Wed,Home,W,1.0,0.0,Sheffield United,1.6,0.9,51.0,10000.0,Jonjo Shelvey,5-3-2,Robert Jones,16.0,5.0,19.2,2.0,0.0,0.0,2020.0,Newcastle United,0.0,0.0,0.0,0.0,39,3,1.72,3.8,4.75,2.0,1.0,0.0,20,3,1,1
1757,2021-05-23,16:00,Premier League,Matchweek 38,Sun,Away,W,2.0,0.0,Fulham,1.3,1.0,36.0,2000.0,Jonjo Shelvey,5-3-2,Chris Kavanagh,9.0,3.0,21.4,0.0,1.0,1.0,2020.0,Newcastle United,0.0,1.0,0.0,0.0,42,6,3.3,3.8,2.05,4.0,4.0,3.0,28,1,0,1
1758,2020-09-14,18:00,Premier League,Matchweek 1,Mon,Away,W,2.0,0.0,Sheffield United,1.4,1.0,45.0,,Conor Coady,3-4-3,Mike Dean,11.0,4.0,17.2,0.0,0.0,0.0,2020.0,Wolves,0.0,0.0,0.0,0.0,0,0,2.37,3.1,3.25,0.0,1.0,1.0,0,0,0,1
1759,2020-09-21,20:15,Premier League,Matchweek 2,Mon,Home,L,1.0,3.0,Manchester City,0.6,1.9,35.0,,Conor Coady,5-3-2,Andre Marriner,10.0,1.0,17.4,0.0,0.0,0.0,2020.0,Wolves,0.0,0.0,0.0,0.0,3,3,6.5,4.33,1.5,3.0,4.0,1.0,3,3,1,-1
1760,2020-09-27,19:00,Premier League,Matchweek 3,Sun,Away,L,0.0,4.0,West Ham,0.5,2.4,63.0,,Conor Coady,3-4-3,Martin Atkinson,11.0,2.0,21.1,0.0,0.0,0.0,2020.0,Wolves,0.0,0.0,1.0,0.0,3,3,2.05,3.5,3.6,4.0,1.0,1.0,0,0,0,-1
1761,2020-10-04,14:00,Premier League,Matchweek 4,Sun,Home,W,1.0,0.0,Fulham,1.2,0.9,48.0,,Conor Coady,3-5-2,Darren England,14.0,5.0,19.5,1.0,0.0,0.0,2020.0,Wolves,0.0,0.0,0.0,0.0,3,3,1.5,4.0,7.5,2.0,2.0,2.0,0,0,1,1
1762,2020-10-19,20:00,Premier League,Matchweek 5,Mon,Away,W,1.0,0.0,Leeds United,0.4,1.0,34.0,,Conor Coady,3-5-2,David Coote,7.0,3.0,18.3,0.0,0.0,0.0,2020.0,Wolves,0.0,0.0,0.0,0.0,6,3,2.87,3.3,2.5,0.0,0.0,0.0,7,7,0,1
1763,2020-10-25,16:30,Premier League,Matchweek 6,Sun,Home,D,1.0,1.0,Newcastle United,0.7,0.3,63.0,,Conor Coady,3-4-3,Lee Mason,16.0,3.0,23.2,0.0,0.0,0.0,2020.0,Wolves,0.0,0.0,0.0,0.0,9,6,1.75,3.5,5.25,1.0,2.0,5.0,7,4,1,0
1764,2020-10-30,20:00,Premier League,Matchweek 7,Fri,Home,W,2.0,0.0,Crystal Palace,1.3,0.7,45.0,,Conor Coady,3-4-3,Martin Atkinson,15.0,5.0,18.8,0.0,0.0,0.0,2020.0,Wolves,0.0,0.0,0.0,0.0,10,7,2.0,3.2,4.33,2.0,1.0,1.0,10,4,1,1
1765,2020-11-08,14:00,Premier League,Matchweek 8,Sun,Away,L,0.0,1.0,Leicester City,0.8,2.0,51.0,,Conor Coady,3-4-3,Anthony Taylor,8.0,2.0,19.4,1.0,0.0,0.0,2020.0,Wolves,0.0,0.0,0.0,0.0,13,7,3.25,3.2,2.3,1.0,1.0,2.0,15,6,0,-1
1766,2020-11-23,20:00,Premier League,Matchweek 9,Mon,Home,D,1.0,1.0,Southampton,1.5,1.0,46.0,,Rúben Neves,4-3-3,Andre Marriner,20.0,9.0,16.5,1.0,0.0,0.0,2020.0,Wolves,0.0,0.0,0.0,0.0,13,4,2.3,3.25,3.25,2.0,1.0,1.0,16,9,1,0
1767,2020-11-29,19:15,Premier League,Matchweek 10,Sun,Away,W,2.0,1.0,Arsenal,1.8,1.5,44.0,,Conor Coady,4-2-3-1,Michael Oliver,11.0,5.0,12.1,0.0,0.0,0.0,2020.0,Wolves,0.0,0.0,0.0,0.0,14,4,3.75,3.4,2.05,1.0,4.0,3.0,13,4,0,1
1768,2020-12-06,19:15,Premier League,Matchweek 11,Sun,Away,L,0.0,4.0,Liverpool,0.4,1.2,40.0,2000.0,Conor Coady,4-3-3,Craig Pawson,9.0,3.0,18.5,1.0,0.0,0.0,2020.0,Wolves,0.0,0.0,1.0,0.0,17,4,6.5,4.33,1.5,1.0,7.0,0.0,21,5,0,-1
1769,2020-12-12,12:30,Premier League,Matchweek 12,Sat,Home,L,0.0,1.0,Aston Villa,1.1,1.4,50.0,,Conor Coady,4-2-3-1,Mike Dean,16.0,7.0,18.5,1.0,0.0,0.0,2020.0,Wolves,1.0,0.0,0.0,1.0,17,4,2.25,3.25,3.25,3.0,2.0,1.0,18,3,1,-1
1770,2020-12-15,18:00,Premier League,Matchweek 13,Tue,Home,W,2.0,1.0,Chelsea,0.5,1.0,45.0,,Conor Coady,3-4-1-2,Stuart Attwell,12.0,4.0,21.9,0.0,0.0,0.0,2020.0,Wolves,0.0,0.0,0.0,0.0,17,3,5.25,3.8,1.66,2.0,5.0,1.0,22,4,1,1
1771,2020-12-21,17:30,Premier League,Matchweek 14,Mon,Away,L,1.0,2.0,Burnley,1.5,1.7,63.0,,Conor Coady,3-4-1-2,Lee Mason,14.0,2.0,20.5,2.0,1.0,1.0,2020.0,Wolves,0.0,1.0,0.0,0.0,20,3,2.2,3.25,3.5,1.0,1.0,2.0,10,5,0,-1
1772,2020-12-27,19:15,Premier League,Matchweek 15,Sun,Home,D,1.0,1.0,Tottenham,0.9,0.4,55.0,,Conor Coady,4-2-3-1,Paul Tierney,11.0,6.0,17.2,1.0,0.0,0.0,2020.0,Wolves,0.0,0.0,0.0,0.0,20,3,3.6,3.25,2.15,2.0,4.0,2.0,25,1,1,0
1773,2020-12-29,20:00,Premier League,Matchweek 16,Tue,Away,L,0.0,1.0,Manchester United,0.5,1.5,42.0,,Conor Coady,3-4-1-2,Jonathan Moss,9.0,5.0,18.3,0.0,0.0,0.0,2020.0,Wolves,0.0,0.0,0.0,0.0,21,4,6.25,4.2,1.53,2.0,3.0,3.0,30,7,0,-1
1774,2021-01-02,17:30,Premier League,Matchweek 17,Sat,Away,D,3.0,3.0,Brighton,1.6,2.2,46.0,,Conor Coady,4-2-3-1,Andy Madley,10.0,3.0,19.7,0.0,1.0,1.0,2020.0,Wolves,0.0,1.0,0.0,0.0,21,1,2.75,3.25,2.62,0.0,1.0,3.0,13,2,0,0
1775,2021-01-12,20:15,Premier League,Matchweek 18,Tue,Home,L,1.0,2.0,Everton,0.7,0.6,52.0,,Conor Coady,4-3-3,Martin Atkinson,12.0,3.0,17.9,1.0,0.0,0.0,2020.0,Wolves,0.0,0.0,0.0,0.0,22,2,2.45,3.1,3.1,2.0,3.0,3.0,29,3,1,-1
1776,2021-01-16,12:30,Premier League,Matchweek 19,Sat,Home,L,2.0,3.0,West Brom,1.5,2.4,67.0,,Conor Coady,4-3-3,Michael Oliver,23.0,6.0,17.2,1.0,0.0,0.0,2020.0,Wolves,0.0,0.0,0.0,0.0,22,1,1.6,3.5,7.0,1.0,2.0,1.0,8,0,1,-1
1777,2021-01-27,18:00,Premier League,Matchweek 20,Wed,Away,D,0.0,0.0,Chelsea,0.5,0.7,22.0,,Conor Coady,3-4-1-2,Andy Madley,4.0,0.0,19.9,1.0,0.0,0.0,2020.0,Wolves,0.0,0.0,0.0,0.0,22,1,5.25,4.2,1.6,3.0,5.0,1.0,29,3,0,0
1778,2021-01-30,15:00,Premier League,Matchweek 21,Sat,Away,L,0.0,1.0,Crystal Palace,0.4,1.4,52.0,,Conor Coady,3-4-3,Simon Hooper,6.0,4.0,15.7,0.0,0.0,0.0,2020.0,Wolves,0.0,0.0,0.0,0.0,23,1,2.55,3.2,2.87,3.0,1.0,1.0,23,1,0,-1
1779,2021-02-02,18:00,Premier League,Matchweek 22,Tue,Home,W,2.0,1.0,Arsenal,1.5,0.8,55.0,,Conor Coady,4-2-3-1,Craig Pawson,10.0,6.0,19.4,0.0,1.0,1.0,2020.0,Wolves,0.0,1.0,0.0,0.0,23,1,3.6,3.3,2.1,2.0,4.0,3.0,31,7,1,1
1780,2021-02-07,14:00,Premier League,Matchweek 23,Sun,Home,D,0.0,0.0,Leicester City,1.1,0.8,44.0,,Conor Coady,3-4-3,Martin Atkinson,13.0,1.0,17.5,1.0,0.0,0.0,2020.0,Wolves,0.0,0.0,0.0,0.0,26,4,3.5,3.4,2.1,1.0,2.0,2.0,42,4,1,0
1781,2021-02-14,12:00,Premier League,Matchweek 24,Sun,Away,W,2.0,1.0,Southampton,1.1,0.8,49.0,,Conor Coady,3-4-3,Graham Scott,9.0,3.0,19.2,0.0,1.0,1.0,2020.0,Wolves,0.0,0.0,0.0,0.0,27,4,3.1,3.2,2.37,2.0,1.0,2.0,29,0,0,1
1782,2021-02-19,20:00,Premier League,Matchweek 25,Fri,Home,W,1.0,0.0,Leeds United,0.6,1.7,42.0,,Conor Coady,3-4-3,David Coote,15.0,5.0,23.1,0.0,0.0,0.0,2020.0,Wolves,0.0,0.0,0.0,0.0,30,7,2.37,3.3,3.0,1.0,0.0,0.0,35,3,1,1
1783,2021-02-27,20:00,Premier League,Matchweek 26,Sat,Away,D,1.0,1.0,Newcastle United,1.1,1.7,52.0,,Conor Coady,3-4-3,Mike Dean,14.0,4.0,19.1,1.0,0.0,0.0,2020.0,Wolves,0.0,0.0,0.0,0.0,33,7,2.2,3.2,3.5,1.0,2.0,6.0,25,3,0,0
1784,2021-03-02,20:00,Premier League,Matchweek 29,Tue,Away,L,1.0,4.0,Manchester City,0.3,3.3,28.0,,Conor Coady,3-4-3,Chris Kavanagh,6.0,1.0,15.3,0.0,0.0,0.0,2020.0,Wolves,0.0,0.0,1.0,0.0,35,2,15.0,7.0,1.18,3.0,5.0,1.0,65,6,0,-1
1785,2021-03-06,17:30,Premier League,Matchweek 27,Sat,Away,D,0.0,0.0,Aston Villa,1.6,0.6,51.0,,Conor Coady,3-4-3,Andy Madley,10.0,2.0,17.4,1.0,0.0,0.0,2020.0,Wolves,0.0,0.0,0.0,0.0,34,7,3.1,3.25,2.37,3.0,3.0,1.0,40,4,0,0
1786,2021-03-15,20:00,Premier League,Matchweek 28,Mon,Home,L,0.0,1.0,Liverpool,1.1,0.9,53.0,,Conor Coady,3-4-1-2,Craig Pawson,10.0,5.0,15.1,1.0,0.0,0.0,2020.0,Wolves,0.0,0.0,0.0,0.0,35,5,4.75,3.75,1.72,1.0,8.0,0.0,43,3,1,-1
1787,2021-04-05,20:15,Premier League,Matchweek 30,Mon,Home,L,2.0,3.0,West Ham,2.1,1.3,65.0,,Conor Coady,4-2-3-1,Michael Oliver,20.0,5.0,15.6,0.0,0.0,0.0,2020.0,Wolves,0.0,0.0,0.0,0.0,35,1,2.87,3.2,2.55,4.0,2.0,1.0,49,4,1,-1
1788,2021-04-09,20:00,Premier League,Matchweek 31,Fri,Away,W,1.0,0.0,Fulham,0.5,0.9,50.0,,Conor Coady,4-2-3-1,Jonathan Moss,7.0,3.0,14.9,1.0,0.0,0.0,2020.0,Wolves,0.0,0.0,0.0,0.0,35,0,3.1,3.0,2.5,3.0,2.0,2.0,26,0,0,1
1789,2021-04-17,20:15,Premier League,Matchweek 32,Sat,Home,W,1.0,0.0,Sheffield United,1.1,0.5,48.0,,Conor Coady,3-4-3,Robert Jones,10.0,4.0,13.6,0.0,0.0,0.0,2020.0,Wolves,0.0,0.0,0.0,0.0,38,3,1.66,3.5,5.75,1.0,1.0,1.0,14,3,1,1
1790,2021-04-25,12:00,Premier League,Matchweek 33,Sun,Home,L,0.0,4.0,Burnley,0.4,2.0,58.0,,Conor Coady,3-4-1-2,Darren England,12.0,2.0,24.8,1.0,0.0,0.0,2020.0,Wolves,0.0,0.0,0.0,0.0,41,6,2.0,3.4,3.9,1.0,2.0,2.0,33,0,1,-1
1791,2021-05-03,18:00,Premier League,Matchweek 34,Mon,Away,D,1.0,1.0,West Brom,1.0,1.1,57.0,,Conor Coady,4-2-3-1,Paul Tierney,20.0,10.0,19.0,0.0,0.0,0.0,2020.0,Wolves,0.0,0.0,0.0,0.0,41,6,2.5,3.2,2.9,1.0,3.0,1.0,25,4,0,0
1792,2021-05-09,12:00,Premier League,Matchweek 35,Sun,Home,W,2.0,1.0,Brighton,1.1,0.3,61.0,,Conor Coady,4-2-3-1,Jonathan Moss,16.0,6.0,20.5,1.0,0.0,0.0,2020.0,Wolves,0.0,0.0,0.0,0.0,42,4,3.3,3.3,2.2,0.0,1.0,4.0,37,4,1,1
1793,2021-05-16,14:05,Premier League,Matchweek 36,Sun,Away,L,0.0,2.0,Tottenham,0.9,3.2,38.0,,Conor Coady,4-2-3-1,Martin Atkinson,15.0,3.0,17.6,0.0,0.0,0.0,2020.0,Wolves,0.0,0.0,0.0,0.0,45,4,6.5,4.33,1.5,2.0,4.0,3.0,56,6,0,-1
1794,2021-05-19,18:00,Premier League,Matchweek 37,Wed,Away,L,0.0,1.0,Everton,0.3,0.7,59.0,4988.0,Conor Coady,3-4-1-2,Andy Madley,9.0,3.0,21.5,0.0,0.0,0.0,2020.0,Wolves,0.0,0.0,0.0,0.0,45,4,4.2,3.6,1.85,2.0,4.0,3.0,56,3,0,-1
1795,2021-05-23,16:00,Premier League,Matchweek 38,Sun,Home,L,1.0,2.0,Manchester United,0.9,2.0,57.0,4500.0,Conor Coady,3-5-2,Mike Dean,14.0,4.0,18.0,0.0,0.0,0.0,2020.0,Wolves,0.0,0.0,0.0,0.0,45,3,2.5,3.5,2.7,2.0,4.0,3.0,71,4,1,-1
1796,2020-09-12,15:00,Premier League,Matchweek 1,Sat,Home,W,1.0,0.0,Southampton,1.1,0.9,31.0,,Scott Dann,4-4-2,Jonathan Moss,5.0,3.0,10.6,0.0,0.0,0.0,2020.0,Crystal Palace,0.0,0.0,0.0,0.0,0,0,3.1,3.25,2.37,3.0,9.0,2.0,0,0,1,1
1797,2020-09-19,17:30,Premier League,Matchweek 2,Sat,Away,W,3.0,1.0,Manchester United,1.6,1.2,25.0,,Wilfried Zaha,4-4-2,Martin Atkinson,13.0,4.0,18.6,0.0,1.0,1.0,2020.0,Crystal Palace,0.0,0.0,0.0,0.0,3,3,9.5,5.5,1.3,1.0,11.0,2.0,3,3,0,1
1798,2020-09-26,15:00,Premier League,Matchweek 3,Sat,Home,L,1.0,2.0,Everton,0.4,1.9,42.0,,Wilfried Zaha,4-4-2,Kevin Friend,8.0,1.0,18.3,0.0,0.0,0.0,2020.0,Crystal Palace,0.0,0.0,0.0,0.0,6,6,3.75,3.25,2.1,2.0,5.0,7.0,6,6,1,-1
1799,2020-10-03,12:30,Premier League,Matchweek 4,Sat,Away,L,0.0,4.0,Chelsea,0.2,2.7,30.0,,Wilfried Zaha,4-4-2,Michael Oliver,4.0,0.0,22.5,0.0,0.0,0.0,2020.0,Crystal Palace,0.0,0.0,0.0,0.0,6,6,8.0,4.75,1.4,4.0,10.0,0.0,4,4,0,-1
1800,2020-10-18,14:00,Premier League,Matchweek 5,Sun,Home,D,1.0,1.0,Brighton,0.8,1.7,34.0,,Gary Cahill,4-4-2,Stuart Attwell,0.0,0.0,,0.0,1.0,1.0,2020.0,Crystal Palace,0.0,1.0,0.0,0.0,6,3,2.62,3.3,2.7,2.0,2.0,2.0,3,3,1,0
1801,2020-10-24,15:00,Premier League,Matchweek 6,Sat,Away,W,2.0,1.0,Fulham,2.5,1.1,36.0,,Luka Milivojević,4-4-2,Graham Scott,14.0,10.0,11.9,1.0,0.0,0.0,2020.0,Crystal Palace,0.0,0.0,0.0,0.0,7,1,2.7,3.1,2.75,2.0,1.0,1.0,1,1,0,1
1802,2020-10-30,20:00,Premier League,Matchweek 7,Fri,Away,L,0.0,2.0,Wolves,0.7,1.3,55.0,,Luka Milivojević,4-3-3,Martin Atkinson,11.0,2.0,19.3,2.0,0.0,0.0,2020.0,Crystal Palace,1.0,0.0,0.0,0.0,10,4,4.33,3.2,2.0,1.0,2.0,1.0,10,7,0,-1
1803,2020-11-07,15:00,Premier League,Matchweek 8,Sat,Home,W,4.0,1.0,Leeds United,0.9,0.8,36.0,,Scott Dann,4-4-2,Chris Kavanagh,10.0,6.0,17.2,1.0,0.0,0.0,2020.0,Crystal Palace,0.0,0.0,0.0,0.0,10,4,2.87,3.4,2.45,0.0,0.0,0.0,10,3,1,1
1804,2020-11-23,17:30,Premier League,Matchweek 9,Mon,Away,L,0.0,1.0,Burnley,1.5,1.5,54.0,,Scott Dann,4-4-2,Kevin Friend,15.0,5.0,19.5,0.0,0.0,0.0,2020.0,Crystal Palace,0.0,0.0,0.0,0.0,13,6,2.75,3.1,2.75,5.0,4.0,1.0,2,1,0,-1
1805,2020-11-27,20:00,Premier League,Matchweek 10,Fri,Home,L,0.0,2.0,Newcastle United,0.6,1.3,57.0,,Scott Dann,4-4-2,Graham Scott,12.0,3.0,17.0,1.0,0.0,0.0,2020.0,Crystal Palace,0.0,0.0,0.0,0.0,13,3,2.05,3.25,3.75,3.0,5.0,4.0,11,3,1,-1
1806,2020-12-06,12:00,Premier League,Matchweek 11,Sun,Away,W,5.0,1.0,West Brom,1.6,0.7,50.0,,Luka Milivojević,4-4-2,Paul Tierney,18.0,6.0,16.0,0.0,0.0,0.0,2020.0,Crystal Palace,0.0,0.0,0.0,0.0,13,3,2.55,3.2,2.87,4.0,4.0,2.0,6,3,0,1
1807,2020-12-13,14:15,Premier League,Matchweek 12,Sun,Home,D,1.0,1.0,Tottenham,1.6,0.9,44.0,2000.0,Luka Milivojević,4-4-2,Kevin Friend,16.0,5.0,16.0,2.0,0.0,0.0,2020.0,Crystal Palace,0.0,0.0,0.0,0.0,16,3,4.5,3.9,1.72,1.0,11.0,2.0,24,7,1,0
1808,2020-12-16,20:00,Premier League,Matchweek 13,Wed,Away,D,1.0,1.0,West Ham,1.1,0.4,48.0,,Luka Milivojević,4-4-2,David Coote,8.0,2.0,13.2,0.0,0.0,0.0,2020.0,Crystal Palace,1.0,0.0,0.0,1.0,17,4,3.6,3.4,2.05,5.0,5.0,4.0,20,6,0,0
1809,2020-12-19,12:30,Premier League,Matchweek 14,Sat,Home,L,0.0,7.0,Liverpool,0.3,2.5,36.0,,Luka Milivojević,4-4-2,Jonathan Moss,5.0,3.0,20.8,0.0,0.0,0.0,2020.0,Crystal Palace,0.0,0.0,0.0,0.0,18,5,6.5,4.33,1.5,4.0,9.0,1.0,28,7,1,-1
1810,2020-12-26,15:00,Premier League,Matchweek 15,Sat,Away,L,0.0,3.0,Aston Villa,0.9,3.9,61.0,,Luka Milivojević,4-4-2,Anthony Taylor,13.0,6.0,20.2,2.0,0.0,0.0,2020.0,Crystal Palace,0.0,0.0,0.0,0.0,18,2,3.8,3.75,1.9,4.0,3.0,1.0,25,7,0,-1
1811,2020-12-28,15:00,Premier League,Matchweek 16,Mon,Home,D,1.0,1.0,Leicester City,0.5,1.9,34.0,,Luka Milivojević,4-4-2,Graham Scott,4.0,1.0,10.1,0.0,0.0,0.0,2020.0,Crystal Palace,0.0,0.0,0.0,0.0,18,1,3.75,3.5,2.0,6.0,5.0,1.0,28,4,1,0
1812,2021-01-02,15:00,Premier League,Matchweek 17,Sat,Home,W,2.0,0.0,Sheffield United,0.6,0.4,44.0,,Luka Milivojević,4-4-2,Stuart Attwell,9.0,4.0,17.9,0.0,0.0,0.0,2020.0,Crystal Palace,0.0,0.0,0.0,0.0,19,1,1.95,3.5,3.9,0.0,2.0,0.0,2,1,1,1
1813,2021-01-14,20:00,Premier League,Matchweek 18,Thu,Away,D,0.0,0.0,Arsenal,0.8,0.4,33.0,,Luka Milivojević,4-4-2,Andre Marriner,12.0,2.0,18.2,1.0,0.0,0.0,2020.0,Crystal Palace,0.0,0.0,0.0,0.0,22,4,6.5,4.0,1.53,2.0,8.0,4.0,23,9,0,0
1814,2021-01-17,19:15,Premier League,Matchweek 19,Sun,Away,L,0.0,4.0,Manchester City,0.1,0.7,29.0,,Luka Milivojević,4-1-4-1,Lee Mason,2.0,0.0,28.2,0.0,0.0,0.0,2020.0,Crystal Palace,0.0,0.0,0.0,0.0,23,5,17.0,8.5,1.14,2.0,10.0,2.0,38,9,0,-1
1815,2021-01-26,18:00,Premier League,Matchweek 20,Tue,Home,L,2.0,3.0,West Ham,0.7,2.8,54.0,,Luka Milivojević,4-4-2,Stuart Attwell,6.0,3.0,21.8,0.0,0.0,0.0,2020.0,Crystal Palace,0.0,0.0,0.0,0.0,23,4,3.1,3.25,2.37,5.0,5.0,5.0,32,9,1,-1
1816,2021-01-30,15:00,Premier League,Matchweek 21,Sat,Home,W,1.0,0.0,Wolves,1.4,0.4,48.0,,Luka Milivojević,4-2-3-1,Simon Hooper,11.0,2.0,20.0,2.0,0.0,0.0,2020.0,Crystal Palace,0.0,0.0,0.0,0.0,23,1,2.87,3.2,2.55,1.0,3.0,1.0,23,1,1,1
1817,2021-02-02,20:15,Premier League,Matchweek 22,Tue,Away,W,2.0,1.0,Newcastle United,0.7,1.9,39.0,,Luka Milivojević,4-4-2,Darren England,6.0,3.0,18.6,0.0,0.0,0.0,2020.0,Crystal Palace,0.0,0.0,0.0,0.0,26,3,2.6,3.2,2.8,3.0,6.0,4.0,22,3,0,1
1818,2021-02-08,20:00,Premier League,Matchweek 23,Mon,Away,L,0.0,2.0,Leeds United,0.4,1.9,33.0,,Luka Milivojević,4-4-2,Andre Marriner,8.0,3.0,19.3,0.0,0.0,0.0,2020.0,Crystal Palace,0.0,0.0,0.0,0.0,29,6,4.2,3.8,1.8,1.0,0.0,0.0,32,6,0,-1
1819,2021-02-13,15:00,Premier League,Matchweek 24,Sat,Home,L,0.0,3.0,Burnley,0.5,1.4,54.0,,Luka Milivojević,4-4-2,Michael Oliver,13.0,3.0,18.6,0.0,0.0,0.0,2020.0,Crystal Palace,0.0,0.0,0.0,0.0,29,6,2.37,3.1,3.2,5.0,5.0,1.0,24,1,1,-1
1820,2021-02-22,20:00,Premier League,Matchweek 25,Mon,Away,W,2.0,1.0,Brighton,0.2,2.4,26.0,,Luka Milivojević,4-3-3,Kevin Friend,3.0,2.0,15.0,0.0,0.0,0.0,2020.0,Crystal Palace,0.0,0.0,0.0,0.0,29,3,5.5,3.5,1.7,2.0,2.0,3.0,26,5,0,1
1821,2021-02-28,12:00,Premier League,Matchweek 26,Sun,Home,D,0.0,0.0,Fulham,0.1,1.4,40.0,,Luka Milivojević,4-2-3-1,Anthony Taylor,3.0,0.0,15.8,0.0,0.0,0.0,2020.0,Crystal Palace,0.0,0.0,0.0,0.0,32,3,3.5,3.2,2.2,3.0,1.0,1.0,22,7,1,0
1822,2021-03-03,20:15,Premier League,Matchweek 29,Wed,Home,D,0.0,0.0,Manchester United,0.9,0.9,37.0,,Luka Milivojević,4-4-2,Andre Marriner,8.0,2.0,18.3,1.0,0.0,0.0,2020.0,Crystal Palace,0.0,0.0,0.0,0.0,36,4,8.0,4.75,1.4,2.0,11.0,2.0,56,7,1,0
1823,2021-03-07,19:15,Premier League,Matchweek 27,Sun,Away,L,1.0,4.0,Tottenham,0.5,2.7,37.0,,Luka Milivojević,4-4-2,Stuart Attwell,5.0,1.0,14.9,0.0,0.0,0.0,2020.0,Crystal Palace,0.0,0.0,0.0,0.0,33,4,7.0,4.5,1.45,1.0,11.0,3.0,42,3,0,-1
1824,2021-03-13,15:00,Premier League,Matchweek 28,Sat,Home,W,1.0,0.0,West Brom,1.2,0.8,45.0,,Luka Milivojević,4-4-2,Simon Hooper,5.0,3.0,23.0,0.0,1.0,1.0,2020.0,Crystal Palace,0.0,0.0,0.0,0.0,33,4,2.15,3.2,3.6,5.0,4.0,2.0,18,5,1,1
1825,2021-04-05,18:00,Premier League,Matchweek 30,Mon,Away,D,1.0,1.0,Everton,0.7,2.5,52.0,,Luka Milivojević,4-4-2,Kevin Friend,13.0,6.0,20.1,0.0,0.0,0.0,2020.0,Crystal Palace,0.0,0.0,0.0,0.0,37,4,5.0,3.5,1.75,2.0,6.0,7.0,47,3,0,0
1826,2021-04-10,17:30,Premier League,Matchweek 31,Sat,Home,L,1.0,4.0,Chelsea,0.4,3.1,36.0,,Luka Milivojević,4-4-2,Michael Oliver,1.0,1.0,5.9,0.0,0.0,0.0,2020.0,Crystal Palace,0.0,0.0,0.0,0.0,38,5,7.0,3.8,1.53,4.0,11.0,0.0,51,4,1,-1
1827,2021-04-26,20:00,Premier League,Matchweek 33,Mon,Away,L,1.0,2.0,Leicester City,0.7,1.5,34.0,,Luka Milivojević,4-3-3,Graham Scott,4.0,2.0,14.6,0.0,0.0,0.0,2020.0,Crystal Palace,0.0,0.0,0.0,0.0,38,1,8.5,4.33,1.4,6.0,5.0,2.0,59,3,0,-1
1828,2021-05-01,12:30,Premier League,Matchweek 34,Sat,Home,L,0.0,2.0,Manchester City,0.9,1.7,32.0,,Luka Milivojević,4-3-3,David Coote,9.0,4.0,19.6,0.0,0.0,0.0,2020.0,Crystal Palace,0.0,0.0,0.0,0.0,38,0,10.0,5.0,1.33,2.0,11.0,2.0,77,6,1,-1
1829,2021-05-08,15:00,Premier League,Matchweek 35,Sat,Away,W,2.0,0.0,Sheffield United,2.0,0.7,50.0,,Luka Milivojević,4-3-3,Simon Hooper,21.0,8.0,16.1,1.0,0.0,0.0,2020.0,Crystal Palace,0.0,0.0,0.0,0.0,38,0,2.45,3.2,3.0,1.0,2.0,0.0,17,3,0,1
1830,2021-05-11,20:15,Premier League,Matchweek 32,Tue,Away,L,1.0,3.0,Southampton,1.5,1.2,38.0,,Luka Milivojević,4-3-3,Andy Madley,10.0,3.0,18.9,1.0,0.0,1.0,2020.0,Crystal Palace,0.0,1.0,0.0,0.0,38,2,3.5,3.6,2.05,4.0,9.0,2.0,36,3,0,-1
1831,2021-05-16,12:00,Premier League,Matchweek 36,Sun,Home,W,3.0,2.0,Aston Villa,1.9,1.4,45.0,,Gary Cahill,4-3-3,David Coote,23.0,8.0,18.0,2.0,0.0,0.0,2020.0,Crystal Palace,0.0,0.0,0.0,0.0,41,3,3.0,3.6,2.25,4.0,4.0,1.0,49,4,1,1
1832,2021-05-19,19:00,Premier League,Matchweek 37,Wed,Home,L,1.0,3.0,Arsenal,1.0,1.8,32.0,6500.0,Gary Cahill,4-3-3,Anthony Taylor,12.0,6.0,13.6,0.0,0.0,0.0,2020.0,Crystal Palace,0.0,0.0,0.0,0.0,44,6,6.0,4.5,1.5,2.0,8.0,5.0,55,9,1,-1
1833,2021-05-23,16:00,Premier League,Matchweek 38,Sun,Away,L,0.0,2.0,Liverpool,0.6,1.6,31.0,9901.0,Gary Cahill,4-3-3,Craig Pawson,5.0,4.0,19.4,1.0,0.0,0.0,2020.0,Crystal Palace,0.0,0.0,0.0,0.0,44,6,15.0,8.5,1.14,4.0,10.0,1.0,66,9,0,-1
1834,2020-09-12,15:00,Premier League,Matchweek 1,Sat,Away,L,0.0,1.0,Crystal Palace,0.9,1.1,69.0,,James Ward-Prowse,4-4-2,Jonathan Moss,9.0,5.0,15.3,2.0,0.0,0.0,2020.0,Southampton,0.0,0.0,0.0,0.0,0,0,2.37,3.25,3.1,9.0,3.0,2.0,0,0,0,-1
1835,2020-09-20,12:00,Premier League,Matchweek 2,Sun,Home,L,2.0,5.0,Tottenham,2.0,2.1,51.0,,James Ward-Prowse,4-4-2,David Coote,13.0,6.0,20.0,1.0,1.0,1.0,2020.0,Southampton,0.0,0.0,0.0,0.0,0,0,3.0,3.3,2.37,3.0,11.0,2.0,0,0,1,-1
1836,2020-09-26,20:00,Premier League,Matchweek 3,Sat,Away,W,1.0,0.0,Burnley,0.6,0.5,47.0,,James Ward-Prowse,4-4-2,Andre Marriner,5.0,1.0,15.9,0.0,0.0,0.0,2020.0,Southampton,0.0,0.0,0.0,0.0,0,0,2.3,3.3,3.2,2.0,5.0,3.0,0,0,0,1
1837,2020-10-04,12:00,Premier League,Matchweek 4,Sun,Home,W,2.0,0.0,West Brom,1.2,0.2,62.0,,James Ward-Prowse,4-4-2,Chris Kavanagh,13.0,7.0,17.9,0.0,0.0,0.0,2020.0,Southampton,0.0,0.0,0.0,0.0,3,3,1.72,3.8,4.75,6.0,4.0,2.0,1,1,1,1
1838,2020-10-17,15:00,Premier League,Matchweek 5,Sat,Away,D,3.0,3.0,Chelsea,1.9,1.8,47.0,,James Ward-Prowse,4-4-2,Peter Bankes,13.0,6.0,17.1,0.0,0.0,0.0,2020.0,Southampton,0.0,0.0,0.0,0.0,6,6,6.5,4.75,1.45,3.0,9.0,4.0,7,4,0,0
1839,2020-10-25,14:00,Premier League,Matchweek 6,Sun,Home,W,2.0,0.0,Everton,0.7,0.4,54.0,,James Ward-Prowse,4-4-2,Kevin Friend,13.0,6.0,17.4,0.0,0.0,0.0,2020.0,Southampton,0.0,0.0,0.0,0.0,7,7,2.75,3.4,2.55,5.0,7.0,4.0,13,7,1,1
1840,2020-11-01,12:00,Premier League,Matchweek 7,Sun,Away,W,4.0,3.0,Aston Villa,0.7,1.9,44.0,,James Ward-Prowse,4-4-2,Darren England,9.0,4.0,18.4,2.0,0.0,0.0,2020.0,Southampton,0.0,0.0,0.0,0.0,10,7,2.8,3.5,2.45,6.0,1.0,3.0,12,6,0,1
1841,2020-11-06,20:00,Premier League,Matchweek 8,Fri,Home,W,2.0,0.0,Newcastle United,0.7,0.3,61.0,,James Ward-Prowse,4-4-2,Peter Bankes,15.0,7.0,18.9,0.0,0.0,0.0,2020.0,Southampton,0.0,0.0,0.0,0.0,13,7,2.0,3.6,3.7,5.0,5.0,4.0,11,4,1,1
1842,2020-11-23,20:00,Premier League,Matchweek 9,Mon,Away,D,1.0,1.0,Wolves,1.0,1.5,54.0,,James Ward-Prowse,4-4-2,Andre Marriner,7.0,2.0,15.9,0.0,0.0,0.0,2020.0,Southampton,0.0,0.0,0.0,0.0,16,9,3.25,3.25,2.3,1.0,2.0,1.0,13,4,0,0
1843,2020-11-29,14:00,Premier League,Matchweek 10,Sun,Home,L,2.0,3.0,Manchester United,0.5,2.1,50.0,,James Ward-Prowse,4-4-2,Jonathan Moss,10.0,5.0,19.4,1.0,0.0,0.0,2020.0,Southampton,0.0,0.0,0.0,0.0,17,7,4.0,3.5,1.95,2.0,7.0,7.0,16,6,1,-1
1844,2020-12-07,20:00,Premier League,Matchweek 11,Mon,Away,W,2.0,1.0,Brighton,1.4,1.9,52.0,2000.0,James Ward-Prowse,4-4-2,David Coote,9.0,2.0,19.2,0.0,1.0,1.0,2020.0,Southampton,0.0,1.0,0.0,0.0,17,4,2.9,3.4,2.45,2.0,0.0,4.0,10,5,0,1
1845,2020-12-13,12:00,Premier League,Matchweek 12,Sun,Home,W,3.0,0.0,Sheffield United,2.0,0.3,67.0,2000.0,James Ward-Prowse,4-4-2,Andy Madley,16.0,6.0,17.0,1.0,0.0,0.0,2020.0,Southampton,0.0,0.0,0.0,0.0,20,4,1.7,3.75,5.0,2.0,0.0,0.0,1,0,1,1
1846,2020-12-16,18:00,Premier League,Matchweek 13,Wed,Away,D,1.0,1.0,Arsenal,1.2,0.6,64.0,,James Ward-Prowse,4-4-2,Paul Tierney,13.0,3.0,23.5,0.0,0.0,0.0,2020.0,Southampton,0.0,0.0,0.0,0.0,23,6,3.1,3.5,2.25,3.0,8.0,5.0,13,0,0,0
1847,2020-12-19,15:00,Premier League,Matchweek 14,Sat,Home,L,0.0,1.0,Manchester City,0.7,0.9,48.0,,James Ward-Prowse,4-4-2,Mike Dean,9.0,3.0,15.1,0.0,0.0,0.0,2020.0,Southampton,0.0,0.0,0.0,0.0,24,7,7.0,4.5,1.44,3.0,11.0,2.0,23,5,1,-1
1848,2020-12-26,15:00,Premier League,Matchweek 15,Sat,Away,D,0.0,0.0,Fulham,0.2,0.7,53.0,,James Ward-Prowse,4-4-2,Darren England,3.0,2.0,22.4,1.0,0.0,0.0,2020.0,Southampton,0.0,0.0,0.0,0.0,24,4,2.3,3.3,3.2,3.0,1.0,2.0,10,3,0,0
1849,2020-12-29,18:00,Premier League,Matchweek 16,Tue,Home,D,0.0,0.0,West Ham,0.6,1.2,62.0,,James Ward-Prowse,4-4-2,Andy Madley,8.0,3.0,20.7,1.0,0.0,0.0,2020.0,Southampton,0.0,0.0,0.0,0.0,25,2,2.1,3.6,3.4,4.0,9.0,3.0,22,2,1,0
1850,2021-01-04,20:00,Premier League,Matchweek 17,Mon,Home,W,1.0,0.0,Liverpool,0.4,1.5,34.0,,James Ward-Prowse,4-4-2,Andre Marriner,7.0,2.0,25.1,0.0,0.0,0.0,2020.0,Southampton,0.0,0.0,0.0,0.0,26,2,5.0,4.33,1.61,3.0,10.0,3.0,33,5,1,1
1851,2021-01-16,20:00,Premier League,Matchweek 19,Sat,Away,L,0.0,2.0,Leicester City,0.6,2.2,53.0,,James Ward-Prowse,4-4-2,Stuart Attwell,8.0,3.0,17.3,0.0,0.0,0.0,2020.0,Southampton,0.0,0.0,0.0,0.0,29,4,4.5,3.75,1.8,4.0,5.0,3.0,35,7,0,-1
1852,2021-01-26,20:15,Premier League,Matchweek 20,Tue,Home,L,1.0,3.0,Arsenal,0.8,2.2,58.0,,James Ward-Prowse,4-4-2,Kevin Friend,13.0,5.0,17.5,1.0,0.0,0.0,2020.0,Southampton,0.0,0.0,0.0,0.0,29,3,3.5,3.6,2.05,3.0,8.0,6.0,27,7,1,-1
1853,2021-01-30,20:00,Premier League,Matchweek 21,Sat,Home,L,0.0,1.0,Aston Villa,1.9,0.6,59.0,,James Ward-Prowse,4-4-2,Lee Mason,20.0,4.0,18.0,1.0,0.0,0.0,2020.0,Southampton,0.0,0.0,0.0,0.0,29,0,2.8,3.6,2.37,7.0,1.0,3.0,30,1,1,-1
1854,2021-02-02,20:15,Premier League,Matchweek 22,Tue,Away,L,0.0,9.0,Manchester United,0.5,4.7,26.0,,James Ward-Prowse,4-4-2,Mike Dean,3.0,1.0,21.6,1.0,0.0,0.0,2020.0,Southampton,2.0,0.0,1.0,0.0,29,0,7.0,4.75,1.4,2.0,8.0,7.0,41,2,0,-1
1855,2021-02-06,15:00,Premier League,Matchweek 23,Sat,Away,L,2.0,3.0,Newcastle United,1.3,0.7,73.0,,James Ward-Prowse,4-4-2,Craig Pawson,14.0,5.0,16.1,1.0,0.0,0.0,2020.0,Southampton,0.0,0.0,0.0,0.0,29,0,2.4,3.3,3.0,6.0,5.0,4.0,22,3,0,-1
1856,2021-02-14,12:00,Premier League,Matchweek 24,Sun,Home,L,1.0,2.0,Wolves,0.8,1.1,51.0,,James Ward-Prowse,4-4-2,Graham Scott,7.0,3.0,17.8,0.0,0.0,0.0,2020.0,Southampton,0.0,0.0,0.0,0.0,29,0,2.37,3.2,3.1,1.0,2.0,2.0,27,4,1,-1
1857,2021-02-20,12:30,Premier League,Matchweek 25,Sat,Home,D,1.0,1.0,Chelsea,0.6,1.2,30.0,,James Ward-Prowse,4-4-2,Anthony Taylor,4.0,1.0,9.6,0.0,0.0,0.0,2020.0,Southampton,0.0,0.0,0.0,0.0,29,0,5.0,3.8,1.7,3.0,9.0,5.0,42,9,1,0
1858,2021-02-23,18:00,Premier League,Matchweek 18,Tue,Away,L,0.0,3.0,Leeds United,0.9,1.3,54.0,,James Ward-Prowse,4-4-2,Andre Marriner,13.0,5.0,18.6,0.0,0.0,0.0,2020.0,Southampton,0.0,0.0,0.0,0.0,29,5,3.1,3.5,2.25,0.0,0.0,0.0,23,6,0,-1
1859,2021-03-01,20:00,Premier League,Matchweek 26,Mon,Away,L,0.0,1.0,Everton,0.6,1.2,53.0,,James Ward-Prowse,4-4-2,Martin Atkinson,9.0,1.0,16.7,0.0,0.0,0.0,2020.0,Southampton,0.0,0.0,0.0,0.0,30,1,3.3,3.5,2.15,6.0,7.0,4.0,41,4,0,-1
1860,2021-03-06,15:00,Premier League,Matchweek 27,Sat,Away,W,2.0,0.0,Sheffield United,1.9,0.7,49.0,,James Ward-Prowse,4-4-2,Paul Tierney,14.0,6.0,22.2,0.0,1.0,1.0,2020.0,Southampton,0.0,1.0,0.0,0.0,30,1,2.0,3.5,3.6,3.0,0.0,0.0,11,0,0,1
1861,2021-03-10,18:00,Premier League,Matchweek 33,Wed,Away,L,2.0,5.0,Manchester City,1.6,2.6,42.0,,James Ward-Prowse,4-4-2,Jonathan Moss,10.0,5.0,21.5,2.0,1.0,1.0,2020.0,Southampton,0.0,1.0,0.0,0.0,39,6,15.0,7.5,1.18,3.0,12.0,2.0,74,6,0,-1
1862,2021-03-14,12:00,Premier League,Matchweek 28,Sun,Home,L,1.0,2.0,Brighton,0.6,0.8,59.0,,James Ward-Prowse,4-4-2,Stuart Attwell,9.0,4.0,19.2,1.0,0.0,0.0,2020.0,Southampton,0.0,0.0,0.0,0.0,33,4,2.9,3.1,2.5,3.0,0.0,4.0,26,0,1,-1
1863,2021-04-04,12:00,Premier League,Matchweek 30,Sun,Home,W,3.0,2.0,Burnley,2.2,1.5,53.0,,James Ward-Prowse,4-4-2,Andre Marriner,24.0,8.0,19.0,0.0,0.0,0.0,2020.0,Southampton,0.0,0.0,0.0,0.0,33,3,2.05,3.3,3.8,3.0,5.0,3.0,33,5,1,1
1864,2021-04-12,18:00,Premier League,Matchweek 31,Mon,Away,L,0.0,3.0,West Brom,1.5,3.0,60.0,,James Ward-Prowse,4-4-2,Simon Hooper,13.0,3.0,19.4,1.0,0.0,1.0,2020.0,Southampton,0.0,1.0,0.0,0.0,36,3,2.1,3.3,3.6,7.0,4.0,2.0,21,3,0,-1
1865,2021-04-21,18:00,Premier League,Matchweek 29,Wed,Away,L,1.0,2.0,Tottenham,0.8,1.4,38.0,,James Ward-Prowse,4-4-2,David Coote,10.0,5.0,19.3,0.0,0.0,0.0,2020.0,Southampton,0.0,0.0,0.0,0.0,33,3,4.5,3.8,1.75,3.0,12.0,2.0,45,6,0,-1
1866,2021-04-30,20:00,Premier League,Matchweek 34,Fri,Home,D,1.0,1.0,Leicester City,0.9,1.9,30.0,,James Ward-Prowse,4-4-2,Robert Jones,4.0,2.0,24.4,0.0,1.0,1.0,2020.0,Southampton,1.0,0.0,0.0,0.0,39,3,3.8,3.8,1.9,4.0,6.0,3.0,62,6,1,0
1867,2021-05-08,20:15,Premier League,Matchweek 35,Sat,Away,L,0.0,2.0,Liverpool,1.1,1.7,46.0,,James Ward-Prowse,4-4-2,Kevin Friend,12.0,6.0,20.3,0.0,0.0,0.0,2020.0,Southampton,0.0,0.0,0.0,0.0,40,4,11.0,6.0,1.25,4.0,10.0,3.0,57,5,0,-1
1868,2021-05-11,20:15,Premier League,Matchweek 32,Tue,Home,W,3.0,1.0,Crystal Palace,1.2,1.5,62.0,,James Ward-Prowse,4-4-2,Andy Madley,13.0,6.0,15.8,1.0,0.0,0.0,2020.0,Southampton,0.0,0.0,0.0,0.0,36,3,2.05,3.6,3.5,9.0,4.0,2.0,38,2,1,1
1869,2021-05-15,15:00,Premier League,Matchweek 36,Sat,Home,W,3.0,1.0,Fulham,1.6,0.8,47.0,,James Ward-Prowse,4-4-2,Craig Pawson,11.0,6.0,14.2,1.0,0.0,0.0,2020.0,Southampton,0.0,0.0,0.0,0.0,40,1,2.0,3.6,3.6,3.0,1.0,3.0,27,0,1,1
1870,2021-05-18,18:00,Premier League,Matchweek 37,Tue,Home,L,0.0,2.0,Leeds United,1.6,1.7,51.0,8000.0,James Ward-Prowse,4-4-2,Peter Bankes,18.0,3.0,21.4,1.0,0.0,0.0,2020.0,Southampton,0.0,0.0,0.0,0.0,43,4,2.55,3.9,2.5,0.0,1.0,0.0,53,6,1,-1
1871,2021-05-23,16:00,Premier League,Matchweek 38,Sun,Away,L,0.0,3.0,West Ham,1.5,1.3,62.0,10000.0,James Ward-Prowse,4-4-2,Martin Atkinson,17.0,5.0,17.0,0.0,0.0,0.0,2020.0,Southampton,0.0,0.0,0.0,0.0,43,3,5.0,4.0,1.65,4.0,9.0,4.0,62,4,0,-1
1872,2020-09-14,20:15,Premier League,Matchweek 1,Mon,Home,L,1.0,3.0,Chelsea,1.1,1.2,52.0,,Lewis Dunk,3-5-2,Craig Pawson,13.0,3.0,17.6,0.0,0.0,0.0,2020.0,Brighton,0.0,0.0,0.0,0.0,0,0,5.0,4.33,1.61,0.0,5.0,1.0,0,0,1,-1
1873,2020-09-20,14:00,Premier League,Matchweek 2,Sun,Away,W,3.0,0.0,Newcastle United,1.8,0.5,53.0,,Lewis Dunk,3-4-3,Kevin Friend,12.0,5.0,22.5,0.0,1.0,1.0,2020.0,Brighton,1.0,1.0,0.0,0.0,0,0,2.87,3.1,2.6,2.0,0.0,4.0,3,3,0,1
1874,2020-09-26,12:30,Premier League,Matchweek 3,Sat,Home,L,2.0,3.0,Manchester United,2.5,1.5,53.0,,Lewis Dunk,3-4-3,Chris Kavanagh,17.0,4.0,16.5,0.0,1.0,1.0,2020.0,Brighton,0.0,1.0,1.0,0.0,3,3,4.75,3.75,1.72,2.0,4.0,0.0,3,3,1,-1
1875,2020-10-03,15:00,Premier League,Matchweek 4,Sat,Away,L,2.0,4.0,Everton,1.3,1.6,57.0,,Lewis Dunk,3-4-3,Simon Hooper,11.0,3.0,18.7,1.0,0.0,0.0,2020.0,Brighton,0.0,0.0,0.0,0.0,3,3,4.8,3.75,1.72,2.0,3.0,1.0,9,9,0,-1
1876,2020-10-18,14:00,Premier League,Matchweek 5,Sun,Away,D,1.0,1.0,Crystal Palace,1.7,0.8,66.0,,Lewis Dunk,3-4-3,Stuart Attwell,20.0,3.0,16.0,0.0,0.0,0.0,2020.0,Brighton,1.0,0.0,0.0,0.0,3,3,2.7,3.3,2.62,2.0,2.0,2.0,6,3,0,0
1877,2020-10-26,17:30,Premier League,Matchweek 6,Mon,Home,D,1.0,1.0,West Brom,0.5,0.4,50.0,,Adam Webster,3-4-3,Jonathan Moss,5.0,3.0,18.4,0.0,0.0,0.0,2020.0,Brighton,0.0,0.0,0.0,0.0,4,1,1.7,4.0,4.75,1.0,1.0,0.0,2,2,1,0
1878,2020-11-01,19:15,Premier League,Matchweek 7,Sun,Away,L,1.0,2.0,Tottenham,0.3,1.7,56.0,,Adam Webster,3-5-1-1,Graham Scott,6.0,2.0,16.1,0.0,0.0,0.0,2020.0,Brighton,0.0,0.0,0.0,0.0,5,2,5.5,4.0,1.61,1.0,4.0,1.0,11,7,0,-1
1879,2020-11-06,17:30,Premier League,Matchweek 8,Fri,Home,D,0.0,0.0,Burnley,1.5,0.5,59.0,,Adam Webster,5-3-2,Mike Dean,19.0,3.0,17.1,1.0,0.0,0.0,2020.0,Brighton,0.0,0.0,0.0,0.0,5,2,1.85,3.5,4.33,1.0,2.0,3.0,1,1,1,0
1880,2020-11-21,15:00,Premier League,Matchweek 9,Sat,Away,W,2.0,1.0,Aston Villa,1.4,1.5,44.0,,Lewis Dunk,3-4-1-2,Michael Oliver,7.0,3.0,13.3,0.0,0.0,0.0,2020.0,Brighton,1.0,0.0,0.0,1.0,6,2,3.2,3.6,2.15,0.0,1.0,1.0,15,3,0,1
1881,2020-11-28,12:30,Premier League,Matchweek 10,Sat,Home,D,1.0,1.0,Liverpool,2.3,0.2,40.0,,Lewis Dunk,3-4-1-2,Stuart Attwell,9.0,2.0,20.9,1.0,1.0,2.0,2020.0,Brighton,0.0,2.0,0.0,0.0,9,4,5.5,4.2,1.57,0.0,6.0,0.0,20,7,1,0
1882,2020-12-07,20:00,Premier League,Matchweek 11,Mon,Home,L,1.0,2.0,Southampton,1.9,1.4,48.0,2000.0,Lewis Dunk,3-4-1-2,David Coote,11.0,3.0,15.8,0.0,1.0,1.0,2020.0,Brighton,0.0,0.0,0.0,0.0,10,5,2.45,3.4,2.9,0.0,2.0,4.0,17,4,1,-1
1883,2020-12-13,19:15,Premier League,Matchweek 12,Sun,Away,L,0.0,3.0,Leicester City,0.9,1.5,46.0,,Lewis Dunk,4-2-3-1,Martin Atkinson,12.0,4.0,20.3,0.0,0.0,0.0,2020.0,Brighton,0.0,0.0,0.0,0.0,10,4,3.8,3.5,2.0,0.0,4.0,2.0,21,3,0,-1
1884,2020-12-16,20:00,Premier League,Matchweek 13,Wed,Away,D,0.0,0.0,Fulham,0.5,1.0,54.0,,Lewis Dunk,3-4-3,Robert Jones,9.0,4.0,23.5,1.0,0.0,0.0,2020.0,Brighton,0.0,0.0,0.0,0.0,10,1,2.5,3.3,2.87,0.0,1.0,1.0,8,4,0,0
1885,2020-12-20,12:00,Premier League,Matchweek 14,Sun,Home,D,1.0,1.0,Sheffield United,2.8,0.5,73.0,,Lewis Dunk,3-4-3,Peter Bankes,21.0,4.0,14.0,0.0,0.0,0.0,2020.0,Brighton,0.0,0.0,0.0,0.0,11,1,1.65,3.75,5.5,0.0,1.0,1.0,1,0,1,0
1886,2020-12-27,14:15,Premier League,Matchweek 15,Sun,Away,D,2.0,2.0,West Ham,1.1,1.3,56.0,,Lewis Dunk,3-4-3,Simon Hooper,13.0,4.0,16.2,0.0,0.0,0.0,2020.0,Brighton,0.0,0.0,0.0,0.0,12,2,3.1,3.4,2.3,3.0,0.0,3.0,21,4,0,0
1887,2020-12-29,18:00,Premier League,Matchweek 16,Tue,Home,L,0.0,1.0,Arsenal,0.8,1.1,50.0,,Lewis Dunk,3-5-2,Martin Atkinson,13.0,2.0,13.9,0.0,0.0,0.0,2020.0,Brighton,0.0,0.0,0.0,0.0,13,3,3.25,3.5,2.2,3.0,1.0,2.0,17,4,1,-1
1888,2021-01-02,17:30,Premier League,Matchweek 17,Sat,Home,D,3.0,3.0,Wolves,2.2,1.6,54.0,,Lewis Dunk,3-4-3,Andy Madley,12.0,3.0,16.7,0.0,1.0,1.0,2020.0,Brighton,0.0,1.0,1.0,0.0,13,2,2.62,3.25,2.75,1.0,0.0,3.0,21,1,1,0
1889,2021-01-13,18:00,Premier League,Matchweek 18,Wed,Away,L,0.0,1.0,Manchester City,0.2,2.0,35.0,,Lewis Dunk,4-1-2-1-2◆,Darren England,5.0,1.0,21.0,0.0,0.0,0.0,2020.0,Brighton,0.0,0.0,0.0,0.0,14,2,16.0,8.5,1.14,0.0,6.0,0.0,35,9,0,-1
1890,2021-01-16,15:00,Premier League,Matchweek 19,Sat,Away,W,1.0,0.0,Leeds United,1.4,0.3,34.0,,Lewis Dunk,3-4-3,Kevin Friend,7.0,2.0,15.1,0.0,0.0,0.0,2020.0,Brighton,0.0,0.0,0.0,0.0,14,1,3.4,3.5,2.1,0.0,0.0,0.0,26,6,0,1
1891,2021-01-27,19:30,Premier League,Matchweek 20,Wed,Home,D,0.0,0.0,Fulham,1.8,0.5,50.0,,Lewis Dunk,3-5-2,Craig Pawson,16.0,5.0,16.0,1.0,0.0,0.0,2020.0,Brighton,0.0,0.0,0.0,0.0,17,4,2.05,3.4,3.75,0.0,1.0,2.0,13,1,1,0
1892,2021-01-31,19:15,Premier League,Matchweek 21,Sun,Home,W,1.0,0.0,Tottenham,1.6,0.4,43.0,,Lewis Dunk,3-4-3,Peter Bankes,16.0,3.0,15.5,0.0,0.0,0.0,2020.0,Brighton,0.0,0.0,0.0,0.0,18,4,3.2,3.4,2.25,1.0,5.0,1.0,36,6,1,1
1893,2021-02-03,20:15,Premier League,Matchweek 22,Wed,Away,W,1.0,0.0,Liverpool,1.3,1.0,37.0,,Lewis Dunk,3-5-2,Kevin Friend,13.0,4.0,13.7,0.0,0.0,0.0,2020.0,Brighton,0.0,0.0,0.0,0.0,21,7,9.0,5.25,1.33,0.0,6.0,1.0,40,7,0,1
1894,2021-02-06,15:00,Premier League,Matchweek 23,Sat,Away,D,1.0,1.0,Burnley,0.5,1.8,45.0,,Lewis Dunk,3-4-1-2,Anthony Taylor,10.0,2.0,19.1,1.0,0.0,0.0,2020.0,Brighton,0.0,0.0,0.0,0.0,24,7,2.2,3.1,3.6,1.0,2.0,4.0,23,3,0,0
1895,2021-02-13,20:00,Premier League,Matchweek 24,Sat,Home,D,0.0,0.0,Aston Villa,2.2,0.1,58.0,,Lewis Dunk,4-1-3-2,Darren England,26.0,9.0,18.3,3.0,0.0,0.0,2020.0,Brighton,0.0,0.0,0.0,0.0,25,7,2.7,3.5,2.5,1.0,1.0,1.0,36,6,1,0
1896,2021-02-22,20:00,Premier League,Matchweek 25,Mon,Home,L,1.0,2.0,Crystal Palace,2.4,0.2,74.0,,Lewis Dunk,4-4-2,Kevin Friend,25.0,5.0,14.5,0.0,0.0,0.0,2020.0,Brighton,0.0,0.0,0.0,0.0,26,5,1.7,3.5,5.5,2.0,2.0,3.0,29,3,1,-1
1897,2021-02-27,15:00,Premier League,Matchweek 26,Sat,Away,L,0.0,1.0,West Brom,2.9,0.8,68.0,,Lewis Dunk,4-2-3-1,Lee Mason,13.0,6.0,19.1,1.0,0.0,2.0,2020.0,Brighton,0.0,1.0,0.0,0.0,26,2,1.95,3.3,4.2,1.0,1.0,1.0,14,2,0,-1
1898,2021-03-06,20:00,Premier League,Matchweek 27,Sat,Home,L,1.0,2.0,Leicester City,0.8,0.9,37.0,,Lewis Dunk,4-4-2,Michael Oliver,7.0,2.0,15.0,0.0,0.0,0.0,2020.0,Brighton,0.0,0.0,0.0,0.0,26,1,2.55,3.25,2.8,0.0,5.0,2.0,49,6,1,-1
1899,2021-03-14,12:00,Premier League,Matchweek 28,Sun,Away,W,2.0,1.0,Southampton,0.8,0.6,41.0,,Lewis Dunk,4-4-2,Stuart Attwell,8.0,6.0,18.8,1.0,0.0,0.0,2020.0,Brighton,0.0,0.0,0.0,0.0,26,0,2.5,3.1,2.9,0.0,3.0,4.0,33,4,0,1
1900,2021-03-20,20:00,Premier League,Matchweek 29,Sat,Home,W,3.0,0.0,Newcastle United,0.9,0.1,65.0,,Lewis Dunk,3-4-1-2,Anthony Taylor,11.0,6.0,15.7,0.0,0.0,0.0,2020.0,Brighton,0.0,0.0,0.0,0.0,29,3,1.66,3.5,6.0,3.0,0.0,4.0,28,3,1,1
1901,2021-04-04,19:30,Premier League,Matchweek 30,Sun,Away,L,1.0,2.0,Manchester United,1.2,1.5,43.0,,Lewis Dunk,3-4-1-2,Mike Dean,5.0,3.0,10.3,0.0,0.0,0.0,2020.0,Brighton,0.0,0.0,0.0,0.0,32,6,5.5,4.0,1.61,2.0,5.0,0.0,57,7,0,-1
1902,2021-04-12,20:15,Premier League,Matchweek 31,Mon,Home,D,0.0,0.0,Everton,1.2,0.4,55.0,,Lewis Dunk,3-4-3,Darren England,23.0,3.0,19.0,2.0,0.0,0.0,2020.0,Brighton,0.0,0.0,0.0,0.0,32,6,2.25,3.3,3.3,2.0,4.0,1.0,48,4,1,0
1903,2021-04-20,20:15,Premier League,Matchweek 32,Tue,Away,D,0.0,0.0,Chelsea,0.5,0.7,36.0,,Lewis Dunk,3-1-4-2,Stuart Attwell,11.0,2.0,23.6,1.0,0.0,0.0,2020.0,Brighton,1.0,0.0,0.0,1.0,33,4,6.0,4.0,1.57,0.0,6.0,1.0,54,6,0,0
1904,2021-04-24,20:00,Premier League,Matchweek 33,Sat,Away,L,0.0,1.0,Sheffield United,2.0,0.7,68.0,,Lewis Dunk,3-4-1-2,Kevin Friend,17.0,4.0,16.7,0.0,0.0,0.0,2020.0,Brighton,0.0,0.0,0.0,0.0,34,2,1.75,3.4,5.25,0.0,1.0,2.0,14,0,0,-1
1905,2021-05-01,15:00,Premier League,Matchweek 34,Sat,Home,W,2.0,0.0,Leeds United,2.3,0.6,42.0,,Lewis Dunk,3-4-1-2,Chris Kavanagh,16.0,4.0,18.4,0.0,1.0,1.0,2020.0,Brighton,0.0,1.0,0.0,0.0,34,2,2.05,3.5,3.5,1.0,0.0,0.0,47,5,1,1
1906,2021-05-09,12:00,Premier League,Matchweek 35,Sun,Away,L,1.0,2.0,Wolves,0.3,1.1,39.0,,Lewis Dunk,4-4-1-1,Jonathan Moss,5.0,3.0,12.8,0.0,0.0,0.0,2020.0,Brighton,2.0,0.0,0.0,0.0,37,4,2.2,3.3,3.3,1.0,0.0,4.0,42,4,0,-1
1907,2021-05-15,20:00,Premier League,Matchweek 36,Sat,Home,D,1.0,1.0,West Ham,0.8,1.7,51.0,,Pascal Groß,3-4-3,Andre Marriner,10.0,2.0,23.8,0.0,0.0,0.0,2020.0,Brighton,0.0,0.0,0.0,0.0,37,3,2.9,3.6,2.3,3.0,0.0,4.0,58,3,1,0
1908,2021-05-18,19:00,Premier League,Matchweek 37,Tue,Home,W,3.0,2.0,Manchester City,1.1,0.9,63.0,7945.0,Pascal Groß,3-5-2,Stuart Attwell,19.0,6.0,19.7,1.0,0.0,0.0,2020.0,Brighton,0.0,0.0,0.0,0.0,38,4,7.0,4.5,1.45,0.0,7.0,0.0,83,6,1,1
1909,2021-05-23,16:00,Premier League,Matchweek 38,Sun,Away,L,0.0,2.0,Arsenal,0.2,0.8,46.0,10000.0,Lewis Dunk,4-3-3,Jonathan Moss,5.0,1.0,22.6,0.0,0.0,0.0,2020.0,Brighton,0.0,0.0,0.0,0.0,41,4,5.25,4.33,1.57,3.0,2.0,2.0,58,9,0,-1
1910,2020-09-20,19:00,Premier League,Matchweek 2,Sun,Away,L,2.0,4.0,Leicester City,1.4,1.2,33.0,,Ashley Westwood,4-4-2,Lee Mason,16.0,5.0,16.4,1.0,0.0,0.0,2020.0,Burnley,0.0,0.0,1.0,0.0,0,0,5.5,4.0,1.61,3.0,5.0,2.0,3,3,0,-1
1911,2020-09-26,20:00,Premier League,Matchweek 3,Sat,Home,L,0.0,1.0,Southampton,0.5,0.6,53.0,,Ashley Westwood,4-4-2,Andre Marriner,10.0,2.0,18.3,1.0,0.0,0.0,2020.0,Burnley,0.0,0.0,0.0,0.0,0,0,3.2,3.3,2.3,5.0,2.0,3.0,0,0,1,-1
1912,2020-10-03,20:00,Premier League,Matchweek 4,Sat,Away,L,1.0,3.0,Newcastle United,0.4,1.8,52.0,,Ashley Westwood,4-4-2,David Coote,7.0,3.0,13.4,0.0,0.0,0.0,2020.0,Burnley,0.0,0.0,0.0,0.0,0,0,3.1,3.2,2.4,2.0,2.0,4.0,4,4,0,-1
1913,2020-10-19,17:30,Premier League,Matchweek 5,Mon,Away,D,0.0,0.0,West Brom,1.1,0.8,43.0,,Ashley Westwood,4-4-2,Anthony Taylor,9.0,4.0,16.1,1.0,0.0,0.0,2020.0,Burnley,0.0,0.0,0.0,0.0,0,0,2.9,3.3,2.45,1.0,3.0,2.0,1,1,0,0
1914,2020-10-26,20:00,Premier League,Matchweek 6,Mon,Home,L,0.0,1.0,Tottenham,1.0,0.6,39.0,,Ashley Westwood,4-4-2,Michael Oliver,13.0,3.0,21.1,1.0,0.0,0.0,2020.0,Burnley,0.0,0.0,0.0,0.0,1,1,5.75,4.0,1.6,1.0,6.0,3.0,8,5,1,-1
1915,2020-10-31,15:00,Premier League,Matchweek 7,Sat,Home,L,0.0,3.0,Chelsea,0.5,0.9,37.0,,Ashley Westwood,4-4-2,David Coote,5.0,0.0,24.4,0.0,0.0,0.0,2020.0,Burnley,0.0,0.0,0.0,0.0,1,1,6.0,4.5,1.5,1.0,6.0,3.0,9,5,1,-1
1916,2020-11-06,17:30,Premier League,Matchweek 8,Fri,Away,D,0.0,0.0,Brighton,0.5,1.5,41.0,,Ben Mee,4-4-2,Mike Dean,4.0,1.0,11.7,0.0,0.0,0.0,2020.0,Burnley,0.0,0.0,0.0,0.0,1,1,4.33,3.5,1.85,2.0,1.0,3.0,5,2,0,0
1917,2020-11-23,17:30,Premier League,Matchweek 9,Mon,Home,W,1.0,0.0,Crystal Palace,1.5,1.5,46.0,,Ben Mee,4-4-2,Kevin Friend,10.0,4.0,18.6,0.0,0.0,0.0,2020.0,Burnley,0.0,0.0,0.0,0.0,2,1,2.75,3.1,2.75,4.0,5.0,1.0,13,6,1,1
1918,2020-11-28,15:00,Premier League,Matchweek 10,Sat,Away,L,0.0,5.0,Manchester City,0.5,1.7,32.0,,Ben Mee,4-4-1-1,Lee Mason,9.0,1.0,19.9,1.0,0.0,0.0,2020.0,Burnley,0.0,0.0,0.0,0.0,5,4,16.0,7.5,1.16,1.0,7.0,2.0,15,4,0,-1
1919,2020-12-05,12:30,Premier League,Matchweek 11,Sat,Home,D,1.0,1.0,Everton,0.8,2.2,42.0,,Ben Mee,4-4-2,Anthony Taylor,8.0,3.0,18.6,0.0,0.0,0.0,2020.0,Burnley,0.0,0.0,0.0,0.0,5,4,4.0,3.5,1.9,4.0,6.0,0.0,16,3,1,0
1920,2020-12-13,19:15,Premier League,Matchweek 12,Sun,Away,W,1.0,0.0,Arsenal,1.4,1.6,35.0,2000.0,Ben Mee,4-4-1-1,Graham Scott,10.0,2.0,15.9,0.0,0.0,0.0,2020.0,Burnley,0.0,0.0,0.0,0.0,6,4,6.25,4.2,1.53,0.0,9.0,1.0,13,1,0,1
1921,2020-12-17,18:00,Premier League,Matchweek 13,Thu,Away,D,0.0,0.0,Aston Villa,0.3,1.5,41.0,,Ben Mee,4-4-2,Craig Pawson,6.0,4.0,19.7,1.0,0.0,0.0,2020.0,Burnley,0.0,0.0,0.0,0.0,9,4,4.5,3.8,1.75,1.0,1.0,2.0,21,6,0,0
1922,2020-12-21,17:30,Premier League,Matchweek 14,Mon,Home,W,2.0,1.0,Wolves,1.7,1.5,37.0,,Ben Mee,4-4-2,Lee Mason,10.0,4.0,15.8,1.0,0.0,0.0,2020.0,Burnley,0.0,0.0,0.0,0.0,10,5,3.5,3.25,2.2,1.0,1.0,2.0,20,3,1,1
1923,2020-12-27,12:00,Premier League,Matchweek 15,Sun,Away,L,0.0,1.0,Leeds United,1.5,1.9,49.0,,Ben Mee,4-4-2,Robert Jones,14.0,6.0,16.1,0.0,0.0,0.0,2020.0,Burnley,0.0,0.0,0.0,0.0,13,7,4.33,4.0,1.72,0.0,0.0,0.0,17,3,0,-1
1924,2020-12-29,18:00,Premier League,Matchweek 16,Tue,Home,W,1.0,0.0,Sheffield United,1.0,0.7,37.0,,Ben Mee,4-4-2,Chris Kavanagh,5.0,3.0,11.8,1.0,0.0,0.0,2020.0,Burnley,0.0,0.0,0.0,0.0,13,4,2.37,3.1,3.25,0.0,1.0,1.0,2,1,1,1
1925,2021-01-12,20:15,Premier League,Matchweek 1,Tue,Home,L,0.0,1.0,Manchester United,0.9,1.2,38.0,,Ben Mee,4-4-2,Kevin Friend,11.0,0.0,20.0,0.0,0.0,0.0,2020.0,Burnley,0.0,0.0,0.0,0.0,0,0,7.0,4.5,1.45,1.0,5.0,4.0,0,0,1,-1
1926,2021-01-16,15:00,Premier League,Matchweek 19,Sat,Away,L,0.0,1.0,West Ham,0.5,1.7,55.0,,Ben Mee,4-4-2,Chris Kavanagh,10.0,2.0,24.2,1.0,0.0,0.0,2020.0,Burnley,0.0,0.0,0.0,0.0,20,7,4.75,3.5,1.8,4.0,5.0,1.0,29,7,0,-1
1927,2021-01-21,20:00,Premier League,Matchweek 18,Thu,Away,W,1.0,0.0,Liverpool,1.1,1.6,28.0,,Ben Mee,4-4-2,Mike Dean,5.0,3.0,18.2,0.0,1.0,1.0,2020.0,Burnley,0.0,1.0,0.0,0.0,17,4,15.0,7.5,1.18,1.0,7.0,2.0,33,2,0,1
1928,2021-01-27,18:00,Premier League,Matchweek 20,Wed,Home,W,3.0,2.0,Aston Villa,0.5,2.2,39.0,,Ben Mee,4-4-2,Paul Tierney,10.0,5.0,20.0,0.0,0.0,0.0,2020.0,Burnley,0.0,0.0,0.0,0.0,20,4,3.8,3.5,1.95,1.0,1.0,3.0,30,1,1,1
1929,2021-01-31,12:00,Premier League,Matchweek 21,Sun,Away,L,0.0,2.0,Chelsea,0.2,1.2,30.0,,Ben Mee,4-4-2,Graham Scott,1.0,0.0,5.3,0.0,0.0,0.0,2020.0,Burnley,0.0,0.0,0.0,0.0,23,6,9.5,5.0,1.33,1.0,7.0,3.0,30,4,0,-1
1930,2021-02-03,18:00,Premier League,Matchweek 22,Wed,Home,L,0.0,2.0,Manchester City,0.1,2.0,26.0,,Ben Mee,4-4-2,Martin Atkinson,2.0,0.0,22.9,0.0,0.0,0.0,2020.0,Burnley,0.0,0.0,0.0,0.0,23,3,13.0,7.0,1.2,1.0,8.0,2.0,47,9,1,-1
1931,2021-02-06,15:00,Premier League,Matchweek 23,Sat,Home,D,1.0,1.0,Brighton,1.8,0.5,55.0,,Ben Mee,4-4-2,Anthony Taylor,20.0,7.0,17.8,1.0,0.0,0.0,2020.0,Burnley,0.0,0.0,0.0,0.0,23,3,3.6,3.1,2.2,2.0,1.0,4.0,24,7,1,0
1932,2021-02-13,15:00,Premier League,Matchweek 24,Sat,Away,W,3.0,0.0,Crystal Palace,1.4,0.5,46.0,,Ben Mee,4-4-2,Michael Oliver,16.0,4.0,17.7,0.0,0.0,0.0,2020.0,Burnley,0.0,0.0,0.0,0.0,24,1,3.2,3.1,2.37,5.0,5.0,1.0,29,6,0,1
1933,2021-02-17,18:00,Premier League,Matchweek 17,Wed,Home,D,1.0,1.0,Fulham,0.9,0.5,47.0,,James Tarkowski,4-4-2,Jonathan Moss,8.0,3.0,12.6,0.0,0.0,0.0,2020.0,Burnley,0.0,0.0,0.0,0.0,16,6,2.75,3.2,2.7,1.0,1.0,0.0,12,3,1,0
1934,2021-02-20,15:00,Premier League,Matchweek 25,Sat,Home,D,0.0,0.0,West Brom,0.5,1.6,62.0,,Ben Mee,4-4-2,Mike Dean,6.0,1.0,18.9,1.0,0.0,0.0,2020.0,Burnley,0.0,0.0,0.0,0.0,27,4,2.0,3.3,4.0,1.0,3.0,3.0,13,1,1,0
1935,2021-02-28,14:00,Premier League,Matchweek 26,Sun,Away,L,0.0,4.0,Tottenham,0.7,2.1,42.0,,Ben Mee,4-4-2,Kevin Friend,10.0,3.0,19.3,0.0,0.0,0.0,2020.0,Burnley,0.0,0.0,0.0,0.0,28,5,6.5,4.0,1.53,1.0,7.0,3.0,39,3,0,-1
1936,2021-03-03,18:00,Premier League,Matchweek 29,Wed,Home,D,1.0,1.0,Leicester City,1.8,1.2,39.0,,Ben Mee,4-4-2,Andy Madley,12.0,7.0,18.0,1.0,0.0,0.0,2020.0,Burnley,0.0,0.0,0.0,0.0,32,4,4.0,3.25,2.0,3.0,6.0,2.0,55,6,1,0
1937,2021-03-06,12:30,Premier League,Matchweek 27,Sat,Home,D,1.0,1.0,Arsenal,1.1,2.5,41.0,,Ben Mee,4-4-2,Andre Marriner,9.0,5.0,18.2,0.0,0.0,0.0,2020.0,Burnley,0.0,0.0,0.0,0.0,28,4,5.5,4.0,1.61,1.0,9.0,1.0,37,6,1,0
1938,2021-03-13,17:30,Premier League,Matchweek 28,Sat,Away,W,2.0,1.0,Everton,0.8,1.5,35.0,,Ben Mee,4-4-2,Jonathan Moss,14.0,5.0,19.1,1.0,0.0,0.0,2020.0,Burnley,0.0,0.0,0.0,0.0,29,2,4.5,3.5,1.83,4.0,6.0,1.0,44,6,0,1
1939,2021-04-04,12:00,Premier League,Matchweek 30,Sun,Away,L,2.0,3.0,Southampton,1.5,2.2,47.0,,Ben Mee,4-4-2,Andre Marriner,6.0,4.0,16.7,0.0,1.0,1.0,2020.0,Burnley,0.0,1.0,0.0,0.0,33,5,3.8,3.3,2.05,5.0,3.0,3.0,33,3,0,-1
1940,2021-04-11,12:00,Premier League,Matchweek 31,Sun,Home,L,1.0,2.0,Newcastle United,2.0,1.2,56.0,,Ben Mee,4-4-2,Anthony Taylor,24.0,4.0,15.3,1.0,0.0,0.0,2020.0,Burnley,0.0,0.0,0.0,0.0,33,4,2.3,3.1,3.4,2.0,3.0,4.0,29,2,1,-1
1941,2021-04-18,16:00,Premier League,Matchweek 32,Sun,Away,L,1.0,3.0,Manchester United,0.9,2.5,31.0,,Ben Mee,4-4-1-1,Jonathan Moss,10.0,3.0,19.0,0.0,0.0,0.0,2020.0,Burnley,0.0,0.0,0.0,0.0,33,1,9.0,5.25,1.33,1.0,6.0,4.0,63,7,0,-1
1942,2021-04-25,12:00,Premier League,Matchweek 33,Sun,Away,W,4.0,0.0,Wolves,2.0,0.4,42.0,,Ben Mee,4-4-2,Darren England,14.0,7.0,18.8,0.0,0.0,0.0,2020.0,Burnley,0.0,0.0,0.0,0.0,33,0,3.9,3.4,2.0,2.0,1.0,2.0,41,6,0,1
1943,2021-05-03,20:15,Premier League,Matchweek 34,Mon,Home,L,1.0,2.0,West Ham,2.0,2.3,45.0,,Ben Mee,4-4-2,Anthony Taylor,7.0,1.0,12.3,0.0,1.0,1.0,2020.0,Burnley,0.0,1.0,0.0,0.0,36,3,3.1,3.6,2.2,4.0,6.0,1.0,55,3,1,-1
1944,2021-05-10,20:00,Premier League,Matchweek 35,Mon,Away,W,2.0,0.0,Fulham,1.5,1.0,32.0,,Ben Mee,4-4-2,David Coote,14.0,5.0,14.6,0.0,0.0,0.0,2020.0,Burnley,0.0,0.0,0.0,0.0,36,3,3.3,3.4,2.2,1.0,1.0,1.0,27,1,0,1
1945,2021-05-15,12:30,Premier League,Matchweek 36,Sat,Home,L,0.0,4.0,Leeds United,1.3,1.5,48.0,,Ben Mee,4-4-2,Graham Scott,16.0,4.0,17.9,1.0,0.0,0.0,2020.0,Burnley,0.0,0.0,0.0,0.0,39,6,3.2,3.75,2.1,0.0,1.0,0.0,50,4,1,-1
1946,2021-05-19,20:15,Premier League,Matchweek 37,Wed,Home,L,0.0,3.0,Liverpool,0.8,2.6,41.0,3387.0,Ben Mee,4-4-1-1,Chris Kavanagh,10.0,3.0,15.3,0.0,0.0,0.0,2020.0,Burnley,0.0,0.0,0.0,0.0,39,3,11.0,7.0,1.22,2.0,7.0,2.0,63,9,1,-1
1947,2021-05-23,16:00,Premier League,Matchweek 38,Sun,Away,L,0.0,1.0,Sheffield United,1.1,0.5,57.0,5000.0,James Tarkowski,4-4-1-1,Kevin Friend,10.0,3.0,13.4,0.0,0.0,0.0,2020.0,Burnley,0.0,0.0,0.0,0.0,39,3,2.4,3.6,2.8,1.0,1.0,1.0,20,3,0,-1
1948,2020-09-12,12:30,Premier League,Matchweek 1,Sat,Home,L,0.0,3.0,Arsenal,0.1,1.9,46.0,,Tom Cairney,4-2-3-1,Chris Kavanagh,5.0,2.0,25.1,0.0,0.0,0.0,2020.0,Fulham,0.0,0.0,0.0,0.0,0,0,6.0,4.33,1.53,1.0,6.0,2.0,0,0,1,-1
1949,2020-09-19,15:00,Premier League,Matchweek 2,Sat,Away,L,3.0,4.0,Leeds United,1.7,1.4,49.0,,Aleksandar Mitrović,4-2-3-1,Anthony Taylor,13.0,5.0,21.5,1.0,1.0,1.0,2020.0,Fulham,0.0,1.0,0.0,0.0,0,0,5.75,3.9,1.61,0.0,0.0,0.0,0,0,0,-1
1950,2020-09-28,17:45,Premier League,Matchweek 3,Mon,Home,L,0.0,3.0,Aston Villa,0.7,1.4,64.0,,Tom Cairney,3-4-3,Stuart Attwell,16.0,2.0,16.6,0.0,0.0,0.0,2020.0,Fulham,0.0,0.0,0.0,0.0,0,0,2.9,3.25,2.5,3.0,1.0,4.0,3,3,1,-1
1951,2020-10-04,14:00,Premier League,Matchweek 4,Sun,Away,L,0.0,1.0,Wolves,0.9,1.2,52.0,,Tom Cairney,4-2-3-1,Darren England,10.0,2.0,18.3,1.0,0.0,0.0,2020.0,Fulham,0.0,0.0,0.0,0.0,0,0,7.5,4.0,1.5,2.0,2.0,2.0,3,3,0,-1
1952,2020-10-18,12:00,Premier League,Matchweek 5,Sun,Away,D,1.0,1.0,Sheffield United,1.5,1.7,58.0,,Tom Cairney,3-4-3,Andre Marriner,14.0,6.0,18.8,1.0,0.0,1.0,2020.0,Fulham,0.0,0.0,0.0,0.0,0,0,3.7,3.3,2.1,0.0,0.0,0.0,0,0,0,0
1953,2020-10-24,15:00,Premier League,Matchweek 6,Sat,Home,L,1.0,2.0,Crystal Palace,1.1,2.5,64.0,,Tom Cairney,4-3-2-1,Graham Scott,16.0,3.0,18.5,0.0,0.0,0.0,2020.0,Fulham,1.0,0.0,0.0,0.0,1,1,2.75,3.1,2.7,1.0,2.0,1.0,7,1,1,-1
1954,2020-11-02,17:30,Premier League,Matchweek 7,Mon,Home,W,2.0,0.0,West Brom,1.5,0.5,47.0,,Tom Cairney,4-2-3-1,Simon Hooper,13.0,4.0,18.8,0.0,0.0,0.0,2020.0,Fulham,0.0,0.0,0.0,0.0,1,1,2.4,3.3,3.0,3.0,1.0,4.0,3,2,1,1
1955,2020-11-07,20:00,Premier League,Matchweek 8,Sat,Away,L,0.0,1.0,West Ham,1.7,1.3,47.0,,Tom Cairney,4-2-3-1,Robert Jones,12.0,2.0,21.1,2.0,0.0,1.0,2020.0,Fulham,0.0,1.0,0.0,0.0,4,4,4.2,3.75,1.83,2.0,5.0,1.0,8,2,0,-1
1956,2020-11-22,12:00,Premier League,Matchweek 9,Sun,Home,L,2.0,3.0,Everton,1.9,2.0,54.0,,Tom Cairney,4-2-3-1,Andy Madley,13.0,6.0,20.1,0.0,0.0,1.0,2020.0,Fulham,0.0,1.0,0.0,0.0,4,3,3.9,3.9,1.85,1.0,7.0,2.0,13,0,1,-1
1957,2020-11-30,17:30,Premier League,Matchweek 10,Mon,Away,W,2.0,1.0,Leicester City,2.2,1.2,32.0,,Joachim Andersen,5-4-1,Simon Hooper,9.0,4.0,21.5,1.0,1.0,1.0,2020.0,Fulham,0.0,1.0,0.0,0.0,4,3,6.5,4.33,1.5,0.0,1.0,1.0,18,6,0,1
1958,2020-12-05,15:00,Premier League,Matchweek 11,Sat,Away,L,0.0,2.0,Manchester City,0.3,2.9,31.0,,Joachim Andersen,3-4-1-2,Jonathan Moss,6.0,1.0,18.8,0.0,0.0,0.0,2020.0,Fulham,0.0,0.0,0.0,0.0,7,3,19.0,11.0,1.1,0.0,8.0,2.0,18,4,0,-1
1959,2020-12-13,16:30,Premier League,Matchweek 12,Sun,Home,D,1.0,1.0,Liverpool,1.5,1.8,26.0,2000.0,Joachim Andersen,3-4-3,Andre Marriner,10.0,5.0,16.9,0.0,0.0,0.0,2020.0,Fulham,0.0,0.0,0.0,0.0,7,3,9.0,5.5,1.3,2.0,8.0,0.0,24,7,1,0
1960,2020-12-16,20:00,Premier League,Matchweek 13,Wed,Home,D,0.0,0.0,Brighton,1.0,0.5,46.0,,Joachim Andersen,3-4-3,Robert Jones,9.0,4.0,14.7,0.0,0.0,0.0,2020.0,Fulham,0.0,0.0,0.0,0.0,8,4,2.87,3.3,2.5,1.0,0.0,1.0,10,1,1,0
1961,2020-12-19,20:00,Premier League,Matchweek 14,Sat,Away,D,1.0,1.0,Newcastle United,1.0,1.4,51.0,,Tom Cairney,3-4-3,Graham Scott,11.0,4.0,18.3,1.0,0.0,0.0,2020.0,Fulham,1.0,0.0,0.0,0.0,9,2,2.9,3.25,2.5,4.0,4.0,2.0,17,3,0,0
1962,2020-12-26,15:00,Premier League,Matchweek 15,Sat,Home,D,0.0,0.0,Southampton,0.7,0.2,47.0,,Joachim Andersen,3-5-2,Darren England,10.0,1.0,17.6,0.0,0.0,0.0,2020.0,Fulham,0.0,0.0,0.0,0.0,10,3,3.2,3.3,2.3,1.0,3.0,2.0,24,4,1,0
1963,2021-01-13,20:15,Premier League,Matchweek 16,Wed,Away,D,1.0,1.0,Tottenham,1.1,2.4,47.0,,Joachim Andersen,3-5-2,Paul Tierney,15.0,4.0,17.3,1.0,0.0,0.0,2020.0,Fulham,0.0,0.0,0.0,0.0,11,3,8.5,5.0,1.36,1.0,9.0,0.0,26,1,0,0
1964,2021-01-16,17:30,Premier League,Matchweek 19,Sat,Home,L,0.0,1.0,Chelsea,0.7,1.6,31.0,,Joachim Andersen,5-4-1,Peter Bankes,10.0,2.0,20.1,1.0,0.0,0.0,2020.0,Fulham,1.0,0.0,0.0,0.0,13,2,6.5,4.33,1.5,0.0,6.0,4.0,26,1,1,-1
1965,2021-01-20,20:15,Premier League,Matchweek 18,Wed,Home,L,1.0,2.0,Manchester United,0.9,1.7,38.0,,Joachim Andersen,3-4-3,Martin Atkinson,12.0,5.0,18.4,0.0,0.0,0.0,2020.0,Fulham,0.0,0.0,0.0,0.0,13,3,6.0,4.33,1.53,0.0,8.0,2.0,36,7,1,-1
1966,2021-01-27,19:30,Premier League,Matchweek 20,Wed,Away,D,0.0,0.0,Brighton,0.5,1.8,50.0,,Joachim Andersen,3-4-3,Craig Pawson,10.0,2.0,16.8,0.0,0.0,0.0,2020.0,Fulham,0.0,0.0,0.0,0.0,13,1,3.75,3.4,2.05,1.0,0.0,2.0,17,4,0,0
1967,2021-01-30,15:00,Premier League,Matchweek 21,Sat,Away,D,2.0,2.0,West Brom,1.3,1.0,62.0,,Joachim Andersen,3-4-3,Anthony Taylor,12.0,7.0,17.6,0.0,0.0,0.0,2020.0,Fulham,0.0,0.0,0.0,0.0,14,1,2.3,3.2,3.3,4.0,1.0,4.0,11,3,0,0
1968,2021-02-03,18:00,Premier League,Matchweek 22,Wed,Home,L,0.0,2.0,Leicester City,0.6,1.4,57.0,,Joachim Andersen,3-4-3,Robert Jones,8.0,1.0,18.4,0.0,0.0,0.0,2020.0,Fulham,0.0,0.0,0.0,0.0,15,2,4.0,3.5,1.9,1.0,1.0,1.0,39,4,1,-1
1969,2021-02-06,17:30,Premier League,Matchweek 23,Sat,Home,D,0.0,0.0,West Ham,1.5,1.0,60.0,,Joachim Andersen,4-2-3-1,Mike Dean,20.0,2.0,16.5,2.0,0.0,0.0,2020.0,Fulham,0.0,0.0,0.0,0.0,15,2,3.6,3.5,2.05,2.0,6.0,1.0,38,6,1,0
1970,2021-02-14,19:00,Premier League,Matchweek 24,Sun,Away,W,2.0,0.0,Everton,2.5,0.3,50.0,,Joachim Andersen,4-4-2,Andy Madley,12.0,3.0,16.0,0.0,0.0,0.0,2020.0,Fulham,0.0,0.0,0.0,0.0,16,2,4.2,3.6,1.85,1.0,8.0,2.0,38,4,0,1
1971,2021-02-17,18:00,Premier League,Matchweek 17,Wed,Away,D,1.0,1.0,Burnley,0.5,0.9,53.0,,Joachim Andersen,4-4-1-1,Jonathan Moss,8.0,3.0,17.2,0.0,0.0,0.0,2020.0,Fulham,0.0,0.0,0.0,0.0,12,3,2.7,3.2,2.75,1.0,1.0,0.0,16,6,0,0
1972,2021-02-20,20:00,Premier League,Matchweek 25,Sat,Home,W,1.0,0.0,Sheffield United,1.2,0.9,64.0,,Joachim Andersen,4-2-3-1,Martin Atkinson,15.0,5.0,21.0,0.0,0.0,0.0,2020.0,Fulham,0.0,0.0,0.0,0.0,19,4,2.15,3.2,3.6,0.0,0.0,1.0,11,3,1,1
1973,2021-02-28,12:00,Premier League,Matchweek 26,Sun,Away,D,0.0,0.0,Crystal Palace,1.4,0.1,60.0,,Joachim Andersen,4-2-3-1,Anthony Taylor,16.0,4.0,18.6,1.0,0.0,0.0,2020.0,Fulham,0.0,0.0,0.0,0.0,22,7,2.2,3.2,3.5,1.0,3.0,1.0,32,3,0,0
1974,2021-03-04,18:00,Premier League,Matchweek 33,Thu,Home,L,0.0,1.0,Tottenham,0.7,1.6,60.0,,Joachim Andersen,4-4-2,David Coote,11.0,3.0,17.1,0.0,0.0,0.0,2020.0,Fulham,0.0,0.0,1.0,0.0,27,1,4.0,3.6,1.9,1.0,9.0,1.0,50,2,1,-1
1975,2021-03-07,14:00,Premier League,Matchweek 27,Sun,Away,W,1.0,0.0,Liverpool,1.3,0.9,37.0,,Joachim Andersen,4-4-2,Kevin Friend,10.0,3.0,12.7,0.0,0.0,0.0,2020.0,Fulham,0.0,0.0,0.0,0.0,23,7,8.5,5.0,1.36,2.0,8.0,1.0,43,3,0,1
1976,2021-03-13,20:00,Premier League,Matchweek 28,Sat,Home,L,0.0,3.0,Manchester City,0.3,2.2,46.0,,Joachim Andersen,4-3-3,Andre Marriner,3.0,0.0,11.2,0.0,0.0,0.0,2020.0,Fulham,0.0,0.0,0.0,0.0,26,7,10.0,5.0,1.33,0.0,9.0,2.0,62,6,1,-1
1977,2021-03-19,20:00,Premier League,Matchweek 29,Fri,Home,L,1.0,2.0,Leeds United,1.6,1.3,51.0,,Joachim Andersen,4-2-3-1,David Coote,13.0,6.0,13.0,0.0,0.0,0.0,2020.0,Fulham,0.0,0.0,0.0,0.0,26,4,2.37,3.4,3.0,0.0,1.0,0.0,36,1,1,-1
1978,2021-04-04,16:30,Premier League,Matchweek 30,Sun,Away,L,1.0,3.0,Aston Villa,1.0,1.5,47.0,,Joachim Andersen,4-2-3-1,Andy Madley,15.0,7.0,22.5,0.0,0.0,0.0,2020.0,Fulham,0.0,0.0,0.0,0.0,26,3,3.3,3.3,2.25,3.0,2.0,4.0,42,2,0,-1
1979,2021-04-09,20:00,Premier League,Matchweek 31,Fri,Home,L,0.0,1.0,Wolves,0.9,0.5,50.0,,Joachim Andersen,3-4-3,Jonathan Moss,14.0,3.0,17.3,0.0,0.0,0.0,2020.0,Fulham,0.0,0.0,0.0,0.0,26,0,2.5,3.0,3.1,2.0,3.0,2.0,35,0,1,-1
1980,2021-04-18,13:30,Premier League,Matchweek 32,Sun,Away,D,1.0,1.0,Arsenal,0.9,2.7,31.0,,Joachim Andersen,4-4-2,Craig Pawson,2.0,0.0,29.8,0.0,1.0,1.0,2020.0,Fulham,0.0,1.0,0.0,0.0,26,0,4.8,3.8,1.7,1.0,7.0,2.0,45,4,0,0
1981,2021-05-01,17:30,Premier League,Matchweek 34,Sat,Away,L,0.0,2.0,Chelsea,0.3,1.7,51.0,,Joachim Andersen,4-2-3-1,Kevin Friend,10.0,3.0,20.6,0.0,0.0,0.0,2020.0,Fulham,0.0,0.0,0.0,0.0,27,1,7.5,4.4,1.44,0.0,7.0,4.0,58,7,0,-1
1982,2021-05-10,20:00,Premier League,Matchweek 35,Mon,Home,L,0.0,2.0,Burnley,1.0,1.5,68.0,,Joachim Andersen,4-2-3-1,David Coote,21.0,3.0,18.2,0.0,0.0,0.0,2020.0,Fulham,0.0,0.0,0.0,0.0,27,1,2.2,3.4,3.3,1.0,1.0,1.0,36,3,1,-1
1983,2021-05-15,15:00,Premier League,Matchweek 36,Sat,Away,L,1.0,3.0,Southampton,0.8,1.6,53.0,,Joachim Andersen,3-4-3,Craig Pawson,10.0,3.0,16.8,0.0,0.0,0.0,2020.0,Fulham,0.0,0.0,0.0,0.0,27,0,3.6,3.6,2.0,1.0,3.0,3.0,40,1,0,-1
1984,2021-05-18,18:00,Premier League,Matchweek 37,Tue,Away,D,1.0,1.0,Manchester United,0.9,0.9,43.0,10000.0,Tim Ream,3-4-3,Lee Mason,8.0,5.0,16.8,0.0,0.0,0.0,2020.0,Fulham,0.0,0.0,0.0,0.0,27,0,9.0,6.0,1.28,0.0,9.0,2.0,70,3,0,0
1985,2021-05-23,16:00,Premier League,Matchweek 38,Sun,Home,L,0.0,2.0,Newcastle United,1.0,1.3,64.0,2000.0,Tim Ream,3-4-3,Chris Kavanagh,14.0,0.0,19.6,0.0,0.0,0.0,2020.0,Fulham,0.0,0.0,0.0,0.0,28,1,2.05,3.8,3.3,4.0,4.0,3.0,42,6,1,-1
1986,2020-09-13,14:00,Premier League,Matchweek 1,Sun,Home,L,0.0,3.0,Leicester City,0.4,2.8,36.0,,Jake Livermore,5-4-1,Anthony Taylor,7.0,1.0,18.4,1.0,0.0,0.0,2020.0,West Brom,0.0,0.0,0.0,0.0,0,0,3.8,3.6,1.95,2.0,4.0,2.0,0,0,1,-1
1987,2020-09-19,12:30,Premier League,Matchweek 2,Sat,Away,L,2.0,5.0,Everton,0.3,3.9,29.0,,Jake Livermore,5-4-1,Mike Dean,6.0,4.0,22.2,1.0,0.0,0.0,2020.0,West Brom,1.0,0.0,0.0,0.0,0,0,6.5,4.2,1.5,4.0,7.0,5.0,3,3,0,-1
1988,2020-09-26,17:30,Premier League,Matchweek 3,Sat,Home,D,3.0,3.0,Chelsea,0.6,2.0,25.0,,Jake Livermore,5-4-1,Jonathan Moss,9.0,3.0,20.7,0.0,0.0,0.0,2020.0,West Brom,0.0,0.0,0.0,0.0,0,0,9.0,4.75,1.36,3.0,10.0,3.0,3,3,1,0
1989,2020-10-04,12:00,Premier League,Matchweek 4,Sun,Away,L,0.0,2.0,Southampton,0.2,1.2,38.0,,Jake Livermore,4-2-3-1,Chris Kavanagh,5.0,2.0,20.6,0.0,0.0,0.0,2020.0,West Brom,0.0,0.0,0.0,0.0,1,1,4.75,3.8,1.72,4.0,6.0,2.0,3,3,0,-1
1990,2020-10-19,17:30,Premier League,Matchweek 5,Mon,Home,D,0.0,0.0,Burnley,0.8,1.1,57.0,,Jake Livermore,4-1-4-1,Anthony Taylor,13.0,6.0,17.3,0.0,0.0,0.0,2020.0,West Brom,0.0,0.0,0.0,0.0,1,1,2.45,3.3,2.9,3.0,1.0,2.0,0,0,1,0
1991,2020-10-26,17:30,Premier League,Matchweek 6,Mon,Away,D,1.0,1.0,Brighton,0.4,0.5,50.0,,Jake Livermore,4-1-4-1,Jonathan Moss,9.0,3.0,21.9,0.0,0.0,0.0,2020.0,West Brom,0.0,0.0,1.0,0.0,2,2,4.75,4.0,1.7,1.0,1.0,0.0,4,1,0,0
1992,2020-11-02,17:30,Premier League,Matchweek 7,Mon,Away,L,0.0,2.0,Fulham,0.5,1.5,53.0,,Jake Livermore,4-1-4-1,Simon Hooper,10.0,1.0,21.4,1.0,0.0,0.0,2020.0,West Brom,0.0,0.0,0.0,0.0,3,2,3.0,3.3,2.4,1.0,3.0,4.0,1,1,0,-1
1993,2020-11-08,12:00,Premier League,Matchweek 8,Sun,Home,L,0.0,1.0,Tottenham,0.8,1.9,42.0,,Jake Livermore,5-3-2,Andy Madley,12.0,2.0,18.1,0.0,0.0,0.0,2020.0,West Brom,0.0,0.0,0.0,0.0,3,2,7.0,4.33,1.45,2.0,5.0,9.0,14,7,1,-1
1994,2020-11-21,20:00,Premier League,Matchweek 9,Sat,Away,L,0.0,1.0,Manchester United,0.6,2.4,37.0,,Kyle Bartley,5-4-1,David Coote,7.0,2.0,15.2,0.0,0.0,0.0,2020.0,West Brom,0.0,0.0,0.0,0.0,3,1,9.5,5.5,1.3,4.0,8.0,4.0,13,4,0,-1
1995,2020-11-28,20:00,Premier League,Matchweek 10,Sat,Home,W,1.0,0.0,Sheffield United,1.2,2.9,49.0,,Kyle Bartley,3-4-1-2,Mike Dean,17.0,6.0,17.1,1.0,0.0,0.0,2020.0,West Brom,0.0,0.0,0.0,0.0,3,0,2.6,3.2,2.8,0.0,0.0,0.0,1,0,1,1
1996,2020-12-06,12:00,Premier League,Matchweek 11,Sun,Home,L,1.0,5.0,Crystal Palace,0.7,1.6,50.0,,Kyle Bartley,3-4-1-2,Paul Tierney,9.0,4.0,16.4,0.0,0.0,0.0,2020.0,West Brom,1.0,0.0,1.0,0.0,6,3,2.87,3.2,2.55,4.0,4.0,2.0,13,3,1,-1
1997,2020-12-12,15:00,Premier League,Matchweek 12,Sat,Away,L,1.0,2.0,Newcastle United,0.6,0.8,54.0,,Branislav Ivanović,3-5-2,Darren England,13.0,3.0,23.1,1.0,0.0,0.0,2020.0,West Brom,0.0,0.0,0.0,0.0,6,3,3.0,3.2,2.45,5.0,5.0,3.0,14,3,0,-1
1998,2020-12-15,20:00,Premier League,Matchweek 13,Tue,Away,D,1.0,1.0,Manchester City,0.4,2.2,23.0,,Jake Livermore,4-1-4-1,Peter Bankes,5.0,1.0,19.7,0.0,0.0,0.0,2020.0,West Brom,0.0,0.0,0.0,0.0,6,3,21.0,11.0,1.09,0.0,15.0,1.0,22,7,0,0
1999,2020-12-20,19:15,Premier League,Matchweek 14,Sun,Home,L,0.0,3.0,Aston Villa,0.0,2.4,33.0,,Jake Livermore,4-1-4-1,Martin Atkinson,1.0,1.0,34.1,1.0,0.0,0.0,2020.0,West Brom,1.0,0.0,0.0,0.0,7,1,3.6,3.8,1.95,4.0,3.0,5.0,22,7,1,-1
2000,2020-12-27,16:30,Premier League,Matchweek 15,Sun,Away,D,1.0,1.0,Liverpool,0.6,1.5,23.0,2000.0,Matt Phillips,4-5-1,Kevin Friend,5.0,3.0,17.5,0.0,0.0,0.0,2020.0,West Brom,0.0,0.0,0.0,0.0,7,1,19.0,10.0,1.11,4.0,6.0,6.0,31,7,0,0
2001,2020-12-29,18:00,Premier League,Matchweek 16,Tue,Home,L,0.0,5.0,Leeds United,0.5,1.2,25.0,,Matt Phillips,4-1-4-1,Lee Mason,4.0,1.0,20.3,0.0,0.0,0.0,2020.0,West Brom,0.0,0.0,1.0,0.0,8,2,3.6,3.6,2.0,0.0,0.0,0.0,20,6,1,-1
2002,2021-01-02,20:00,Premier League,Matchweek 17,Sat,Home,L,0.0,4.0,Arsenal,1.0,3.7,39.0,,Matt Phillips,4-4-1-1,Martin Atkinson,7.0,3.0,19.4,0.0,0.0,0.0,2020.0,West Brom,0.0,0.0,0.0,0.0,8,1,5.75,4.0,1.57,3.0,10.0,3.0,20,6,1,-1
2003,2021-01-16,12:30,Premier League,Matchweek 19,Sat,Away,W,3.0,2.0,Wolves,2.4,1.5,33.0,,Jake Livermore,4-2-3-1,Michael Oliver,10.0,3.0,20.1,0.0,2.0,2.0,2020.0,West Brom,0.0,2.0,0.0,0.0,8,0,7.0,3.5,1.6,2.0,1.0,1.0,22,1,0,1
2004,2021-01-19,18:00,Premier League,Matchweek 18,Tue,Away,L,1.0,2.0,West Ham,0.5,2.0,41.0,,Jake Livermore,4-4-1-1,Graham Scott,6.0,2.0,20.5,0.0,0.0,0.0,2020.0,West Brom,0.0,0.0,0.0,0.0,8,1,5.5,4.2,1.57,2.0,4.0,8.0,26,5,0,-1
2005,2021-01-26,20:15,Premier League,Matchweek 20,Tue,Home,L,0.0,5.0,Manchester City,0.5,1.8,23.0,,Jake Livermore,4-4-1-1,Chris Kavanagh,4.0,1.0,10.4,0.0,0.0,0.0,2020.0,West Brom,0.0,0.0,0.0,0.0,11,3,15.0,7.5,1.18,0.0,15.0,2.0,41,9,1,-1
2006,2021-01-30,15:00,Premier League,Matchweek 21,Sat,Home,D,2.0,2.0,Fulham,1.0,1.3,38.0,,Jake Livermore,3-5-2,Anthony Taylor,5.0,3.0,15.3,0.0,0.0,0.0,2020.0,West Brom,0.0,0.0,0.0,0.0,11,3,3.3,3.2,2.3,1.0,4.0,4.0,14,1,1,0
2007,2021-02-02,18:00,Premier League,Matchweek 22,Tue,Away,L,1.0,2.0,Sheffield United,1.6,1.3,32.0,,Jake Livermore,4-4-1-1,Paul Tierney,8.0,4.0,13.6,0.0,0.0,0.0,2020.0,West Brom,0.0,0.0,0.0,0.0,12,4,4.0,3.3,2.0,1.0,0.0,0.0,8,3,0,-1
2008,2021-02-07,12:00,Premier League,Matchweek 23,Sun,Away,L,0.0,2.0,Tottenham,0.6,1.5,35.0,,Kyle Bartley,4-1-4-1,Stuart Attwell,4.0,1.0,10.7,0.0,0.0,0.0,2020.0,West Brom,0.0,0.0,0.0,0.0,12,1,7.0,4.5,1.45,2.0,6.0,9.0,36,0,0,-1
2009,2021-02-14,14:00,Premier League,Matchweek 24,Sun,Home,D,1.0,1.0,Manchester United,1.0,0.5,27.0,,Kyle Bartley,4-1-4-1,Craig Pawson,7.0,3.0,14.0,0.0,0.0,0.0,2020.0,West Brom,0.0,0.0,0.0,0.0,12,1,10.0,5.5,1.3,4.0,9.0,4.0,45,5,1,0
2010,2021-02-20,15:00,Premier League,Matchweek 25,Sat,Away,D,0.0,0.0,Burnley,1.6,0.5,38.0,,Kyle Bartley,4-1-4-1,Mike Dean,10.0,2.0,22.9,2.0,0.0,0.0,2020.0,West Brom,1.0,0.0,0.0,0.0,13,1,4.0,3.3,2.0,3.0,1.0,3.0,27,4,0,0
2011,2021-02-27,15:00,Premier League,Matchweek 26,Sat,Home,W,1.0,0.0,Brighton,0.8,2.9,32.0,,Kyle Bartley,4-1-4-1,Lee Mason,6.0,2.0,18.3,0.0,0.0,0.0,2020.0,West Brom,0.0,0.0,0.0,0.0,14,2,4.2,3.3,1.95,1.0,1.0,1.0,26,2,1,1
2012,2021-03-04,18:00,Premier League,Matchweek 29,Thu,Home,L,0.0,1.0,Everton,1.0,1.0,49.0,,Kyle Bartley,4-1-4-1,Darren England,11.0,3.0,16.9,0.0,0.0,0.0,2020.0,West Brom,0.0,0.0,0.0,0.0,18,4,4.33,3.6,1.83,4.0,8.0,5.0,44,3,1,-1
2013,2021-03-07,12:00,Premier League,Matchweek 27,Sun,Home,D,0.0,0.0,Newcastle United,2.0,0.5,53.0,,Kyle Bartley,4-1-4-1,Martin Atkinson,13.0,3.0,17.9,0.0,0.0,0.0,2020.0,West Brom,0.0,0.0,0.0,0.0,17,5,2.37,3.2,3.1,5.0,6.0,3.0,26,1,1,0
2014,2021-03-13,15:00,Premier League,Matchweek 28,Sat,Away,L,0.0,1.0,Crystal Palace,0.8,1.2,55.0,,Kyle Bartley,4-1-4-1,Simon Hooper,12.0,1.0,18.0,1.0,0.0,0.0,2020.0,West Brom,0.0,0.0,0.0,0.0,18,5,3.6,3.2,2.15,4.0,5.0,2.0,33,4,0,-1
2015,2021-04-03,12:30,Premier League,Matchweek 30,Sat,Away,W,5.0,2.0,Chelsea,1.6,2.1,35.0,,Kyle Bartley,5-4-1,David Coote,14.0,7.0,19.4,2.0,0.0,0.0,2020.0,West Brom,0.0,0.0,0.0,0.0,18,1,15.0,6.0,1.22,3.0,10.0,4.0,51,7,0,1
2016,2021-04-12,18:00,Premier League,Matchweek 31,Mon,Home,W,3.0,0.0,Southampton,3.0,1.5,40.0,,Kyle Bartley,4-4-1-1,Simon Hooper,14.0,5.0,14.9,1.0,1.0,1.0,2020.0,West Brom,0.0,1.0,0.0,0.0,21,3,3.6,3.3,2.1,4.0,7.0,2.0,36,3,1,1
2017,2021-04-22,20:00,Premier League,Matchweek 32,Thu,Away,L,0.0,3.0,Leicester City,0.5,2.1,28.0,,Kyle Bartley,4-4-1-1,Andy Madley,4.0,1.0,15.2,0.0,0.0,0.0,2020.0,West Brom,0.0,0.0,0.0,0.0,24,6,6.0,3.8,1.53,2.0,5.0,2.0,56,1,0,-1
2018,2021-04-25,19:00,Premier League,Matchweek 33,Sun,Away,D,2.0,2.0,Aston Villa,1.5,3.2,30.0,,Kyle Bartley,4-1-4-1,Stuart Attwell,9.0,3.0,22.4,2.0,1.0,1.0,2020.0,West Brom,0.0,1.0,0.0,0.0,24,6,4.2,3.6,1.85,4.0,4.0,5.0,45,3,0,0
2019,2021-05-03,18:00,Premier League,Matchweek 34,Mon,Home,D,1.0,1.0,Wolves,1.1,1.0,43.0,,Kyle Bartley,3-5-1-1,Paul Tierney,10.0,3.0,15.7,0.0,0.0,0.0,2020.0,West Brom,0.0,0.0,0.0,0.0,25,4,2.9,3.2,2.5,3.0,1.0,1.0,41,6,1,0
2020,2021-05-09,19:00,Premier League,Matchweek 35,Sun,Away,L,1.0,3.0,Arsenal,1.8,0.9,35.0,,Kyle Bartley,4-4-1-1,Peter Bankes,12.0,1.0,19.3,0.0,0.0,0.0,2020.0,West Brom,0.0,0.0,0.0,0.0,26,2,7.0,4.5,1.44,3.0,11.0,3.0,49,4,0,-1
2021,2021-05-16,16:30,Premier League,Matchweek 36,Sun,Home,L,1.0,2.0,Liverpool,1.0,1.9,24.0,,Kyle Bartley,4-4-1-1,Mike Dean,9.0,3.0,15.6,1.0,0.0,0.0,2020.0,West Brom,0.0,0.0,0.0,0.0,26,2,12.0,6.5,1.22,4.0,6.0,7.0,60,7,1,-1
2022,2021-05-19,20:15,Premier League,Matchweek 37,Wed,Home,L,1.0,3.0,West Ham,1.1,3.4,52.0,5371.0,Kyle Bartley,4-4-1-1,Michael Oliver,14.0,4.0,19.5,1.0,0.0,0.0,2020.0,West Brom,0.0,0.0,0.0,0.0,26,1,5.0,4.33,1.6,2.0,5.0,8.0,59,4,1,-1
2023,2021-05-23,16:00,Premier League,Matchweek 38,Sun,Away,L,1.0,3.0,Leeds United,1.0,2.3,36.0,8000.0,Kyle Bartley,5-3-2,David Coote,14.0,5.0,18.9,0.0,0.0,0.0,2020.0,West Brom,0.0,0.0,0.0,0.0,26,0,6.5,5.25,1.4,0.0,1.0,0.0,56,9,0,-1
2024,2020-09-14,18:00,Premier League,Matchweek 1,Mon,Home,L,0.0,2.0,Wolves,1.0,1.4,55.0,,Billy Sharp,3-5-2,Mike Dean,9.0,1.0,12.9,0.0,0.0,0.0,2020.0,Sheffield United,0.0,0.0,0.0,0.0,0,0,3.25,3.1,2.37,1.0,0.0,1.0,0,0,1,-1
2025,2020-09-21,18:00,Premier League,Matchweek 2,Mon,Away,L,0.0,1.0,Aston Villa,0.9,1.0,29.0,,John Egan,3-5-2,Graham Scott,3.0,0.0,20.2,0.0,0.0,1.0,2020.0,Sheffield United,1.0,1.0,0.0,0.0,0,0,2.75,3.1,2.7,1.0,0.0,1.0,0,0,0,-1
2026,2020-09-27,12:00,Premier League,Matchweek 3,Sun,Home,L,0.0,1.0,Leeds United,1.4,1.2,36.0,,David McGoldrick,3-5-2,Paul Tierney,14.0,4.0,16.7,0.0,0.0,0.0,2020.0,Sheffield United,0.0,0.0,0.0,0.0,0,0,2.7,3.3,2.62,0.0,0.0,0.0,3,3,1,-1
2027,2020-10-04,14:00,Premier League,Matchweek 4,Sun,Away,L,1.0,2.0,Arsenal,0.2,0.6,36.0,,John Egan,3-5-2,Lee Mason,6.0,2.0,24.7,0.0,0.0,0.0,2020.0,Sheffield United,0.0,0.0,0.0,0.0,0,0,6.0,4.0,1.57,1.0,0.0,1.0,6,6,0,-1
2028,2020-10-18,12:00,Premier League,Matchweek 5,Sun,Home,D,1.0,1.0,Fulham,1.7,1.5,42.0,,John Egan,3-5-2,Andre Marriner,9.0,5.0,20.1,0.0,1.0,1.0,2020.0,Sheffield United,0.0,1.0,0.0,0.0,0,0,2.1,3.3,3.7,0.0,0.0,0.0,0,0,1,0
2029,2020-10-24,20:00,Premier League,Matchweek 6,Sat,Away,L,1.0,2.0,Liverpool,1.6,2.3,38.0,,John Egan,3-5-2,Mike Dean,12.0,1.0,18.5,0.0,1.0,1.0,2020.0,Sheffield United,0.0,1.0,0.0,0.0,1,1,12.0,6.5,1.22,0.0,2.0,0.0,10,4,0,-1
2030,2020-10-31,12:30,Premier League,Matchweek 7,Sat,Home,L,0.0,1.0,Manchester City,0.5,1.6,35.0,,John Egan,5-3-2,Michael Oliver,3.0,1.0,18.3,0.0,0.0,0.0,2020.0,Sheffield United,0.0,0.0,0.0,0.0,1,1,9.5,6.0,1.28,0.0,2.0,0.0,11,5,1,-1
2031,2020-11-07,17:30,Premier League,Matchweek 8,Sat,Away,L,1.0,4.0,Chelsea,0.4,2.2,31.0,,John Egan,3-5-2,Jonathan Moss,6.0,3.0,18.0,0.0,0.0,0.0,2020.0,Sheffield United,0.0,0.0,0.0,0.0,1,1,8.5,5.0,1.36,1.0,0.0,1.0,12,5,0,-1
2032,2020-11-22,14:00,Premier League,Matchweek 9,Sun,Home,L,0.0,1.0,West Ham,0.9,2.1,51.0,,John Egan,3-5-2,Martin Atkinson,9.0,5.0,17.6,0.0,0.0,0.0,2020.0,Sheffield United,0.0,0.0,0.0,0.0,1,0,3.0,3.25,2.4,1.0,0.0,1.0,11,4,1,-1
2033,2020-11-28,20:00,Premier League,Matchweek 10,Sat,Away,L,0.0,1.0,West Brom,2.9,1.2,51.0,,John Egan,3-5-2,Mike Dean,21.0,5.0,15.0,0.0,0.0,0.0,2020.0,Sheffield United,0.0,0.0,0.0,0.0,1,0,2.8,3.2,2.6,0.0,0.0,0.0,3,0,0,-1
2034,2020-12-06,14:15,Premier League,Matchweek 11,Sun,Home,L,1.0,2.0,Leicester City,0.2,1.4,31.0,,John Egan,5-3-2,Stuart Attwell,4.0,1.0,14.9,0.0,0.0,0.0,2020.0,Sheffield United,0.0,0.0,0.0,0.0,1,0,3.8,3.5,1.95,0.0,2.0,0.0,18,3,1,-1
2035,2020-12-13,12:00,Premier League,Matchweek 12,Sun,Away,L,0.0,3.0,Southampton,0.3,2.0,33.0,2000.0,Billy Sharp,5-3-2,Andy Madley,3.0,0.0,11.2,0.0,0.0,0.0,2020.0,Sheffield United,0.0,0.0,0.0,0.0,1,0,5.0,3.75,1.7,0.0,2.0,0.0,20,4,0,-1
2036,2020-12-17,20:00,Premier League,Matchweek 13,Thu,Home,L,2.0,3.0,Manchester United,1.5,1.9,40.0,,John Egan,5-3-2,Michael Oliver,12.0,6.0,15.8,1.0,0.0,0.0,2020.0,Sheffield United,0.0,0.0,0.0,0.0,1,0,7.0,4.6,1.44,0.0,1.0,1.0,23,7,1,-1
2037,2020-12-20,12:00,Premier League,Matchweek 14,Sun,Away,D,1.0,1.0,Brighton,0.5,2.8,27.0,,John Egan,5-3-2,Peter Bankes,5.0,3.0,26.0,1.0,0.0,0.0,2020.0,Sheffield United,1.0,0.0,0.0,0.0,1,0,5.5,3.75,1.65,1.0,0.0,1.0,11,1,0,0
2038,2020-12-26,20:00,Premier League,Matchweek 15,Sat,Home,L,0.0,1.0,Everton,1.4,0.7,44.0,,John Egan,3-4-3,David Coote,10.0,1.0,12.6,0.0,0.0,0.0,2020.0,Sheffield United,0.0,0.0,0.0,0.0,2,1,4.2,3.6,1.85,1.0,1.0,0.0,26,9,1,-1
2039,2020-12-29,18:00,Premier League,Matchweek 16,Tue,Away,L,0.0,1.0,Burnley,0.7,1.0,63.0,,John Egan,3-4-3,Chris Kavanagh,7.0,2.0,16.6,0.0,0.0,0.0,2020.0,Sheffield United,0.0,0.0,0.0,0.0,2,1,3.25,3.1,2.37,1.0,0.0,1.0,13,4,0,-1
2040,2021-01-02,15:00,Premier League,Matchweek 17,Sat,Away,L,0.0,2.0,Crystal Palace,0.4,0.6,56.0,,John Egan,3-5-2,Stuart Attwell,7.0,2.0,19.4,0.0,0.0,0.0,2020.0,Sheffield United,0.0,0.0,0.0,0.0,2,1,3.9,3.5,1.95,2.0,0.0,0.0,19,1,0,-1
2041,2021-01-12,18:00,Premier League,Matchweek 18,Tue,Home,W,1.0,0.0,Newcastle United,2.1,0.6,65.0,,John Egan,3-5-2,Andy Madley,16.0,3.0,17.0,0.0,1.0,1.0,2020.0,Sheffield United,0.0,0.0,0.0,0.0,2,0,2.45,3.1,3.1,0.0,2.0,0.0,19,1,1,1
2042,2021-01-17,14:00,Premier League,Matchweek 19,Sun,Home,L,1.0,3.0,Tottenham,0.9,1.0,43.0,,John Egan,3-5-2,Andre Marriner,15.0,5.0,21.1,0.0,0.0,0.0,2020.0,Sheffield United,0.0,0.0,0.0,0.0,5,3,6.25,3.75,1.6,1.0,0.0,1.0,33,7,1,-1
2043,2021-01-27,20:15,Premier League,Matchweek 20,Wed,Away,W,2.0,1.0,Manchester United,1.0,1.1,25.0,,Billy Sharp,3-5-2,Peter Bankes,5.0,3.0,13.4,0.0,0.0,0.0,2020.0,Sheffield United,0.0,0.0,0.0,0.0,5,3,11.0,6.0,1.25,0.0,2.0,1.0,40,7,0,1
2044,2021-01-30,15:00,Premier League,Matchweek 21,Sat,Away,L,0.0,1.0,Manchester City,0.2,1.5,25.0,,John Egan,5-3-2,David Coote,4.0,1.0,23.2,0.0,0.0,0.0,2020.0,Sheffield United,0.0,0.0,0.0,0.0,8,6,18.0,9.0,1.12,0.0,3.0,0.0,44,9,0,-1
2045,2021-02-02,18:00,Premier League,Matchweek 22,Tue,Home,W,2.0,1.0,West Brom,1.3,1.6,68.0,,Billy Sharp,3-5-2,Paul Tierney,14.0,6.0,16.8,1.0,0.0,0.0,2020.0,Sheffield United,0.0,0.0,0.0,0.0,8,3,2.0,3.3,4.0,0.0,1.0,0.0,12,4,1,1
2046,2021-02-07,19:15,Premier League,Matchweek 23,Sun,Home,L,1.0,2.0,Chelsea,0.6,1.6,32.0,,John Egan,3-5-2,Kevin Friend,8.0,3.0,20.8,0.0,0.0,0.0,2020.0,Sheffield United,0.0,0.0,0.0,0.0,11,6,7.0,4.5,1.45,1.0,1.0,1.0,36,7,1,-1
2047,2021-02-15,18:00,Premier League,Matchweek 24,Mon,Away,L,0.0,3.0,West Ham,0.7,1.9,54.0,,Billy Sharp,3-5-2,Simon Hooper,8.0,5.0,15.4,0.0,0.0,0.0,2020.0,Sheffield United,0.0,0.0,0.0,0.0,11,3,5.25,3.75,1.66,1.0,1.0,1.0,39,4,0,-1
2048,2021-02-20,20:00,Premier League,Matchweek 25,Sat,Away,L,0.0,1.0,Fulham,0.9,1.2,36.0,,Billy Sharp,3-5-2,Martin Atkinson,4.0,2.0,9.8,0.0,0.0,0.0,2020.0,Sheffield United,0.0,0.0,0.0,0.0,11,3,3.6,3.2,2.15,0.0,0.0,1.0,19,4,0,-1
2049,2021-02-28,19:15,Premier League,Matchweek 26,Sun,Home,L,0.0,2.0,Liverpool,0.7,2.7,40.0,,David McGoldrick,3-5-2,Jonathan Moss,8.0,2.0,17.4,0.0,0.0,0.0,2020.0,Sheffield United,0.0,0.0,1.0,0.0,11,0,8.0,5.0,1.36,0.0,3.0,0.0,40,0,1,-1
2050,2021-03-03,18:00,Premier League,Matchweek 29,Wed,Home,W,1.0,0.0,Aston Villa,0.9,2.3,28.0,,David McGoldrick,3-5-2,Robert Jones,9.0,2.0,23.6,0.0,0.0,0.0,2020.0,Sheffield United,1.0,0.0,0.0,0.0,11,0,3.75,3.4,2.05,1.0,1.0,1.0,42,5,1,1
2051,2021-03-06,15:00,Premier League,Matchweek 27,Sat,Home,L,0.0,2.0,Southampton,0.7,1.9,51.0,,David McGoldrick,3-5-2,Paul Tierney,8.0,2.0,16.7,0.0,0.0,0.0,2020.0,Sheffield United,0.0,0.0,0.0,0.0,11,0,3.6,3.5,2.0,0.0,3.0,0.0,30,1,1,-1
2052,2021-03-14,14:00,Premier League,Matchweek 28,Sun,Away,L,0.0,5.0,Leicester City,0.1,4.0,29.0,,Billy Sharp,3-5-2,Peter Bankes,1.0,0.0,10.2,0.0,0.0,0.0,2020.0,Sheffield United,0.0,0.0,1.0,0.0,11,0,6.5,4.2,1.5,0.0,3.0,0.0,52,6,0,-1
2053,2021-04-03,15:00,Premier League,Matchweek 30,Sat,Away,L,1.0,2.0,Leeds United,1.1,2.4,46.0,,David McGoldrick,3-5-2,Graham Scott,9.0,1.0,21.8,0.0,0.0,0.0,2020.0,Sheffield United,0.0,0.0,1.0,0.0,14,3,6.5,4.33,1.5,0.0,1.0,0.0,39,4,0,-1
2054,2021-04-11,19:00,Premier League,Matchweek 31,Sun,Home,L,0.0,3.0,Arsenal,0.3,1.7,45.0,,John Egan,3-5-2,Peter Bankes,7.0,2.0,20.0,0.0,0.0,0.0,2020.0,Sheffield United,0.0,0.0,0.0,0.0,14,3,6.5,3.75,1.57,1.0,1.0,1.0,42,4,1,-1
2055,2021-04-17,20:15,Premier League,Matchweek 32,Sat,Away,L,0.0,1.0,Wolves,0.5,1.1,52.0,,John Egan,3-4-3,Robert Jones,8.0,2.0,20.9,0.0,0.0,0.0,2020.0,Sheffield United,0.0,0.0,0.0,0.0,14,3,5.75,3.5,1.66,1.0,1.0,1.0,38,3,0,-1
2056,2021-04-24,20:00,Premier League,Matchweek 33,Sat,Home,W,1.0,0.0,Brighton,0.7,2.0,32.0,,John Egan,3-4-1-2,Kevin Friend,7.0,3.0,17.8,0.0,0.0,0.0,2020.0,Sheffield United,0.0,0.0,0.0,0.0,14,0,5.25,3.4,1.75,1.0,0.0,2.0,34,2,1,1
2057,2021-05-02,19:15,Premier League,Matchweek 34,Sun,Away,L,0.0,4.0,Tottenham,0.5,2.2,34.0,,John Egan,3-4-1-2,Andre Marriner,8.0,1.0,18.2,0.0,0.0,0.0,2020.0,Sheffield United,0.0,0.0,0.0,0.0,17,3,12.0,6.0,1.25,1.0,1.0,1.0,53,4,0,-1
2058,2021-05-08,15:00,Premier League,Matchweek 35,Sat,Home,L,0.0,2.0,Crystal Palace,0.7,2.0,50.0,,John Egan,3-5-2,Simon Hooper,7.0,0.0,13.4,1.0,0.0,0.0,2020.0,Sheffield United,0.0,0.0,0.0,0.0,17,3,3.0,3.2,2.45,2.0,1.0,0.0,38,0,1,-1
2059,2021-05-16,19:00,Premier League,Matchweek 36,Sun,Away,W,1.0,0.0,Everton,1.2,1.4,38.0,,John Egan,3-4-3,Jonathan Moss,10.0,3.0,18.5,0.0,0.0,0.0,2020.0,Sheffield United,0.0,0.0,0.0,0.0,17,3,8.5,4.75,1.36,1.0,2.0,0.0,56,6,0,1
2060,2021-05-19,18:00,Premier League,Matchweek 37,Wed,Away,L,0.0,1.0,Newcastle United,0.9,1.6,49.0,10000.0,John Egan,3-4-3,Robert Jones,11.0,1.0,18.3,1.0,0.0,0.0,2020.0,Sheffield United,0.0,0.0,0.0,0.0,20,3,4.75,3.8,1.72,1.0,2.0,0.0,39,3,0,-1
2061,2021-05-23,16:00,Premier League,Matchweek 38,Sun,Home,W,1.0,0.0,Burnley,0.5,1.1,43.0,5000.0,John Egan,3-4-3,Kevin Friend,12.0,3.0,17.4,0.0,0.0,0.0,2020.0,Sheffield United,0.0,0.0,0.0,0.0,20,3,2.8,3.6,2.4,1.0,1.0,1.0,39,3,1,1
